Copyright 1986-2022 Xilinx, Inc. All Rights Reserved. Copyright 2022-2024 Advanced Micro Devices, Inc. All Rights Reserved.
------------------------------------------------------------------------------------------------------------------------------------------------------------------------------------------------------------------------------------------
| Tool Version : Vivado v.2024.2 (win64) Build 5239630 Fri Nov 08 22:35:27 MST 2024
| Date         : Wed Apr 29 16:46:48 2026
| Host         : C27-5CG3121G96 running 64-bit major release  (build 9200)
| Command      : report_timing_summary -max_paths 10 -report_unconstrained -file ZoGolf_DataPath_timing_summary_routed.rpt -pb ZoGolf_DataPath_timing_summary_routed.pb -rpx ZoGolf_DataPath_timing_summary_routed.rpx -warn_on_violation
| Design       : ZoGolf_DataPath
| Device       : 7a200t-sbg484
| Speed File   : -1  PRODUCTION 1.23 2018-06-13
| Design State : Routed
------------------------------------------------------------------------------------------------------------------------------------------------------------------------------------------------------------------------------------------

Timing Summary Report

------------------------------------------------------------------------------------------------
| Timer Settings
| --------------
------------------------------------------------------------------------------------------------

  Enable Multi Corner Analysis               :  Yes
  Enable Pessimism Removal                   :  Yes
  Pessimism Removal Resolution               :  Nearest Common Node
  Enable Input Delay Default Clock           :  No
  Enable Preset / Clear Arcs                 :  No
  Disable Flight Delays                      :  No
  Ignore I/O Paths                           :  No
  Timing Early Launch at Borrowing Latches   :  No
  Borrow Time for Max Delay Exceptions       :  Yes
  Merge Timing Exceptions                    :  Yes
  Inter-SLR Compensation                     :  Conservative

  Corner  Analyze    Analyze    
  Name    Max Paths  Min Paths  
  ------  ---------  ---------  
  Slow    Yes        Yes        
  Fast    Yes        Yes        


------------------------------------------------------------------------------------------------
| Report Methodology
| ------------------
------------------------------------------------------------------------------------------------

Rule       Severity          Description                                Violations  
---------  ----------------  -----------------------------------------  ----------  
TIMING-17  Critical Warning  Non-clocked sequential cell                170         
TIMING-27  Critical Warning  Invalid primary clock on hierarchical pin  1           

Note: This report is based on the most recent report_methodology run and may not be up-to-date. Run report_methodology on the current design for the latest report.



check_timing report

Table of Contents
-----------------
1. checking no_clock (170)
2. checking constant_clock (0)
3. checking pulse_width_clock (0)
4. checking unconstrained_internal_endpoints (576)
5. checking no_input_delay (2)
6. checking no_output_delay (6)
7. checking multiple_clock (0)
8. checking generated_clocks (0)
9. checking loops (0)
10. checking partial_input_delay (0)
11. checking partial_output_delay (0)
12. checking latch_loops (0)

1. checking no_clock (170)
--------------------------
 There are 132 register/latch pins with no clock driven by root clock pin: clk (HIGH)

 There are 32 register/latch pins with no clock driven by root clock pin: NES_inst/program_rom/instantiate_loader.jtag_loader_6_inst/jtag_loader_gen.BSCAN_7SERIES_gen.BSCAN_BLOCK_inst/DRCK (HIGH)

 There are 6 register/latch pins with no clock driven by root clock pin: NES_inst/program_rom/instantiate_loader.jtag_loader_6_inst/jtag_loader_gen.BSCAN_7SERIES_gen.BSCAN_BLOCK_inst/UPDATE (HIGH)


2. checking constant_clock (0)
------------------------------
 There are 0 register/latch pins with constant_clock.


3. checking pulse_width_clock (0)
---------------------------------
 There are 0 register/latch pins which need pulse_width check


4. checking unconstrained_internal_endpoints (576)
--------------------------------------------------
 There are 576 pins that are not constrained for maximum delay. (HIGH)

 There are 0 pins that are not constrained for maximum delay due to constant clock.


5. checking no_input_delay (2)
------------------------------
 There are 2 input ports with no input delay specified. (HIGH)

 There are 0 input ports with no input delay but user has a false path constraint.


6. checking no_output_delay (6)
-------------------------------
 There are 6 ports with no output delay specified. (HIGH)

 There are 0 ports with no output delay but user has a false path constraint

 There are 0 ports with no output delay but with a timing clock defined on it or propagating through it


7. checking multiple_clock (0)
------------------------------
 There are 0 register/latch pins with multiple clocks.


8. checking generated_clocks (0)
--------------------------------
 There are 0 generated clocks that are not connected to a clock source.


9. checking loops (0)
---------------------
 There are 0 combinational loops in the design.


10. checking partial_input_delay (0)
------------------------------------
 There are 0 input ports with partial input delay specified.


11. checking partial_output_delay (0)
-------------------------------------
 There are 0 ports with partial output delay specified.


12. checking latch_loops (0)
----------------------------
 There are 0 combinational latch loops in the design through latch input



------------------------------------------------------------------------------------------------
| Design Timing Summary
| ---------------------
------------------------------------------------------------------------------------------------

    WNS(ns)      TNS(ns)  TNS Failing Endpoints  TNS Total Endpoints      WHS(ns)      THS(ns)  THS Failing Endpoints  THS Total Endpoints     WPWS(ns)     TPWS(ns)  TPWS Failing Endpoints  TPWS Total Endpoints  
    -------      -------  ---------------------  -------------------      -------      -------  ---------------------  -------------------     --------     --------  ----------------------  --------------------  
      4.491        0.000                      0                  205        0.156        0.000                      0                  205        3.000        0.000                       0                   127  


All user specified timing constraints are met.


------------------------------------------------------------------------------------------------
| Clock Summary
| -------------
------------------------------------------------------------------------------------------------

Clock                                                 Waveform(ns)         Period(ns)      Frequency(MHz)
-----                                                 ------------         ----------      --------------
video_inst/mmcm_adv_inst_display_clocks/inst/clk_in1  {0.000 5.000}        10.000          100.000         
  clk_out1_clk_wiz_0                                  {0.000 20.000}       40.000          25.000          
  clk_out2_clk_wiz_0                                  {0.000 4.000}        8.000           125.000         
  clkfbout_clk_wiz_0                                  {0.000 5.000}        10.000          100.000         


------------------------------------------------------------------------------------------------
| Intra Clock Table
| -----------------
------------------------------------------------------------------------------------------------

Clock                                                     WNS(ns)      TNS(ns)  TNS Failing Endpoints  TNS Total Endpoints      WHS(ns)      THS(ns)  THS Failing Endpoints  THS Total Endpoints     WPWS(ns)     TPWS(ns)  TPWS Failing Endpoints  TPWS Total Endpoints  
-----                                                     -------      -------  ---------------------  -------------------      -------      -------  ---------------------  -------------------     --------     --------  ----------------------  --------------------  
video_inst/mmcm_adv_inst_display_clocks/inst/clk_in1                                                                                                                                                    3.000        0.000                       0                     1  
  clk_out1_clk_wiz_0                                       28.912        0.000                      0                  151        0.171        0.000                      0                  151       19.500        0.000                       0                    77  
  clk_out2_clk_wiz_0                                        4.491        0.000                      0                   48        0.215        0.000                      0                   48        3.500        0.000                       0                    46  
  clkfbout_clk_wiz_0                                                                                                                                                                                    7.845        0.000                       0                     3  


------------------------------------------------------------------------------------------------
| Inter Clock Table
| -----------------
------------------------------------------------------------------------------------------------

From Clock          To Clock                WNS(ns)      TNS(ns)  TNS Failing Endpoints  TNS Total Endpoints      WHS(ns)      THS(ns)  THS Failing Endpoints  THS Total Endpoints  
----------          --------                -------      -------  ---------------------  -------------------      -------      -------  ---------------------  -------------------  
clk_out1_clk_wiz_0  clk_out2_clk_wiz_0        4.654        0.000                      0                   30        0.156        0.000                      0                   30  


------------------------------------------------------------------------------------------------
| Other Path Groups Table
| -----------------------
------------------------------------------------------------------------------------------------

Path Group    From Clock    To Clock          WNS(ns)      TNS(ns)  TNS Failing Endpoints  TNS Total Endpoints      WHS(ns)      THS(ns)  THS Failing Endpoints  THS Total Endpoints  
----------    ----------    --------          -------      -------  ---------------------  -------------------      -------      -------  ---------------------  -------------------  


------------------------------------------------------------------------------------------------
| User Ignored Path Table
| -----------------------
------------------------------------------------------------------------------------------------

Path Group    From Clock    To Clock    
----------    ----------    --------    


------------------------------------------------------------------------------------------------
| Unconstrained Path Table
| ------------------------
------------------------------------------------------------------------------------------------

Path Group          From Clock          To Clock          
----------          ----------          --------          
(none)                                                      
(none)              clk_out1_clk_wiz_0                      
(none)              clk_out2_clk_wiz_0                      
(none)              clkfbout_clk_wiz_0                      
(none)                                  clk_out1_clk_wiz_0  


------------------------------------------------------------------------------------------------
| Timing Details
| --------------
------------------------------------------------------------------------------------------------


---------------------------------------------------------------------------------------------------
From Clock:  video_inst/mmcm_adv_inst_display_clocks/inst/clk_in1
  To Clock:  video_inst/mmcm_adv_inst_display_clocks/inst/clk_in1

Setup :           NA  Failing Endpoints,  Worst Slack           NA  ,  Total Violation           NA
Hold  :           NA  Failing Endpoints,  Worst Slack           NA  ,  Total Violation           NA
PW    :            0  Failing Endpoints,  Worst Slack        3.000ns,  Total Violation        0.000ns
---------------------------------------------------------------------------------------------------


Pulse Width Checks
--------------------------------------------------------------------------------------
Clock Name:         video_inst/mmcm_adv_inst_display_clocks/inst/clk_in1
Waveform(ns):       { 0.000 5.000 }
Period(ns):         10.000
Sources:            { video_inst/mmcm_adv_inst_display_clocks/inst/clk_in1 }

Check Type        Corner  Lib Pin            Reference Pin  Required(ns)  Actual(ns)  Slack(ns)  Location         Pin
Min Period        n/a     MMCME2_ADV/CLKIN1  n/a            1.249         10.000      8.751      MMCME2_ADV_X1Y0  video_inst/mmcm_adv_inst_display_clocks/inst/mmcm_adv_inst/CLKIN1
Max Period        n/a     MMCME2_ADV/CLKIN1  n/a            100.000       10.000      90.000     MMCME2_ADV_X1Y0  video_inst/mmcm_adv_inst_display_clocks/inst/mmcm_adv_inst/CLKIN1
Low Pulse Width   Slow    MMCME2_ADV/CLKIN1  n/a            2.000         5.000       3.000      MMCME2_ADV_X1Y0  video_inst/mmcm_adv_inst_display_clocks/inst/mmcm_adv_inst/CLKIN1
Low Pulse Width   Fast    MMCME2_ADV/CLKIN1  n/a            2.000         5.000       3.000      MMCME2_ADV_X1Y0  video_inst/mmcm_adv_inst_display_clocks/inst/mmcm_adv_inst/CLKIN1
High Pulse Width  Slow    MMCME2_ADV/CLKIN1  n/a            2.000         5.000       3.000      MMCME2_ADV_X1Y0  video_inst/mmcm_adv_inst_display_clocks/inst/mmcm_adv_inst/CLKIN1
High Pulse Width  Fast    MMCME2_ADV/CLKIN1  n/a            2.000         5.000       3.000      MMCME2_ADV_X1Y0  video_inst/mmcm_adv_inst_display_clocks/inst/mmcm_adv_inst/CLKIN1



---------------------------------------------------------------------------------------------------
From Clock:  clk_out1_clk_wiz_0
  To Clock:  clk_out1_clk_wiz_0

Setup :            0  Failing Endpoints,  Worst Slack       28.912ns,  Total Violation        0.000ns
Hold  :            0  Failing Endpoints,  Worst Slack        0.171ns,  Total Violation        0.000ns
PW    :            0  Failing Endpoints,  Worst Slack       19.500ns,  Total Violation        0.000ns
---------------------------------------------------------------------------------------------------


Max Delay Paths
--------------------------------------------------------------------------------------
Slack (MET) :             28.912ns  (required time - arrival time)
  Source:                 video_inst/inst_color_mapper/coords_to_BRAM_address0/CLK
                            (rising edge-triggered cell DSP48E1 clocked by clk_out1_clk_wiz_0  {rise@0.000ns fall@20.000ns period=40.000ns})
  Destination:            video_inst/inst_dvid/TDMS_encoder_red/dc_bias_reg[2]/D
                            (rising edge-triggered cell FDRE clocked by clk_out1_clk_wiz_0  {rise@0.000ns fall@20.000ns period=40.000ns})
  Path Group:             clk_out1_clk_wiz_0
  Path Type:              Setup (Max at Slow Process Corner)
  Requirement:            40.000ns  (clk_out1_clk_wiz_0 rise@40.000ns - clk_out1_clk_wiz_0 rise@0.000ns)
  Data Path Delay:        11.020ns  (logic 5.219ns (47.359%)  route 5.801ns (52.641%))
  Logic Levels:           6  (LUT2=1 LUT4=2 LUT5=1 LUT6=2)
  Clock Path Skew:        -0.055ns (DCD - SCD + CPR)
    Destination Clock Delay (DCD):    1.700ns = ( 41.700 - 40.000 ) 
    Source Clock Delay      (SCD):    1.830ns
    Clock Pessimism Removal (CPR):    0.075ns
  Clock Uncertainty:      0.095ns  ((TSJ^2 + DJ^2)^1/2) / 2 + PE
    Total System Jitter     (TSJ):    0.071ns
    Discrete Jitter          (DJ):    0.175ns
    Phase Error              (PE):    0.000ns

    Location             Delay type                Incr(ns)  Path(ns)    Netlist Resource(s)
  -------------------------------------------------------------------    -------------------
                         (clock clk_out1_clk_wiz_0 rise edge)
                                                      0.000     0.000 r  
    BUFGCTRL_X0Y1        BUFG                         0.000     0.000 r  clk_IBUF_BUFG_inst/O
                         net (fo=133, routed)         2.106     2.106    video_inst/mmcm_adv_inst_display_clocks/inst/clk_in1
    MMCME2_ADV_X1Y0      MMCME2_ADV (Prop_mmcme2_adv_CLKIN1_CLKOUT0)
                                                     -4.900    -2.793 r  video_inst/mmcm_adv_inst_display_clocks/inst/mmcm_adv_inst/CLKOUT0
                         net (fo=1, routed)           2.697    -0.096    video_inst/mmcm_adv_inst_display_clocks/inst/clk_out1_clk_wiz_0
    BUFGCTRL_X0Y2        BUFG (Prop_bufg_I_O)         0.096    -0.000 r  video_inst/mmcm_adv_inst_display_clocks/inst/clkout1_buf/O
                         net (fo=76, routed)          1.830     1.830    video_inst/inst_color_mapper/clk_out1
    DSP48_X7Y48          DSP48E1                                      r  video_inst/inst_color_mapper/coords_to_BRAM_address0/CLK
  -------------------------------------------------------------------    -------------------
    DSP48_X7Y48          DSP48E1 (Prop_dsp48e1_CLK_P[8])
                                                      4.009     5.839 r  video_inst/inst_color_mapper/coords_to_BRAM_address0/P[8]
                         net (fo=4, routed)           1.151     6.989    video_inst/inst_color_mapper/P[8]
    SLICE_X141Y121       LUT4 (Prop_lut4_I1_O)        0.124     7.113 r  video_inst/inst_color_mapper/sdp_bl.ramb36_dp_bl.ram36_bl_i_15/O
                         net (fo=2, routed)           0.411     7.525    video_inst/inst_color_mapper/sdp_bl.ramb36_dp_bl.ram36_bl_i_15_n_0
    SLICE_X141Y122       LUT6 (Prop_lut6_I4_O)        0.124     7.649 f  video_inst/inst_color_mapper/dc_bias[2]_i_10/O
                         net (fo=3, routed)           1.020     8.668    video_inst/inst_color_mapper/coords_to_BRAM_address0_1
    SLICE_X140Y125       LUT4 (Prop_lut4_I0_O)        0.124     8.792 r  video_inst/inst_color_mapper/dc_bias[2]_i_9/O
                         net (fo=4, routed)           1.210    10.002    video_inst/Inst_vga_signal_gen/h_counter/encoded_reg[1]
    SLICE_X153Y127       LUT5 (Prop_lut5_I3_O)        0.152    10.154 r  video_inst/Inst_vga_signal_gen/h_counter/dc_bias[1]_i_2/O
                         net (fo=8, routed)           1.121    11.276    video_inst/inst_dvid/TDMS_encoder_red/encoded_reg[9]_1
    SLICE_X159Y129       LUT2 (Prop_lut2_I1_O)        0.360    11.636 r  video_inst/inst_dvid/TDMS_encoder_red/dc_bias[3]_i_3__0/O
                         net (fo=4, routed)           0.889    12.524    video_inst/inst_dvid/TDMS_encoder_red/dc_bias_reg[3]_0
    SLICE_X158Y129       LUT6 (Prop_lut6_I4_O)        0.326    12.850 r  video_inst/inst_dvid/TDMS_encoder_red/dc_bias[2]_i_1__0/O
                         net (fo=1, routed)           0.000    12.850    video_inst/inst_dvid/TDMS_encoder_red/dc_bias[2]_i_1__0_n_0
    SLICE_X158Y129       FDRE                                         r  video_inst/inst_dvid/TDMS_encoder_red/dc_bias_reg[2]/D
  -------------------------------------------------------------------    -------------------

                         (clock clk_out1_clk_wiz_0 rise edge)
                                                     40.000    40.000 r  
    BUFGCTRL_X0Y1        BUFG                         0.000    40.000 r  clk_IBUF_BUFG_inst/O
                         net (fo=133, routed)         1.972    41.972    video_inst/mmcm_adv_inst_display_clocks/inst/clk_in1
    MMCME2_ADV_X1Y0      MMCME2_ADV (Prop_mmcme2_adv_CLKIN1_CLKOUT0)
                                                     -4.637    37.335 r  video_inst/mmcm_adv_inst_display_clocks/inst/mmcm_adv_inst/CLKOUT0
                         net (fo=1, routed)           2.574    39.909    video_inst/mmcm_adv_inst_display_clocks/inst/clk_out1_clk_wiz_0
    BUFGCTRL_X0Y2        BUFG (Prop_bufg_I_O)         0.091    40.000 r  video_inst/mmcm_adv_inst_display_clocks/inst/clkout1_buf/O
                         net (fo=76, routed)          1.700    41.700    video_inst/inst_dvid/TDMS_encoder_red/clk_out1
    SLICE_X158Y129       FDRE                                         r  video_inst/inst_dvid/TDMS_encoder_red/dc_bias_reg[2]/C
                         clock pessimism              0.075    41.775    
                         clock uncertainty           -0.095    41.681    
    SLICE_X158Y129       FDRE (Setup_fdre_C_D)        0.081    41.762    video_inst/inst_dvid/TDMS_encoder_red/dc_bias_reg[2]
  -------------------------------------------------------------------
                         required time                         41.762    
                         arrival time                         -12.850    
  -------------------------------------------------------------------
                         slack                                 28.912    

Slack (MET) :             29.050ns  (required time - arrival time)
  Source:                 video_inst/inst_color_mapper/coords_to_BRAM_address0/CLK
                            (rising edge-triggered cell DSP48E1 clocked by clk_out1_clk_wiz_0  {rise@0.000ns fall@20.000ns period=40.000ns})
  Destination:            video_inst/inst_dvid/TDMS_encoder_blue/dc_bias_reg[2]/D
                            (rising edge-triggered cell FDRE clocked by clk_out1_clk_wiz_0  {rise@0.000ns fall@20.000ns period=40.000ns})
  Path Group:             clk_out1_clk_wiz_0
  Path Type:              Setup (Max at Slow Process Corner)
  Requirement:            40.000ns  (clk_out1_clk_wiz_0 rise@40.000ns - clk_out1_clk_wiz_0 rise@0.000ns)
  Data Path Delay:        10.829ns  (logic 4.753ns (43.891%)  route 6.076ns (56.109%))
  Logic Levels:           6  (LUT2=1 LUT4=2 LUT5=1 LUT6=2)
  Clock Path Skew:        -0.056ns (DCD - SCD + CPR)
    Destination Clock Delay (DCD):    1.699ns = ( 41.699 - 40.000 ) 
    Source Clock Delay      (SCD):    1.830ns
    Clock Pessimism Removal (CPR):    0.075ns
  Clock Uncertainty:      0.095ns  ((TSJ^2 + DJ^2)^1/2) / 2 + PE
    Total System Jitter     (TSJ):    0.071ns
    Discrete Jitter          (DJ):    0.175ns
    Phase Error              (PE):    0.000ns

    Location             Delay type                Incr(ns)  Path(ns)    Netlist Resource(s)
  -------------------------------------------------------------------    -------------------
                         (clock clk_out1_clk_wiz_0 rise edge)
                                                      0.000     0.000 r  
    BUFGCTRL_X0Y1        BUFG                         0.000     0.000 r  clk_IBUF_BUFG_inst/O
                         net (fo=133, routed)         2.106     2.106    video_inst/mmcm_adv_inst_display_clocks/inst/clk_in1
    MMCME2_ADV_X1Y0      MMCME2_ADV (Prop_mmcme2_adv_CLKIN1_CLKOUT0)
                                                     -4.900    -2.793 r  video_inst/mmcm_adv_inst_display_clocks/inst/mmcm_adv_inst/CLKOUT0
                         net (fo=1, routed)           2.697    -0.096    video_inst/mmcm_adv_inst_display_clocks/inst/clk_out1_clk_wiz_0
    BUFGCTRL_X0Y2        BUFG (Prop_bufg_I_O)         0.096    -0.000 r  video_inst/mmcm_adv_inst_display_clocks/inst/clkout1_buf/O
                         net (fo=76, routed)          1.830     1.830    video_inst/inst_color_mapper/clk_out1
    DSP48_X7Y48          DSP48E1                                      r  video_inst/inst_color_mapper/coords_to_BRAM_address0/CLK
  -------------------------------------------------------------------    -------------------
    DSP48_X7Y48          DSP48E1 (Prop_dsp48e1_CLK_P[8])
                                                      4.009     5.839 r  video_inst/inst_color_mapper/coords_to_BRAM_address0/P[8]
                         net (fo=4, routed)           1.151     6.989    video_inst/inst_color_mapper/P[8]
    SLICE_X141Y121       LUT4 (Prop_lut4_I1_O)        0.124     7.113 r  video_inst/inst_color_mapper/sdp_bl.ramb36_dp_bl.ram36_bl_i_15/O
                         net (fo=2, routed)           0.415     7.529    video_inst/inst_color_mapper/sdp_bl.ramb36_dp_bl.ram36_bl_i_15_n_0
    SLICE_X141Y122       LUT6 (Prop_lut6_I1_O)        0.124     7.653 f  video_inst/inst_color_mapper/sdp_bl.ramb36_dp_bl.ram36_bl_i_14/O
                         net (fo=16, routed)          1.172     8.824    video_inst/inst_color_mapper/coords_to_BRAM_address0_2
    SLICE_X140Y125       LUT4 (Prop_lut4_I0_O)        0.124     8.948 r  video_inst/inst_color_mapper/dc_bias[2]_i_8/O
                         net (fo=5, routed)           1.203    10.152    video_inst/Inst_vga_signal_gen/h_counter/encoded_reg[1]_0
    SLICE_X153Y127       LUT5 (Prop_lut5_I2_O)        0.124    10.276 r  video_inst/Inst_vga_signal_gen/h_counter/dc_bias[1]_i_2__0/O
                         net (fo=12, routed)          1.311    11.587    video_inst/inst_dvid/TDMS_encoder_blue/dc_bias_reg[1]_1
    SLICE_X156Y129       LUT2 (Prop_lut2_I1_O)        0.124    11.711 r  video_inst/inst_dvid/TDMS_encoder_blue/dc_bias[3]_i_2__0/O
                         net (fo=2, routed)           0.824    12.535    video_inst/inst_dvid/TDMS_encoder_blue/dc_bias[3]_i_2__0_n_0
    SLICE_X156Y128       LUT6 (Prop_lut6_I2_O)        0.124    12.659 r  video_inst/inst_dvid/TDMS_encoder_blue/dc_bias[2]_i_1/O
                         net (fo=1, routed)           0.000    12.659    video_inst/inst_dvid/TDMS_encoder_blue/dc_bias[2]_i_1_n_0
    SLICE_X156Y128       FDRE                                         r  video_inst/inst_dvid/TDMS_encoder_blue/dc_bias_reg[2]/D
  -------------------------------------------------------------------    -------------------

                         (clock clk_out1_clk_wiz_0 rise edge)
                                                     40.000    40.000 r  
    BUFGCTRL_X0Y1        BUFG                         0.000    40.000 r  clk_IBUF_BUFG_inst/O
                         net (fo=133, routed)         1.972    41.972    video_inst/mmcm_adv_inst_display_clocks/inst/clk_in1
    MMCME2_ADV_X1Y0      MMCME2_ADV (Prop_mmcme2_adv_CLKIN1_CLKOUT0)
                                                     -4.637    37.335 r  video_inst/mmcm_adv_inst_display_clocks/inst/mmcm_adv_inst/CLKOUT0
                         net (fo=1, routed)           2.574    39.909    video_inst/mmcm_adv_inst_display_clocks/inst/clk_out1_clk_wiz_0
    BUFGCTRL_X0Y2        BUFG (Prop_bufg_I_O)         0.091    40.000 r  video_inst/mmcm_adv_inst_display_clocks/inst/clkout1_buf/O
                         net (fo=76, routed)          1.699    41.699    video_inst/inst_dvid/TDMS_encoder_blue/clk_out1
    SLICE_X156Y128       FDRE                                         r  video_inst/inst_dvid/TDMS_encoder_blue/dc_bias_reg[2]/C
                         clock pessimism              0.075    41.774    
                         clock uncertainty           -0.095    41.680    
    SLICE_X156Y128       FDRE (Setup_fdre_C_D)        0.029    41.709    video_inst/inst_dvid/TDMS_encoder_blue/dc_bias_reg[2]
  -------------------------------------------------------------------
                         required time                         41.709    
                         arrival time                         -12.659    
  -------------------------------------------------------------------
                         slack                                 29.050    

Slack (MET) :             29.059ns  (required time - arrival time)
  Source:                 video_inst/inst_color_mapper/coords_to_BRAM_address0/CLK
                            (rising edge-triggered cell DSP48E1 clocked by clk_out1_clk_wiz_0  {rise@0.000ns fall@20.000ns period=40.000ns})
  Destination:            video_inst/inst_dvid/TDMS_encoder_blue/dc_bias_reg[3]/D
                            (rising edge-triggered cell FDRE clocked by clk_out1_clk_wiz_0  {rise@0.000ns fall@20.000ns period=40.000ns})
  Path Group:             clk_out1_clk_wiz_0
  Path Type:              Setup (Max at Slow Process Corner)
  Requirement:            40.000ns  (clk_out1_clk_wiz_0 rise@40.000ns - clk_out1_clk_wiz_0 rise@0.000ns)
  Data Path Delay:        10.820ns  (logic 4.753ns (43.929%)  route 6.067ns (56.071%))
  Logic Levels:           6  (LUT2=1 LUT4=2 LUT5=1 LUT6=2)
  Clock Path Skew:        -0.056ns (DCD - SCD + CPR)
    Destination Clock Delay (DCD):    1.699ns = ( 41.699 - 40.000 ) 
    Source Clock Delay      (SCD):    1.830ns
    Clock Pessimism Removal (CPR):    0.075ns
  Clock Uncertainty:      0.095ns  ((TSJ^2 + DJ^2)^1/2) / 2 + PE
    Total System Jitter     (TSJ):    0.071ns
    Discrete Jitter          (DJ):    0.175ns
    Phase Error              (PE):    0.000ns

    Location             Delay type                Incr(ns)  Path(ns)    Netlist Resource(s)
  -------------------------------------------------------------------    -------------------
                         (clock clk_out1_clk_wiz_0 rise edge)
                                                      0.000     0.000 r  
    BUFGCTRL_X0Y1        BUFG                         0.000     0.000 r  clk_IBUF_BUFG_inst/O
                         net (fo=133, routed)         2.106     2.106    video_inst/mmcm_adv_inst_display_clocks/inst/clk_in1
    MMCME2_ADV_X1Y0      MMCME2_ADV (Prop_mmcme2_adv_CLKIN1_CLKOUT0)
                                                     -4.900    -2.793 r  video_inst/mmcm_adv_inst_display_clocks/inst/mmcm_adv_inst/CLKOUT0
                         net (fo=1, routed)           2.697    -0.096    video_inst/mmcm_adv_inst_display_clocks/inst/clk_out1_clk_wiz_0
    BUFGCTRL_X0Y2        BUFG (Prop_bufg_I_O)         0.096    -0.000 r  video_inst/mmcm_adv_inst_display_clocks/inst/clkout1_buf/O
                         net (fo=76, routed)          1.830     1.830    video_inst/inst_color_mapper/clk_out1
    DSP48_X7Y48          DSP48E1                                      r  video_inst/inst_color_mapper/coords_to_BRAM_address0/CLK
  -------------------------------------------------------------------    -------------------
    DSP48_X7Y48          DSP48E1 (Prop_dsp48e1_CLK_P[8])
                                                      4.009     5.839 r  video_inst/inst_color_mapper/coords_to_BRAM_address0/P[8]
                         net (fo=4, routed)           1.151     6.989    video_inst/inst_color_mapper/P[8]
    SLICE_X141Y121       LUT4 (Prop_lut4_I1_O)        0.124     7.113 r  video_inst/inst_color_mapper/sdp_bl.ramb36_dp_bl.ram36_bl_i_15/O
                         net (fo=2, routed)           0.415     7.529    video_inst/inst_color_mapper/sdp_bl.ramb36_dp_bl.ram36_bl_i_15_n_0
    SLICE_X141Y122       LUT6 (Prop_lut6_I1_O)        0.124     7.653 f  video_inst/inst_color_mapper/sdp_bl.ramb36_dp_bl.ram36_bl_i_14/O
                         net (fo=16, routed)          1.172     8.824    video_inst/inst_color_mapper/coords_to_BRAM_address0_2
    SLICE_X140Y125       LUT4 (Prop_lut4_I0_O)        0.124     8.948 r  video_inst/inst_color_mapper/dc_bias[2]_i_8/O
                         net (fo=5, routed)           1.203    10.152    video_inst/Inst_vga_signal_gen/h_counter/encoded_reg[1]_0
    SLICE_X153Y127       LUT5 (Prop_lut5_I2_O)        0.124    10.276 r  video_inst/Inst_vga_signal_gen/h_counter/dc_bias[1]_i_2__0/O
                         net (fo=12, routed)          1.311    11.587    video_inst/inst_dvid/TDMS_encoder_blue/dc_bias_reg[1]_1
    SLICE_X156Y129       LUT2 (Prop_lut2_I1_O)        0.124    11.711 f  video_inst/inst_dvid/TDMS_encoder_blue/dc_bias[3]_i_2__0/O
                         net (fo=2, routed)           0.815    12.526    video_inst/inst_dvid/TDMS_encoder_blue/dc_bias[3]_i_2__0_n_0
    SLICE_X157Y128       LUT6 (Prop_lut6_I0_O)        0.124    12.650 r  video_inst/inst_dvid/TDMS_encoder_blue/dc_bias[3]_i_1/O
                         net (fo=1, routed)           0.000    12.650    video_inst/inst_dvid/TDMS_encoder_blue/dc_bias[3]_i_1_n_0
    SLICE_X157Y128       FDRE                                         r  video_inst/inst_dvid/TDMS_encoder_blue/dc_bias_reg[3]/D
  -------------------------------------------------------------------    -------------------

                         (clock clk_out1_clk_wiz_0 rise edge)
                                                     40.000    40.000 r  
    BUFGCTRL_X0Y1        BUFG                         0.000    40.000 r  clk_IBUF_BUFG_inst/O
                         net (fo=133, routed)         1.972    41.972    video_inst/mmcm_adv_inst_display_clocks/inst/clk_in1
    MMCME2_ADV_X1Y0      MMCME2_ADV (Prop_mmcme2_adv_CLKIN1_CLKOUT0)
                                                     -4.637    37.335 r  video_inst/mmcm_adv_inst_display_clocks/inst/mmcm_adv_inst/CLKOUT0
                         net (fo=1, routed)           2.574    39.909    video_inst/mmcm_adv_inst_display_clocks/inst/clk_out1_clk_wiz_0
    BUFGCTRL_X0Y2        BUFG (Prop_bufg_I_O)         0.091    40.000 r  video_inst/mmcm_adv_inst_display_clocks/inst/clkout1_buf/O
                         net (fo=76, routed)          1.699    41.699    video_inst/inst_dvid/TDMS_encoder_blue/clk_out1
    SLICE_X157Y128       FDRE                                         r  video_inst/inst_dvid/TDMS_encoder_blue/dc_bias_reg[3]/C
                         clock pessimism              0.075    41.774    
                         clock uncertainty           -0.095    41.680    
    SLICE_X157Y128       FDRE (Setup_fdre_C_D)        0.029    41.709    video_inst/inst_dvid/TDMS_encoder_blue/dc_bias_reg[3]
  -------------------------------------------------------------------
                         required time                         41.709    
                         arrival time                         -12.650    
  -------------------------------------------------------------------
                         slack                                 29.059    

Slack (MET) :             29.249ns  (required time - arrival time)
  Source:                 video_inst/inst_color_mapper/coords_to_BRAM_address0/CLK
                            (rising edge-triggered cell DSP48E1 clocked by clk_out1_clk_wiz_0  {rise@0.000ns fall@20.000ns period=40.000ns})
  Destination:            video_inst/inst_dvid/TDMS_encoder_red/dc_bias_reg[3]/D
                            (rising edge-triggered cell FDRE clocked by clk_out1_clk_wiz_0  {rise@0.000ns fall@20.000ns period=40.000ns})
  Path Group:             clk_out1_clk_wiz_0
  Path Type:              Setup (Max at Slow Process Corner)
  Requirement:            40.000ns  (clk_out1_clk_wiz_0 rise@40.000ns - clk_out1_clk_wiz_0 rise@0.000ns)
  Data Path Delay:        10.633ns  (logic 4.983ns (46.865%)  route 5.650ns (53.135%))
  Logic Levels:           6  (LUT4=2 LUT5=1 LUT6=3)
  Clock Path Skew:        -0.055ns (DCD - SCD + CPR)
    Destination Clock Delay (DCD):    1.700ns = ( 41.700 - 40.000 ) 
    Source Clock Delay      (SCD):    1.830ns
    Clock Pessimism Removal (CPR):    0.075ns
  Clock Uncertainty:      0.095ns  ((TSJ^2 + DJ^2)^1/2) / 2 + PE
    Total System Jitter     (TSJ):    0.071ns
    Discrete Jitter          (DJ):    0.175ns
    Phase Error              (PE):    0.000ns

    Location             Delay type                Incr(ns)  Path(ns)    Netlist Resource(s)
  -------------------------------------------------------------------    -------------------
                         (clock clk_out1_clk_wiz_0 rise edge)
                                                      0.000     0.000 r  
    BUFGCTRL_X0Y1        BUFG                         0.000     0.000 r  clk_IBUF_BUFG_inst/O
                         net (fo=133, routed)         2.106     2.106    video_inst/mmcm_adv_inst_display_clocks/inst/clk_in1
    MMCME2_ADV_X1Y0      MMCME2_ADV (Prop_mmcme2_adv_CLKIN1_CLKOUT0)
                                                     -4.900    -2.793 r  video_inst/mmcm_adv_inst_display_clocks/inst/mmcm_adv_inst/CLKOUT0
                         net (fo=1, routed)           2.697    -0.096    video_inst/mmcm_adv_inst_display_clocks/inst/clk_out1_clk_wiz_0
    BUFGCTRL_X0Y2        BUFG (Prop_bufg_I_O)         0.096    -0.000 r  video_inst/mmcm_adv_inst_display_clocks/inst/clkout1_buf/O
                         net (fo=76, routed)          1.830     1.830    video_inst/inst_color_mapper/clk_out1
    DSP48_X7Y48          DSP48E1                                      r  video_inst/inst_color_mapper/coords_to_BRAM_address0/CLK
  -------------------------------------------------------------------    -------------------
    DSP48_X7Y48          DSP48E1 (Prop_dsp48e1_CLK_P[8])
                                                      4.009     5.839 r  video_inst/inst_color_mapper/coords_to_BRAM_address0/P[8]
                         net (fo=4, routed)           1.151     6.989    video_inst/inst_color_mapper/P[8]
    SLICE_X141Y121       LUT4 (Prop_lut4_I1_O)        0.124     7.113 r  video_inst/inst_color_mapper/sdp_bl.ramb36_dp_bl.ram36_bl_i_15/O
                         net (fo=2, routed)           0.415     7.529    video_inst/inst_color_mapper/sdp_bl.ramb36_dp_bl.ram36_bl_i_15_n_0
    SLICE_X141Y122       LUT6 (Prop_lut6_I1_O)        0.124     7.653 f  video_inst/inst_color_mapper/sdp_bl.ramb36_dp_bl.ram36_bl_i_14/O
                         net (fo=16, routed)          1.172     8.824    video_inst/inst_color_mapper/coords_to_BRAM_address0_2
    SLICE_X140Y125       LUT4 (Prop_lut4_I0_O)        0.124     8.948 r  video_inst/inst_color_mapper/dc_bias[2]_i_8/O
                         net (fo=5, routed)           1.203    10.152    video_inst/Inst_vga_signal_gen/h_counter/encoded_reg[1]_0
    SLICE_X153Y127       LUT5 (Prop_lut5_I2_O)        0.152    10.304 r  video_inst/Inst_vga_signal_gen/h_counter/dc_bias[2]_i_4/O
                         net (fo=5, routed)           0.864    11.168    video_inst/inst_dvid/TDMS_encoder_red/dc_bias_reg[2]_1
    SLICE_X159Y129       LUT6 (Prop_lut6_I4_O)        0.326    11.494 r  video_inst/inst_dvid/TDMS_encoder_red/dc_bias[3]_i_2/O
                         net (fo=1, routed)           0.845    12.339    video_inst/inst_dvid/TDMS_encoder_red/dc_bias[3]_i_2_n_0
    SLICE_X159Y129       LUT6 (Prop_lut6_I0_O)        0.124    12.463 r  video_inst/inst_dvid/TDMS_encoder_red/dc_bias[3]_i_1__0/O
                         net (fo=1, routed)           0.000    12.463    video_inst/inst_dvid/TDMS_encoder_red/dc_bias[3]_i_1__0_n_0
    SLICE_X159Y129       FDRE                                         r  video_inst/inst_dvid/TDMS_encoder_red/dc_bias_reg[3]/D
  -------------------------------------------------------------------    -------------------

                         (clock clk_out1_clk_wiz_0 rise edge)
                                                     40.000    40.000 r  
    BUFGCTRL_X0Y1        BUFG                         0.000    40.000 r  clk_IBUF_BUFG_inst/O
                         net (fo=133, routed)         1.972    41.972    video_inst/mmcm_adv_inst_display_clocks/inst/clk_in1
    MMCME2_ADV_X1Y0      MMCME2_ADV (Prop_mmcme2_adv_CLKIN1_CLKOUT0)
                                                     -4.637    37.335 r  video_inst/mmcm_adv_inst_display_clocks/inst/mmcm_adv_inst/CLKOUT0
                         net (fo=1, routed)           2.574    39.909    video_inst/mmcm_adv_inst_display_clocks/inst/clk_out1_clk_wiz_0
    BUFGCTRL_X0Y2        BUFG (Prop_bufg_I_O)         0.091    40.000 r  video_inst/mmcm_adv_inst_display_clocks/inst/clkout1_buf/O
                         net (fo=76, routed)          1.700    41.700    video_inst/inst_dvid/TDMS_encoder_red/clk_out1
    SLICE_X159Y129       FDRE                                         r  video_inst/inst_dvid/TDMS_encoder_red/dc_bias_reg[3]/C
                         clock pessimism              0.075    41.775    
                         clock uncertainty           -0.095    41.681    
    SLICE_X159Y129       FDRE (Setup_fdre_C_D)        0.031    41.712    video_inst/inst_dvid/TDMS_encoder_red/dc_bias_reg[3]
  -------------------------------------------------------------------
                         required time                         41.712    
                         arrival time                         -12.463    
  -------------------------------------------------------------------
                         slack                                 29.249    

Slack (MET) :             29.269ns  (required time - arrival time)
  Source:                 video_inst/inst_color_mapper/coords_to_BRAM_address0/CLK
                            (rising edge-triggered cell DSP48E1 clocked by clk_out1_clk_wiz_0  {rise@0.000ns fall@20.000ns period=40.000ns})
  Destination:            video_inst/inst_dvid/TDMS_encoder_red/encoded_reg[1]/D
                            (rising edge-triggered cell FDRE clocked by clk_out1_clk_wiz_0  {rise@0.000ns fall@20.000ns period=40.000ns})
  Path Group:             clk_out1_clk_wiz_0
  Path Type:              Setup (Max at Slow Process Corner)
  Requirement:            40.000ns  (clk_out1_clk_wiz_0 rise@40.000ns - clk_out1_clk_wiz_0 rise@0.000ns)
  Data Path Delay:        10.611ns  (logic 5.219ns (49.184%)  route 5.392ns (50.816%))
  Logic Levels:           6  (LUT2=1 LUT3=1 LUT4=2 LUT5=1 LUT6=1)
  Clock Path Skew:        -0.055ns (DCD - SCD + CPR)
    Destination Clock Delay (DCD):    1.700ns = ( 41.700 - 40.000 ) 
    Source Clock Delay      (SCD):    1.830ns
    Clock Pessimism Removal (CPR):    0.075ns
  Clock Uncertainty:      0.095ns  ((TSJ^2 + DJ^2)^1/2) / 2 + PE
    Total System Jitter     (TSJ):    0.071ns
    Discrete Jitter          (DJ):    0.175ns
    Phase Error              (PE):    0.000ns

    Location             Delay type                Incr(ns)  Path(ns)    Netlist Resource(s)
  -------------------------------------------------------------------    -------------------
                         (clock clk_out1_clk_wiz_0 rise edge)
                                                      0.000     0.000 r  
    BUFGCTRL_X0Y1        BUFG                         0.000     0.000 r  clk_IBUF_BUFG_inst/O
                         net (fo=133, routed)         2.106     2.106    video_inst/mmcm_adv_inst_display_clocks/inst/clk_in1
    MMCME2_ADV_X1Y0      MMCME2_ADV (Prop_mmcme2_adv_CLKIN1_CLKOUT0)
                                                     -4.900    -2.793 r  video_inst/mmcm_adv_inst_display_clocks/inst/mmcm_adv_inst/CLKOUT0
                         net (fo=1, routed)           2.697    -0.096    video_inst/mmcm_adv_inst_display_clocks/inst/clk_out1_clk_wiz_0
    BUFGCTRL_X0Y2        BUFG (Prop_bufg_I_O)         0.096    -0.000 r  video_inst/mmcm_adv_inst_display_clocks/inst/clkout1_buf/O
                         net (fo=76, routed)          1.830     1.830    video_inst/inst_color_mapper/clk_out1
    DSP48_X7Y48          DSP48E1                                      r  video_inst/inst_color_mapper/coords_to_BRAM_address0/CLK
  -------------------------------------------------------------------    -------------------
    DSP48_X7Y48          DSP48E1 (Prop_dsp48e1_CLK_P[8])
                                                      4.009     5.839 r  video_inst/inst_color_mapper/coords_to_BRAM_address0/P[8]
                         net (fo=4, routed)           1.151     6.989    video_inst/inst_color_mapper/P[8]
    SLICE_X141Y121       LUT4 (Prop_lut4_I1_O)        0.124     7.113 r  video_inst/inst_color_mapper/sdp_bl.ramb36_dp_bl.ram36_bl_i_15/O
                         net (fo=2, routed)           0.411     7.525    video_inst/inst_color_mapper/sdp_bl.ramb36_dp_bl.ram36_bl_i_15_n_0
    SLICE_X141Y122       LUT6 (Prop_lut6_I4_O)        0.124     7.649 f  video_inst/inst_color_mapper/dc_bias[2]_i_10/O
                         net (fo=3, routed)           1.020     8.668    video_inst/inst_color_mapper/coords_to_BRAM_address0_1
    SLICE_X140Y125       LUT4 (Prop_lut4_I0_O)        0.124     8.792 r  video_inst/inst_color_mapper/dc_bias[2]_i_9/O
                         net (fo=4, routed)           1.210    10.002    video_inst/Inst_vga_signal_gen/h_counter/encoded_reg[1]
    SLICE_X153Y127       LUT5 (Prop_lut5_I3_O)        0.152    10.154 r  video_inst/Inst_vga_signal_gen/h_counter/dc_bias[1]_i_2/O
                         net (fo=8, routed)           1.121    11.276    video_inst/inst_dvid/TDMS_encoder_red/encoded_reg[9]_1
    SLICE_X159Y129       LUT2 (Prop_lut2_I1_O)        0.360    11.636 r  video_inst/inst_dvid/TDMS_encoder_red/dc_bias[3]_i_3__0/O
                         net (fo=4, routed)           0.480    12.115    video_inst/Inst_vga_signal_gen/h_counter/encoded_reg[1]_1
    SLICE_X159Y130       LUT3 (Prop_lut3_I1_O)        0.326    12.441 r  video_inst/Inst_vga_signal_gen/h_counter/encoded[1]_i_1__1/O
                         net (fo=1, routed)           0.000    12.441    video_inst/inst_dvid/TDMS_encoder_red/encoded_reg[2]_0[0]
    SLICE_X159Y130       FDRE                                         r  video_inst/inst_dvid/TDMS_encoder_red/encoded_reg[1]/D
  -------------------------------------------------------------------    -------------------

                         (clock clk_out1_clk_wiz_0 rise edge)
                                                     40.000    40.000 r  
    BUFGCTRL_X0Y1        BUFG                         0.000    40.000 r  clk_IBUF_BUFG_inst/O
                         net (fo=133, routed)         1.972    41.972    video_inst/mmcm_adv_inst_display_clocks/inst/clk_in1
    MMCME2_ADV_X1Y0      MMCME2_ADV (Prop_mmcme2_adv_CLKIN1_CLKOUT0)
                                                     -4.637    37.335 r  video_inst/mmcm_adv_inst_display_clocks/inst/mmcm_adv_inst/CLKOUT0
                         net (fo=1, routed)           2.574    39.909    video_inst/mmcm_adv_inst_display_clocks/inst/clk_out1_clk_wiz_0
    BUFGCTRL_X0Y2        BUFG (Prop_bufg_I_O)         0.091    40.000 r  video_inst/mmcm_adv_inst_display_clocks/inst/clkout1_buf/O
                         net (fo=76, routed)          1.700    41.700    video_inst/inst_dvid/TDMS_encoder_red/clk_out1
    SLICE_X159Y130       FDRE                                         r  video_inst/inst_dvid/TDMS_encoder_red/encoded_reg[1]/C
                         clock pessimism              0.075    41.775    
                         clock uncertainty           -0.095    41.681    
    SLICE_X159Y130       FDRE (Setup_fdre_C_D)        0.029    41.710    video_inst/inst_dvid/TDMS_encoder_red/encoded_reg[1]
  -------------------------------------------------------------------
                         required time                         41.710    
                         arrival time                         -12.441    
  -------------------------------------------------------------------
                         slack                                 29.269    

Slack (MET) :             29.299ns  (required time - arrival time)
  Source:                 video_inst/inst_color_mapper/coords_to_BRAM_address0/CLK
                            (rising edge-triggered cell DSP48E1 clocked by clk_out1_clk_wiz_0  {rise@0.000ns fall@20.000ns period=40.000ns})
  Destination:            video_inst/inst_dvid/TDMS_encoder_blue/encoded_reg[8]/D
                            (rising edge-triggered cell FDRE clocked by clk_out1_clk_wiz_0  {rise@0.000ns fall@20.000ns period=40.000ns})
  Path Group:             clk_out1_clk_wiz_0
  Path Type:              Setup (Max at Slow Process Corner)
  Requirement:            40.000ns  (clk_out1_clk_wiz_0 rise@40.000ns - clk_out1_clk_wiz_0 rise@0.000ns)
  Data Path Delay:        10.296ns  (logic 4.654ns (45.200%)  route 5.642ns (54.800%))
  Logic Levels:           5  (LUT3=1 LUT4=2 LUT5=1 LUT6=1)
  Clock Path Skew:        -0.055ns (DCD - SCD + CPR)
    Destination Clock Delay (DCD):    1.700ns = ( 41.700 - 40.000 ) 
    Source Clock Delay      (SCD):    1.830ns
    Clock Pessimism Removal (CPR):    0.075ns
  Clock Uncertainty:      0.095ns  ((TSJ^2 + DJ^2)^1/2) / 2 + PE
    Total System Jitter     (TSJ):    0.071ns
    Discrete Jitter          (DJ):    0.175ns
    Phase Error              (PE):    0.000ns

    Location             Delay type                Incr(ns)  Path(ns)    Netlist Resource(s)
  -------------------------------------------------------------------    -------------------
                         (clock clk_out1_clk_wiz_0 rise edge)
                                                      0.000     0.000 r  
    BUFGCTRL_X0Y1        BUFG                         0.000     0.000 r  clk_IBUF_BUFG_inst/O
                         net (fo=133, routed)         2.106     2.106    video_inst/mmcm_adv_inst_display_clocks/inst/clk_in1
    MMCME2_ADV_X1Y0      MMCME2_ADV (Prop_mmcme2_adv_CLKIN1_CLKOUT0)
                                                     -4.900    -2.793 r  video_inst/mmcm_adv_inst_display_clocks/inst/mmcm_adv_inst/CLKOUT0
                         net (fo=1, routed)           2.697    -0.096    video_inst/mmcm_adv_inst_display_clocks/inst/clk_out1_clk_wiz_0
    BUFGCTRL_X0Y2        BUFG (Prop_bufg_I_O)         0.096    -0.000 r  video_inst/mmcm_adv_inst_display_clocks/inst/clkout1_buf/O
                         net (fo=76, routed)          1.830     1.830    video_inst/inst_color_mapper/clk_out1
    DSP48_X7Y48          DSP48E1                                      r  video_inst/inst_color_mapper/coords_to_BRAM_address0/CLK
  -------------------------------------------------------------------    -------------------
    DSP48_X7Y48          DSP48E1 (Prop_dsp48e1_CLK_P[8])
                                                      4.009     5.839 f  video_inst/inst_color_mapper/coords_to_BRAM_address0/P[8]
                         net (fo=4, routed)           1.151     6.989    video_inst/inst_color_mapper/P[8]
    SLICE_X141Y121       LUT4 (Prop_lut4_I1_O)        0.124     7.113 f  video_inst/inst_color_mapper/sdp_bl.ramb36_dp_bl.ram36_bl_i_15/O
                         net (fo=2, routed)           0.415     7.529    video_inst/inst_color_mapper/sdp_bl.ramb36_dp_bl.ram36_bl_i_15_n_0
    SLICE_X141Y122       LUT6 (Prop_lut6_I1_O)        0.124     7.653 r  video_inst/inst_color_mapper/sdp_bl.ramb36_dp_bl.ram36_bl_i_14/O
                         net (fo=16, routed)          1.172     8.824    video_inst/inst_color_mapper/coords_to_BRAM_address0_2
    SLICE_X140Y125       LUT4 (Prop_lut4_I0_O)        0.124     8.948 f  video_inst/inst_color_mapper/dc_bias[2]_i_8/O
                         net (fo=5, routed)           1.203    10.152    video_inst/Inst_vga_signal_gen/h_counter/encoded_reg[1]_0
    SLICE_X153Y127       LUT5 (Prop_lut5_I2_O)        0.124    10.276 f  video_inst/Inst_vga_signal_gen/h_counter/dc_bias[1]_i_2__0/O
                         net (fo=12, routed)          1.311    11.587    video_inst/inst_dvid/TDMS_encoder_blue/dc_bias_reg[1]_1
    SLICE_X156Y129       LUT3 (Prop_lut3_I2_O)        0.149    11.736 r  video_inst/inst_dvid/TDMS_encoder_blue/encoded[8]_i_1/O
                         net (fo=1, routed)           0.391    12.126    video_inst/inst_dvid/TDMS_encoder_blue/encoded[8]_i_1_n_0
    SLICE_X156Y129       FDRE                                         r  video_inst/inst_dvid/TDMS_encoder_blue/encoded_reg[8]/D
  -------------------------------------------------------------------    -------------------

                         (clock clk_out1_clk_wiz_0 rise edge)
                                                     40.000    40.000 r  
    BUFGCTRL_X0Y1        BUFG                         0.000    40.000 r  clk_IBUF_BUFG_inst/O
                         net (fo=133, routed)         1.972    41.972    video_inst/mmcm_adv_inst_display_clocks/inst/clk_in1
    MMCME2_ADV_X1Y0      MMCME2_ADV (Prop_mmcme2_adv_CLKIN1_CLKOUT0)
                                                     -4.637    37.335 r  video_inst/mmcm_adv_inst_display_clocks/inst/mmcm_adv_inst/CLKOUT0
                         net (fo=1, routed)           2.574    39.909    video_inst/mmcm_adv_inst_display_clocks/inst/clk_out1_clk_wiz_0
    BUFGCTRL_X0Y2        BUFG (Prop_bufg_I_O)         0.091    40.000 r  video_inst/mmcm_adv_inst_display_clocks/inst/clkout1_buf/O
                         net (fo=76, routed)          1.700    41.700    video_inst/inst_dvid/TDMS_encoder_blue/clk_out1
    SLICE_X156Y129       FDRE                                         r  video_inst/inst_dvid/TDMS_encoder_blue/encoded_reg[8]/C
                         clock pessimism              0.075    41.775    
                         clock uncertainty           -0.095    41.681    
    SLICE_X156Y129       FDRE (Setup_fdre_C_D)       -0.255    41.426    video_inst/inst_dvid/TDMS_encoder_blue/encoded_reg[8]
  -------------------------------------------------------------------
                         required time                         41.426    
                         arrival time                         -12.126    
  -------------------------------------------------------------------
                         slack                                 29.299    

Slack (MET) :             29.321ns  (required time - arrival time)
  Source:                 video_inst/inst_color_mapper/coords_to_BRAM_address0/CLK
                            (rising edge-triggered cell DSP48E1 clocked by clk_out1_clk_wiz_0  {rise@0.000ns fall@20.000ns period=40.000ns})
  Destination:            video_inst/inst_dvid/TDMS_encoder_red/encoded_reg[2]/D
                            (rising edge-triggered cell FDRE clocked by clk_out1_clk_wiz_0  {rise@0.000ns fall@20.000ns period=40.000ns})
  Path Group:             clk_out1_clk_wiz_0
  Path Type:              Setup (Max at Slow Process Corner)
  Requirement:            40.000ns  (clk_out1_clk_wiz_0 rise@40.000ns - clk_out1_clk_wiz_0 rise@0.000ns)
  Data Path Delay:        10.605ns  (logic 5.213ns (49.155%)  route 5.392ns (50.845%))
  Logic Levels:           6  (LUT2=1 LUT3=1 LUT4=2 LUT5=1 LUT6=1)
  Clock Path Skew:        -0.055ns (DCD - SCD + CPR)
    Destination Clock Delay (DCD):    1.700ns = ( 41.700 - 40.000 ) 
    Source Clock Delay      (SCD):    1.830ns
    Clock Pessimism Removal (CPR):    0.075ns
  Clock Uncertainty:      0.095ns  ((TSJ^2 + DJ^2)^1/2) / 2 + PE
    Total System Jitter     (TSJ):    0.071ns
    Discrete Jitter          (DJ):    0.175ns
    Phase Error              (PE):    0.000ns

    Location             Delay type                Incr(ns)  Path(ns)    Netlist Resource(s)
  -------------------------------------------------------------------    -------------------
                         (clock clk_out1_clk_wiz_0 rise edge)
                                                      0.000     0.000 r  
    BUFGCTRL_X0Y1        BUFG                         0.000     0.000 r  clk_IBUF_BUFG_inst/O
                         net (fo=133, routed)         2.106     2.106    video_inst/mmcm_adv_inst_display_clocks/inst/clk_in1
    MMCME2_ADV_X1Y0      MMCME2_ADV (Prop_mmcme2_adv_CLKIN1_CLKOUT0)
                                                     -4.900    -2.793 r  video_inst/mmcm_adv_inst_display_clocks/inst/mmcm_adv_inst/CLKOUT0
                         net (fo=1, routed)           2.697    -0.096    video_inst/mmcm_adv_inst_display_clocks/inst/clk_out1_clk_wiz_0
    BUFGCTRL_X0Y2        BUFG (Prop_bufg_I_O)         0.096    -0.000 r  video_inst/mmcm_adv_inst_display_clocks/inst/clkout1_buf/O
                         net (fo=76, routed)          1.830     1.830    video_inst/inst_color_mapper/clk_out1
    DSP48_X7Y48          DSP48E1                                      r  video_inst/inst_color_mapper/coords_to_BRAM_address0/CLK
  -------------------------------------------------------------------    -------------------
    DSP48_X7Y48          DSP48E1 (Prop_dsp48e1_CLK_P[8])
                                                      4.009     5.839 r  video_inst/inst_color_mapper/coords_to_BRAM_address0/P[8]
                         net (fo=4, routed)           1.151     6.989    video_inst/inst_color_mapper/P[8]
    SLICE_X141Y121       LUT4 (Prop_lut4_I1_O)        0.124     7.113 r  video_inst/inst_color_mapper/sdp_bl.ramb36_dp_bl.ram36_bl_i_15/O
                         net (fo=2, routed)           0.411     7.525    video_inst/inst_color_mapper/sdp_bl.ramb36_dp_bl.ram36_bl_i_15_n_0
    SLICE_X141Y122       LUT6 (Prop_lut6_I4_O)        0.124     7.649 f  video_inst/inst_color_mapper/dc_bias[2]_i_10/O
                         net (fo=3, routed)           1.020     8.668    video_inst/inst_color_mapper/coords_to_BRAM_address0_1
    SLICE_X140Y125       LUT4 (Prop_lut4_I0_O)        0.124     8.792 r  video_inst/inst_color_mapper/dc_bias[2]_i_9/O
                         net (fo=4, routed)           1.210    10.002    video_inst/Inst_vga_signal_gen/h_counter/encoded_reg[1]
    SLICE_X153Y127       LUT5 (Prop_lut5_I3_O)        0.152    10.154 r  video_inst/Inst_vga_signal_gen/h_counter/dc_bias[1]_i_2/O
                         net (fo=8, routed)           1.121    11.276    video_inst/inst_dvid/TDMS_encoder_red/encoded_reg[9]_1
    SLICE_X159Y129       LUT2 (Prop_lut2_I1_O)        0.360    11.636 r  video_inst/inst_dvid/TDMS_encoder_red/dc_bias[3]_i_3__0/O
                         net (fo=4, routed)           0.480    12.115    video_inst/Inst_vga_signal_gen/h_counter/encoded_reg[1]_1
    SLICE_X159Y130       LUT3 (Prop_lut3_I1_O)        0.320    12.435 r  video_inst/Inst_vga_signal_gen/h_counter/encoded[2]_i_1__1/O
                         net (fo=1, routed)           0.000    12.435    video_inst/inst_dvid/TDMS_encoder_red/encoded_reg[2]_0[1]
    SLICE_X159Y130       FDRE                                         r  video_inst/inst_dvid/TDMS_encoder_red/encoded_reg[2]/D
  -------------------------------------------------------------------    -------------------

                         (clock clk_out1_clk_wiz_0 rise edge)
                                                     40.000    40.000 r  
    BUFGCTRL_X0Y1        BUFG                         0.000    40.000 r  clk_IBUF_BUFG_inst/O
                         net (fo=133, routed)         1.972    41.972    video_inst/mmcm_adv_inst_display_clocks/inst/clk_in1
    MMCME2_ADV_X1Y0      MMCME2_ADV (Prop_mmcme2_adv_CLKIN1_CLKOUT0)
                                                     -4.637    37.335 r  video_inst/mmcm_adv_inst_display_clocks/inst/mmcm_adv_inst/CLKOUT0
                         net (fo=1, routed)           2.574    39.909    video_inst/mmcm_adv_inst_display_clocks/inst/clk_out1_clk_wiz_0
    BUFGCTRL_X0Y2        BUFG (Prop_bufg_I_O)         0.091    40.000 r  video_inst/mmcm_adv_inst_display_clocks/inst/clkout1_buf/O
                         net (fo=76, routed)          1.700    41.700    video_inst/inst_dvid/TDMS_encoder_red/clk_out1
    SLICE_X159Y130       FDRE                                         r  video_inst/inst_dvid/TDMS_encoder_red/encoded_reg[2]/C
                         clock pessimism              0.075    41.775    
                         clock uncertainty           -0.095    41.681    
    SLICE_X159Y130       FDRE (Setup_fdre_C_D)        0.075    41.756    video_inst/inst_dvid/TDMS_encoder_red/encoded_reg[2]
  -------------------------------------------------------------------
                         required time                         41.756    
                         arrival time                         -12.435    
  -------------------------------------------------------------------
                         slack                                 29.321    

Slack (MET) :             29.346ns  (required time - arrival time)
  Source:                 video_inst/inst_color_mapper/coords_to_BRAM_address0/CLK
                            (rising edge-triggered cell DSP48E1 clocked by clk_out1_clk_wiz_0  {rise@0.000ns fall@20.000ns period=40.000ns})
  Destination:            video_inst/inst_dvid/TDMS_encoder_blue/dc_bias_reg[1]/D
                            (rising edge-triggered cell FDRE clocked by clk_out1_clk_wiz_0  {rise@0.000ns fall@20.000ns period=40.000ns})
  Path Group:             clk_out1_clk_wiz_0
  Path Type:              Setup (Max at Slow Process Corner)
  Requirement:            40.000ns  (clk_out1_clk_wiz_0 rise@40.000ns - clk_out1_clk_wiz_0 rise@0.000ns)
  Data Path Delay:        10.254ns  (logic 4.658ns (45.424%)  route 5.596ns (54.576%))
  Logic Levels:           5  (LUT4=2 LUT5=2 LUT6=1)
  Clock Path Skew:        -0.056ns (DCD - SCD + CPR)
    Destination Clock Delay (DCD):    1.699ns = ( 41.699 - 40.000 ) 
    Source Clock Delay      (SCD):    1.830ns
    Clock Pessimism Removal (CPR):    0.075ns
  Clock Uncertainty:      0.095ns  ((TSJ^2 + DJ^2)^1/2) / 2 + PE
    Total System Jitter     (TSJ):    0.071ns
    Discrete Jitter          (DJ):    0.175ns
    Phase Error              (PE):    0.000ns

    Location             Delay type                Incr(ns)  Path(ns)    Netlist Resource(s)
  -------------------------------------------------------------------    -------------------
                         (clock clk_out1_clk_wiz_0 rise edge)
                                                      0.000     0.000 r  
    BUFGCTRL_X0Y1        BUFG                         0.000     0.000 r  clk_IBUF_BUFG_inst/O
                         net (fo=133, routed)         2.106     2.106    video_inst/mmcm_adv_inst_display_clocks/inst/clk_in1
    MMCME2_ADV_X1Y0      MMCME2_ADV (Prop_mmcme2_adv_CLKIN1_CLKOUT0)
                                                     -4.900    -2.793 r  video_inst/mmcm_adv_inst_display_clocks/inst/mmcm_adv_inst/CLKOUT0
                         net (fo=1, routed)           2.697    -0.096    video_inst/mmcm_adv_inst_display_clocks/inst/clk_out1_clk_wiz_0
    BUFGCTRL_X0Y2        BUFG (Prop_bufg_I_O)         0.096    -0.000 r  video_inst/mmcm_adv_inst_display_clocks/inst/clkout1_buf/O
                         net (fo=76, routed)          1.830     1.830    video_inst/inst_color_mapper/clk_out1
    DSP48_X7Y48          DSP48E1                                      r  video_inst/inst_color_mapper/coords_to_BRAM_address0/CLK
  -------------------------------------------------------------------    -------------------
    DSP48_X7Y48          DSP48E1 (Prop_dsp48e1_CLK_P[8])
                                                      4.009     5.839 r  video_inst/inst_color_mapper/coords_to_BRAM_address0/P[8]
                         net (fo=4, routed)           1.151     6.989    video_inst/inst_color_mapper/P[8]
    SLICE_X141Y121       LUT4 (Prop_lut4_I1_O)        0.124     7.113 r  video_inst/inst_color_mapper/sdp_bl.ramb36_dp_bl.ram36_bl_i_15/O
                         net (fo=2, routed)           0.415     7.529    video_inst/inst_color_mapper/sdp_bl.ramb36_dp_bl.ram36_bl_i_15_n_0
    SLICE_X141Y122       LUT6 (Prop_lut6_I1_O)        0.124     7.653 f  video_inst/inst_color_mapper/sdp_bl.ramb36_dp_bl.ram36_bl_i_14/O
                         net (fo=16, routed)          1.172     8.824    video_inst/inst_color_mapper/coords_to_BRAM_address0_2
    SLICE_X140Y125       LUT4 (Prop_lut4_I0_O)        0.124     8.948 r  video_inst/inst_color_mapper/dc_bias[2]_i_8/O
                         net (fo=5, routed)           1.203    10.152    video_inst/Inst_vga_signal_gen/h_counter/encoded_reg[1]_0
    SLICE_X153Y127       LUT5 (Prop_lut5_I2_O)        0.124    10.276 r  video_inst/Inst_vga_signal_gen/h_counter/dc_bias[1]_i_2__0/O
                         net (fo=12, routed)          1.315    11.591    video_inst/inst_dvid/TDMS_encoder_blue/dc_bias_reg[1]_1
    SLICE_X156Y129       LUT5 (Prop_lut5_I1_O)        0.153    11.744 r  video_inst/inst_dvid/TDMS_encoder_blue/dc_bias[1]_i_1__1/O
                         net (fo=1, routed)           0.340    12.084    video_inst/inst_dvid/TDMS_encoder_blue/dc_bias[1]_i_1__1_n_0
    SLICE_X156Y128       FDRE                                         r  video_inst/inst_dvid/TDMS_encoder_blue/dc_bias_reg[1]/D
  -------------------------------------------------------------------    -------------------

                         (clock clk_out1_clk_wiz_0 rise edge)
                                                     40.000    40.000 r  
    BUFGCTRL_X0Y1        BUFG                         0.000    40.000 r  clk_IBUF_BUFG_inst/O
                         net (fo=133, routed)         1.972    41.972    video_inst/mmcm_adv_inst_display_clocks/inst/clk_in1
    MMCME2_ADV_X1Y0      MMCME2_ADV (Prop_mmcme2_adv_CLKIN1_CLKOUT0)
                                                     -4.637    37.335 r  video_inst/mmcm_adv_inst_display_clocks/inst/mmcm_adv_inst/CLKOUT0
                         net (fo=1, routed)           2.574    39.909    video_inst/mmcm_adv_inst_display_clocks/inst/clk_out1_clk_wiz_0
    BUFGCTRL_X0Y2        BUFG (Prop_bufg_I_O)         0.091    40.000 r  video_inst/mmcm_adv_inst_display_clocks/inst/clkout1_buf/O
                         net (fo=76, routed)          1.699    41.699    video_inst/inst_dvid/TDMS_encoder_blue/clk_out1
    SLICE_X156Y128       FDRE                                         r  video_inst/inst_dvid/TDMS_encoder_blue/dc_bias_reg[1]/C
                         clock pessimism              0.075    41.774    
                         clock uncertainty           -0.095    41.680    
    SLICE_X156Y128       FDRE (Setup_fdre_C_D)       -0.250    41.430    video_inst/inst_dvid/TDMS_encoder_blue/dc_bias_reg[1]
  -------------------------------------------------------------------
                         required time                         41.430    
                         arrival time                         -12.084    
  -------------------------------------------------------------------
                         slack                                 29.346    

Slack (MET) :             29.695ns  (required time - arrival time)
  Source:                 video_inst/inst_color_mapper/coords_to_BRAM_address0/CLK
                            (rising edge-triggered cell DSP48E1 clocked by clk_out1_clk_wiz_0  {rise@0.000ns fall@20.000ns period=40.000ns})
  Destination:            video_inst/inst_dvid/TDMS_encoder_red/encoded_reg[9]/D
                            (rising edge-triggered cell FDRE clocked by clk_out1_clk_wiz_0  {rise@0.000ns fall@20.000ns period=40.000ns})
  Path Group:             clk_out1_clk_wiz_0
  Path Type:              Setup (Max at Slow Process Corner)
  Requirement:            40.000ns  (clk_out1_clk_wiz_0 rise@40.000ns - clk_out1_clk_wiz_0 rise@0.000ns)
  Data Path Delay:        10.277ns  (logic 4.887ns (47.551%)  route 5.390ns (52.449%))
  Logic Levels:           5  (LUT3=1 LUT4=2 LUT5=1 LUT6=1)
  Clock Path Skew:        -0.052ns (DCD - SCD + CPR)
    Destination Clock Delay (DCD):    1.703ns = ( 41.703 - 40.000 ) 
    Source Clock Delay      (SCD):    1.830ns
    Clock Pessimism Removal (CPR):    0.075ns
  Clock Uncertainty:      0.095ns  ((TSJ^2 + DJ^2)^1/2) / 2 + PE
    Total System Jitter     (TSJ):    0.071ns
    Discrete Jitter          (DJ):    0.175ns
    Phase Error              (PE):    0.000ns

    Location             Delay type                Incr(ns)  Path(ns)    Netlist Resource(s)
  -------------------------------------------------------------------    -------------------
                         (clock clk_out1_clk_wiz_0 rise edge)
                                                      0.000     0.000 r  
    BUFGCTRL_X0Y1        BUFG                         0.000     0.000 r  clk_IBUF_BUFG_inst/O
                         net (fo=133, routed)         2.106     2.106    video_inst/mmcm_adv_inst_display_clocks/inst/clk_in1
    MMCME2_ADV_X1Y0      MMCME2_ADV (Prop_mmcme2_adv_CLKIN1_CLKOUT0)
                                                     -4.900    -2.793 r  video_inst/mmcm_adv_inst_display_clocks/inst/mmcm_adv_inst/CLKOUT0
                         net (fo=1, routed)           2.697    -0.096    video_inst/mmcm_adv_inst_display_clocks/inst/clk_out1_clk_wiz_0
    BUFGCTRL_X0Y2        BUFG (Prop_bufg_I_O)         0.096    -0.000 r  video_inst/mmcm_adv_inst_display_clocks/inst/clkout1_buf/O
                         net (fo=76, routed)          1.830     1.830    video_inst/inst_color_mapper/clk_out1
    DSP48_X7Y48          DSP48E1                                      r  video_inst/inst_color_mapper/coords_to_BRAM_address0/CLK
  -------------------------------------------------------------------    -------------------
    DSP48_X7Y48          DSP48E1 (Prop_dsp48e1_CLK_P[8])
                                                      4.009     5.839 r  video_inst/inst_color_mapper/coords_to_BRAM_address0/P[8]
                         net (fo=4, routed)           1.151     6.989    video_inst/inst_color_mapper/P[8]
    SLICE_X141Y121       LUT4 (Prop_lut4_I1_O)        0.124     7.113 r  video_inst/inst_color_mapper/sdp_bl.ramb36_dp_bl.ram36_bl_i_15/O
                         net (fo=2, routed)           0.411     7.525    video_inst/inst_color_mapper/sdp_bl.ramb36_dp_bl.ram36_bl_i_15_n_0
    SLICE_X141Y122       LUT6 (Prop_lut6_I4_O)        0.124     7.649 f  video_inst/inst_color_mapper/dc_bias[2]_i_10/O
                         net (fo=3, routed)           1.020     8.668    video_inst/inst_color_mapper/coords_to_BRAM_address0_1
    SLICE_X140Y125       LUT4 (Prop_lut4_I0_O)        0.124     8.792 r  video_inst/inst_color_mapper/dc_bias[2]_i_9/O
                         net (fo=4, routed)           1.210    10.002    video_inst/Inst_vga_signal_gen/h_counter/encoded_reg[1]
    SLICE_X153Y127       LUT5 (Prop_lut5_I3_O)        0.152    10.154 r  video_inst/Inst_vga_signal_gen/h_counter/dc_bias[1]_i_2/O
                         net (fo=8, routed)           1.599    11.753    video_inst/inst_dvid/TDMS_encoder_red/encoded_reg[9]_1
    SLICE_X158Y132       LUT3 (Prop_lut3_I2_O)        0.354    12.107 r  video_inst/inst_dvid/TDMS_encoder_red/encoded[9]_i_1/O
                         net (fo=1, routed)           0.000    12.107    video_inst/inst_dvid/TDMS_encoder_red/encoded[9]_i_1_n_0
    SLICE_X158Y132       FDRE                                         r  video_inst/inst_dvid/TDMS_encoder_red/encoded_reg[9]/D
  -------------------------------------------------------------------    -------------------

                         (clock clk_out1_clk_wiz_0 rise edge)
                                                     40.000    40.000 r  
    BUFGCTRL_X0Y1        BUFG                         0.000    40.000 r  clk_IBUF_BUFG_inst/O
                         net (fo=133, routed)         1.972    41.972    video_inst/mmcm_adv_inst_display_clocks/inst/clk_in1
    MMCME2_ADV_X1Y0      MMCME2_ADV (Prop_mmcme2_adv_CLKIN1_CLKOUT0)
                                                     -4.637    37.335 r  video_inst/mmcm_adv_inst_display_clocks/inst/mmcm_adv_inst/CLKOUT0
                         net (fo=1, routed)           2.574    39.909    video_inst/mmcm_adv_inst_display_clocks/inst/clk_out1_clk_wiz_0
    BUFGCTRL_X0Y2        BUFG (Prop_bufg_I_O)         0.091    40.000 r  video_inst/mmcm_adv_inst_display_clocks/inst/clkout1_buf/O
                         net (fo=76, routed)          1.703    41.703    video_inst/inst_dvid/TDMS_encoder_red/clk_out1
    SLICE_X158Y132       FDRE                                         r  video_inst/inst_dvid/TDMS_encoder_red/encoded_reg[9]/C
                         clock pessimism              0.075    41.778    
                         clock uncertainty           -0.095    41.684    
    SLICE_X158Y132       FDRE (Setup_fdre_C_D)        0.118    41.802    video_inst/inst_dvid/TDMS_encoder_red/encoded_reg[9]
  -------------------------------------------------------------------
                         required time                         41.802    
                         arrival time                         -12.107    
  -------------------------------------------------------------------
                         slack                                 29.695    

Slack (MET) :             30.004ns  (required time - arrival time)
  Source:                 video_inst/inst_color_mapper/coords_to_BRAM_address0/CLK
                            (rising edge-triggered cell DSP48E1 clocked by clk_out1_clk_wiz_0  {rise@0.000ns fall@20.000ns period=40.000ns})
  Destination:            video_inst/inst_dvid/TDMS_encoder_blue/encoded_reg[0]/D
                            (rising edge-triggered cell FDRE clocked by clk_out1_clk_wiz_0  {rise@0.000ns fall@20.000ns period=40.000ns})
  Path Group:             clk_out1_clk_wiz_0
  Path Type:              Setup (Max at Slow Process Corner)
  Requirement:            40.000ns  (clk_out1_clk_wiz_0 rise@40.000ns - clk_out1_clk_wiz_0 rise@0.000ns)
  Data Path Delay:        9.878ns  (logic 4.629ns (46.863%)  route 5.249ns (53.137%))
  Logic Levels:           5  (LUT4=2 LUT5=1 LUT6=2)
  Clock Path Skew:        -0.055ns (DCD - SCD + CPR)
    Destination Clock Delay (DCD):    1.700ns = ( 41.700 - 40.000 ) 
    Source Clock Delay      (SCD):    1.830ns
    Clock Pessimism Removal (CPR):    0.075ns
  Clock Uncertainty:      0.095ns  ((TSJ^2 + DJ^2)^1/2) / 2 + PE
    Total System Jitter     (TSJ):    0.071ns
    Discrete Jitter          (DJ):    0.175ns
    Phase Error              (PE):    0.000ns

    Location             Delay type                Incr(ns)  Path(ns)    Netlist Resource(s)
  -------------------------------------------------------------------    -------------------
                         (clock clk_out1_clk_wiz_0 rise edge)
                                                      0.000     0.000 r  
    BUFGCTRL_X0Y1        BUFG                         0.000     0.000 r  clk_IBUF_BUFG_inst/O
                         net (fo=133, routed)         2.106     2.106    video_inst/mmcm_adv_inst_display_clocks/inst/clk_in1
    MMCME2_ADV_X1Y0      MMCME2_ADV (Prop_mmcme2_adv_CLKIN1_CLKOUT0)
                                                     -4.900    -2.793 r  video_inst/mmcm_adv_inst_display_clocks/inst/mmcm_adv_inst/CLKOUT0
                         net (fo=1, routed)           2.697    -0.096    video_inst/mmcm_adv_inst_display_clocks/inst/clk_out1_clk_wiz_0
    BUFGCTRL_X0Y2        BUFG (Prop_bufg_I_O)         0.096    -0.000 r  video_inst/mmcm_adv_inst_display_clocks/inst/clkout1_buf/O
                         net (fo=76, routed)          1.830     1.830    video_inst/inst_color_mapper/clk_out1
    DSP48_X7Y48          DSP48E1                                      r  video_inst/inst_color_mapper/coords_to_BRAM_address0/CLK
  -------------------------------------------------------------------    -------------------
    DSP48_X7Y48          DSP48E1 (Prop_dsp48e1_CLK_P[8])
                                                      4.009     5.839 r  video_inst/inst_color_mapper/coords_to_BRAM_address0/P[8]
                         net (fo=4, routed)           1.151     6.989    video_inst/inst_color_mapper/P[8]
    SLICE_X141Y121       LUT4 (Prop_lut4_I1_O)        0.124     7.113 r  video_inst/inst_color_mapper/sdp_bl.ramb36_dp_bl.ram36_bl_i_15/O
                         net (fo=2, routed)           0.415     7.529    video_inst/inst_color_mapper/sdp_bl.ramb36_dp_bl.ram36_bl_i_15_n_0
    SLICE_X141Y122       LUT6 (Prop_lut6_I1_O)        0.124     7.653 f  video_inst/inst_color_mapper/sdp_bl.ramb36_dp_bl.ram36_bl_i_14/O
                         net (fo=16, routed)          1.172     8.824    video_inst/inst_color_mapper/coords_to_BRAM_address0_2
    SLICE_X140Y125       LUT4 (Prop_lut4_I0_O)        0.124     8.948 r  video_inst/inst_color_mapper/dc_bias[2]_i_8/O
                         net (fo=5, routed)           1.203    10.152    video_inst/Inst_vga_signal_gen/h_counter/encoded_reg[1]_0
    SLICE_X153Y127       LUT5 (Prop_lut5_I2_O)        0.124    10.276 r  video_inst/Inst_vga_signal_gen/h_counter/dc_bias[1]_i_2__0/O
                         net (fo=12, routed)          1.308    11.584    video_inst/Inst_vga_signal_gen/h_counter/buttons_reg[4]
    SLICE_X157Y129       LUT6 (Prop_lut6_I3_O)        0.124    11.708 r  video_inst/Inst_vga_signal_gen/h_counter/encoded[0]_i_1/O
                         net (fo=1, routed)           0.000    11.708    video_inst/inst_dvid/TDMS_encoder_blue/encoded_reg[6]_0[0]
    SLICE_X157Y129       FDRE                                         r  video_inst/inst_dvid/TDMS_encoder_blue/encoded_reg[0]/D
  -------------------------------------------------------------------    -------------------

                         (clock clk_out1_clk_wiz_0 rise edge)
                                                     40.000    40.000 r  
    BUFGCTRL_X0Y1        BUFG                         0.000    40.000 r  clk_IBUF_BUFG_inst/O
                         net (fo=133, routed)         1.972    41.972    video_inst/mmcm_adv_inst_display_clocks/inst/clk_in1
    MMCME2_ADV_X1Y0      MMCME2_ADV (Prop_mmcme2_adv_CLKIN1_CLKOUT0)
                                                     -4.637    37.335 r  video_inst/mmcm_adv_inst_display_clocks/inst/mmcm_adv_inst/CLKOUT0
                         net (fo=1, routed)           2.574    39.909    video_inst/mmcm_adv_inst_display_clocks/inst/clk_out1_clk_wiz_0
    BUFGCTRL_X0Y2        BUFG (Prop_bufg_I_O)         0.091    40.000 r  video_inst/mmcm_adv_inst_display_clocks/inst/clkout1_buf/O
                         net (fo=76, routed)          1.700    41.700    video_inst/inst_dvid/TDMS_encoder_blue/clk_out1
    SLICE_X157Y129       FDRE                                         r  video_inst/inst_dvid/TDMS_encoder_blue/encoded_reg[0]/C
                         clock pessimism              0.075    41.775    
                         clock uncertainty           -0.095    41.681    
    SLICE_X157Y129       FDRE (Setup_fdre_C_D)        0.031    41.712    video_inst/inst_dvid/TDMS_encoder_blue/encoded_reg[0]
  -------------------------------------------------------------------
                         required time                         41.712    
                         arrival time                         -11.708    
  -------------------------------------------------------------------
                         slack                                 30.004    





Min Delay Paths
--------------------------------------------------------------------------------------
Slack (MET) :             0.171ns  (arrival time - required time)
  Source:                 video_inst/inst_dvid/TDMS_encoder_green/encoded_reg[0]/C
                            (rising edge-triggered cell FDRE clocked by clk_out1_clk_wiz_0  {rise@0.000ns fall@20.000ns period=40.000ns})
  Destination:            video_inst/inst_dvid/latched_green_reg[0]/D
                            (rising edge-triggered cell FDRE clocked by clk_out1_clk_wiz_0  {rise@0.000ns fall@20.000ns period=40.000ns})
  Path Group:             clk_out1_clk_wiz_0
  Path Type:              Hold (Min at Fast Process Corner)
  Requirement:            0.000ns  (clk_out1_clk_wiz_0 rise@0.000ns - clk_out1_clk_wiz_0 rise@0.000ns)
  Data Path Delay:        0.257ns  (logic 0.141ns (54.812%)  route 0.116ns (45.188%))
  Logic Levels:           0  
  Clock Path Skew:        0.016ns (DCD - SCD - CPR)
    Destination Clock Delay (DCD):    0.915ns
    Source Clock Delay      (SCD):    0.642ns
    Clock Pessimism Removal (CPR):    0.257ns

    Location             Delay type                Incr(ns)  Path(ns)    Netlist Resource(s)
  -------------------------------------------------------------------    -------------------
                         (clock clk_out1_clk_wiz_0 rise edge)
                                                      0.000     0.000 r  
    BUFGCTRL_X0Y1        BUFG                         0.000     0.000 r  clk_IBUF_BUFG_inst/O
                         net (fo=133, routed)         0.745     0.745    video_inst/mmcm_adv_inst_display_clocks/inst/clk_in1
    MMCME2_ADV_X1Y0      MMCME2_ADV (Prop_mmcme2_adv_CLKIN1_CLKOUT0)
                                                     -1.683    -0.938 r  video_inst/mmcm_adv_inst_display_clocks/inst/mmcm_adv_inst/CLKOUT0
                         net (fo=1, routed)           0.912    -0.026    video_inst/mmcm_adv_inst_display_clocks/inst/clk_out1_clk_wiz_0
    BUFGCTRL_X0Y2        BUFG (Prop_bufg_I_O)         0.026    -0.000 r  video_inst/mmcm_adv_inst_display_clocks/inst/clkout1_buf/O
                         net (fo=76, routed)          0.642     0.642    video_inst/inst_dvid/TDMS_encoder_green/clk_out1
    SLICE_X159Y133       FDRE                                         r  video_inst/inst_dvid/TDMS_encoder_green/encoded_reg[0]/C
  -------------------------------------------------------------------    -------------------
    SLICE_X159Y133       FDRE (Prop_fdre_C_Q)         0.141     0.783 r  video_inst/inst_dvid/TDMS_encoder_green/encoded_reg[0]/Q
                         net (fo=1, routed)           0.116     0.899    video_inst/inst_dvid/TDMS_encoder_green_n_6
    SLICE_X159Y135       FDRE                                         r  video_inst/inst_dvid/latched_green_reg[0]/D
  -------------------------------------------------------------------    -------------------

                         (clock clk_out1_clk_wiz_0 rise edge)
                                                      0.000     0.000 r  
    BUFGCTRL_X0Y1        BUFG                         0.000     0.000 r  clk_IBUF_BUFG_inst/O
                         net (fo=133, routed)         1.022     1.022    video_inst/mmcm_adv_inst_display_clocks/inst/clk_in1
    MMCME2_ADV_X1Y0      MMCME2_ADV (Prop_mmcme2_adv_CLKIN1_CLKOUT0)
                                                     -2.040    -1.018 r  video_inst/mmcm_adv_inst_display_clocks/inst/mmcm_adv_inst/CLKOUT0
                         net (fo=1, routed)           0.989    -0.029    video_inst/mmcm_adv_inst_display_clocks/inst/clk_out1_clk_wiz_0
    BUFGCTRL_X0Y2        BUFG (Prop_bufg_I_O)         0.029    -0.000 r  video_inst/mmcm_adv_inst_display_clocks/inst/clkout1_buf/O
                         net (fo=76, routed)          0.915     0.915    video_inst/inst_dvid/clk_out1
    SLICE_X159Y135       FDRE                                         r  video_inst/inst_dvid/latched_green_reg[0]/C
                         clock pessimism             -0.257     0.658    
    SLICE_X159Y135       FDRE (Hold_fdre_C_D)         0.070     0.728    video_inst/inst_dvid/latched_green_reg[0]
  -------------------------------------------------------------------
                         required time                         -0.728    
                         arrival time                           0.899    
  -------------------------------------------------------------------
                         slack                                  0.171    

Slack (MET) :             0.173ns  (arrival time - required time)
  Source:                 video_inst/inst_dvid/TDMS_encoder_blue/encoded_reg[9]/C
                            (rising edge-triggered cell FDRE clocked by clk_out1_clk_wiz_0  {rise@0.000ns fall@20.000ns period=40.000ns})
  Destination:            video_inst/inst_dvid/latched_blue_reg[9]/D
                            (rising edge-triggered cell FDRE clocked by clk_out1_clk_wiz_0  {rise@0.000ns fall@20.000ns period=40.000ns})
  Path Group:             clk_out1_clk_wiz_0
  Path Type:              Hold (Min at Fast Process Corner)
  Requirement:            0.000ns  (clk_out1_clk_wiz_0 rise@0.000ns - clk_out1_clk_wiz_0 rise@0.000ns)
  Data Path Delay:        0.251ns  (logic 0.141ns (56.174%)  route 0.110ns (43.826%))
  Logic Levels:           0  
  Clock Path Skew:        0.000ns (DCD - SCD - CPR)
    Destination Clock Delay (DCD):    0.909ns
    Source Clock Delay      (SCD):    0.638ns
    Clock Pessimism Removal (CPR):    0.271ns

    Location             Delay type                Incr(ns)  Path(ns)    Netlist Resource(s)
  -------------------------------------------------------------------    -------------------
                         (clock clk_out1_clk_wiz_0 rise edge)
                                                      0.000     0.000 r  
    BUFGCTRL_X0Y1        BUFG                         0.000     0.000 r  clk_IBUF_BUFG_inst/O
                         net (fo=133, routed)         0.745     0.745    video_inst/mmcm_adv_inst_display_clocks/inst/clk_in1
    MMCME2_ADV_X1Y0      MMCME2_ADV (Prop_mmcme2_adv_CLKIN1_CLKOUT0)
                                                     -1.683    -0.938 r  video_inst/mmcm_adv_inst_display_clocks/inst/mmcm_adv_inst/CLKOUT0
                         net (fo=1, routed)           0.912    -0.026    video_inst/mmcm_adv_inst_display_clocks/inst/clk_out1_clk_wiz_0
    BUFGCTRL_X0Y2        BUFG (Prop_bufg_I_O)         0.026    -0.000 r  video_inst/mmcm_adv_inst_display_clocks/inst/clkout1_buf/O
                         net (fo=76, routed)          0.638     0.638    video_inst/inst_dvid/TDMS_encoder_blue/clk_out1
    SLICE_X157Y129       FDRE                                         r  video_inst/inst_dvid/TDMS_encoder_blue/encoded_reg[9]/C
  -------------------------------------------------------------------    -------------------
    SLICE_X157Y129       FDRE (Prop_fdre_C_Q)         0.141     0.779 r  video_inst/inst_dvid/TDMS_encoder_blue/encoded_reg[9]/Q
                         net (fo=1, routed)           0.110     0.889    video_inst/inst_dvid/TDMS_encoder_blue_n_3
    SLICE_X157Y129       FDRE                                         r  video_inst/inst_dvid/latched_blue_reg[9]/D
  -------------------------------------------------------------------    -------------------

                         (clock clk_out1_clk_wiz_0 rise edge)
                                                      0.000     0.000 r  
    BUFGCTRL_X0Y1        BUFG                         0.000     0.000 r  clk_IBUF_BUFG_inst/O
                         net (fo=133, routed)         1.022     1.022    video_inst/mmcm_adv_inst_display_clocks/inst/clk_in1
    MMCME2_ADV_X1Y0      MMCME2_ADV (Prop_mmcme2_adv_CLKIN1_CLKOUT0)
                                                     -2.040    -1.018 r  video_inst/mmcm_adv_inst_display_clocks/inst/mmcm_adv_inst/CLKOUT0
                         net (fo=1, routed)           0.989    -0.029    video_inst/mmcm_adv_inst_display_clocks/inst/clk_out1_clk_wiz_0
    BUFGCTRL_X0Y2        BUFG (Prop_bufg_I_O)         0.029    -0.000 r  video_inst/mmcm_adv_inst_display_clocks/inst/clkout1_buf/O
                         net (fo=76, routed)          0.909     0.909    video_inst/inst_dvid/clk_out1
    SLICE_X157Y129       FDRE                                         r  video_inst/inst_dvid/latched_blue_reg[9]/C
                         clock pessimism             -0.271     0.638    
    SLICE_X157Y129       FDRE (Hold_fdre_C_D)         0.078     0.716    video_inst/inst_dvid/latched_blue_reg[9]
  -------------------------------------------------------------------
                         required time                         -0.716    
                         arrival time                           0.889    
  -------------------------------------------------------------------
                         slack                                  0.173    

Slack (MET) :             0.173ns  (arrival time - required time)
  Source:                 video_inst/inst_dvid/TDMS_encoder_red/dc_bias_reg[0]/C
                            (rising edge-triggered cell FDRE clocked by clk_out1_clk_wiz_0  {rise@0.000ns fall@20.000ns period=40.000ns})
  Destination:            video_inst/inst_dvid/TDMS_encoder_red/dc_bias_reg[1]/D
                            (rising edge-triggered cell FDRE clocked by clk_out1_clk_wiz_0  {rise@0.000ns fall@20.000ns period=40.000ns})
  Path Group:             clk_out1_clk_wiz_0
  Path Type:              Hold (Min at Fast Process Corner)
  Requirement:            0.000ns  (clk_out1_clk_wiz_0 rise@0.000ns - clk_out1_clk_wiz_0 rise@0.000ns)
  Data Path Delay:        0.306ns  (logic 0.186ns (60.743%)  route 0.120ns (39.257%))
  Logic Levels:           1  (LUT6=1)
  Clock Path Skew:        0.013ns (DCD - SCD - CPR)
    Destination Clock Delay (DCD):    0.909ns
    Source Clock Delay      (SCD):    0.638ns
    Clock Pessimism Removal (CPR):    0.258ns

    Location             Delay type                Incr(ns)  Path(ns)    Netlist Resource(s)
  -------------------------------------------------------------------    -------------------
                         (clock clk_out1_clk_wiz_0 rise edge)
                                                      0.000     0.000 r  
    BUFGCTRL_X0Y1        BUFG                         0.000     0.000 r  clk_IBUF_BUFG_inst/O
                         net (fo=133, routed)         0.745     0.745    video_inst/mmcm_adv_inst_display_clocks/inst/clk_in1
    MMCME2_ADV_X1Y0      MMCME2_ADV (Prop_mmcme2_adv_CLKIN1_CLKOUT0)
                                                     -1.683    -0.938 r  video_inst/mmcm_adv_inst_display_clocks/inst/mmcm_adv_inst/CLKOUT0
                         net (fo=1, routed)           0.912    -0.026    video_inst/mmcm_adv_inst_display_clocks/inst/clk_out1_clk_wiz_0
    BUFGCTRL_X0Y2        BUFG (Prop_bufg_I_O)         0.026    -0.000 r  video_inst/mmcm_adv_inst_display_clocks/inst/clkout1_buf/O
                         net (fo=76, routed)          0.638     0.638    video_inst/inst_dvid/TDMS_encoder_red/clk_out1
    SLICE_X159Y129       FDRE                                         r  video_inst/inst_dvid/TDMS_encoder_red/dc_bias_reg[0]/C
  -------------------------------------------------------------------    -------------------
    SLICE_X159Y129       FDRE (Prop_fdre_C_Q)         0.141     0.779 r  video_inst/inst_dvid/TDMS_encoder_red/dc_bias_reg[0]/Q
                         net (fo=6, routed)           0.120     0.899    video_inst/Inst_vga_signal_gen/h_counter/dc_bias_reg[1]_1[0]
    SLICE_X158Y129       LUT6 (Prop_lut6_I4_O)        0.045     0.944 r  video_inst/Inst_vga_signal_gen/h_counter/dc_bias[1]_i_1/O
                         net (fo=1, routed)           0.000     0.944    video_inst/inst_dvid/TDMS_encoder_red/D[0]
    SLICE_X158Y129       FDRE                                         r  video_inst/inst_dvid/TDMS_encoder_red/dc_bias_reg[1]/D
  -------------------------------------------------------------------    -------------------

                         (clock clk_out1_clk_wiz_0 rise edge)
                                                      0.000     0.000 r  
    BUFGCTRL_X0Y1        BUFG                         0.000     0.000 r  clk_IBUF_BUFG_inst/O
                         net (fo=133, routed)         1.022     1.022    video_inst/mmcm_adv_inst_display_clocks/inst/clk_in1
    MMCME2_ADV_X1Y0      MMCME2_ADV (Prop_mmcme2_adv_CLKIN1_CLKOUT0)
                                                     -2.040    -1.018 r  video_inst/mmcm_adv_inst_display_clocks/inst/mmcm_adv_inst/CLKOUT0
                         net (fo=1, routed)           0.989    -0.029    video_inst/mmcm_adv_inst_display_clocks/inst/clk_out1_clk_wiz_0
    BUFGCTRL_X0Y2        BUFG (Prop_bufg_I_O)         0.029    -0.000 r  video_inst/mmcm_adv_inst_display_clocks/inst/clkout1_buf/O
                         net (fo=76, routed)          0.909     0.909    video_inst/inst_dvid/TDMS_encoder_red/clk_out1
    SLICE_X158Y129       FDRE                                         r  video_inst/inst_dvid/TDMS_encoder_red/dc_bias_reg[1]/C
                         clock pessimism             -0.258     0.651    
    SLICE_X158Y129       FDRE (Hold_fdre_C_D)         0.120     0.771    video_inst/inst_dvid/TDMS_encoder_red/dc_bias_reg[1]
  -------------------------------------------------------------------
                         required time                         -0.771    
                         arrival time                           0.944    
  -------------------------------------------------------------------
                         slack                                  0.173    

Slack (MET) :             0.195ns  (arrival time - required time)
  Source:                 video_inst/inst_dvid/TDMS_encoder_red/encoded_reg[2]/C
                            (rising edge-triggered cell FDRE clocked by clk_out1_clk_wiz_0  {rise@0.000ns fall@20.000ns period=40.000ns})
  Destination:            video_inst/inst_dvid/latched_red_reg[2]/D
                            (rising edge-triggered cell FDRE clocked by clk_out1_clk_wiz_0  {rise@0.000ns fall@20.000ns period=40.000ns})
  Path Group:             clk_out1_clk_wiz_0
  Path Type:              Hold (Min at Fast Process Corner)
  Requirement:            0.000ns  (clk_out1_clk_wiz_0 rise@0.000ns - clk_out1_clk_wiz_0 rise@0.000ns)
  Data Path Delay:        0.245ns  (logic 0.128ns (52.349%)  route 0.117ns (47.651%))
  Logic Levels:           0  
  Clock Path Skew:        0.038ns (DCD - SCD - CPR)
    Destination Clock Delay (DCD):    0.911ns
    Source Clock Delay      (SCD):    0.639ns
    Clock Pessimism Removal (CPR):    0.234ns

    Location             Delay type                Incr(ns)  Path(ns)    Netlist Resource(s)
  -------------------------------------------------------------------    -------------------
                         (clock clk_out1_clk_wiz_0 rise edge)
                                                      0.000     0.000 r  
    BUFGCTRL_X0Y1        BUFG                         0.000     0.000 r  clk_IBUF_BUFG_inst/O
                         net (fo=133, routed)         0.745     0.745    video_inst/mmcm_adv_inst_display_clocks/inst/clk_in1
    MMCME2_ADV_X1Y0      MMCME2_ADV (Prop_mmcme2_adv_CLKIN1_CLKOUT0)
                                                     -1.683    -0.938 r  video_inst/mmcm_adv_inst_display_clocks/inst/mmcm_adv_inst/CLKOUT0
                         net (fo=1, routed)           0.912    -0.026    video_inst/mmcm_adv_inst_display_clocks/inst/clk_out1_clk_wiz_0
    BUFGCTRL_X0Y2        BUFG (Prop_bufg_I_O)         0.026    -0.000 r  video_inst/mmcm_adv_inst_display_clocks/inst/clkout1_buf/O
                         net (fo=76, routed)          0.639     0.639    video_inst/inst_dvid/TDMS_encoder_red/clk_out1
    SLICE_X159Y130       FDRE                                         r  video_inst/inst_dvid/TDMS_encoder_red/encoded_reg[2]/C
  -------------------------------------------------------------------    -------------------
    SLICE_X159Y130       FDRE (Prop_fdre_C_Q)         0.128     0.767 r  video_inst/inst_dvid/TDMS_encoder_red/encoded_reg[2]/Q
                         net (fo=1, routed)           0.117     0.883    video_inst/inst_dvid/TDMS_encoder_red_n_7
    SLICE_X160Y130       FDRE                                         r  video_inst/inst_dvid/latched_red_reg[2]/D
  -------------------------------------------------------------------    -------------------

                         (clock clk_out1_clk_wiz_0 rise edge)
                                                      0.000     0.000 r  
    BUFGCTRL_X0Y1        BUFG                         0.000     0.000 r  clk_IBUF_BUFG_inst/O
                         net (fo=133, routed)         1.022     1.022    video_inst/mmcm_adv_inst_display_clocks/inst/clk_in1
    MMCME2_ADV_X1Y0      MMCME2_ADV (Prop_mmcme2_adv_CLKIN1_CLKOUT0)
                                                     -2.040    -1.018 r  video_inst/mmcm_adv_inst_display_clocks/inst/mmcm_adv_inst/CLKOUT0
                         net (fo=1, routed)           0.989    -0.029    video_inst/mmcm_adv_inst_display_clocks/inst/clk_out1_clk_wiz_0
    BUFGCTRL_X0Y2        BUFG (Prop_bufg_I_O)         0.029    -0.000 r  video_inst/mmcm_adv_inst_display_clocks/inst/clkout1_buf/O
                         net (fo=76, routed)          0.911     0.911    video_inst/inst_dvid/clk_out1
    SLICE_X160Y130       FDRE                                         r  video_inst/inst_dvid/latched_red_reg[2]/C
                         clock pessimism             -0.234     0.677    
    SLICE_X160Y130       FDRE (Hold_fdre_C_D)         0.012     0.689    video_inst/inst_dvid/latched_red_reg[2]
  -------------------------------------------------------------------
                         required time                         -0.689    
                         arrival time                           0.883    
  -------------------------------------------------------------------
                         slack                                  0.195    

Slack (MET) :             0.200ns  (arrival time - required time)
  Source:                 video_inst/inst_dvid/TDMS_encoder_red/encoded_reg[1]/C
                            (rising edge-triggered cell FDRE clocked by clk_out1_clk_wiz_0  {rise@0.000ns fall@20.000ns period=40.000ns})
  Destination:            video_inst/inst_dvid/latched_red_reg[1]/D
                            (rising edge-triggered cell FDRE clocked by clk_out1_clk_wiz_0  {rise@0.000ns fall@20.000ns period=40.000ns})
  Path Group:             clk_out1_clk_wiz_0
  Path Type:              Hold (Min at Fast Process Corner)
  Requirement:            0.000ns  (clk_out1_clk_wiz_0 rise@0.000ns - clk_out1_clk_wiz_0 rise@0.000ns)
  Data Path Delay:        0.308ns  (logic 0.141ns (45.780%)  route 0.167ns (54.220%))
  Logic Levels:           0  
  Clock Path Skew:        0.038ns (DCD - SCD - CPR)
    Destination Clock Delay (DCD):    0.911ns
    Source Clock Delay      (SCD):    0.639ns
    Clock Pessimism Removal (CPR):    0.234ns

    Location             Delay type                Incr(ns)  Path(ns)    Netlist Resource(s)
  -------------------------------------------------------------------    -------------------
                         (clock clk_out1_clk_wiz_0 rise edge)
                                                      0.000     0.000 r  
    BUFGCTRL_X0Y1        BUFG                         0.000     0.000 r  clk_IBUF_BUFG_inst/O
                         net (fo=133, routed)         0.745     0.745    video_inst/mmcm_adv_inst_display_clocks/inst/clk_in1
    MMCME2_ADV_X1Y0      MMCME2_ADV (Prop_mmcme2_adv_CLKIN1_CLKOUT0)
                                                     -1.683    -0.938 r  video_inst/mmcm_adv_inst_display_clocks/inst/mmcm_adv_inst/CLKOUT0
                         net (fo=1, routed)           0.912    -0.026    video_inst/mmcm_adv_inst_display_clocks/inst/clk_out1_clk_wiz_0
    BUFGCTRL_X0Y2        BUFG (Prop_bufg_I_O)         0.026    -0.000 r  video_inst/mmcm_adv_inst_display_clocks/inst/clkout1_buf/O
                         net (fo=76, routed)          0.639     0.639    video_inst/inst_dvid/TDMS_encoder_red/clk_out1
    SLICE_X159Y130       FDRE                                         r  video_inst/inst_dvid/TDMS_encoder_red/encoded_reg[1]/C
  -------------------------------------------------------------------    -------------------
    SLICE_X159Y130       FDRE (Prop_fdre_C_Q)         0.141     0.780 r  video_inst/inst_dvid/TDMS_encoder_red/encoded_reg[1]/Q
                         net (fo=1, routed)           0.167     0.947    video_inst/inst_dvid/TDMS_encoder_red_n_8
    SLICE_X160Y130       FDRE                                         r  video_inst/inst_dvid/latched_red_reg[1]/D
  -------------------------------------------------------------------    -------------------

                         (clock clk_out1_clk_wiz_0 rise edge)
                                                      0.000     0.000 r  
    BUFGCTRL_X0Y1        BUFG                         0.000     0.000 r  clk_IBUF_BUFG_inst/O
                         net (fo=133, routed)         1.022     1.022    video_inst/mmcm_adv_inst_display_clocks/inst/clk_in1
    MMCME2_ADV_X1Y0      MMCME2_ADV (Prop_mmcme2_adv_CLKIN1_CLKOUT0)
                                                     -2.040    -1.018 r  video_inst/mmcm_adv_inst_display_clocks/inst/mmcm_adv_inst/CLKOUT0
                         net (fo=1, routed)           0.989    -0.029    video_inst/mmcm_adv_inst_display_clocks/inst/clk_out1_clk_wiz_0
    BUFGCTRL_X0Y2        BUFG (Prop_bufg_I_O)         0.029    -0.000 r  video_inst/mmcm_adv_inst_display_clocks/inst/clkout1_buf/O
                         net (fo=76, routed)          0.911     0.911    video_inst/inst_dvid/clk_out1
    SLICE_X160Y130       FDRE                                         r  video_inst/inst_dvid/latched_red_reg[1]/C
                         clock pessimism             -0.234     0.677    
    SLICE_X160Y130       FDRE (Hold_fdre_C_D)         0.070     0.747    video_inst/inst_dvid/latched_red_reg[1]
  -------------------------------------------------------------------
                         required time                         -0.747    
                         arrival time                           0.947    
  -------------------------------------------------------------------
                         slack                                  0.200    

Slack (MET) :             0.202ns  (arrival time - required time)
  Source:                 video_inst/inst_dvid/TDMS_encoder_green/encoded_reg[1]/C
                            (rising edge-triggered cell FDRE clocked by clk_out1_clk_wiz_0  {rise@0.000ns fall@20.000ns period=40.000ns})
  Destination:            video_inst/inst_dvid/latched_green_reg[1]/D
                            (rising edge-triggered cell FDRE clocked by clk_out1_clk_wiz_0  {rise@0.000ns fall@20.000ns period=40.000ns})
  Path Group:             clk_out1_clk_wiz_0
  Path Type:              Hold (Min at Fast Process Corner)
  Requirement:            0.000ns  (clk_out1_clk_wiz_0 rise@0.000ns - clk_out1_clk_wiz_0 rise@0.000ns)
  Data Path Delay:        0.276ns  (logic 0.164ns (59.419%)  route 0.112ns (40.581%))
  Logic Levels:           0  
  Clock Path Skew:        0.015ns (DCD - SCD - CPR)
    Destination Clock Delay (DCD):    0.914ns
    Source Clock Delay      (SCD):    0.642ns
    Clock Pessimism Removal (CPR):    0.257ns

    Location             Delay type                Incr(ns)  Path(ns)    Netlist Resource(s)
  -------------------------------------------------------------------    -------------------
                         (clock clk_out1_clk_wiz_0 rise edge)
                                                      0.000     0.000 r  
    BUFGCTRL_X0Y1        BUFG                         0.000     0.000 r  clk_IBUF_BUFG_inst/O
                         net (fo=133, routed)         0.745     0.745    video_inst/mmcm_adv_inst_display_clocks/inst/clk_in1
    MMCME2_ADV_X1Y0      MMCME2_ADV (Prop_mmcme2_adv_CLKIN1_CLKOUT0)
                                                     -1.683    -0.938 r  video_inst/mmcm_adv_inst_display_clocks/inst/mmcm_adv_inst/CLKOUT0
                         net (fo=1, routed)           0.912    -0.026    video_inst/mmcm_adv_inst_display_clocks/inst/clk_out1_clk_wiz_0
    BUFGCTRL_X0Y2        BUFG (Prop_bufg_I_O)         0.026    -0.000 r  video_inst/mmcm_adv_inst_display_clocks/inst/clkout1_buf/O
                         net (fo=76, routed)          0.642     0.642    video_inst/inst_dvid/TDMS_encoder_green/clk_out1
    SLICE_X158Y133       FDRE                                         r  video_inst/inst_dvid/TDMS_encoder_green/encoded_reg[1]/C
  -------------------------------------------------------------------    -------------------
    SLICE_X158Y133       FDRE (Prop_fdre_C_Q)         0.164     0.806 r  video_inst/inst_dvid/TDMS_encoder_green/encoded_reg[1]/Q
                         net (fo=1, routed)           0.112     0.918    video_inst/inst_dvid/TDMS_encoder_green_n_5
    SLICE_X158Y134       FDRE                                         r  video_inst/inst_dvid/latched_green_reg[1]/D
  -------------------------------------------------------------------    -------------------

                         (clock clk_out1_clk_wiz_0 rise edge)
                                                      0.000     0.000 r  
    BUFGCTRL_X0Y1        BUFG                         0.000     0.000 r  clk_IBUF_BUFG_inst/O
                         net (fo=133, routed)         1.022     1.022    video_inst/mmcm_adv_inst_display_clocks/inst/clk_in1
    MMCME2_ADV_X1Y0      MMCME2_ADV (Prop_mmcme2_adv_CLKIN1_CLKOUT0)
                                                     -2.040    -1.018 r  video_inst/mmcm_adv_inst_display_clocks/inst/mmcm_adv_inst/CLKOUT0
                         net (fo=1, routed)           0.989    -0.029    video_inst/mmcm_adv_inst_display_clocks/inst/clk_out1_clk_wiz_0
    BUFGCTRL_X0Y2        BUFG (Prop_bufg_I_O)         0.029    -0.000 r  video_inst/mmcm_adv_inst_display_clocks/inst/clkout1_buf/O
                         net (fo=76, routed)          0.914     0.914    video_inst/inst_dvid/clk_out1
    SLICE_X158Y134       FDRE                                         r  video_inst/inst_dvid/latched_green_reg[1]/C
                         clock pessimism             -0.257     0.657    
    SLICE_X158Y134       FDRE (Hold_fdre_C_D)         0.059     0.716    video_inst/inst_dvid/latched_green_reg[1]
  -------------------------------------------------------------------
                         required time                         -0.716    
                         arrival time                           0.918    
  -------------------------------------------------------------------
                         slack                                  0.202    

Slack (MET) :             0.202ns  (arrival time - required time)
  Source:                 video_inst/inst_dvid/TDMS_encoder_red/encoded_reg[4]/C
                            (rising edge-triggered cell FDRE clocked by clk_out1_clk_wiz_0  {rise@0.000ns fall@20.000ns period=40.000ns})
  Destination:            video_inst/inst_dvid/latched_red_reg[4]/D
                            (rising edge-triggered cell FDRE clocked by clk_out1_clk_wiz_0  {rise@0.000ns fall@20.000ns period=40.000ns})
  Path Group:             clk_out1_clk_wiz_0
  Path Type:              Hold (Min at Fast Process Corner)
  Requirement:            0.000ns  (clk_out1_clk_wiz_0 rise@0.000ns - clk_out1_clk_wiz_0 rise@0.000ns)
  Data Path Delay:        0.278ns  (logic 0.164ns (58.912%)  route 0.114ns (41.088%))
  Logic Levels:           0  
  Clock Path Skew:        0.000ns (DCD - SCD - CPR)
    Destination Clock Delay (DCD):    0.912ns
    Source Clock Delay      (SCD):    0.641ns
    Clock Pessimism Removal (CPR):    0.271ns

    Location             Delay type                Incr(ns)  Path(ns)    Netlist Resource(s)
  -------------------------------------------------------------------    -------------------
                         (clock clk_out1_clk_wiz_0 rise edge)
                                                      0.000     0.000 r  
    BUFGCTRL_X0Y1        BUFG                         0.000     0.000 r  clk_IBUF_BUFG_inst/O
                         net (fo=133, routed)         0.745     0.745    video_inst/mmcm_adv_inst_display_clocks/inst/clk_in1
    MMCME2_ADV_X1Y0      MMCME2_ADV (Prop_mmcme2_adv_CLKIN1_CLKOUT0)
                                                     -1.683    -0.938 r  video_inst/mmcm_adv_inst_display_clocks/inst/mmcm_adv_inst/CLKOUT0
                         net (fo=1, routed)           0.912    -0.026    video_inst/mmcm_adv_inst_display_clocks/inst/clk_out1_clk_wiz_0
    BUFGCTRL_X0Y2        BUFG (Prop_bufg_I_O)         0.026    -0.000 r  video_inst/mmcm_adv_inst_display_clocks/inst/clkout1_buf/O
                         net (fo=76, routed)          0.641     0.641    video_inst/inst_dvid/TDMS_encoder_red/clk_out1
    SLICE_X158Y132       FDRE                                         r  video_inst/inst_dvid/TDMS_encoder_red/encoded_reg[4]/C
  -------------------------------------------------------------------    -------------------
    SLICE_X158Y132       FDRE (Prop_fdre_C_Q)         0.164     0.805 r  video_inst/inst_dvid/TDMS_encoder_red/encoded_reg[4]/Q
                         net (fo=1, routed)           0.114     0.919    video_inst/inst_dvid/TDMS_encoder_red_n_6
    SLICE_X158Y132       FDRE                                         r  video_inst/inst_dvid/latched_red_reg[4]/D
  -------------------------------------------------------------------    -------------------

                         (clock clk_out1_clk_wiz_0 rise edge)
                                                      0.000     0.000 r  
    BUFGCTRL_X0Y1        BUFG                         0.000     0.000 r  clk_IBUF_BUFG_inst/O
                         net (fo=133, routed)         1.022     1.022    video_inst/mmcm_adv_inst_display_clocks/inst/clk_in1
    MMCME2_ADV_X1Y0      MMCME2_ADV (Prop_mmcme2_adv_CLKIN1_CLKOUT0)
                                                     -2.040    -1.018 r  video_inst/mmcm_adv_inst_display_clocks/inst/mmcm_adv_inst/CLKOUT0
                         net (fo=1, routed)           0.989    -0.029    video_inst/mmcm_adv_inst_display_clocks/inst/clk_out1_clk_wiz_0
    BUFGCTRL_X0Y2        BUFG (Prop_bufg_I_O)         0.029    -0.000 r  video_inst/mmcm_adv_inst_display_clocks/inst/clkout1_buf/O
                         net (fo=76, routed)          0.912     0.912    video_inst/inst_dvid/clk_out1
    SLICE_X158Y132       FDRE                                         r  video_inst/inst_dvid/latched_red_reg[4]/C
                         clock pessimism             -0.271     0.641    
    SLICE_X158Y132       FDRE (Hold_fdre_C_D)         0.076     0.717    video_inst/inst_dvid/latched_red_reg[4]
  -------------------------------------------------------------------
                         required time                         -0.717    
                         arrival time                           0.919    
  -------------------------------------------------------------------
                         slack                                  0.202    

Slack (MET) :             0.206ns  (arrival time - required time)
  Source:                 video_inst/inst_dvid/TDMS_encoder_green/encoded_reg[8]/C
                            (rising edge-triggered cell FDRE clocked by clk_out1_clk_wiz_0  {rise@0.000ns fall@20.000ns period=40.000ns})
  Destination:            video_inst/inst_dvid/latched_green_reg[8]/D
                            (rising edge-triggered cell FDRE clocked by clk_out1_clk_wiz_0  {rise@0.000ns fall@20.000ns period=40.000ns})
  Path Group:             clk_out1_clk_wiz_0
  Path Type:              Hold (Min at Fast Process Corner)
  Requirement:            0.000ns  (clk_out1_clk_wiz_0 rise@0.000ns - clk_out1_clk_wiz_0 rise@0.000ns)
  Data Path Delay:        0.253ns  (logic 0.141ns (55.648%)  route 0.112ns (44.352%))
  Logic Levels:           0  
  Clock Path Skew:        0.000ns (DCD - SCD - CPR)
    Destination Clock Delay (DCD):    0.912ns
    Source Clock Delay      (SCD):    0.641ns
    Clock Pessimism Removal (CPR):    0.271ns

    Location             Delay type                Incr(ns)  Path(ns)    Netlist Resource(s)
  -------------------------------------------------------------------    -------------------
                         (clock clk_out1_clk_wiz_0 rise edge)
                                                      0.000     0.000 r  
    BUFGCTRL_X0Y1        BUFG                         0.000     0.000 r  clk_IBUF_BUFG_inst/O
                         net (fo=133, routed)         0.745     0.745    video_inst/mmcm_adv_inst_display_clocks/inst/clk_in1
    MMCME2_ADV_X1Y0      MMCME2_ADV (Prop_mmcme2_adv_CLKIN1_CLKOUT0)
                                                     -1.683    -0.938 r  video_inst/mmcm_adv_inst_display_clocks/inst/mmcm_adv_inst/CLKOUT0
                         net (fo=1, routed)           0.912    -0.026    video_inst/mmcm_adv_inst_display_clocks/inst/clk_out1_clk_wiz_0
    BUFGCTRL_X0Y2        BUFG (Prop_bufg_I_O)         0.026    -0.000 r  video_inst/mmcm_adv_inst_display_clocks/inst/clkout1_buf/O
                         net (fo=76, routed)          0.641     0.641    video_inst/inst_dvid/TDMS_encoder_green/clk_out1
    SLICE_X159Y132       FDRE                                         r  video_inst/inst_dvid/TDMS_encoder_green/encoded_reg[8]/C
  -------------------------------------------------------------------    -------------------
    SLICE_X159Y132       FDRE (Prop_fdre_C_Q)         0.141     0.782 r  video_inst/inst_dvid/TDMS_encoder_green/encoded_reg[8]/Q
                         net (fo=1, routed)           0.112     0.894    video_inst/inst_dvid/TDMS_encoder_green_n_2
    SLICE_X159Y132       FDRE                                         r  video_inst/inst_dvid/latched_green_reg[8]/D
  -------------------------------------------------------------------    -------------------

                         (clock clk_out1_clk_wiz_0 rise edge)
                                                      0.000     0.000 r  
    BUFGCTRL_X0Y1        BUFG                         0.000     0.000 r  clk_IBUF_BUFG_inst/O
                         net (fo=133, routed)         1.022     1.022    video_inst/mmcm_adv_inst_display_clocks/inst/clk_in1
    MMCME2_ADV_X1Y0      MMCME2_ADV (Prop_mmcme2_adv_CLKIN1_CLKOUT0)
                                                     -2.040    -1.018 r  video_inst/mmcm_adv_inst_display_clocks/inst/mmcm_adv_inst/CLKOUT0
                         net (fo=1, routed)           0.989    -0.029    video_inst/mmcm_adv_inst_display_clocks/inst/clk_out1_clk_wiz_0
    BUFGCTRL_X0Y2        BUFG (Prop_bufg_I_O)         0.029    -0.000 r  video_inst/mmcm_adv_inst_display_clocks/inst/clkout1_buf/O
                         net (fo=76, routed)          0.912     0.912    video_inst/inst_dvid/clk_out1
    SLICE_X159Y132       FDRE                                         r  video_inst/inst_dvid/latched_green_reg[8]/C
                         clock pessimism             -0.271     0.641    
    SLICE_X159Y132       FDRE (Hold_fdre_C_D)         0.047     0.688    video_inst/inst_dvid/latched_green_reg[8]
  -------------------------------------------------------------------
                         required time                         -0.688    
                         arrival time                           0.894    
  -------------------------------------------------------------------
                         slack                                  0.206    

Slack (MET) :             0.217ns  (arrival time - required time)
  Source:                 video_inst/inst_dvid/TDMS_encoder_red/dc_bias_reg[3]/C
                            (rising edge-triggered cell FDRE clocked by clk_out1_clk_wiz_0  {rise@0.000ns fall@20.000ns period=40.000ns})
  Destination:            video_inst/inst_dvid/TDMS_encoder_red/encoded_reg[0]/D
                            (rising edge-triggered cell FDRE clocked by clk_out1_clk_wiz_0  {rise@0.000ns fall@20.000ns period=40.000ns})
  Path Group:             clk_out1_clk_wiz_0
  Path Type:              Hold (Min at Fast Process Corner)
  Requirement:            0.000ns  (clk_out1_clk_wiz_0 rise@0.000ns - clk_out1_clk_wiz_0 rise@0.000ns)
  Data Path Delay:        0.292ns  (logic 0.141ns (48.356%)  route 0.151ns (51.644%))
  Logic Levels:           0  
  Clock Path Skew:        0.016ns (DCD - SCD - CPR)
    Destination Clock Delay (DCD):    0.911ns
    Source Clock Delay      (SCD):    0.638ns
    Clock Pessimism Removal (CPR):    0.257ns

    Location             Delay type                Incr(ns)  Path(ns)    Netlist Resource(s)
  -------------------------------------------------------------------    -------------------
                         (clock clk_out1_clk_wiz_0 rise edge)
                                                      0.000     0.000 r  
    BUFGCTRL_X0Y1        BUFG                         0.000     0.000 r  clk_IBUF_BUFG_inst/O
                         net (fo=133, routed)         0.745     0.745    video_inst/mmcm_adv_inst_display_clocks/inst/clk_in1
    MMCME2_ADV_X1Y0      MMCME2_ADV (Prop_mmcme2_adv_CLKIN1_CLKOUT0)
                                                     -1.683    -0.938 r  video_inst/mmcm_adv_inst_display_clocks/inst/mmcm_adv_inst/CLKOUT0
                         net (fo=1, routed)           0.912    -0.026    video_inst/mmcm_adv_inst_display_clocks/inst/clk_out1_clk_wiz_0
    BUFGCTRL_X0Y2        BUFG (Prop_bufg_I_O)         0.026    -0.000 r  video_inst/mmcm_adv_inst_display_clocks/inst/clkout1_buf/O
                         net (fo=76, routed)          0.638     0.638    video_inst/inst_dvid/TDMS_encoder_red/clk_out1
    SLICE_X159Y129       FDRE                                         r  video_inst/inst_dvid/TDMS_encoder_red/dc_bias_reg[3]/C
  -------------------------------------------------------------------    -------------------
    SLICE_X159Y129       FDRE (Prop_fdre_C_Q)         0.141     0.779 r  video_inst/inst_dvid/TDMS_encoder_red/dc_bias_reg[3]/Q
                         net (fo=7, routed)           0.151     0.929    video_inst/inst_dvid/TDMS_encoder_red/Q[2]
    SLICE_X158Y131       FDRE                                         r  video_inst/inst_dvid/TDMS_encoder_red/encoded_reg[0]/D
  -------------------------------------------------------------------    -------------------

                         (clock clk_out1_clk_wiz_0 rise edge)
                                                      0.000     0.000 r  
    BUFGCTRL_X0Y1        BUFG                         0.000     0.000 r  clk_IBUF_BUFG_inst/O
                         net (fo=133, routed)         1.022     1.022    video_inst/mmcm_adv_inst_display_clocks/inst/clk_in1
    MMCME2_ADV_X1Y0      MMCME2_ADV (Prop_mmcme2_adv_CLKIN1_CLKOUT0)
                                                     -2.040    -1.018 r  video_inst/mmcm_adv_inst_display_clocks/inst/mmcm_adv_inst/CLKOUT0
                         net (fo=1, routed)           0.989    -0.029    video_inst/mmcm_adv_inst_display_clocks/inst/clk_out1_clk_wiz_0
    BUFGCTRL_X0Y2        BUFG (Prop_bufg_I_O)         0.029    -0.000 r  video_inst/mmcm_adv_inst_display_clocks/inst/clkout1_buf/O
                         net (fo=76, routed)          0.911     0.911    video_inst/inst_dvid/TDMS_encoder_red/clk_out1
    SLICE_X158Y131       FDRE                                         r  video_inst/inst_dvid/TDMS_encoder_red/encoded_reg[0]/C
                         clock pessimism             -0.257     0.654    
    SLICE_X158Y131       FDRE (Hold_fdre_C_D)         0.059     0.713    video_inst/inst_dvid/TDMS_encoder_red/encoded_reg[0]
  -------------------------------------------------------------------
                         required time                         -0.713    
                         arrival time                           0.929    
  -------------------------------------------------------------------
                         slack                                  0.217    

Slack (MET) :             0.218ns  (arrival time - required time)
  Source:                 video_inst/Inst_vga_signal_gen/vga_reg[vsync]__0/C
                            (rising edge-triggered cell FDRE clocked by clk_out1_clk_wiz_0  {rise@0.000ns fall@20.000ns period=40.000ns})
  Destination:            video_inst/inst_dvid/TDMS_encoder_blue/encoded_reg[9]/D
                            (rising edge-triggered cell FDRE clocked by clk_out1_clk_wiz_0  {rise@0.000ns fall@20.000ns period=40.000ns})
  Path Group:             clk_out1_clk_wiz_0
  Path Type:              Hold (Min at Fast Process Corner)
  Requirement:            0.000ns  (clk_out1_clk_wiz_0 rise@0.000ns - clk_out1_clk_wiz_0 rise@0.000ns)
  Data Path Delay:        0.323ns  (logic 0.186ns (57.598%)  route 0.137ns (42.402%))
  Logic Levels:           1  (LUT6=1)
  Clock Path Skew:        0.013ns (DCD - SCD - CPR)
    Destination Clock Delay (DCD):    0.909ns
    Source Clock Delay      (SCD):    0.638ns
    Clock Pessimism Removal (CPR):    0.258ns

    Location             Delay type                Incr(ns)  Path(ns)    Netlist Resource(s)
  -------------------------------------------------------------------    -------------------
                         (clock clk_out1_clk_wiz_0 rise edge)
                                                      0.000     0.000 r  
    BUFGCTRL_X0Y1        BUFG                         0.000     0.000 r  clk_IBUF_BUFG_inst/O
                         net (fo=133, routed)         0.745     0.745    video_inst/mmcm_adv_inst_display_clocks/inst/clk_in1
    MMCME2_ADV_X1Y0      MMCME2_ADV (Prop_mmcme2_adv_CLKIN1_CLKOUT0)
                                                     -1.683    -0.938 r  video_inst/mmcm_adv_inst_display_clocks/inst/mmcm_adv_inst/CLKOUT0
                         net (fo=1, routed)           0.912    -0.026    video_inst/mmcm_adv_inst_display_clocks/inst/clk_out1_clk_wiz_0
    BUFGCTRL_X0Y2        BUFG (Prop_bufg_I_O)         0.026    -0.000 r  video_inst/mmcm_adv_inst_display_clocks/inst/clkout1_buf/O
                         net (fo=76, routed)          0.638     0.638    video_inst/Inst_vga_signal_gen/clk_out1
    SLICE_X156Y129       FDRE                                         r  video_inst/Inst_vga_signal_gen/vga_reg[vsync]__0/C
  -------------------------------------------------------------------    -------------------
    SLICE_X156Y129       FDRE (Prop_fdre_C_Q)         0.141     0.779 r  video_inst/Inst_vga_signal_gen/vga_reg[vsync]__0/Q
                         net (fo=1, routed)           0.137     0.916    video_inst/inst_dvid/TDMS_encoder_blue/vga_reg[vsync]
    SLICE_X157Y129       LUT6 (Prop_lut6_I1_O)        0.045     0.961 r  video_inst/inst_dvid/TDMS_encoder_blue/encoded[9]_i_1/O
                         net (fo=1, routed)           0.000     0.961    video_inst/inst_dvid/TDMS_encoder_blue/encoded[9]_i_1_n_0
    SLICE_X157Y129       FDRE                                         r  video_inst/inst_dvid/TDMS_encoder_blue/encoded_reg[9]/D
  -------------------------------------------------------------------    -------------------

                         (clock clk_out1_clk_wiz_0 rise edge)
                                                      0.000     0.000 r  
    BUFGCTRL_X0Y1        BUFG                         0.000     0.000 r  clk_IBUF_BUFG_inst/O
                         net (fo=133, routed)         1.022     1.022    video_inst/mmcm_adv_inst_display_clocks/inst/clk_in1
    MMCME2_ADV_X1Y0      MMCME2_ADV (Prop_mmcme2_adv_CLKIN1_CLKOUT0)
                                                     -2.040    -1.018 r  video_inst/mmcm_adv_inst_display_clocks/inst/mmcm_adv_inst/CLKOUT0
                         net (fo=1, routed)           0.989    -0.029    video_inst/mmcm_adv_inst_display_clocks/inst/clk_out1_clk_wiz_0
    BUFGCTRL_X0Y2        BUFG (Prop_bufg_I_O)         0.029    -0.000 r  video_inst/mmcm_adv_inst_display_clocks/inst/clkout1_buf/O
                         net (fo=76, routed)          0.909     0.909    video_inst/inst_dvid/TDMS_encoder_blue/clk_out1
    SLICE_X157Y129       FDRE                                         r  video_inst/inst_dvid/TDMS_encoder_blue/encoded_reg[9]/C
                         clock pessimism             -0.258     0.651    
    SLICE_X157Y129       FDRE (Hold_fdre_C_D)         0.092     0.743    video_inst/inst_dvid/TDMS_encoder_blue/encoded_reg[9]
  -------------------------------------------------------------------
                         required time                         -0.743    
                         arrival time                           0.961    
  -------------------------------------------------------------------
                         slack                                  0.218    





Pulse Width Checks
--------------------------------------------------------------------------------------
Clock Name:         clk_out1_clk_wiz_0
Waveform(ns):       { 0.000 20.000 }
Period(ns):         40.000
Sources:            { video_inst/mmcm_adv_inst_display_clocks/inst/mmcm_adv_inst/CLKOUT0 }

Check Type        Corner  Lib Pin             Reference Pin  Required(ns)  Actual(ns)  Slack(ns)  Location         Pin
Min Period        n/a     BUFG/I              n/a            2.155         40.000      37.845     BUFGCTRL_X0Y2    video_inst/mmcm_adv_inst_display_clocks/inst/clkout1_buf/I
Min Period        n/a     MMCME2_ADV/CLKOUT0  n/a            1.249         40.000      38.751     MMCME2_ADV_X1Y0  video_inst/mmcm_adv_inst_display_clocks/inst/mmcm_adv_inst/CLKOUT0
Min Period        n/a     FDRE/C              n/a            1.000         40.000      39.000     SLICE_X148Y124   video_inst/Inst_vga_signal_gen/h_blank_is_low_reg/C
Min Period        n/a     FDRE/C              n/a            1.000         40.000      39.000     SLICE_X148Y124   video_inst/Inst_vga_signal_gen/h_sync_is_low_reg_inv/C
Min Period        n/a     FDRE/C              n/a            1.000         40.000      39.000     SLICE_X148Y125   video_inst/Inst_vga_signal_gen/v_blank_is_low_reg/C
Min Period        n/a     FDRE/C              n/a            1.000         40.000      39.000     SLICE_X147Y124   video_inst/Inst_vga_signal_gen/v_sync_is_low_reg/C
Min Period        n/a     FDRE/C              n/a            1.000         40.000      39.000     SLICE_X148Y125   video_inst/Inst_vga_signal_gen/vga_reg[blank]/C
Min Period        n/a     FDRE/C              n/a            1.000         40.000      39.000     SLICE_X148Y125   video_inst/Inst_vga_signal_gen/vga_reg[hsync]__0/C
Min Period        n/a     FDRE/C              n/a            1.000         40.000      39.000     SLICE_X156Y129   video_inst/Inst_vga_signal_gen/vga_reg[vsync]__0/C
Min Period        n/a     FDRE/C              n/a            1.000         40.000      39.000     SLICE_X147Y123   video_inst/Inst_vga_signal_gen/h_counter/processQ_reg[0]/C
Max Period        n/a     MMCME2_ADV/CLKOUT0  n/a            213.360       40.000      173.360    MMCME2_ADV_X1Y0  video_inst/mmcm_adv_inst_display_clocks/inst/mmcm_adv_inst/CLKOUT0
Low Pulse Width   Slow    FDRE/C              n/a            0.500         20.000      19.500     SLICE_X148Y124   video_inst/Inst_vga_signal_gen/h_blank_is_low_reg/C
Low Pulse Width   Fast    FDRE/C              n/a            0.500         20.000      19.500     SLICE_X148Y124   video_inst/Inst_vga_signal_gen/h_blank_is_low_reg/C
Low Pulse Width   Slow    FDRE/C              n/a            0.500         20.000      19.500     SLICE_X148Y124   video_inst/Inst_vga_signal_gen/h_sync_is_low_reg_inv/C
Low Pulse Width   Fast    FDRE/C              n/a            0.500         20.000      19.500     SLICE_X148Y124   video_inst/Inst_vga_signal_gen/h_sync_is_low_reg_inv/C
Low Pulse Width   Slow    FDRE/C              n/a            0.500         20.000      19.500     SLICE_X148Y125   video_inst/Inst_vga_signal_gen/v_blank_is_low_reg/C
Low Pulse Width   Fast    FDRE/C              n/a            0.500         20.000      19.500     SLICE_X148Y125   video_inst/Inst_vga_signal_gen/v_blank_is_low_reg/C
Low Pulse Width   Slow    FDRE/C              n/a            0.500         20.000      19.500     SLICE_X147Y124   video_inst/Inst_vga_signal_gen/v_sync_is_low_reg/C
Low Pulse Width   Fast    FDRE/C              n/a            0.500         20.000      19.500     SLICE_X147Y124   video_inst/Inst_vga_signal_gen/v_sync_is_low_reg/C
Low Pulse Width   Slow    FDRE/C              n/a            0.500         20.000      19.500     SLICE_X148Y125   video_inst/Inst_vga_signal_gen/vga_reg[blank]/C
Low Pulse Width   Fast    FDRE/C              n/a            0.500         20.000      19.500     SLICE_X148Y125   video_inst/Inst_vga_signal_gen/vga_reg[blank]/C
High Pulse Width  Slow    FDRE/C              n/a            0.500         20.000      19.500     SLICE_X148Y124   video_inst/Inst_vga_signal_gen/h_blank_is_low_reg/C
High Pulse Width  Fast    FDRE/C              n/a            0.500         20.000      19.500     SLICE_X148Y124   video_inst/Inst_vga_signal_gen/h_blank_is_low_reg/C
High Pulse Width  Slow    FDRE/C              n/a            0.500         20.000      19.500     SLICE_X148Y124   video_inst/Inst_vga_signal_gen/h_sync_is_low_reg_inv/C
High Pulse Width  Fast    FDRE/C              n/a            0.500         20.000      19.500     SLICE_X148Y124   video_inst/Inst_vga_signal_gen/h_sync_is_low_reg_inv/C
High Pulse Width  Slow    FDRE/C              n/a            0.500         20.000      19.500     SLICE_X148Y125   video_inst/Inst_vga_signal_gen/v_blank_is_low_reg/C
High Pulse Width  Fast    FDRE/C              n/a            0.500         20.000      19.500     SLICE_X148Y125   video_inst/Inst_vga_signal_gen/v_blank_is_low_reg/C
High Pulse Width  Slow    FDRE/C              n/a            0.500         20.000      19.500     SLICE_X147Y124   video_inst/Inst_vga_signal_gen/v_sync_is_low_reg/C
High Pulse Width  Fast    FDRE/C              n/a            0.500         20.000      19.500     SLICE_X147Y124   video_inst/Inst_vga_signal_gen/v_sync_is_low_reg/C
High Pulse Width  Slow    FDRE/C              n/a            0.500         20.000      19.500     SLICE_X148Y125   video_inst/Inst_vga_signal_gen/vga_reg[blank]/C
High Pulse Width  Fast    FDRE/C              n/a            0.500         20.000      19.500     SLICE_X148Y125   video_inst/Inst_vga_signal_gen/vga_reg[blank]/C



---------------------------------------------------------------------------------------------------
From Clock:  clk_out2_clk_wiz_0
  To Clock:  clk_out2_clk_wiz_0

Setup :            0  Failing Endpoints,  Worst Slack        4.491ns,  Total Violation        0.000ns
Hold  :            0  Failing Endpoints,  Worst Slack        0.215ns,  Total Violation        0.000ns
PW    :            0  Failing Endpoints,  Worst Slack        3.500ns,  Total Violation        0.000ns
---------------------------------------------------------------------------------------------------


Max Delay Paths
--------------------------------------------------------------------------------------
Slack (MET) :             4.491ns  (required time - arrival time)
  Source:                 video_inst/inst_dvid/shift_clock_reg[0]/C
                            (rising edge-triggered cell FDRE clocked by clk_out2_clk_wiz_0  {rise@0.000ns fall@4.000ns period=8.000ns})
  Destination:            video_inst/inst_dvid/shift_blue_reg[8]/R
                            (rising edge-triggered cell FDRE clocked by clk_out2_clk_wiz_0  {rise@0.000ns fall@4.000ns period=8.000ns})
  Path Group:             clk_out2_clk_wiz_0
  Path Type:              Setup (Max at Slow Process Corner)
  Requirement:            8.000ns  (clk_out2_clk_wiz_0 rise@8.000ns - clk_out2_clk_wiz_0 rise@0.000ns)
  Data Path Delay:        2.969ns  (logic 0.766ns (25.802%)  route 2.203ns (74.198%))
  Logic Levels:           2  (LUT5=1 LUT6=1)
  Clock Path Skew:        -0.039ns (DCD - SCD + CPR)
    Destination Clock Delay (DCD):    1.705ns = ( 9.705 - 8.000 ) 
    Source Clock Delay      (SCD):    1.833ns
    Clock Pessimism Removal (CPR):    0.089ns
  Clock Uncertainty:      0.072ns  ((TSJ^2 + DJ^2)^1/2) / 2 + PE
    Total System Jitter     (TSJ):    0.071ns
    Discrete Jitter          (DJ):    0.125ns
    Phase Error              (PE):    0.000ns

    Location             Delay type                Incr(ns)  Path(ns)    Netlist Resource(s)
  -------------------------------------------------------------------    -------------------
                         (clock clk_out2_clk_wiz_0 rise edge)
                                                      0.000     0.000 r  
    BUFGCTRL_X0Y1        BUFG                         0.000     0.000 r  clk_IBUF_BUFG_inst/O
                         net (fo=133, routed)         2.106     2.106    video_inst/mmcm_adv_inst_display_clocks/inst/clk_in1
    MMCME2_ADV_X1Y0      MMCME2_ADV (Prop_mmcme2_adv_CLKIN1_CLKOUT1)
                                                     -4.900    -2.793 r  video_inst/mmcm_adv_inst_display_clocks/inst/mmcm_adv_inst/CLKOUT1
                         net (fo=1, routed)           2.697    -0.096    video_inst/mmcm_adv_inst_display_clocks/inst/clk_out2_clk_wiz_0
    BUFGCTRL_X0Y0        BUFG (Prop_bufg_I_O)         0.096    -0.000 r  video_inst/mmcm_adv_inst_display_clocks/inst/clkout2_buf/O
                         net (fo=44, routed)          1.833     1.833    video_inst/inst_dvid/clk_out2
    SLICE_X162Y147       FDRE                                         r  video_inst/inst_dvid/shift_clock_reg[0]/C
  -------------------------------------------------------------------    -------------------
    SLICE_X162Y147       FDRE (Prop_fdre_C_Q)         0.518     2.351 f  video_inst/inst_dvid/shift_clock_reg[0]/Q
                         net (fo=3, routed)           0.678     3.030    video_inst/inst_dvid/shift_clock[0]
    SLICE_X163Y147       LUT6 (Prop_lut6_I5_O)        0.124     3.154 r  video_inst/inst_dvid/shift_red[9]_i_2/O
                         net (fo=1, routed)           0.425     3.579    video_inst/inst_dvid/shift_red[9]_i_2_n_0
    SLICE_X162Y147       LUT5 (Prop_lut5_I0_O)        0.124     3.703 r  video_inst/inst_dvid/shift_red[9]_i_1/O
                         net (fo=30, routed)          1.099     4.802    video_inst/inst_dvid/shift_red[9]_i_1_n_0
    SLICE_X160Y132       FDRE                                         r  video_inst/inst_dvid/shift_blue_reg[8]/R
  -------------------------------------------------------------------    -------------------

                         (clock clk_out2_clk_wiz_0 rise edge)
                                                      8.000     8.000 r  
    BUFGCTRL_X0Y1        BUFG                         0.000     8.000 r  clk_IBUF_BUFG_inst/O
                         net (fo=133, routed)         1.972     9.972    video_inst/mmcm_adv_inst_display_clocks/inst/clk_in1
    MMCME2_ADV_X1Y0      MMCME2_ADV (Prop_mmcme2_adv_CLKIN1_CLKOUT1)
                                                     -4.637     5.335 r  video_inst/mmcm_adv_inst_display_clocks/inst/mmcm_adv_inst/CLKOUT1
                         net (fo=1, routed)           2.574     7.909    video_inst/mmcm_adv_inst_display_clocks/inst/clk_out2_clk_wiz_0
    BUFGCTRL_X0Y0        BUFG (Prop_bufg_I_O)         0.091     8.000 r  video_inst/mmcm_adv_inst_display_clocks/inst/clkout2_buf/O
                         net (fo=44, routed)          1.705     9.705    video_inst/inst_dvid/clk_out2
    SLICE_X160Y132       FDRE                                         r  video_inst/inst_dvid/shift_blue_reg[8]/C
                         clock pessimism              0.089     9.794    
                         clock uncertainty           -0.072     9.722    
    SLICE_X160Y132       FDRE (Setup_fdre_C_R)       -0.429     9.293    video_inst/inst_dvid/shift_blue_reg[8]
  -------------------------------------------------------------------
                         required time                          9.293    
                         arrival time                          -4.802    
  -------------------------------------------------------------------
                         slack                                  4.491    

Slack (MET) :             4.491ns  (required time - arrival time)
  Source:                 video_inst/inst_dvid/shift_clock_reg[0]/C
                            (rising edge-triggered cell FDRE clocked by clk_out2_clk_wiz_0  {rise@0.000ns fall@4.000ns period=8.000ns})
  Destination:            video_inst/inst_dvid/shift_blue_reg[9]/R
                            (rising edge-triggered cell FDRE clocked by clk_out2_clk_wiz_0  {rise@0.000ns fall@4.000ns period=8.000ns})
  Path Group:             clk_out2_clk_wiz_0
  Path Type:              Setup (Max at Slow Process Corner)
  Requirement:            8.000ns  (clk_out2_clk_wiz_0 rise@8.000ns - clk_out2_clk_wiz_0 rise@0.000ns)
  Data Path Delay:        2.969ns  (logic 0.766ns (25.802%)  route 2.203ns (74.198%))
  Logic Levels:           2  (LUT5=1 LUT6=1)
  Clock Path Skew:        -0.039ns (DCD - SCD + CPR)
    Destination Clock Delay (DCD):    1.705ns = ( 9.705 - 8.000 ) 
    Source Clock Delay      (SCD):    1.833ns
    Clock Pessimism Removal (CPR):    0.089ns
  Clock Uncertainty:      0.072ns  ((TSJ^2 + DJ^2)^1/2) / 2 + PE
    Total System Jitter     (TSJ):    0.071ns
    Discrete Jitter          (DJ):    0.125ns
    Phase Error              (PE):    0.000ns

    Location             Delay type                Incr(ns)  Path(ns)    Netlist Resource(s)
  -------------------------------------------------------------------    -------------------
                         (clock clk_out2_clk_wiz_0 rise edge)
                                                      0.000     0.000 r  
    BUFGCTRL_X0Y1        BUFG                         0.000     0.000 r  clk_IBUF_BUFG_inst/O
                         net (fo=133, routed)         2.106     2.106    video_inst/mmcm_adv_inst_display_clocks/inst/clk_in1
    MMCME2_ADV_X1Y0      MMCME2_ADV (Prop_mmcme2_adv_CLKIN1_CLKOUT1)
                                                     -4.900    -2.793 r  video_inst/mmcm_adv_inst_display_clocks/inst/mmcm_adv_inst/CLKOUT1
                         net (fo=1, routed)           2.697    -0.096    video_inst/mmcm_adv_inst_display_clocks/inst/clk_out2_clk_wiz_0
    BUFGCTRL_X0Y0        BUFG (Prop_bufg_I_O)         0.096    -0.000 r  video_inst/mmcm_adv_inst_display_clocks/inst/clkout2_buf/O
                         net (fo=44, routed)          1.833     1.833    video_inst/inst_dvid/clk_out2
    SLICE_X162Y147       FDRE                                         r  video_inst/inst_dvid/shift_clock_reg[0]/C
  -------------------------------------------------------------------    -------------------
    SLICE_X162Y147       FDRE (Prop_fdre_C_Q)         0.518     2.351 f  video_inst/inst_dvid/shift_clock_reg[0]/Q
                         net (fo=3, routed)           0.678     3.030    video_inst/inst_dvid/shift_clock[0]
    SLICE_X163Y147       LUT6 (Prop_lut6_I5_O)        0.124     3.154 r  video_inst/inst_dvid/shift_red[9]_i_2/O
                         net (fo=1, routed)           0.425     3.579    video_inst/inst_dvid/shift_red[9]_i_2_n_0
    SLICE_X162Y147       LUT5 (Prop_lut5_I0_O)        0.124     3.703 r  video_inst/inst_dvid/shift_red[9]_i_1/O
                         net (fo=30, routed)          1.099     4.802    video_inst/inst_dvid/shift_red[9]_i_1_n_0
    SLICE_X160Y132       FDRE                                         r  video_inst/inst_dvid/shift_blue_reg[9]/R
  -------------------------------------------------------------------    -------------------

                         (clock clk_out2_clk_wiz_0 rise edge)
                                                      8.000     8.000 r  
    BUFGCTRL_X0Y1        BUFG                         0.000     8.000 r  clk_IBUF_BUFG_inst/O
                         net (fo=133, routed)         1.972     9.972    video_inst/mmcm_adv_inst_display_clocks/inst/clk_in1
    MMCME2_ADV_X1Y0      MMCME2_ADV (Prop_mmcme2_adv_CLKIN1_CLKOUT1)
                                                     -4.637     5.335 r  video_inst/mmcm_adv_inst_display_clocks/inst/mmcm_adv_inst/CLKOUT1
                         net (fo=1, routed)           2.574     7.909    video_inst/mmcm_adv_inst_display_clocks/inst/clk_out2_clk_wiz_0
    BUFGCTRL_X0Y0        BUFG (Prop_bufg_I_O)         0.091     8.000 r  video_inst/mmcm_adv_inst_display_clocks/inst/clkout2_buf/O
                         net (fo=44, routed)          1.705     9.705    video_inst/inst_dvid/clk_out2
    SLICE_X160Y132       FDRE                                         r  video_inst/inst_dvid/shift_blue_reg[9]/C
                         clock pessimism              0.089     9.794    
                         clock uncertainty           -0.072     9.722    
    SLICE_X160Y132       FDRE (Setup_fdre_C_R)       -0.429     9.293    video_inst/inst_dvid/shift_blue_reg[9]
  -------------------------------------------------------------------
                         required time                          9.293    
                         arrival time                          -4.802    
  -------------------------------------------------------------------
                         slack                                  4.491    

Slack (MET) :             4.491ns  (required time - arrival time)
  Source:                 video_inst/inst_dvid/shift_clock_reg[0]/C
                            (rising edge-triggered cell FDRE clocked by clk_out2_clk_wiz_0  {rise@0.000ns fall@4.000ns period=8.000ns})
  Destination:            video_inst/inst_dvid/shift_green_reg[8]/R
                            (rising edge-triggered cell FDRE clocked by clk_out2_clk_wiz_0  {rise@0.000ns fall@4.000ns period=8.000ns})
  Path Group:             clk_out2_clk_wiz_0
  Path Type:              Setup (Max at Slow Process Corner)
  Requirement:            8.000ns  (clk_out2_clk_wiz_0 rise@8.000ns - clk_out2_clk_wiz_0 rise@0.000ns)
  Data Path Delay:        2.969ns  (logic 0.766ns (25.802%)  route 2.203ns (74.198%))
  Logic Levels:           2  (LUT5=1 LUT6=1)
  Clock Path Skew:        -0.039ns (DCD - SCD + CPR)
    Destination Clock Delay (DCD):    1.705ns = ( 9.705 - 8.000 ) 
    Source Clock Delay      (SCD):    1.833ns
    Clock Pessimism Removal (CPR):    0.089ns
  Clock Uncertainty:      0.072ns  ((TSJ^2 + DJ^2)^1/2) / 2 + PE
    Total System Jitter     (TSJ):    0.071ns
    Discrete Jitter          (DJ):    0.125ns
    Phase Error              (PE):    0.000ns

    Location             Delay type                Incr(ns)  Path(ns)    Netlist Resource(s)
  -------------------------------------------------------------------    -------------------
                         (clock clk_out2_clk_wiz_0 rise edge)
                                                      0.000     0.000 r  
    BUFGCTRL_X0Y1        BUFG                         0.000     0.000 r  clk_IBUF_BUFG_inst/O
                         net (fo=133, routed)         2.106     2.106    video_inst/mmcm_adv_inst_display_clocks/inst/clk_in1
    MMCME2_ADV_X1Y0      MMCME2_ADV (Prop_mmcme2_adv_CLKIN1_CLKOUT1)
                                                     -4.900    -2.793 r  video_inst/mmcm_adv_inst_display_clocks/inst/mmcm_adv_inst/CLKOUT1
                         net (fo=1, routed)           2.697    -0.096    video_inst/mmcm_adv_inst_display_clocks/inst/clk_out2_clk_wiz_0
    BUFGCTRL_X0Y0        BUFG (Prop_bufg_I_O)         0.096    -0.000 r  video_inst/mmcm_adv_inst_display_clocks/inst/clkout2_buf/O
                         net (fo=44, routed)          1.833     1.833    video_inst/inst_dvid/clk_out2
    SLICE_X162Y147       FDRE                                         r  video_inst/inst_dvid/shift_clock_reg[0]/C
  -------------------------------------------------------------------    -------------------
    SLICE_X162Y147       FDRE (Prop_fdre_C_Q)         0.518     2.351 f  video_inst/inst_dvid/shift_clock_reg[0]/Q
                         net (fo=3, routed)           0.678     3.030    video_inst/inst_dvid/shift_clock[0]
    SLICE_X163Y147       LUT6 (Prop_lut6_I5_O)        0.124     3.154 r  video_inst/inst_dvid/shift_red[9]_i_2/O
                         net (fo=1, routed)           0.425     3.579    video_inst/inst_dvid/shift_red[9]_i_2_n_0
    SLICE_X162Y147       LUT5 (Prop_lut5_I0_O)        0.124     3.703 r  video_inst/inst_dvid/shift_red[9]_i_1/O
                         net (fo=30, routed)          1.099     4.802    video_inst/inst_dvid/shift_red[9]_i_1_n_0
    SLICE_X160Y132       FDRE                                         r  video_inst/inst_dvid/shift_green_reg[8]/R
  -------------------------------------------------------------------    -------------------

                         (clock clk_out2_clk_wiz_0 rise edge)
                                                      8.000     8.000 r  
    BUFGCTRL_X0Y1        BUFG                         0.000     8.000 r  clk_IBUF_BUFG_inst/O
                         net (fo=133, routed)         1.972     9.972    video_inst/mmcm_adv_inst_display_clocks/inst/clk_in1
    MMCME2_ADV_X1Y0      MMCME2_ADV (Prop_mmcme2_adv_CLKIN1_CLKOUT1)
                                                     -4.637     5.335 r  video_inst/mmcm_adv_inst_display_clocks/inst/mmcm_adv_inst/CLKOUT1
                         net (fo=1, routed)           2.574     7.909    video_inst/mmcm_adv_inst_display_clocks/inst/clk_out2_clk_wiz_0
    BUFGCTRL_X0Y0        BUFG (Prop_bufg_I_O)         0.091     8.000 r  video_inst/mmcm_adv_inst_display_clocks/inst/clkout2_buf/O
                         net (fo=44, routed)          1.705     9.705    video_inst/inst_dvid/clk_out2
    SLICE_X160Y132       FDRE                                         r  video_inst/inst_dvid/shift_green_reg[8]/C
                         clock pessimism              0.089     9.794    
                         clock uncertainty           -0.072     9.722    
    SLICE_X160Y132       FDRE (Setup_fdre_C_R)       -0.429     9.293    video_inst/inst_dvid/shift_green_reg[8]
  -------------------------------------------------------------------
                         required time                          9.293    
                         arrival time                          -4.802    
  -------------------------------------------------------------------
                         slack                                  4.491    

Slack (MET) :             4.491ns  (required time - arrival time)
  Source:                 video_inst/inst_dvid/shift_clock_reg[0]/C
                            (rising edge-triggered cell FDRE clocked by clk_out2_clk_wiz_0  {rise@0.000ns fall@4.000ns period=8.000ns})
  Destination:            video_inst/inst_dvid/shift_green_reg[9]/R
                            (rising edge-triggered cell FDRE clocked by clk_out2_clk_wiz_0  {rise@0.000ns fall@4.000ns period=8.000ns})
  Path Group:             clk_out2_clk_wiz_0
  Path Type:              Setup (Max at Slow Process Corner)
  Requirement:            8.000ns  (clk_out2_clk_wiz_0 rise@8.000ns - clk_out2_clk_wiz_0 rise@0.000ns)
  Data Path Delay:        2.969ns  (logic 0.766ns (25.802%)  route 2.203ns (74.198%))
  Logic Levels:           2  (LUT5=1 LUT6=1)
  Clock Path Skew:        -0.039ns (DCD - SCD + CPR)
    Destination Clock Delay (DCD):    1.705ns = ( 9.705 - 8.000 ) 
    Source Clock Delay      (SCD):    1.833ns
    Clock Pessimism Removal (CPR):    0.089ns
  Clock Uncertainty:      0.072ns  ((TSJ^2 + DJ^2)^1/2) / 2 + PE
    Total System Jitter     (TSJ):    0.071ns
    Discrete Jitter          (DJ):    0.125ns
    Phase Error              (PE):    0.000ns

    Location             Delay type                Incr(ns)  Path(ns)    Netlist Resource(s)
  -------------------------------------------------------------------    -------------------
                         (clock clk_out2_clk_wiz_0 rise edge)
                                                      0.000     0.000 r  
    BUFGCTRL_X0Y1        BUFG                         0.000     0.000 r  clk_IBUF_BUFG_inst/O
                         net (fo=133, routed)         2.106     2.106    video_inst/mmcm_adv_inst_display_clocks/inst/clk_in1
    MMCME2_ADV_X1Y0      MMCME2_ADV (Prop_mmcme2_adv_CLKIN1_CLKOUT1)
                                                     -4.900    -2.793 r  video_inst/mmcm_adv_inst_display_clocks/inst/mmcm_adv_inst/CLKOUT1
                         net (fo=1, routed)           2.697    -0.096    video_inst/mmcm_adv_inst_display_clocks/inst/clk_out2_clk_wiz_0
    BUFGCTRL_X0Y0        BUFG (Prop_bufg_I_O)         0.096    -0.000 r  video_inst/mmcm_adv_inst_display_clocks/inst/clkout2_buf/O
                         net (fo=44, routed)          1.833     1.833    video_inst/inst_dvid/clk_out2
    SLICE_X162Y147       FDRE                                         r  video_inst/inst_dvid/shift_clock_reg[0]/C
  -------------------------------------------------------------------    -------------------
    SLICE_X162Y147       FDRE (Prop_fdre_C_Q)         0.518     2.351 f  video_inst/inst_dvid/shift_clock_reg[0]/Q
                         net (fo=3, routed)           0.678     3.030    video_inst/inst_dvid/shift_clock[0]
    SLICE_X163Y147       LUT6 (Prop_lut6_I5_O)        0.124     3.154 r  video_inst/inst_dvid/shift_red[9]_i_2/O
                         net (fo=1, routed)           0.425     3.579    video_inst/inst_dvid/shift_red[9]_i_2_n_0
    SLICE_X162Y147       LUT5 (Prop_lut5_I0_O)        0.124     3.703 r  video_inst/inst_dvid/shift_red[9]_i_1/O
                         net (fo=30, routed)          1.099     4.802    video_inst/inst_dvid/shift_red[9]_i_1_n_0
    SLICE_X160Y132       FDRE                                         r  video_inst/inst_dvid/shift_green_reg[9]/R
  -------------------------------------------------------------------    -------------------

                         (clock clk_out2_clk_wiz_0 rise edge)
                                                      8.000     8.000 r  
    BUFGCTRL_X0Y1        BUFG                         0.000     8.000 r  clk_IBUF_BUFG_inst/O
                         net (fo=133, routed)         1.972     9.972    video_inst/mmcm_adv_inst_display_clocks/inst/clk_in1
    MMCME2_ADV_X1Y0      MMCME2_ADV (Prop_mmcme2_adv_CLKIN1_CLKOUT1)
                                                     -4.637     5.335 r  video_inst/mmcm_adv_inst_display_clocks/inst/mmcm_adv_inst/CLKOUT1
                         net (fo=1, routed)           2.574     7.909    video_inst/mmcm_adv_inst_display_clocks/inst/clk_out2_clk_wiz_0
    BUFGCTRL_X0Y0        BUFG (Prop_bufg_I_O)         0.091     8.000 r  video_inst/mmcm_adv_inst_display_clocks/inst/clkout2_buf/O
                         net (fo=44, routed)          1.705     9.705    video_inst/inst_dvid/clk_out2
    SLICE_X160Y132       FDRE                                         r  video_inst/inst_dvid/shift_green_reg[9]/C
                         clock pessimism              0.089     9.794    
                         clock uncertainty           -0.072     9.722    
    SLICE_X160Y132       FDRE (Setup_fdre_C_R)       -0.429     9.293    video_inst/inst_dvid/shift_green_reg[9]
  -------------------------------------------------------------------
                         required time                          9.293    
                         arrival time                          -4.802    
  -------------------------------------------------------------------
                         slack                                  4.491    

Slack (MET) :             4.491ns  (required time - arrival time)
  Source:                 video_inst/inst_dvid/shift_clock_reg[0]/C
                            (rising edge-triggered cell FDRE clocked by clk_out2_clk_wiz_0  {rise@0.000ns fall@4.000ns period=8.000ns})
  Destination:            video_inst/inst_dvid/shift_red_reg[8]/R
                            (rising edge-triggered cell FDRE clocked by clk_out2_clk_wiz_0  {rise@0.000ns fall@4.000ns period=8.000ns})
  Path Group:             clk_out2_clk_wiz_0
  Path Type:              Setup (Max at Slow Process Corner)
  Requirement:            8.000ns  (clk_out2_clk_wiz_0 rise@8.000ns - clk_out2_clk_wiz_0 rise@0.000ns)
  Data Path Delay:        2.969ns  (logic 0.766ns (25.802%)  route 2.203ns (74.198%))
  Logic Levels:           2  (LUT5=1 LUT6=1)
  Clock Path Skew:        -0.039ns (DCD - SCD + CPR)
    Destination Clock Delay (DCD):    1.705ns = ( 9.705 - 8.000 ) 
    Source Clock Delay      (SCD):    1.833ns
    Clock Pessimism Removal (CPR):    0.089ns
  Clock Uncertainty:      0.072ns  ((TSJ^2 + DJ^2)^1/2) / 2 + PE
    Total System Jitter     (TSJ):    0.071ns
    Discrete Jitter          (DJ):    0.125ns
    Phase Error              (PE):    0.000ns

    Location             Delay type                Incr(ns)  Path(ns)    Netlist Resource(s)
  -------------------------------------------------------------------    -------------------
                         (clock clk_out2_clk_wiz_0 rise edge)
                                                      0.000     0.000 r  
    BUFGCTRL_X0Y1        BUFG                         0.000     0.000 r  clk_IBUF_BUFG_inst/O
                         net (fo=133, routed)         2.106     2.106    video_inst/mmcm_adv_inst_display_clocks/inst/clk_in1
    MMCME2_ADV_X1Y0      MMCME2_ADV (Prop_mmcme2_adv_CLKIN1_CLKOUT1)
                                                     -4.900    -2.793 r  video_inst/mmcm_adv_inst_display_clocks/inst/mmcm_adv_inst/CLKOUT1
                         net (fo=1, routed)           2.697    -0.096    video_inst/mmcm_adv_inst_display_clocks/inst/clk_out2_clk_wiz_0
    BUFGCTRL_X0Y0        BUFG (Prop_bufg_I_O)         0.096    -0.000 r  video_inst/mmcm_adv_inst_display_clocks/inst/clkout2_buf/O
                         net (fo=44, routed)          1.833     1.833    video_inst/inst_dvid/clk_out2
    SLICE_X162Y147       FDRE                                         r  video_inst/inst_dvid/shift_clock_reg[0]/C
  -------------------------------------------------------------------    -------------------
    SLICE_X162Y147       FDRE (Prop_fdre_C_Q)         0.518     2.351 f  video_inst/inst_dvid/shift_clock_reg[0]/Q
                         net (fo=3, routed)           0.678     3.030    video_inst/inst_dvid/shift_clock[0]
    SLICE_X163Y147       LUT6 (Prop_lut6_I5_O)        0.124     3.154 r  video_inst/inst_dvid/shift_red[9]_i_2/O
                         net (fo=1, routed)           0.425     3.579    video_inst/inst_dvid/shift_red[9]_i_2_n_0
    SLICE_X162Y147       LUT5 (Prop_lut5_I0_O)        0.124     3.703 r  video_inst/inst_dvid/shift_red[9]_i_1/O
                         net (fo=30, routed)          1.099     4.802    video_inst/inst_dvid/shift_red[9]_i_1_n_0
    SLICE_X160Y132       FDRE                                         r  video_inst/inst_dvid/shift_red_reg[8]/R
  -------------------------------------------------------------------    -------------------

                         (clock clk_out2_clk_wiz_0 rise edge)
                                                      8.000     8.000 r  
    BUFGCTRL_X0Y1        BUFG                         0.000     8.000 r  clk_IBUF_BUFG_inst/O
                         net (fo=133, routed)         1.972     9.972    video_inst/mmcm_adv_inst_display_clocks/inst/clk_in1
    MMCME2_ADV_X1Y0      MMCME2_ADV (Prop_mmcme2_adv_CLKIN1_CLKOUT1)
                                                     -4.637     5.335 r  video_inst/mmcm_adv_inst_display_clocks/inst/mmcm_adv_inst/CLKOUT1
                         net (fo=1, routed)           2.574     7.909    video_inst/mmcm_adv_inst_display_clocks/inst/clk_out2_clk_wiz_0
    BUFGCTRL_X0Y0        BUFG (Prop_bufg_I_O)         0.091     8.000 r  video_inst/mmcm_adv_inst_display_clocks/inst/clkout2_buf/O
                         net (fo=44, routed)          1.705     9.705    video_inst/inst_dvid/clk_out2
    SLICE_X160Y132       FDRE                                         r  video_inst/inst_dvid/shift_red_reg[8]/C
                         clock pessimism              0.089     9.794    
                         clock uncertainty           -0.072     9.722    
    SLICE_X160Y132       FDRE (Setup_fdre_C_R)       -0.429     9.293    video_inst/inst_dvid/shift_red_reg[8]
  -------------------------------------------------------------------
                         required time                          9.293    
                         arrival time                          -4.802    
  -------------------------------------------------------------------
                         slack                                  4.491    

Slack (MET) :             4.491ns  (required time - arrival time)
  Source:                 video_inst/inst_dvid/shift_clock_reg[0]/C
                            (rising edge-triggered cell FDRE clocked by clk_out2_clk_wiz_0  {rise@0.000ns fall@4.000ns period=8.000ns})
  Destination:            video_inst/inst_dvid/shift_red_reg[9]/R
                            (rising edge-triggered cell FDRE clocked by clk_out2_clk_wiz_0  {rise@0.000ns fall@4.000ns period=8.000ns})
  Path Group:             clk_out2_clk_wiz_0
  Path Type:              Setup (Max at Slow Process Corner)
  Requirement:            8.000ns  (clk_out2_clk_wiz_0 rise@8.000ns - clk_out2_clk_wiz_0 rise@0.000ns)
  Data Path Delay:        2.969ns  (logic 0.766ns (25.802%)  route 2.203ns (74.198%))
  Logic Levels:           2  (LUT5=1 LUT6=1)
  Clock Path Skew:        -0.039ns (DCD - SCD + CPR)
    Destination Clock Delay (DCD):    1.705ns = ( 9.705 - 8.000 ) 
    Source Clock Delay      (SCD):    1.833ns
    Clock Pessimism Removal (CPR):    0.089ns
  Clock Uncertainty:      0.072ns  ((TSJ^2 + DJ^2)^1/2) / 2 + PE
    Total System Jitter     (TSJ):    0.071ns
    Discrete Jitter          (DJ):    0.125ns
    Phase Error              (PE):    0.000ns

    Location             Delay type                Incr(ns)  Path(ns)    Netlist Resource(s)
  -------------------------------------------------------------------    -------------------
                         (clock clk_out2_clk_wiz_0 rise edge)
                                                      0.000     0.000 r  
    BUFGCTRL_X0Y1        BUFG                         0.000     0.000 r  clk_IBUF_BUFG_inst/O
                         net (fo=133, routed)         2.106     2.106    video_inst/mmcm_adv_inst_display_clocks/inst/clk_in1
    MMCME2_ADV_X1Y0      MMCME2_ADV (Prop_mmcme2_adv_CLKIN1_CLKOUT1)
                                                     -4.900    -2.793 r  video_inst/mmcm_adv_inst_display_clocks/inst/mmcm_adv_inst/CLKOUT1
                         net (fo=1, routed)           2.697    -0.096    video_inst/mmcm_adv_inst_display_clocks/inst/clk_out2_clk_wiz_0
    BUFGCTRL_X0Y0        BUFG (Prop_bufg_I_O)         0.096    -0.000 r  video_inst/mmcm_adv_inst_display_clocks/inst/clkout2_buf/O
                         net (fo=44, routed)          1.833     1.833    video_inst/inst_dvid/clk_out2
    SLICE_X162Y147       FDRE                                         r  video_inst/inst_dvid/shift_clock_reg[0]/C
  -------------------------------------------------------------------    -------------------
    SLICE_X162Y147       FDRE (Prop_fdre_C_Q)         0.518     2.351 f  video_inst/inst_dvid/shift_clock_reg[0]/Q
                         net (fo=3, routed)           0.678     3.030    video_inst/inst_dvid/shift_clock[0]
    SLICE_X163Y147       LUT6 (Prop_lut6_I5_O)        0.124     3.154 r  video_inst/inst_dvid/shift_red[9]_i_2/O
                         net (fo=1, routed)           0.425     3.579    video_inst/inst_dvid/shift_red[9]_i_2_n_0
    SLICE_X162Y147       LUT5 (Prop_lut5_I0_O)        0.124     3.703 r  video_inst/inst_dvid/shift_red[9]_i_1/O
                         net (fo=30, routed)          1.099     4.802    video_inst/inst_dvid/shift_red[9]_i_1_n_0
    SLICE_X160Y132       FDRE                                         r  video_inst/inst_dvid/shift_red_reg[9]/R
  -------------------------------------------------------------------    -------------------

                         (clock clk_out2_clk_wiz_0 rise edge)
                                                      8.000     8.000 r  
    BUFGCTRL_X0Y1        BUFG                         0.000     8.000 r  clk_IBUF_BUFG_inst/O
                         net (fo=133, routed)         1.972     9.972    video_inst/mmcm_adv_inst_display_clocks/inst/clk_in1
    MMCME2_ADV_X1Y0      MMCME2_ADV (Prop_mmcme2_adv_CLKIN1_CLKOUT1)
                                                     -4.637     5.335 r  video_inst/mmcm_adv_inst_display_clocks/inst/mmcm_adv_inst/CLKOUT1
                         net (fo=1, routed)           2.574     7.909    video_inst/mmcm_adv_inst_display_clocks/inst/clk_out2_clk_wiz_0
    BUFGCTRL_X0Y0        BUFG (Prop_bufg_I_O)         0.091     8.000 r  video_inst/mmcm_adv_inst_display_clocks/inst/clkout2_buf/O
                         net (fo=44, routed)          1.705     9.705    video_inst/inst_dvid/clk_out2
    SLICE_X160Y132       FDRE                                         r  video_inst/inst_dvid/shift_red_reg[9]/C
                         clock pessimism              0.089     9.794    
                         clock uncertainty           -0.072     9.722    
    SLICE_X160Y132       FDRE (Setup_fdre_C_R)       -0.429     9.293    video_inst/inst_dvid/shift_red_reg[9]
  -------------------------------------------------------------------
                         required time                          9.293    
                         arrival time                          -4.802    
  -------------------------------------------------------------------
                         slack                                  4.491    

Slack (MET) :             4.706ns  (required time - arrival time)
  Source:                 video_inst/inst_dvid/shift_clock_reg[0]/C
                            (rising edge-triggered cell FDRE clocked by clk_out2_clk_wiz_0  {rise@0.000ns fall@4.000ns period=8.000ns})
  Destination:            video_inst/inst_dvid/shift_green_reg[5]/D
                            (rising edge-triggered cell FDRE clocked by clk_out2_clk_wiz_0  {rise@0.000ns fall@4.000ns period=8.000ns})
  Path Group:             clk_out2_clk_wiz_0
  Path Type:              Setup (Max at Slow Process Corner)
  Requirement:            8.000ns  (clk_out2_clk_wiz_0 rise@8.000ns - clk_out2_clk_wiz_0 rise@0.000ns)
  Data Path Delay:        3.217ns  (logic 0.890ns (27.669%)  route 2.327ns (72.331%))
  Logic Levels:           3  (LUT3=1 LUT5=1 LUT6=1)
  Clock Path Skew:        -0.036ns (DCD - SCD + CPR)
    Destination Clock Delay (DCD):    1.708ns = ( 9.708 - 8.000 ) 
    Source Clock Delay      (SCD):    1.833ns
    Clock Pessimism Removal (CPR):    0.089ns
  Clock Uncertainty:      0.072ns  ((TSJ^2 + DJ^2)^1/2) / 2 + PE
    Total System Jitter     (TSJ):    0.071ns
    Discrete Jitter          (DJ):    0.125ns
    Phase Error              (PE):    0.000ns

    Location             Delay type                Incr(ns)  Path(ns)    Netlist Resource(s)
  -------------------------------------------------------------------    -------------------
                         (clock clk_out2_clk_wiz_0 rise edge)
                                                      0.000     0.000 r  
    BUFGCTRL_X0Y1        BUFG                         0.000     0.000 r  clk_IBUF_BUFG_inst/O
                         net (fo=133, routed)         2.106     2.106    video_inst/mmcm_adv_inst_display_clocks/inst/clk_in1
    MMCME2_ADV_X1Y0      MMCME2_ADV (Prop_mmcme2_adv_CLKIN1_CLKOUT1)
                                                     -4.900    -2.793 r  video_inst/mmcm_adv_inst_display_clocks/inst/mmcm_adv_inst/CLKOUT1
                         net (fo=1, routed)           2.697    -0.096    video_inst/mmcm_adv_inst_display_clocks/inst/clk_out2_clk_wiz_0
    BUFGCTRL_X0Y0        BUFG (Prop_bufg_I_O)         0.096    -0.000 r  video_inst/mmcm_adv_inst_display_clocks/inst/clkout2_buf/O
                         net (fo=44, routed)          1.833     1.833    video_inst/inst_dvid/clk_out2
    SLICE_X162Y147       FDRE                                         r  video_inst/inst_dvid/shift_clock_reg[0]/C
  -------------------------------------------------------------------    -------------------
    SLICE_X162Y147       FDRE (Prop_fdre_C_Q)         0.518     2.351 f  video_inst/inst_dvid/shift_clock_reg[0]/Q
                         net (fo=3, routed)           0.678     3.030    video_inst/inst_dvid/shift_clock[0]
    SLICE_X163Y147       LUT6 (Prop_lut6_I5_O)        0.124     3.154 r  video_inst/inst_dvid/shift_red[9]_i_2/O
                         net (fo=1, routed)           0.425     3.579    video_inst/inst_dvid/shift_red[9]_i_2_n_0
    SLICE_X162Y147       LUT5 (Prop_lut5_I0_O)        0.124     3.703 r  video_inst/inst_dvid/shift_red[9]_i_1/O
                         net (fo=30, routed)          1.223     4.926    video_inst/inst_dvid/shift_red[9]_i_1_n_0
    SLICE_X160Y135       LUT3 (Prop_lut3_I1_O)        0.124     5.050 r  video_inst/inst_dvid/shift_green[5]_i_1/O
                         net (fo=1, routed)           0.000     5.050    video_inst/inst_dvid/shift_green_1[5]
    SLICE_X160Y135       FDRE                                         r  video_inst/inst_dvid/shift_green_reg[5]/D
  -------------------------------------------------------------------    -------------------

                         (clock clk_out2_clk_wiz_0 rise edge)
                                                      8.000     8.000 r  
    BUFGCTRL_X0Y1        BUFG                         0.000     8.000 r  clk_IBUF_BUFG_inst/O
                         net (fo=133, routed)         1.972     9.972    video_inst/mmcm_adv_inst_display_clocks/inst/clk_in1
    MMCME2_ADV_X1Y0      MMCME2_ADV (Prop_mmcme2_adv_CLKIN1_CLKOUT1)
                                                     -4.637     5.335 r  video_inst/mmcm_adv_inst_display_clocks/inst/mmcm_adv_inst/CLKOUT1
                         net (fo=1, routed)           2.574     7.909    video_inst/mmcm_adv_inst_display_clocks/inst/clk_out2_clk_wiz_0
    BUFGCTRL_X0Y0        BUFG (Prop_bufg_I_O)         0.091     8.000 r  video_inst/mmcm_adv_inst_display_clocks/inst/clkout2_buf/O
                         net (fo=44, routed)          1.708     9.708    video_inst/inst_dvid/clk_out2
    SLICE_X160Y135       FDRE                                         r  video_inst/inst_dvid/shift_green_reg[5]/C
                         clock pessimism              0.089     9.797    
                         clock uncertainty           -0.072     9.725    
    SLICE_X160Y135       FDRE (Setup_fdre_C_D)        0.031     9.756    video_inst/inst_dvid/shift_green_reg[5]
  -------------------------------------------------------------------
                         required time                          9.756    
                         arrival time                          -5.050    
  -------------------------------------------------------------------
                         slack                                  4.706    

Slack (MET) :             4.721ns  (required time - arrival time)
  Source:                 video_inst/inst_dvid/shift_clock_reg[0]/C
                            (rising edge-triggered cell FDRE clocked by clk_out2_clk_wiz_0  {rise@0.000ns fall@4.000ns period=8.000ns})
  Destination:            video_inst/inst_dvid/shift_green_reg[7]/D
                            (rising edge-triggered cell FDRE clocked by clk_out2_clk_wiz_0  {rise@0.000ns fall@4.000ns period=8.000ns})
  Path Group:             clk_out2_clk_wiz_0
  Path Type:              Setup (Max at Slow Process Corner)
  Requirement:            8.000ns  (clk_out2_clk_wiz_0 rise@8.000ns - clk_out2_clk_wiz_0 rise@0.000ns)
  Data Path Delay:        3.246ns  (logic 0.919ns (28.315%)  route 2.327ns (71.685%))
  Logic Levels:           3  (LUT3=1 LUT5=1 LUT6=1)
  Clock Path Skew:        -0.036ns (DCD - SCD + CPR)
    Destination Clock Delay (DCD):    1.708ns = ( 9.708 - 8.000 ) 
    Source Clock Delay      (SCD):    1.833ns
    Clock Pessimism Removal (CPR):    0.089ns
  Clock Uncertainty:      0.072ns  ((TSJ^2 + DJ^2)^1/2) / 2 + PE
    Total System Jitter     (TSJ):    0.071ns
    Discrete Jitter          (DJ):    0.125ns
    Phase Error              (PE):    0.000ns

    Location             Delay type                Incr(ns)  Path(ns)    Netlist Resource(s)
  -------------------------------------------------------------------    -------------------
                         (clock clk_out2_clk_wiz_0 rise edge)
                                                      0.000     0.000 r  
    BUFGCTRL_X0Y1        BUFG                         0.000     0.000 r  clk_IBUF_BUFG_inst/O
                         net (fo=133, routed)         2.106     2.106    video_inst/mmcm_adv_inst_display_clocks/inst/clk_in1
    MMCME2_ADV_X1Y0      MMCME2_ADV (Prop_mmcme2_adv_CLKIN1_CLKOUT1)
                                                     -4.900    -2.793 r  video_inst/mmcm_adv_inst_display_clocks/inst/mmcm_adv_inst/CLKOUT1
                         net (fo=1, routed)           2.697    -0.096    video_inst/mmcm_adv_inst_display_clocks/inst/clk_out2_clk_wiz_0
    BUFGCTRL_X0Y0        BUFG (Prop_bufg_I_O)         0.096    -0.000 r  video_inst/mmcm_adv_inst_display_clocks/inst/clkout2_buf/O
                         net (fo=44, routed)          1.833     1.833    video_inst/inst_dvid/clk_out2
    SLICE_X162Y147       FDRE                                         r  video_inst/inst_dvid/shift_clock_reg[0]/C
  -------------------------------------------------------------------    -------------------
    SLICE_X162Y147       FDRE (Prop_fdre_C_Q)         0.518     2.351 f  video_inst/inst_dvid/shift_clock_reg[0]/Q
                         net (fo=3, routed)           0.678     3.030    video_inst/inst_dvid/shift_clock[0]
    SLICE_X163Y147       LUT6 (Prop_lut6_I5_O)        0.124     3.154 r  video_inst/inst_dvid/shift_red[9]_i_2/O
                         net (fo=1, routed)           0.425     3.579    video_inst/inst_dvid/shift_red[9]_i_2_n_0
    SLICE_X162Y147       LUT5 (Prop_lut5_I0_O)        0.124     3.703 r  video_inst/inst_dvid/shift_red[9]_i_1/O
                         net (fo=30, routed)          1.223     4.926    video_inst/inst_dvid/shift_red[9]_i_1_n_0
    SLICE_X160Y135       LUT3 (Prop_lut3_I1_O)        0.153     5.079 r  video_inst/inst_dvid/shift_green[7]_i_1/O
                         net (fo=1, routed)           0.000     5.079    video_inst/inst_dvid/shift_green_1[7]
    SLICE_X160Y135       FDRE                                         r  video_inst/inst_dvid/shift_green_reg[7]/D
  -------------------------------------------------------------------    -------------------

                         (clock clk_out2_clk_wiz_0 rise edge)
                                                      8.000     8.000 r  
    BUFGCTRL_X0Y1        BUFG                         0.000     8.000 r  clk_IBUF_BUFG_inst/O
                         net (fo=133, routed)         1.972     9.972    video_inst/mmcm_adv_inst_display_clocks/inst/clk_in1
    MMCME2_ADV_X1Y0      MMCME2_ADV (Prop_mmcme2_adv_CLKIN1_CLKOUT1)
                                                     -4.637     5.335 r  video_inst/mmcm_adv_inst_display_clocks/inst/mmcm_adv_inst/CLKOUT1
                         net (fo=1, routed)           2.574     7.909    video_inst/mmcm_adv_inst_display_clocks/inst/clk_out2_clk_wiz_0
    BUFGCTRL_X0Y0        BUFG (Prop_bufg_I_O)         0.091     8.000 r  video_inst/mmcm_adv_inst_display_clocks/inst/clkout2_buf/O
                         net (fo=44, routed)          1.708     9.708    video_inst/inst_dvid/clk_out2
    SLICE_X160Y135       FDRE                                         r  video_inst/inst_dvid/shift_green_reg[7]/C
                         clock pessimism              0.089     9.797    
                         clock uncertainty           -0.072     9.725    
    SLICE_X160Y135       FDRE (Setup_fdre_C_D)        0.075     9.800    video_inst/inst_dvid/shift_green_reg[7]
  -------------------------------------------------------------------
                         required time                          9.800    
                         arrival time                          -5.079    
  -------------------------------------------------------------------
                         slack                                  4.721    

Slack (MET) :             4.886ns  (required time - arrival time)
  Source:                 video_inst/inst_dvid/shift_clock_reg[0]/C
                            (rising edge-triggered cell FDRE clocked by clk_out2_clk_wiz_0  {rise@0.000ns fall@4.000ns period=8.000ns})
  Destination:            video_inst/inst_dvid/shift_red_reg[5]/D
                            (rising edge-triggered cell FDRE clocked by clk_out2_clk_wiz_0  {rise@0.000ns fall@4.000ns period=8.000ns})
  Path Group:             clk_out2_clk_wiz_0
  Path Type:              Setup (Max at Slow Process Corner)
  Requirement:            8.000ns  (clk_out2_clk_wiz_0 rise@8.000ns - clk_out2_clk_wiz_0 rise@0.000ns)
  Data Path Delay:        3.082ns  (logic 0.890ns (28.878%)  route 2.192ns (71.122%))
  Logic Levels:           3  (LUT3=1 LUT5=1 LUT6=1)
  Clock Path Skew:        -0.039ns (DCD - SCD + CPR)
    Destination Clock Delay (DCD):    1.705ns = ( 9.705 - 8.000 ) 
    Source Clock Delay      (SCD):    1.833ns
    Clock Pessimism Removal (CPR):    0.089ns
  Clock Uncertainty:      0.072ns  ((TSJ^2 + DJ^2)^1/2) / 2 + PE
    Total System Jitter     (TSJ):    0.071ns
    Discrete Jitter          (DJ):    0.125ns
    Phase Error              (PE):    0.000ns

    Location             Delay type                Incr(ns)  Path(ns)    Netlist Resource(s)
  -------------------------------------------------------------------    -------------------
                         (clock clk_out2_clk_wiz_0 rise edge)
                                                      0.000     0.000 r  
    BUFGCTRL_X0Y1        BUFG                         0.000     0.000 r  clk_IBUF_BUFG_inst/O
                         net (fo=133, routed)         2.106     2.106    video_inst/mmcm_adv_inst_display_clocks/inst/clk_in1
    MMCME2_ADV_X1Y0      MMCME2_ADV (Prop_mmcme2_adv_CLKIN1_CLKOUT1)
                                                     -4.900    -2.793 r  video_inst/mmcm_adv_inst_display_clocks/inst/mmcm_adv_inst/CLKOUT1
                         net (fo=1, routed)           2.697    -0.096    video_inst/mmcm_adv_inst_display_clocks/inst/clk_out2_clk_wiz_0
    BUFGCTRL_X0Y0        BUFG (Prop_bufg_I_O)         0.096    -0.000 r  video_inst/mmcm_adv_inst_display_clocks/inst/clkout2_buf/O
                         net (fo=44, routed)          1.833     1.833    video_inst/inst_dvid/clk_out2
    SLICE_X162Y147       FDRE                                         r  video_inst/inst_dvid/shift_clock_reg[0]/C
  -------------------------------------------------------------------    -------------------
    SLICE_X162Y147       FDRE (Prop_fdre_C_Q)         0.518     2.351 f  video_inst/inst_dvid/shift_clock_reg[0]/Q
                         net (fo=3, routed)           0.678     3.030    video_inst/inst_dvid/shift_clock[0]
    SLICE_X163Y147       LUT6 (Prop_lut6_I5_O)        0.124     3.154 r  video_inst/inst_dvid/shift_red[9]_i_2/O
                         net (fo=1, routed)           0.425     3.579    video_inst/inst_dvid/shift_red[9]_i_2_n_0
    SLICE_X162Y147       LUT5 (Prop_lut5_I0_O)        0.124     3.703 r  video_inst/inst_dvid/shift_red[9]_i_1/O
                         net (fo=30, routed)          1.088     4.791    video_inst/inst_dvid/shift_red[9]_i_1_n_0
    SLICE_X162Y132       LUT3 (Prop_lut3_I1_O)        0.124     4.915 r  video_inst/inst_dvid/shift_red[5]_i_1/O
                         net (fo=1, routed)           0.000     4.915    video_inst/inst_dvid/shift_red[5]
    SLICE_X162Y132       FDRE                                         r  video_inst/inst_dvid/shift_red_reg[5]/D
  -------------------------------------------------------------------    -------------------

                         (clock clk_out2_clk_wiz_0 rise edge)
                                                      8.000     8.000 r  
    BUFGCTRL_X0Y1        BUFG                         0.000     8.000 r  clk_IBUF_BUFG_inst/O
                         net (fo=133, routed)         1.972     9.972    video_inst/mmcm_adv_inst_display_clocks/inst/clk_in1
    MMCME2_ADV_X1Y0      MMCME2_ADV (Prop_mmcme2_adv_CLKIN1_CLKOUT1)
                                                     -4.637     5.335 r  video_inst/mmcm_adv_inst_display_clocks/inst/mmcm_adv_inst/CLKOUT1
                         net (fo=1, routed)           2.574     7.909    video_inst/mmcm_adv_inst_display_clocks/inst/clk_out2_clk_wiz_0
    BUFGCTRL_X0Y0        BUFG (Prop_bufg_I_O)         0.091     8.000 r  video_inst/mmcm_adv_inst_display_clocks/inst/clkout2_buf/O
                         net (fo=44, routed)          1.705     9.705    video_inst/inst_dvid/clk_out2
    SLICE_X162Y132       FDRE                                         r  video_inst/inst_dvid/shift_red_reg[5]/C
                         clock pessimism              0.089     9.794    
                         clock uncertainty           -0.072     9.722    
    SLICE_X162Y132       FDRE (Setup_fdre_C_D)        0.079     9.801    video_inst/inst_dvid/shift_red_reg[5]
  -------------------------------------------------------------------
                         required time                          9.801    
                         arrival time                          -4.915    
  -------------------------------------------------------------------
                         slack                                  4.886    

Slack (MET) :             4.890ns  (required time - arrival time)
  Source:                 video_inst/inst_dvid/shift_clock_reg[0]/C
                            (rising edge-triggered cell FDRE clocked by clk_out2_clk_wiz_0  {rise@0.000ns fall@4.000ns period=8.000ns})
  Destination:            video_inst/inst_dvid/shift_red_reg[4]/D
                            (rising edge-triggered cell FDRE clocked by clk_out2_clk_wiz_0  {rise@0.000ns fall@4.000ns period=8.000ns})
  Path Group:             clk_out2_clk_wiz_0
  Path Type:              Setup (Max at Slow Process Corner)
  Requirement:            8.000ns  (clk_out2_clk_wiz_0 rise@8.000ns - clk_out2_clk_wiz_0 rise@0.000ns)
  Data Path Delay:        3.078ns  (logic 0.890ns (28.915%)  route 2.188ns (71.085%))
  Logic Levels:           3  (LUT3=1 LUT5=1 LUT6=1)
  Clock Path Skew:        -0.039ns (DCD - SCD + CPR)
    Destination Clock Delay (DCD):    1.705ns = ( 9.705 - 8.000 ) 
    Source Clock Delay      (SCD):    1.833ns
    Clock Pessimism Removal (CPR):    0.089ns
  Clock Uncertainty:      0.072ns  ((TSJ^2 + DJ^2)^1/2) / 2 + PE
    Total System Jitter     (TSJ):    0.071ns
    Discrete Jitter          (DJ):    0.125ns
    Phase Error              (PE):    0.000ns

    Location             Delay type                Incr(ns)  Path(ns)    Netlist Resource(s)
  -------------------------------------------------------------------    -------------------
                         (clock clk_out2_clk_wiz_0 rise edge)
                                                      0.000     0.000 r  
    BUFGCTRL_X0Y1        BUFG                         0.000     0.000 r  clk_IBUF_BUFG_inst/O
                         net (fo=133, routed)         2.106     2.106    video_inst/mmcm_adv_inst_display_clocks/inst/clk_in1
    MMCME2_ADV_X1Y0      MMCME2_ADV (Prop_mmcme2_adv_CLKIN1_CLKOUT1)
                                                     -4.900    -2.793 r  video_inst/mmcm_adv_inst_display_clocks/inst/mmcm_adv_inst/CLKOUT1
                         net (fo=1, routed)           2.697    -0.096    video_inst/mmcm_adv_inst_display_clocks/inst/clk_out2_clk_wiz_0
    BUFGCTRL_X0Y0        BUFG (Prop_bufg_I_O)         0.096    -0.000 r  video_inst/mmcm_adv_inst_display_clocks/inst/clkout2_buf/O
                         net (fo=44, routed)          1.833     1.833    video_inst/inst_dvid/clk_out2
    SLICE_X162Y147       FDRE                                         r  video_inst/inst_dvid/shift_clock_reg[0]/C
  -------------------------------------------------------------------    -------------------
    SLICE_X162Y147       FDRE (Prop_fdre_C_Q)         0.518     2.351 f  video_inst/inst_dvid/shift_clock_reg[0]/Q
                         net (fo=3, routed)           0.678     3.030    video_inst/inst_dvid/shift_clock[0]
    SLICE_X163Y147       LUT6 (Prop_lut6_I5_O)        0.124     3.154 r  video_inst/inst_dvid/shift_red[9]_i_2/O
                         net (fo=1, routed)           0.425     3.579    video_inst/inst_dvid/shift_red[9]_i_2_n_0
    SLICE_X162Y147       LUT5 (Prop_lut5_I0_O)        0.124     3.703 r  video_inst/inst_dvid/shift_red[9]_i_1/O
                         net (fo=30, routed)          1.084     4.787    video_inst/inst_dvid/shift_red[9]_i_1_n_0
    SLICE_X162Y132       LUT3 (Prop_lut3_I1_O)        0.124     4.911 r  video_inst/inst_dvid/shift_red[4]_i_1/O
                         net (fo=1, routed)           0.000     4.911    video_inst/inst_dvid/shift_red[4]
    SLICE_X162Y132       FDRE                                         r  video_inst/inst_dvid/shift_red_reg[4]/D
  -------------------------------------------------------------------    -------------------

                         (clock clk_out2_clk_wiz_0 rise edge)
                                                      8.000     8.000 r  
    BUFGCTRL_X0Y1        BUFG                         0.000     8.000 r  clk_IBUF_BUFG_inst/O
                         net (fo=133, routed)         1.972     9.972    video_inst/mmcm_adv_inst_display_clocks/inst/clk_in1
    MMCME2_ADV_X1Y0      MMCME2_ADV (Prop_mmcme2_adv_CLKIN1_CLKOUT1)
                                                     -4.637     5.335 r  video_inst/mmcm_adv_inst_display_clocks/inst/mmcm_adv_inst/CLKOUT1
                         net (fo=1, routed)           2.574     7.909    video_inst/mmcm_adv_inst_display_clocks/inst/clk_out2_clk_wiz_0
    BUFGCTRL_X0Y0        BUFG (Prop_bufg_I_O)         0.091     8.000 r  video_inst/mmcm_adv_inst_display_clocks/inst/clkout2_buf/O
                         net (fo=44, routed)          1.705     9.705    video_inst/inst_dvid/clk_out2
    SLICE_X162Y132       FDRE                                         r  video_inst/inst_dvid/shift_red_reg[4]/C
                         clock pessimism              0.089     9.794    
                         clock uncertainty           -0.072     9.722    
    SLICE_X162Y132       FDRE (Setup_fdre_C_D)        0.079     9.801    video_inst/inst_dvid/shift_red_reg[4]
  -------------------------------------------------------------------
                         required time                          9.801    
                         arrival time                          -4.911    
  -------------------------------------------------------------------
                         slack                                  4.890    





Min Delay Paths
--------------------------------------------------------------------------------------
Slack (MET) :             0.215ns  (arrival time - required time)
  Source:                 video_inst/inst_dvid/shift_clock_reg[7]/C
                            (rising edge-triggered cell FDRE clocked by clk_out2_clk_wiz_0  {rise@0.000ns fall@4.000ns period=8.000ns})
  Destination:            video_inst/inst_dvid/shift_clock_reg[5]/D
                            (rising edge-triggered cell FDRE clocked by clk_out2_clk_wiz_0  {rise@0.000ns fall@4.000ns period=8.000ns})
  Path Group:             clk_out2_clk_wiz_0
  Path Type:              Hold (Min at Fast Process Corner)
  Requirement:            0.000ns  (clk_out2_clk_wiz_0 rise@0.000ns - clk_out2_clk_wiz_0 rise@0.000ns)
  Data Path Delay:        0.262ns  (logic 0.141ns (53.718%)  route 0.121ns (46.282%))
  Logic Levels:           0  
  Clock Path Skew:        0.000ns (DCD - SCD - CPR)
    Destination Clock Delay (DCD):    0.922ns
    Source Clock Delay      (SCD):    0.649ns
    Clock Pessimism Removal (CPR):    0.273ns

    Location             Delay type                Incr(ns)  Path(ns)    Netlist Resource(s)
  -------------------------------------------------------------------    -------------------
                         (clock clk_out2_clk_wiz_0 rise edge)
                                                      0.000     0.000 r  
    BUFGCTRL_X0Y1        BUFG                         0.000     0.000 r  clk_IBUF_BUFG_inst/O
                         net (fo=133, routed)         0.745     0.745    video_inst/mmcm_adv_inst_display_clocks/inst/clk_in1
    MMCME2_ADV_X1Y0      MMCME2_ADV (Prop_mmcme2_adv_CLKIN1_CLKOUT1)
                                                     -1.683    -0.938 r  video_inst/mmcm_adv_inst_display_clocks/inst/mmcm_adv_inst/CLKOUT1
                         net (fo=1, routed)           0.912    -0.026    video_inst/mmcm_adv_inst_display_clocks/inst/clk_out2_clk_wiz_0
    BUFGCTRL_X0Y0        BUFG (Prop_bufg_I_O)         0.026    -0.000 r  video_inst/mmcm_adv_inst_display_clocks/inst/clkout2_buf/O
                         net (fo=44, routed)          0.649     0.649    video_inst/inst_dvid/clk_out2
    SLICE_X163Y147       FDRE                                         r  video_inst/inst_dvid/shift_clock_reg[7]/C
  -------------------------------------------------------------------    -------------------
    SLICE_X163Y147       FDRE (Prop_fdre_C_Q)         0.141     0.790 r  video_inst/inst_dvid/shift_clock_reg[7]/Q
                         net (fo=2, routed)           0.121     0.911    video_inst/inst_dvid/shift_clock_reg_n_0_[7]
    SLICE_X163Y147       FDRE                                         r  video_inst/inst_dvid/shift_clock_reg[5]/D
  -------------------------------------------------------------------    -------------------

                         (clock clk_out2_clk_wiz_0 rise edge)
                                                      0.000     0.000 r  
    BUFGCTRL_X0Y1        BUFG                         0.000     0.000 r  clk_IBUF_BUFG_inst/O
                         net (fo=133, routed)         1.022     1.022    video_inst/mmcm_adv_inst_display_clocks/inst/clk_in1
    MMCME2_ADV_X1Y0      MMCME2_ADV (Prop_mmcme2_adv_CLKIN1_CLKOUT1)
                                                     -2.040    -1.018 r  video_inst/mmcm_adv_inst_display_clocks/inst/mmcm_adv_inst/CLKOUT1
                         net (fo=1, routed)           0.989    -0.029    video_inst/mmcm_adv_inst_display_clocks/inst/clk_out2_clk_wiz_0
    BUFGCTRL_X0Y0        BUFG (Prop_bufg_I_O)         0.029    -0.000 r  video_inst/mmcm_adv_inst_display_clocks/inst/clkout2_buf/O
                         net (fo=44, routed)          0.922     0.922    video_inst/inst_dvid/clk_out2
    SLICE_X163Y147       FDRE                                         r  video_inst/inst_dvid/shift_clock_reg[5]/C
                         clock pessimism             -0.273     0.649    
    SLICE_X163Y147       FDRE (Hold_fdre_C_D)         0.047     0.696    video_inst/inst_dvid/shift_clock_reg[5]
  -------------------------------------------------------------------
                         required time                         -0.696    
                         arrival time                           0.911    
  -------------------------------------------------------------------
                         slack                                  0.215    

Slack (MET) :             0.218ns  (arrival time - required time)
  Source:                 video_inst/inst_dvid/shift_clock_reg[4]/C
                            (rising edge-triggered cell FDRE clocked by clk_out2_clk_wiz_0  {rise@0.000ns fall@4.000ns period=8.000ns})
  Destination:            video_inst/inst_dvid/shift_clock_reg[2]/D
                            (rising edge-triggered cell FDRE clocked by clk_out2_clk_wiz_0  {rise@0.000ns fall@4.000ns period=8.000ns})
  Path Group:             clk_out2_clk_wiz_0
  Path Type:              Hold (Min at Fast Process Corner)
  Requirement:            0.000ns  (clk_out2_clk_wiz_0 rise@0.000ns - clk_out2_clk_wiz_0 rise@0.000ns)
  Data Path Delay:        0.294ns  (logic 0.141ns (47.930%)  route 0.153ns (52.070%))
  Logic Levels:           0  
  Clock Path Skew:        0.013ns (DCD - SCD - CPR)
    Destination Clock Delay (DCD):    0.922ns
    Source Clock Delay      (SCD):    0.649ns
    Clock Pessimism Removal (CPR):    0.260ns

    Location             Delay type                Incr(ns)  Path(ns)    Netlist Resource(s)
  -------------------------------------------------------------------    -------------------
                         (clock clk_out2_clk_wiz_0 rise edge)
                                                      0.000     0.000 r  
    BUFGCTRL_X0Y1        BUFG                         0.000     0.000 r  clk_IBUF_BUFG_inst/O
                         net (fo=133, routed)         0.745     0.745    video_inst/mmcm_adv_inst_display_clocks/inst/clk_in1
    MMCME2_ADV_X1Y0      MMCME2_ADV (Prop_mmcme2_adv_CLKIN1_CLKOUT1)
                                                     -1.683    -0.938 r  video_inst/mmcm_adv_inst_display_clocks/inst/mmcm_adv_inst/CLKOUT1
                         net (fo=1, routed)           0.912    -0.026    video_inst/mmcm_adv_inst_display_clocks/inst/clk_out2_clk_wiz_0
    BUFGCTRL_X0Y0        BUFG (Prop_bufg_I_O)         0.026    -0.000 r  video_inst/mmcm_adv_inst_display_clocks/inst/clkout2_buf/O
                         net (fo=44, routed)          0.649     0.649    video_inst/inst_dvid/clk_out2
    SLICE_X163Y147       FDRE                                         r  video_inst/inst_dvid/shift_clock_reg[4]/C
  -------------------------------------------------------------------    -------------------
    SLICE_X163Y147       FDRE (Prop_fdre_C_Q)         0.141     0.790 r  video_inst/inst_dvid/shift_clock_reg[4]/Q
                         net (fo=2, routed)           0.153     0.943    video_inst/inst_dvid/shift_clock_reg_n_0_[4]
    SLICE_X162Y147       FDRE                                         r  video_inst/inst_dvid/shift_clock_reg[2]/D
  -------------------------------------------------------------------    -------------------

                         (clock clk_out2_clk_wiz_0 rise edge)
                                                      0.000     0.000 r  
    BUFGCTRL_X0Y1        BUFG                         0.000     0.000 r  clk_IBUF_BUFG_inst/O
                         net (fo=133, routed)         1.022     1.022    video_inst/mmcm_adv_inst_display_clocks/inst/clk_in1
    MMCME2_ADV_X1Y0      MMCME2_ADV (Prop_mmcme2_adv_CLKIN1_CLKOUT1)
                                                     -2.040    -1.018 r  video_inst/mmcm_adv_inst_display_clocks/inst/mmcm_adv_inst/CLKOUT1
                         net (fo=1, routed)           0.989    -0.029    video_inst/mmcm_adv_inst_display_clocks/inst/clk_out2_clk_wiz_0
    BUFGCTRL_X0Y0        BUFG (Prop_bufg_I_O)         0.029    -0.000 r  video_inst/mmcm_adv_inst_display_clocks/inst/clkout2_buf/O
                         net (fo=44, routed)          0.922     0.922    video_inst/inst_dvid/clk_out2
    SLICE_X162Y147       FDRE                                         r  video_inst/inst_dvid/shift_clock_reg[2]/C
                         clock pessimism             -0.260     0.662    
    SLICE_X162Y147       FDRE (Hold_fdre_C_D)         0.063     0.725    video_inst/inst_dvid/shift_clock_reg[2]
  -------------------------------------------------------------------
                         required time                         -0.725    
                         arrival time                           0.943    
  -------------------------------------------------------------------
                         slack                                  0.218    

Slack (MET) :             0.233ns  (arrival time - required time)
  Source:                 video_inst/inst_dvid/shift_clock_reg[2]/C
                            (rising edge-triggered cell FDRE clocked by clk_out2_clk_wiz_0  {rise@0.000ns fall@4.000ns period=8.000ns})
  Destination:            video_inst/inst_dvid/shift_clock_reg[0]/D
                            (rising edge-triggered cell FDRE clocked by clk_out2_clk_wiz_0  {rise@0.000ns fall@4.000ns period=8.000ns})
  Path Group:             clk_out2_clk_wiz_0
  Path Type:              Hold (Min at Fast Process Corner)
  Requirement:            0.000ns  (clk_out2_clk_wiz_0 rise@0.000ns - clk_out2_clk_wiz_0 rise@0.000ns)
  Data Path Delay:        0.292ns  (logic 0.164ns (56.232%)  route 0.128ns (43.768%))
  Logic Levels:           0  
  Clock Path Skew:        0.000ns (DCD - SCD - CPR)
    Destination Clock Delay (DCD):    0.922ns
    Source Clock Delay      (SCD):    0.649ns
    Clock Pessimism Removal (CPR):    0.273ns

    Location             Delay type                Incr(ns)  Path(ns)    Netlist Resource(s)
  -------------------------------------------------------------------    -------------------
                         (clock clk_out2_clk_wiz_0 rise edge)
                                                      0.000     0.000 r  
    BUFGCTRL_X0Y1        BUFG                         0.000     0.000 r  clk_IBUF_BUFG_inst/O
                         net (fo=133, routed)         0.745     0.745    video_inst/mmcm_adv_inst_display_clocks/inst/clk_in1
    MMCME2_ADV_X1Y0      MMCME2_ADV (Prop_mmcme2_adv_CLKIN1_CLKOUT1)
                                                     -1.683    -0.938 r  video_inst/mmcm_adv_inst_display_clocks/inst/mmcm_adv_inst/CLKOUT1
                         net (fo=1, routed)           0.912    -0.026    video_inst/mmcm_adv_inst_display_clocks/inst/clk_out2_clk_wiz_0
    BUFGCTRL_X0Y0        BUFG (Prop_bufg_I_O)         0.026    -0.000 r  video_inst/mmcm_adv_inst_display_clocks/inst/clkout2_buf/O
                         net (fo=44, routed)          0.649     0.649    video_inst/inst_dvid/clk_out2
    SLICE_X162Y147       FDRE                                         r  video_inst/inst_dvid/shift_clock_reg[2]/C
  -------------------------------------------------------------------    -------------------
    SLICE_X162Y147       FDRE (Prop_fdre_C_Q)         0.164     0.813 r  video_inst/inst_dvid/shift_clock_reg[2]/Q
                         net (fo=2, routed)           0.128     0.940    video_inst/inst_dvid/shift_clock_reg_n_0_[2]
    SLICE_X162Y147       FDRE                                         r  video_inst/inst_dvid/shift_clock_reg[0]/D
  -------------------------------------------------------------------    -------------------

                         (clock clk_out2_clk_wiz_0 rise edge)
                                                      0.000     0.000 r  
    BUFGCTRL_X0Y1        BUFG                         0.000     0.000 r  clk_IBUF_BUFG_inst/O
                         net (fo=133, routed)         1.022     1.022    video_inst/mmcm_adv_inst_display_clocks/inst/clk_in1
    MMCME2_ADV_X1Y0      MMCME2_ADV (Prop_mmcme2_adv_CLKIN1_CLKOUT1)
                                                     -2.040    -1.018 r  video_inst/mmcm_adv_inst_display_clocks/inst/mmcm_adv_inst/CLKOUT1
                         net (fo=1, routed)           0.989    -0.029    video_inst/mmcm_adv_inst_display_clocks/inst/clk_out2_clk_wiz_0
    BUFGCTRL_X0Y0        BUFG (Prop_bufg_I_O)         0.029    -0.000 r  video_inst/mmcm_adv_inst_display_clocks/inst/clkout2_buf/O
                         net (fo=44, routed)          0.922     0.922    video_inst/inst_dvid/clk_out2
    SLICE_X162Y147       FDRE                                         r  video_inst/inst_dvid/shift_clock_reg[0]/C
                         clock pessimism             -0.273     0.649    
    SLICE_X162Y147       FDRE (Hold_fdre_C_D)         0.059     0.708    video_inst/inst_dvid/shift_clock_reg[0]
  -------------------------------------------------------------------
                         required time                         -0.708    
                         arrival time                           0.940    
  -------------------------------------------------------------------
                         slack                                  0.233    

Slack (MET) :             0.235ns  (arrival time - required time)
  Source:                 video_inst/inst_dvid/shift_clock_reg[3]/C
                            (rising edge-triggered cell FDRE clocked by clk_out2_clk_wiz_0  {rise@0.000ns fall@4.000ns period=8.000ns})
  Destination:            video_inst/inst_dvid/shift_clock_reg[1]/D
                            (rising edge-triggered cell FDRE clocked by clk_out2_clk_wiz_0  {rise@0.000ns fall@4.000ns period=8.000ns})
  Path Group:             clk_out2_clk_wiz_0
  Path Type:              Hold (Min at Fast Process Corner)
  Requirement:            0.000ns  (clk_out2_clk_wiz_0 rise@0.000ns - clk_out2_clk_wiz_0 rise@0.000ns)
  Data Path Delay:        0.287ns  (logic 0.164ns (57.162%)  route 0.123ns (42.838%))
  Logic Levels:           0  
  Clock Path Skew:        0.000ns (DCD - SCD - CPR)
    Destination Clock Delay (DCD):    0.922ns
    Source Clock Delay      (SCD):    0.649ns
    Clock Pessimism Removal (CPR):    0.273ns

    Location             Delay type                Incr(ns)  Path(ns)    Netlist Resource(s)
  -------------------------------------------------------------------    -------------------
                         (clock clk_out2_clk_wiz_0 rise edge)
                                                      0.000     0.000 r  
    BUFGCTRL_X0Y1        BUFG                         0.000     0.000 r  clk_IBUF_BUFG_inst/O
                         net (fo=133, routed)         0.745     0.745    video_inst/mmcm_adv_inst_display_clocks/inst/clk_in1
    MMCME2_ADV_X1Y0      MMCME2_ADV (Prop_mmcme2_adv_CLKIN1_CLKOUT1)
                                                     -1.683    -0.938 r  video_inst/mmcm_adv_inst_display_clocks/inst/mmcm_adv_inst/CLKOUT1
                         net (fo=1, routed)           0.912    -0.026    video_inst/mmcm_adv_inst_display_clocks/inst/clk_out2_clk_wiz_0
    BUFGCTRL_X0Y0        BUFG (Prop_bufg_I_O)         0.026    -0.000 r  video_inst/mmcm_adv_inst_display_clocks/inst/clkout2_buf/O
                         net (fo=44, routed)          0.649     0.649    video_inst/inst_dvid/clk_out2
    SLICE_X162Y147       FDRE                                         r  video_inst/inst_dvid/shift_clock_reg[3]/C
  -------------------------------------------------------------------    -------------------
    SLICE_X162Y147       FDRE (Prop_fdre_C_Q)         0.164     0.813 r  video_inst/inst_dvid/shift_clock_reg[3]/Q
                         net (fo=2, routed)           0.123     0.936    video_inst/inst_dvid/shift_clock_reg_n_0_[3]
    SLICE_X162Y147       FDRE                                         r  video_inst/inst_dvid/shift_clock_reg[1]/D
  -------------------------------------------------------------------    -------------------

                         (clock clk_out2_clk_wiz_0 rise edge)
                                                      0.000     0.000 r  
    BUFGCTRL_X0Y1        BUFG                         0.000     0.000 r  clk_IBUF_BUFG_inst/O
                         net (fo=133, routed)         1.022     1.022    video_inst/mmcm_adv_inst_display_clocks/inst/clk_in1
    MMCME2_ADV_X1Y0      MMCME2_ADV (Prop_mmcme2_adv_CLKIN1_CLKOUT1)
                                                     -2.040    -1.018 r  video_inst/mmcm_adv_inst_display_clocks/inst/mmcm_adv_inst/CLKOUT1
                         net (fo=1, routed)           0.989    -0.029    video_inst/mmcm_adv_inst_display_clocks/inst/clk_out2_clk_wiz_0
    BUFGCTRL_X0Y0        BUFG (Prop_bufg_I_O)         0.029    -0.000 r  video_inst/mmcm_adv_inst_display_clocks/inst/clkout2_buf/O
                         net (fo=44, routed)          0.922     0.922    video_inst/inst_dvid/clk_out2
    SLICE_X162Y147       FDRE                                         r  video_inst/inst_dvid/shift_clock_reg[1]/C
                         clock pessimism             -0.273     0.649    
    SLICE_X162Y147       FDRE (Hold_fdre_C_D)         0.052     0.701    video_inst/inst_dvid/shift_clock_reg[1]
  -------------------------------------------------------------------
                         required time                         -0.701    
                         arrival time                           0.936    
  -------------------------------------------------------------------
                         slack                                  0.235    

Slack (MET) :             0.235ns  (arrival time - required time)
  Source:                 video_inst/inst_dvid/shift_blue_reg[6]/C
                            (rising edge-triggered cell FDRE clocked by clk_out2_clk_wiz_0  {rise@0.000ns fall@4.000ns period=8.000ns})
  Destination:            video_inst/inst_dvid/shift_blue_reg[4]/D
                            (rising edge-triggered cell FDRE clocked by clk_out2_clk_wiz_0  {rise@0.000ns fall@4.000ns period=8.000ns})
  Path Group:             clk_out2_clk_wiz_0
  Path Type:              Hold (Min at Fast Process Corner)
  Requirement:            0.000ns  (clk_out2_clk_wiz_0 rise@0.000ns - clk_out2_clk_wiz_0 rise@0.000ns)
  Data Path Delay:        0.342ns  (logic 0.183ns (53.493%)  route 0.159ns (46.507%))
  Logic Levels:           1  (LUT3=1)
  Clock Path Skew:        0.000ns (DCD - SCD - CPR)
    Destination Clock Delay (DCD):    0.913ns
    Source Clock Delay      (SCD):    0.642ns
    Clock Pessimism Removal (CPR):    0.271ns

    Location             Delay type                Incr(ns)  Path(ns)    Netlist Resource(s)
  -------------------------------------------------------------------    -------------------
                         (clock clk_out2_clk_wiz_0 rise edge)
                                                      0.000     0.000 r  
    BUFGCTRL_X0Y1        BUFG                         0.000     0.000 r  clk_IBUF_BUFG_inst/O
                         net (fo=133, routed)         0.745     0.745    video_inst/mmcm_adv_inst_display_clocks/inst/clk_in1
    MMCME2_ADV_X1Y0      MMCME2_ADV (Prop_mmcme2_adv_CLKIN1_CLKOUT1)
                                                     -1.683    -0.938 r  video_inst/mmcm_adv_inst_display_clocks/inst/mmcm_adv_inst/CLKOUT1
                         net (fo=1, routed)           0.912    -0.026    video_inst/mmcm_adv_inst_display_clocks/inst/clk_out2_clk_wiz_0
    BUFGCTRL_X0Y0        BUFG (Prop_bufg_I_O)         0.026    -0.000 r  video_inst/mmcm_adv_inst_display_clocks/inst/clkout2_buf/O
                         net (fo=44, routed)          0.642     0.642    video_inst/inst_dvid/clk_out2
    SLICE_X161Y132       FDRE                                         r  video_inst/inst_dvid/shift_blue_reg[6]/C
  -------------------------------------------------------------------    -------------------
    SLICE_X161Y132       FDRE (Prop_fdre_C_Q)         0.141     0.783 r  video_inst/inst_dvid/shift_blue_reg[6]/Q
                         net (fo=1, routed)           0.159     0.942    video_inst/inst_dvid/shift_blue[6]
    SLICE_X161Y132       LUT3 (Prop_lut3_I0_O)        0.042     0.984 r  video_inst/inst_dvid/shift_blue[4]_i_1/O
                         net (fo=1, routed)           0.000     0.984    video_inst/inst_dvid/shift_blue_0[4]
    SLICE_X161Y132       FDRE                                         r  video_inst/inst_dvid/shift_blue_reg[4]/D
  -------------------------------------------------------------------    -------------------

                         (clock clk_out2_clk_wiz_0 rise edge)
                                                      0.000     0.000 r  
    BUFGCTRL_X0Y1        BUFG                         0.000     0.000 r  clk_IBUF_BUFG_inst/O
                         net (fo=133, routed)         1.022     1.022    video_inst/mmcm_adv_inst_display_clocks/inst/clk_in1
    MMCME2_ADV_X1Y0      MMCME2_ADV (Prop_mmcme2_adv_CLKIN1_CLKOUT1)
                                                     -2.040    -1.018 r  video_inst/mmcm_adv_inst_display_clocks/inst/mmcm_adv_inst/CLKOUT1
                         net (fo=1, routed)           0.989    -0.029    video_inst/mmcm_adv_inst_display_clocks/inst/clk_out2_clk_wiz_0
    BUFGCTRL_X0Y0        BUFG (Prop_bufg_I_O)         0.029    -0.000 r  video_inst/mmcm_adv_inst_display_clocks/inst/clkout2_buf/O
                         net (fo=44, routed)          0.913     0.913    video_inst/inst_dvid/clk_out2
    SLICE_X161Y132       FDRE                                         r  video_inst/inst_dvid/shift_blue_reg[4]/C
                         clock pessimism             -0.271     0.642    
    SLICE_X161Y132       FDRE (Hold_fdre_C_D)         0.107     0.749    video_inst/inst_dvid/shift_blue_reg[4]
  -------------------------------------------------------------------
                         required time                         -0.749    
                         arrival time                           0.984    
  -------------------------------------------------------------------
                         slack                                  0.235    

Slack (MET) :             0.277ns  (arrival time - required time)
  Source:                 video_inst/inst_dvid/shift_blue_reg[9]/C
                            (rising edge-triggered cell FDRE clocked by clk_out2_clk_wiz_0  {rise@0.000ns fall@4.000ns period=8.000ns})
  Destination:            video_inst/inst_dvid/shift_blue_reg[7]/D
                            (rising edge-triggered cell FDRE clocked by clk_out2_clk_wiz_0  {rise@0.000ns fall@4.000ns period=8.000ns})
  Path Group:             clk_out2_clk_wiz_0
  Path Type:              Hold (Min at Fast Process Corner)
  Requirement:            0.000ns  (clk_out2_clk_wiz_0 rise@0.000ns - clk_out2_clk_wiz_0 rise@0.000ns)
  Data Path Delay:        0.397ns  (logic 0.183ns (46.096%)  route 0.214ns (53.904%))
  Logic Levels:           1  (LUT3=1)
  Clock Path Skew:        0.013ns (DCD - SCD - CPR)
    Destination Clock Delay (DCD):    0.913ns
    Source Clock Delay      (SCD):    0.642ns
    Clock Pessimism Removal (CPR):    0.258ns

    Location             Delay type                Incr(ns)  Path(ns)    Netlist Resource(s)
  -------------------------------------------------------------------    -------------------
                         (clock clk_out2_clk_wiz_0 rise edge)
                                                      0.000     0.000 r  
    BUFGCTRL_X0Y1        BUFG                         0.000     0.000 r  clk_IBUF_BUFG_inst/O
                         net (fo=133, routed)         0.745     0.745    video_inst/mmcm_adv_inst_display_clocks/inst/clk_in1
    MMCME2_ADV_X1Y0      MMCME2_ADV (Prop_mmcme2_adv_CLKIN1_CLKOUT1)
                                                     -1.683    -0.938 r  video_inst/mmcm_adv_inst_display_clocks/inst/mmcm_adv_inst/CLKOUT1
                         net (fo=1, routed)           0.912    -0.026    video_inst/mmcm_adv_inst_display_clocks/inst/clk_out2_clk_wiz_0
    BUFGCTRL_X0Y0        BUFG (Prop_bufg_I_O)         0.026    -0.000 r  video_inst/mmcm_adv_inst_display_clocks/inst/clkout2_buf/O
                         net (fo=44, routed)          0.642     0.642    video_inst/inst_dvid/clk_out2
    SLICE_X160Y132       FDRE                                         r  video_inst/inst_dvid/shift_blue_reg[9]/C
  -------------------------------------------------------------------    -------------------
    SLICE_X160Y132       FDRE (Prop_fdre_C_Q)         0.141     0.783 r  video_inst/inst_dvid/shift_blue_reg[9]/Q
                         net (fo=1, routed)           0.214     0.997    video_inst/inst_dvid/shift_blue[9]
    SLICE_X161Y132       LUT3 (Prop_lut3_I0_O)        0.042     1.039 r  video_inst/inst_dvid/shift_blue[7]_i_1/O
                         net (fo=1, routed)           0.000     1.039    video_inst/inst_dvid/shift_blue_0[7]
    SLICE_X161Y132       FDRE                                         r  video_inst/inst_dvid/shift_blue_reg[7]/D
  -------------------------------------------------------------------    -------------------

                         (clock clk_out2_clk_wiz_0 rise edge)
                                                      0.000     0.000 r  
    BUFGCTRL_X0Y1        BUFG                         0.000     0.000 r  clk_IBUF_BUFG_inst/O
                         net (fo=133, routed)         1.022     1.022    video_inst/mmcm_adv_inst_display_clocks/inst/clk_in1
    MMCME2_ADV_X1Y0      MMCME2_ADV (Prop_mmcme2_adv_CLKIN1_CLKOUT1)
                                                     -2.040    -1.018 r  video_inst/mmcm_adv_inst_display_clocks/inst/mmcm_adv_inst/CLKOUT1
                         net (fo=1, routed)           0.989    -0.029    video_inst/mmcm_adv_inst_display_clocks/inst/clk_out2_clk_wiz_0
    BUFGCTRL_X0Y0        BUFG (Prop_bufg_I_O)         0.029    -0.000 r  video_inst/mmcm_adv_inst_display_clocks/inst/clkout2_buf/O
                         net (fo=44, routed)          0.913     0.913    video_inst/inst_dvid/clk_out2
    SLICE_X161Y132       FDRE                                         r  video_inst/inst_dvid/shift_blue_reg[7]/C
                         clock pessimism             -0.258     0.655    
    SLICE_X161Y132       FDRE (Hold_fdre_C_D)         0.107     0.762    video_inst/inst_dvid/shift_blue_reg[7]
  -------------------------------------------------------------------
                         required time                         -0.762    
                         arrival time                           1.039    
  -------------------------------------------------------------------
                         slack                                  0.277    

Slack (MET) :             0.283ns  (arrival time - required time)
  Source:                 video_inst/inst_dvid/shift_green_reg[4]/C
                            (rising edge-triggered cell FDRE clocked by clk_out2_clk_wiz_0  {rise@0.000ns fall@4.000ns period=8.000ns})
  Destination:            video_inst/inst_dvid/shift_green_reg[2]/D
                            (rising edge-triggered cell FDRE clocked by clk_out2_clk_wiz_0  {rise@0.000ns fall@4.000ns period=8.000ns})
  Path Group:             clk_out2_clk_wiz_0
  Path Type:              Hold (Min at Fast Process Corner)
  Requirement:            0.000ns  (clk_out2_clk_wiz_0 rise@0.000ns - clk_out2_clk_wiz_0 rise@0.000ns)
  Data Path Delay:        0.406ns  (logic 0.184ns (45.321%)  route 0.222ns (54.679%))
  Logic Levels:           1  (LUT3=1)
  Clock Path Skew:        0.016ns (DCD - SCD - CPR)
    Destination Clock Delay (DCD):    0.916ns
    Source Clock Delay      (SCD):    0.643ns
    Clock Pessimism Removal (CPR):    0.257ns

    Location             Delay type                Incr(ns)  Path(ns)    Netlist Resource(s)
  -------------------------------------------------------------------    -------------------
                         (clock clk_out2_clk_wiz_0 rise edge)
                                                      0.000     0.000 r  
    BUFGCTRL_X0Y1        BUFG                         0.000     0.000 r  clk_IBUF_BUFG_inst/O
                         net (fo=133, routed)         0.745     0.745    video_inst/mmcm_adv_inst_display_clocks/inst/clk_in1
    MMCME2_ADV_X1Y0      MMCME2_ADV (Prop_mmcme2_adv_CLKIN1_CLKOUT1)
                                                     -1.683    -0.938 r  video_inst/mmcm_adv_inst_display_clocks/inst/mmcm_adv_inst/CLKOUT1
                         net (fo=1, routed)           0.912    -0.026    video_inst/mmcm_adv_inst_display_clocks/inst/clk_out2_clk_wiz_0
    BUFGCTRL_X0Y0        BUFG (Prop_bufg_I_O)         0.026    -0.000 r  video_inst/mmcm_adv_inst_display_clocks/inst/clkout2_buf/O
                         net (fo=44, routed)          0.643     0.643    video_inst/inst_dvid/clk_out2
    SLICE_X160Y133       FDRE                                         r  video_inst/inst_dvid/shift_green_reg[4]/C
  -------------------------------------------------------------------    -------------------
    SLICE_X160Y133       FDRE (Prop_fdre_C_Q)         0.141     0.784 r  video_inst/inst_dvid/shift_green_reg[4]/Q
                         net (fo=1, routed)           0.222     1.006    video_inst/inst_dvid/shift_green[4]
    SLICE_X160Y135       LUT3 (Prop_lut3_I0_O)        0.043     1.049 r  video_inst/inst_dvid/shift_green[2]_i_1/O
                         net (fo=1, routed)           0.000     1.049    video_inst/inst_dvid/shift_green_1[2]
    SLICE_X160Y135       FDRE                                         r  video_inst/inst_dvid/shift_green_reg[2]/D
  -------------------------------------------------------------------    -------------------

                         (clock clk_out2_clk_wiz_0 rise edge)
                                                      0.000     0.000 r  
    BUFGCTRL_X0Y1        BUFG                         0.000     0.000 r  clk_IBUF_BUFG_inst/O
                         net (fo=133, routed)         1.022     1.022    video_inst/mmcm_adv_inst_display_clocks/inst/clk_in1
    MMCME2_ADV_X1Y0      MMCME2_ADV (Prop_mmcme2_adv_CLKIN1_CLKOUT1)
                                                     -2.040    -1.018 r  video_inst/mmcm_adv_inst_display_clocks/inst/mmcm_adv_inst/CLKOUT1
                         net (fo=1, routed)           0.989    -0.029    video_inst/mmcm_adv_inst_display_clocks/inst/clk_out2_clk_wiz_0
    BUFGCTRL_X0Y0        BUFG (Prop_bufg_I_O)         0.029    -0.000 r  video_inst/mmcm_adv_inst_display_clocks/inst/clkout2_buf/O
                         net (fo=44, routed)          0.916     0.916    video_inst/inst_dvid/clk_out2
    SLICE_X160Y135       FDRE                                         r  video_inst/inst_dvid/shift_green_reg[2]/C
                         clock pessimism             -0.257     0.659    
    SLICE_X160Y135       FDRE (Hold_fdre_C_D)         0.107     0.766    video_inst/inst_dvid/shift_green_reg[2]
  -------------------------------------------------------------------
                         required time                         -0.766    
                         arrival time                           1.049    
  -------------------------------------------------------------------
                         slack                                  0.283    

Slack (MET) :             0.287ns  (arrival time - required time)
  Source:                 video_inst/inst_dvid/shift_green_reg[8]/C
                            (rising edge-triggered cell FDRE clocked by clk_out2_clk_wiz_0  {rise@0.000ns fall@4.000ns period=8.000ns})
  Destination:            video_inst/inst_dvid/shift_green_reg[6]/D
                            (rising edge-triggered cell FDRE clocked by clk_out2_clk_wiz_0  {rise@0.000ns fall@4.000ns period=8.000ns})
  Path Group:             clk_out2_clk_wiz_0
  Path Type:              Hold (Min at Fast Process Corner)
  Requirement:            0.000ns  (clk_out2_clk_wiz_0 rise@0.000ns - clk_out2_clk_wiz_0 rise@0.000ns)
  Data Path Delay:        0.409ns  (logic 0.183ns (44.750%)  route 0.226ns (55.250%))
  Logic Levels:           1  (LUT3=1)
  Clock Path Skew:        0.015ns (DCD - SCD - CPR)
    Destination Clock Delay (DCD):    0.914ns
    Source Clock Delay      (SCD):    0.642ns
    Clock Pessimism Removal (CPR):    0.257ns

    Location             Delay type                Incr(ns)  Path(ns)    Netlist Resource(s)
  -------------------------------------------------------------------    -------------------
                         (clock clk_out2_clk_wiz_0 rise edge)
                                                      0.000     0.000 r  
    BUFGCTRL_X0Y1        BUFG                         0.000     0.000 r  clk_IBUF_BUFG_inst/O
                         net (fo=133, routed)         0.745     0.745    video_inst/mmcm_adv_inst_display_clocks/inst/clk_in1
    MMCME2_ADV_X1Y0      MMCME2_ADV (Prop_mmcme2_adv_CLKIN1_CLKOUT1)
                                                     -1.683    -0.938 r  video_inst/mmcm_adv_inst_display_clocks/inst/mmcm_adv_inst/CLKOUT1
                         net (fo=1, routed)           0.912    -0.026    video_inst/mmcm_adv_inst_display_clocks/inst/clk_out2_clk_wiz_0
    BUFGCTRL_X0Y0        BUFG (Prop_bufg_I_O)         0.026    -0.000 r  video_inst/mmcm_adv_inst_display_clocks/inst/clkout2_buf/O
                         net (fo=44, routed)          0.642     0.642    video_inst/inst_dvid/clk_out2
    SLICE_X160Y132       FDRE                                         r  video_inst/inst_dvid/shift_green_reg[8]/C
  -------------------------------------------------------------------    -------------------
    SLICE_X160Y132       FDRE (Prop_fdre_C_Q)         0.141     0.783 r  video_inst/inst_dvid/shift_green_reg[8]/Q
                         net (fo=1, routed)           0.226     1.009    video_inst/inst_dvid/shift_green[8]
    SLICE_X160Y133       LUT3 (Prop_lut3_I0_O)        0.042     1.051 r  video_inst/inst_dvid/shift_green[6]_i_1/O
                         net (fo=1, routed)           0.000     1.051    video_inst/inst_dvid/shift_green_1[6]
    SLICE_X160Y133       FDRE                                         r  video_inst/inst_dvid/shift_green_reg[6]/D
  -------------------------------------------------------------------    -------------------

                         (clock clk_out2_clk_wiz_0 rise edge)
                                                      0.000     0.000 r  
    BUFGCTRL_X0Y1        BUFG                         0.000     0.000 r  clk_IBUF_BUFG_inst/O
                         net (fo=133, routed)         1.022     1.022    video_inst/mmcm_adv_inst_display_clocks/inst/clk_in1
    MMCME2_ADV_X1Y0      MMCME2_ADV (Prop_mmcme2_adv_CLKIN1_CLKOUT1)
                                                     -2.040    -1.018 r  video_inst/mmcm_adv_inst_display_clocks/inst/mmcm_adv_inst/CLKOUT1
                         net (fo=1, routed)           0.989    -0.029    video_inst/mmcm_adv_inst_display_clocks/inst/clk_out2_clk_wiz_0
    BUFGCTRL_X0Y0        BUFG (Prop_bufg_I_O)         0.029    -0.000 r  video_inst/mmcm_adv_inst_display_clocks/inst/clkout2_buf/O
                         net (fo=44, routed)          0.914     0.914    video_inst/inst_dvid/clk_out2
    SLICE_X160Y133       FDRE                                         r  video_inst/inst_dvid/shift_green_reg[6]/C
                         clock pessimism             -0.257     0.657    
    SLICE_X160Y133       FDRE (Hold_fdre_C_D)         0.107     0.764    video_inst/inst_dvid/shift_green_reg[6]
  -------------------------------------------------------------------
                         required time                         -0.764    
                         arrival time                           1.051    
  -------------------------------------------------------------------
                         slack                                  0.287    

Slack (MET) :             0.301ns  (arrival time - required time)
  Source:                 video_inst/inst_dvid/shift_clock_reg[5]/C
                            (rising edge-triggered cell FDRE clocked by clk_out2_clk_wiz_0  {rise@0.000ns fall@4.000ns period=8.000ns})
  Destination:            video_inst/inst_dvid/shift_clock_reg[3]/D
                            (rising edge-triggered cell FDRE clocked by clk_out2_clk_wiz_0  {rise@0.000ns fall@4.000ns period=8.000ns})
  Path Group:             clk_out2_clk_wiz_0
  Path Type:              Hold (Min at Fast Process Corner)
  Requirement:            0.000ns  (clk_out2_clk_wiz_0 rise@0.000ns - clk_out2_clk_wiz_0 rise@0.000ns)
  Data Path Delay:        0.377ns  (logic 0.141ns (37.405%)  route 0.236ns (62.595%))
  Logic Levels:           0  
  Clock Path Skew:        0.013ns (DCD - SCD - CPR)
    Destination Clock Delay (DCD):    0.922ns
    Source Clock Delay      (SCD):    0.649ns
    Clock Pessimism Removal (CPR):    0.260ns

    Location             Delay type                Incr(ns)  Path(ns)    Netlist Resource(s)
  -------------------------------------------------------------------    -------------------
                         (clock clk_out2_clk_wiz_0 rise edge)
                                                      0.000     0.000 r  
    BUFGCTRL_X0Y1        BUFG                         0.000     0.000 r  clk_IBUF_BUFG_inst/O
                         net (fo=133, routed)         0.745     0.745    video_inst/mmcm_adv_inst_display_clocks/inst/clk_in1
    MMCME2_ADV_X1Y0      MMCME2_ADV (Prop_mmcme2_adv_CLKIN1_CLKOUT1)
                                                     -1.683    -0.938 r  video_inst/mmcm_adv_inst_display_clocks/inst/mmcm_adv_inst/CLKOUT1
                         net (fo=1, routed)           0.912    -0.026    video_inst/mmcm_adv_inst_display_clocks/inst/clk_out2_clk_wiz_0
    BUFGCTRL_X0Y0        BUFG (Prop_bufg_I_O)         0.026    -0.000 r  video_inst/mmcm_adv_inst_display_clocks/inst/clkout2_buf/O
                         net (fo=44, routed)          0.649     0.649    video_inst/inst_dvid/clk_out2
    SLICE_X163Y147       FDRE                                         r  video_inst/inst_dvid/shift_clock_reg[5]/C
  -------------------------------------------------------------------    -------------------
    SLICE_X163Y147       FDRE (Prop_fdre_C_Q)         0.141     0.790 r  video_inst/inst_dvid/shift_clock_reg[5]/Q
                         net (fo=2, routed)           0.236     1.026    video_inst/inst_dvid/shift_clock_reg_n_0_[5]
    SLICE_X162Y147       FDRE                                         r  video_inst/inst_dvid/shift_clock_reg[3]/D
  -------------------------------------------------------------------    -------------------

                         (clock clk_out2_clk_wiz_0 rise edge)
                                                      0.000     0.000 r  
    BUFGCTRL_X0Y1        BUFG                         0.000     0.000 r  clk_IBUF_BUFG_inst/O
                         net (fo=133, routed)         1.022     1.022    video_inst/mmcm_adv_inst_display_clocks/inst/clk_in1
    MMCME2_ADV_X1Y0      MMCME2_ADV (Prop_mmcme2_adv_CLKIN1_CLKOUT1)
                                                     -2.040    -1.018 r  video_inst/mmcm_adv_inst_display_clocks/inst/mmcm_adv_inst/CLKOUT1
                         net (fo=1, routed)           0.989    -0.029    video_inst/mmcm_adv_inst_display_clocks/inst/clk_out2_clk_wiz_0
    BUFGCTRL_X0Y0        BUFG (Prop_bufg_I_O)         0.029    -0.000 r  video_inst/mmcm_adv_inst_display_clocks/inst/clkout2_buf/O
                         net (fo=44, routed)          0.922     0.922    video_inst/inst_dvid/clk_out2
    SLICE_X162Y147       FDRE                                         r  video_inst/inst_dvid/shift_clock_reg[3]/C
                         clock pessimism             -0.260     0.662    
    SLICE_X162Y147       FDRE (Hold_fdre_C_D)         0.063     0.725    video_inst/inst_dvid/shift_clock_reg[3]
  -------------------------------------------------------------------
                         required time                         -0.725    
                         arrival time                           1.026    
  -------------------------------------------------------------------
                         slack                                  0.301    

Slack (MET) :             0.308ns  (arrival time - required time)
  Source:                 video_inst/inst_dvid/shift_blue_reg[8]/C
                            (rising edge-triggered cell FDRE clocked by clk_out2_clk_wiz_0  {rise@0.000ns fall@4.000ns period=8.000ns})
  Destination:            video_inst/inst_dvid/shift_blue_reg[6]/D
                            (rising edge-triggered cell FDRE clocked by clk_out2_clk_wiz_0  {rise@0.000ns fall@4.000ns period=8.000ns})
  Path Group:             clk_out2_clk_wiz_0
  Path Type:              Hold (Min at Fast Process Corner)
  Requirement:            0.000ns  (clk_out2_clk_wiz_0 rise@0.000ns - clk_out2_clk_wiz_0 rise@0.000ns)
  Data Path Delay:        0.413ns  (logic 0.186ns (45.071%)  route 0.227ns (54.929%))
  Logic Levels:           1  (LUT3=1)
  Clock Path Skew:        0.013ns (DCD - SCD - CPR)
    Destination Clock Delay (DCD):    0.913ns
    Source Clock Delay      (SCD):    0.642ns
    Clock Pessimism Removal (CPR):    0.258ns

    Location             Delay type                Incr(ns)  Path(ns)    Netlist Resource(s)
  -------------------------------------------------------------------    -------------------
                         (clock clk_out2_clk_wiz_0 rise edge)
                                                      0.000     0.000 r  
    BUFGCTRL_X0Y1        BUFG                         0.000     0.000 r  clk_IBUF_BUFG_inst/O
                         net (fo=133, routed)         0.745     0.745    video_inst/mmcm_adv_inst_display_clocks/inst/clk_in1
    MMCME2_ADV_X1Y0      MMCME2_ADV (Prop_mmcme2_adv_CLKIN1_CLKOUT1)
                                                     -1.683    -0.938 r  video_inst/mmcm_adv_inst_display_clocks/inst/mmcm_adv_inst/CLKOUT1
                         net (fo=1, routed)           0.912    -0.026    video_inst/mmcm_adv_inst_display_clocks/inst/clk_out2_clk_wiz_0
    BUFGCTRL_X0Y0        BUFG (Prop_bufg_I_O)         0.026    -0.000 r  video_inst/mmcm_adv_inst_display_clocks/inst/clkout2_buf/O
                         net (fo=44, routed)          0.642     0.642    video_inst/inst_dvid/clk_out2
    SLICE_X160Y132       FDRE                                         r  video_inst/inst_dvid/shift_blue_reg[8]/C
  -------------------------------------------------------------------    -------------------
    SLICE_X160Y132       FDRE (Prop_fdre_C_Q)         0.141     0.783 r  video_inst/inst_dvid/shift_blue_reg[8]/Q
                         net (fo=1, routed)           0.227     1.009    video_inst/inst_dvid/shift_blue[8]
    SLICE_X161Y132       LUT3 (Prop_lut3_I0_O)        0.045     1.054 r  video_inst/inst_dvid/shift_blue[6]_i_1/O
                         net (fo=1, routed)           0.000     1.054    video_inst/inst_dvid/shift_blue_0[6]
    SLICE_X161Y132       FDRE                                         r  video_inst/inst_dvid/shift_blue_reg[6]/D
  -------------------------------------------------------------------    -------------------

                         (clock clk_out2_clk_wiz_0 rise edge)
                                                      0.000     0.000 r  
    BUFGCTRL_X0Y1        BUFG                         0.000     0.000 r  clk_IBUF_BUFG_inst/O
                         net (fo=133, routed)         1.022     1.022    video_inst/mmcm_adv_inst_display_clocks/inst/clk_in1
    MMCME2_ADV_X1Y0      MMCME2_ADV (Prop_mmcme2_adv_CLKIN1_CLKOUT1)
                                                     -2.040    -1.018 r  video_inst/mmcm_adv_inst_display_clocks/inst/mmcm_adv_inst/CLKOUT1
                         net (fo=1, routed)           0.989    -0.029    video_inst/mmcm_adv_inst_display_clocks/inst/clk_out2_clk_wiz_0
    BUFGCTRL_X0Y0        BUFG (Prop_bufg_I_O)         0.029    -0.000 r  video_inst/mmcm_adv_inst_display_clocks/inst/clkout2_buf/O
                         net (fo=44, routed)          0.913     0.913    video_inst/inst_dvid/clk_out2
    SLICE_X161Y132       FDRE                                         r  video_inst/inst_dvid/shift_blue_reg[6]/C
                         clock pessimism             -0.258     0.655    
    SLICE_X161Y132       FDRE (Hold_fdre_C_D)         0.092     0.747    video_inst/inst_dvid/shift_blue_reg[6]
  -------------------------------------------------------------------
                         required time                         -0.747    
                         arrival time                           1.054    
  -------------------------------------------------------------------
                         slack                                  0.308    





Pulse Width Checks
--------------------------------------------------------------------------------------
Clock Name:         clk_out2_clk_wiz_0
Waveform(ns):       { 0.000 4.000 }
Period(ns):         8.000
Sources:            { video_inst/mmcm_adv_inst_display_clocks/inst/mmcm_adv_inst/CLKOUT1 }

Check Type        Corner  Lib Pin             Reference Pin  Required(ns)  Actual(ns)  Slack(ns)  Location         Pin
Min Period        n/a     BUFG/I              n/a            2.155         8.000       5.845      BUFGCTRL_X0Y0    video_inst/mmcm_adv_inst_display_clocks/inst/clkout2_buf/I
Min Period        n/a     ODDR/C              n/a            1.474         8.000       6.526      OLOGIC_X1Y140    video_inst/inst_dvid/ODDR2_blue/C
Min Period        n/a     ODDR/C              n/a            1.474         8.000       6.526      OLOGIC_X1Y148    video_inst/inst_dvid/ODDR2_clock/C
Min Period        n/a     ODDR/C              n/a            1.474         8.000       6.526      OLOGIC_X1Y136    video_inst/inst_dvid/ODDR2_green/C
Min Period        n/a     ODDR/C              n/a            1.474         8.000       6.526      OLOGIC_X1Y134    video_inst/inst_dvid/ODDR2_red/C
Min Period        n/a     MMCME2_ADV/CLKOUT1  n/a            1.249         8.000       6.751      MMCME2_ADV_X1Y0  video_inst/mmcm_adv_inst_display_clocks/inst/mmcm_adv_inst/CLKOUT1
Min Period        n/a     FDRE/C              n/a            1.000         8.000       7.000      SLICE_X161Y132   video_inst/inst_dvid/shift_blue_reg[0]/C
Min Period        n/a     FDRE/C              n/a            1.000         8.000       7.000      SLICE_X161Y132   video_inst/inst_dvid/shift_blue_reg[1]/C
Min Period        n/a     FDRE/C              n/a            1.000         8.000       7.000      SLICE_X161Y132   video_inst/inst_dvid/shift_blue_reg[2]/C
Min Period        n/a     FDRE/C              n/a            1.000         8.000       7.000      SLICE_X161Y132   video_inst/inst_dvid/shift_blue_reg[3]/C
Max Period        n/a     MMCME2_ADV/CLKOUT1  n/a            213.360       8.000       205.360    MMCME2_ADV_X1Y0  video_inst/mmcm_adv_inst_display_clocks/inst/mmcm_adv_inst/CLKOUT1
Low Pulse Width   Slow    FDRE/C              n/a            0.500         4.000       3.500      SLICE_X161Y132   video_inst/inst_dvid/shift_blue_reg[0]/C
Low Pulse Width   Fast    FDRE/C              n/a            0.500         4.000       3.500      SLICE_X161Y132   video_inst/inst_dvid/shift_blue_reg[0]/C
Low Pulse Width   Slow    FDRE/C              n/a            0.500         4.000       3.500      SLICE_X161Y132   video_inst/inst_dvid/shift_blue_reg[1]/C
Low Pulse Width   Fast    FDRE/C              n/a            0.500         4.000       3.500      SLICE_X161Y132   video_inst/inst_dvid/shift_blue_reg[1]/C
Low Pulse Width   Slow    FDRE/C              n/a            0.500         4.000       3.500      SLICE_X161Y132   video_inst/inst_dvid/shift_blue_reg[2]/C
Low Pulse Width   Fast    FDRE/C              n/a            0.500         4.000       3.500      SLICE_X161Y132   video_inst/inst_dvid/shift_blue_reg[2]/C
Low Pulse Width   Slow    FDRE/C              n/a            0.500         4.000       3.500      SLICE_X161Y132   video_inst/inst_dvid/shift_blue_reg[3]/C
Low Pulse Width   Fast    FDRE/C              n/a            0.500         4.000       3.500      SLICE_X161Y132   video_inst/inst_dvid/shift_blue_reg[3]/C
Low Pulse Width   Slow    FDRE/C              n/a            0.500         4.000       3.500      SLICE_X161Y132   video_inst/inst_dvid/shift_blue_reg[4]/C
Low Pulse Width   Fast    FDRE/C              n/a            0.500         4.000       3.500      SLICE_X161Y132   video_inst/inst_dvid/shift_blue_reg[4]/C
High Pulse Width  Slow    FDRE/C              n/a            0.500         4.000       3.500      SLICE_X161Y132   video_inst/inst_dvid/shift_blue_reg[0]/C
High Pulse Width  Fast    FDRE/C              n/a            0.500         4.000       3.500      SLICE_X161Y132   video_inst/inst_dvid/shift_blue_reg[0]/C
High Pulse Width  Slow    FDRE/C              n/a            0.500         4.000       3.500      SLICE_X161Y132   video_inst/inst_dvid/shift_blue_reg[1]/C
High Pulse Width  Fast    FDRE/C              n/a            0.500         4.000       3.500      SLICE_X161Y132   video_inst/inst_dvid/shift_blue_reg[1]/C
High Pulse Width  Slow    FDRE/C              n/a            0.500         4.000       3.500      SLICE_X161Y132   video_inst/inst_dvid/shift_blue_reg[2]/C
High Pulse Width  Fast    FDRE/C              n/a            0.500         4.000       3.500      SLICE_X161Y132   video_inst/inst_dvid/shift_blue_reg[2]/C
High Pulse Width  Slow    FDRE/C              n/a            0.500         4.000       3.500      SLICE_X161Y132   video_inst/inst_dvid/shift_blue_reg[3]/C
High Pulse Width  Fast    FDRE/C              n/a            0.500         4.000       3.500      SLICE_X161Y132   video_inst/inst_dvid/shift_blue_reg[3]/C
High Pulse Width  Slow    FDRE/C              n/a            0.500         4.000       3.500      SLICE_X161Y132   video_inst/inst_dvid/shift_blue_reg[4]/C
High Pulse Width  Fast    FDRE/C              n/a            0.500         4.000       3.500      SLICE_X161Y132   video_inst/inst_dvid/shift_blue_reg[4]/C



---------------------------------------------------------------------------------------------------
From Clock:  clkfbout_clk_wiz_0
  To Clock:  clkfbout_clk_wiz_0

Setup :           NA  Failing Endpoints,  Worst Slack           NA  ,  Total Violation           NA
Hold  :           NA  Failing Endpoints,  Worst Slack           NA  ,  Total Violation           NA
PW    :            0  Failing Endpoints,  Worst Slack        7.845ns,  Total Violation        0.000ns
---------------------------------------------------------------------------------------------------


Pulse Width Checks
--------------------------------------------------------------------------------------
Clock Name:         clkfbout_clk_wiz_0
Waveform(ns):       { 0.000 5.000 }
Period(ns):         10.000
Sources:            { video_inst/mmcm_adv_inst_display_clocks/inst/mmcm_adv_inst/CLKFBOUT }

Check Type  Corner  Lib Pin              Reference Pin  Required(ns)  Actual(ns)  Slack(ns)  Location         Pin
Min Period  n/a     BUFG/I               n/a            2.155         10.000      7.845      BUFGCTRL_X0Y4    video_inst/mmcm_adv_inst_display_clocks/inst/clkf_buf/I
Min Period  n/a     MMCME2_ADV/CLKFBOUT  n/a            1.249         10.000      8.751      MMCME2_ADV_X1Y0  video_inst/mmcm_adv_inst_display_clocks/inst/mmcm_adv_inst/CLKFBOUT
Min Period  n/a     MMCME2_ADV/CLKFBIN   n/a            1.249         10.000      8.751      MMCME2_ADV_X1Y0  video_inst/mmcm_adv_inst_display_clocks/inst/mmcm_adv_inst/CLKFBIN
Max Period  n/a     MMCME2_ADV/CLKFBIN   n/a            100.000       10.000      90.000     MMCME2_ADV_X1Y0  video_inst/mmcm_adv_inst_display_clocks/inst/mmcm_adv_inst/CLKFBIN
Max Period  n/a     MMCME2_ADV/CLKFBOUT  n/a            213.360       10.000      203.360    MMCME2_ADV_X1Y0  video_inst/mmcm_adv_inst_display_clocks/inst/mmcm_adv_inst/CLKFBOUT



---------------------------------------------------------------------------------------------------
From Clock:  clk_out1_clk_wiz_0
  To Clock:  clk_out2_clk_wiz_0

Setup :            0  Failing Endpoints,  Worst Slack        4.654ns,  Total Violation        0.000ns
Hold  :            0  Failing Endpoints,  Worst Slack        0.156ns,  Total Violation        0.000ns
---------------------------------------------------------------------------------------------------


Max Delay Paths
--------------------------------------------------------------------------------------
Slack (MET) :             4.654ns  (required time - arrival time)
  Source:                 video_inst/inst_dvid/latched_red_reg[0]/C
                            (rising edge-triggered cell FDRE clocked by clk_out1_clk_wiz_0  {rise@0.000ns fall@20.000ns period=40.000ns})
  Destination:            video_inst/inst_dvid/shift_red_reg[0]/D
                            (rising edge-triggered cell FDRE clocked by clk_out2_clk_wiz_0  {rise@0.000ns fall@4.000ns period=8.000ns})
  Path Group:             clk_out2_clk_wiz_0
  Path Type:              Setup (Max at Slow Process Corner)
  Requirement:            8.000ns  (clk_out2_clk_wiz_0 rise@8.000ns - clk_out1_clk_wiz_0 rise@0.000ns)
  Data Path Delay:        2.964ns  (logic 0.779ns (26.282%)  route 2.185ns (73.718%))
  Logic Levels:           1  (LUT3=1)
  Clock Path Skew:        -0.244ns (DCD - SCD + CPR)
    Destination Clock Delay (DCD):    1.705ns = ( 9.705 - 8.000 ) 
    Source Clock Delay      (SCD):    1.821ns
    Clock Pessimism Removal (CPR):    -0.128ns
  Clock Uncertainty:      0.215ns  ((TSJ^2 + DJ^2)^1/2) / 2 + PE
    Total System Jitter     (TSJ):    0.071ns
    Discrete Jitter          (DJ):    0.175ns
    Phase Error              (PE):    0.120ns

    Location             Delay type                Incr(ns)  Path(ns)    Netlist Resource(s)
  -------------------------------------------------------------------    -------------------
                         (clock clk_out1_clk_wiz_0 rise edge)
                                                      0.000     0.000 r  
    BUFGCTRL_X0Y1        BUFG                         0.000     0.000 r  clk_IBUF_BUFG_inst/O
                         net (fo=133, routed)         2.106     2.106    video_inst/mmcm_adv_inst_display_clocks/inst/clk_in1
    MMCME2_ADV_X1Y0      MMCME2_ADV (Prop_mmcme2_adv_CLKIN1_CLKOUT0)
                                                     -4.900    -2.793 r  video_inst/mmcm_adv_inst_display_clocks/inst/mmcm_adv_inst/CLKOUT0
                         net (fo=1, routed)           2.697    -0.096    video_inst/mmcm_adv_inst_display_clocks/inst/clk_out1_clk_wiz_0
    BUFGCTRL_X0Y2        BUFG (Prop_bufg_I_O)         0.096    -0.000 r  video_inst/mmcm_adv_inst_display_clocks/inst/clkout1_buf/O
                         net (fo=76, routed)          1.821     1.821    video_inst/inst_dvid/clk_out1
    SLICE_X158Y132       FDRE                                         r  video_inst/inst_dvid/latched_red_reg[0]/C
  -------------------------------------------------------------------    -------------------
    SLICE_X158Y132       FDRE (Prop_fdre_C_Q)         0.478     2.299 r  video_inst/inst_dvid/latched_red_reg[0]/Q
                         net (fo=4, routed)           2.185     4.484    video_inst/inst_dvid/latched_red[0]
    SLICE_X162Y132       LUT3 (Prop_lut3_I2_O)        0.301     4.785 r  video_inst/inst_dvid/shift_red[0]_i_1/O
                         net (fo=1, routed)           0.000     4.785    video_inst/inst_dvid/shift_red[0]
    SLICE_X162Y132       FDRE                                         r  video_inst/inst_dvid/shift_red_reg[0]/D
  -------------------------------------------------------------------    -------------------

                         (clock clk_out2_clk_wiz_0 rise edge)
                                                      8.000     8.000 r  
    BUFGCTRL_X0Y1        BUFG                         0.000     8.000 r  clk_IBUF_BUFG_inst/O
                         net (fo=133, routed)         1.972     9.972    video_inst/mmcm_adv_inst_display_clocks/inst/clk_in1
    MMCME2_ADV_X1Y0      MMCME2_ADV (Prop_mmcme2_adv_CLKIN1_CLKOUT1)
                                                     -4.637     5.335 r  video_inst/mmcm_adv_inst_display_clocks/inst/mmcm_adv_inst/CLKOUT1
                         net (fo=1, routed)           2.574     7.909    video_inst/mmcm_adv_inst_display_clocks/inst/clk_out2_clk_wiz_0
    BUFGCTRL_X0Y0        BUFG (Prop_bufg_I_O)         0.091     8.000 r  video_inst/mmcm_adv_inst_display_clocks/inst/clkout2_buf/O
                         net (fo=44, routed)          1.705     9.705    video_inst/inst_dvid/clk_out2
    SLICE_X162Y132       FDRE                                         r  video_inst/inst_dvid/shift_red_reg[0]/C
                         clock pessimism             -0.128     9.577    
                         clock uncertainty           -0.215     9.363    
    SLICE_X162Y132       FDRE (Setup_fdre_C_D)        0.077     9.440    video_inst/inst_dvid/shift_red_reg[0]
  -------------------------------------------------------------------
                         required time                          9.440    
                         arrival time                          -4.785    
  -------------------------------------------------------------------
                         slack                                  4.654    

Slack (MET) :             4.671ns  (required time - arrival time)
  Source:                 video_inst/inst_dvid/latched_red_reg[0]/C
                            (rising edge-triggered cell FDRE clocked by clk_out1_clk_wiz_0  {rise@0.000ns fall@20.000ns period=40.000ns})
  Destination:            video_inst/inst_dvid/shift_red_reg[3]/D
                            (rising edge-triggered cell FDRE clocked by clk_out2_clk_wiz_0  {rise@0.000ns fall@4.000ns period=8.000ns})
  Path Group:             clk_out2_clk_wiz_0
  Path Type:              Setup (Max at Slow Process Corner)
  Requirement:            8.000ns  (clk_out2_clk_wiz_0 rise@8.000ns - clk_out1_clk_wiz_0 rise@0.000ns)
  Data Path Delay:        2.988ns  (logic 0.803ns (26.874%)  route 2.185ns (73.126%))
  Logic Levels:           1  (LUT3=1)
  Clock Path Skew:        -0.244ns (DCD - SCD + CPR)
    Destination Clock Delay (DCD):    1.705ns = ( 9.705 - 8.000 ) 
    Source Clock Delay      (SCD):    1.821ns
    Clock Pessimism Removal (CPR):    -0.128ns
  Clock Uncertainty:      0.215ns  ((TSJ^2 + DJ^2)^1/2) / 2 + PE
    Total System Jitter     (TSJ):    0.071ns
    Discrete Jitter          (DJ):    0.175ns
    Phase Error              (PE):    0.120ns

    Location             Delay type                Incr(ns)  Path(ns)    Netlist Resource(s)
  -------------------------------------------------------------------    -------------------
                         (clock clk_out1_clk_wiz_0 rise edge)
                                                      0.000     0.000 r  
    BUFGCTRL_X0Y1        BUFG                         0.000     0.000 r  clk_IBUF_BUFG_inst/O
                         net (fo=133, routed)         2.106     2.106    video_inst/mmcm_adv_inst_display_clocks/inst/clk_in1
    MMCME2_ADV_X1Y0      MMCME2_ADV (Prop_mmcme2_adv_CLKIN1_CLKOUT0)
                                                     -4.900    -2.793 r  video_inst/mmcm_adv_inst_display_clocks/inst/mmcm_adv_inst/CLKOUT0
                         net (fo=1, routed)           2.697    -0.096    video_inst/mmcm_adv_inst_display_clocks/inst/clk_out1_clk_wiz_0
    BUFGCTRL_X0Y2        BUFG (Prop_bufg_I_O)         0.096    -0.000 r  video_inst/mmcm_adv_inst_display_clocks/inst/clkout1_buf/O
                         net (fo=76, routed)          1.821     1.821    video_inst/inst_dvid/clk_out1
    SLICE_X158Y132       FDRE                                         r  video_inst/inst_dvid/latched_red_reg[0]/C
  -------------------------------------------------------------------    -------------------
    SLICE_X158Y132       FDRE (Prop_fdre_C_Q)         0.478     2.299 r  video_inst/inst_dvid/latched_red_reg[0]/Q
                         net (fo=4, routed)           2.185     4.484    video_inst/inst_dvid/latched_red[0]
    SLICE_X162Y132       LUT3 (Prop_lut3_I2_O)        0.325     4.809 r  video_inst/inst_dvid/shift_red[3]_i_1/O
                         net (fo=1, routed)           0.000     4.809    video_inst/inst_dvid/shift_red[3]
    SLICE_X162Y132       FDRE                                         r  video_inst/inst_dvid/shift_red_reg[3]/D
  -------------------------------------------------------------------    -------------------

                         (clock clk_out2_clk_wiz_0 rise edge)
                                                      8.000     8.000 r  
    BUFGCTRL_X0Y1        BUFG                         0.000     8.000 r  clk_IBUF_BUFG_inst/O
                         net (fo=133, routed)         1.972     9.972    video_inst/mmcm_adv_inst_display_clocks/inst/clk_in1
    MMCME2_ADV_X1Y0      MMCME2_ADV (Prop_mmcme2_adv_CLKIN1_CLKOUT1)
                                                     -4.637     5.335 r  video_inst/mmcm_adv_inst_display_clocks/inst/mmcm_adv_inst/CLKOUT1
                         net (fo=1, routed)           2.574     7.909    video_inst/mmcm_adv_inst_display_clocks/inst/clk_out2_clk_wiz_0
    BUFGCTRL_X0Y0        BUFG (Prop_bufg_I_O)         0.091     8.000 r  video_inst/mmcm_adv_inst_display_clocks/inst/clkout2_buf/O
                         net (fo=44, routed)          1.705     9.705    video_inst/inst_dvid/clk_out2
    SLICE_X162Y132       FDRE                                         r  video_inst/inst_dvid/shift_red_reg[3]/C
                         clock pessimism             -0.128     9.577    
                         clock uncertainty           -0.215     9.363    
    SLICE_X162Y132       FDRE (Setup_fdre_C_D)        0.118     9.481    video_inst/inst_dvid/shift_red_reg[3]
  -------------------------------------------------------------------
                         required time                          9.481    
                         arrival time                          -4.809    
  -------------------------------------------------------------------
                         slack                                  4.671    

Slack (MET) :             4.875ns  (required time - arrival time)
  Source:                 video_inst/inst_dvid/latched_green_reg[0]/C
                            (rising edge-triggered cell FDRE clocked by clk_out1_clk_wiz_0  {rise@0.000ns fall@20.000ns period=40.000ns})
  Destination:            video_inst/inst_dvid/shift_green_reg[5]/D
                            (rising edge-triggered cell FDRE clocked by clk_out2_clk_wiz_0  {rise@0.000ns fall@4.000ns period=8.000ns})
  Path Group:             clk_out2_clk_wiz_0
  Path Type:              Setup (Max at Slow Process Corner)
  Requirement:            8.000ns  (clk_out2_clk_wiz_0 rise@8.000ns - clk_out1_clk_wiz_0 rise@0.000ns)
  Data Path Delay:        2.696ns  (logic 0.580ns (21.512%)  route 2.116ns (78.488%))
  Logic Levels:           1  (LUT3=1)
  Clock Path Skew:        -0.245ns (DCD - SCD + CPR)
    Destination Clock Delay (DCD):    1.708ns = ( 9.708 - 8.000 ) 
    Source Clock Delay      (SCD):    1.825ns
    Clock Pessimism Removal (CPR):    -0.128ns
  Clock Uncertainty:      0.215ns  ((TSJ^2 + DJ^2)^1/2) / 2 + PE
    Total System Jitter     (TSJ):    0.071ns
    Discrete Jitter          (DJ):    0.175ns
    Phase Error              (PE):    0.120ns

    Location             Delay type                Incr(ns)  Path(ns)    Netlist Resource(s)
  -------------------------------------------------------------------    -------------------
                         (clock clk_out1_clk_wiz_0 rise edge)
                                                      0.000     0.000 r  
    BUFGCTRL_X0Y1        BUFG                         0.000     0.000 r  clk_IBUF_BUFG_inst/O
                         net (fo=133, routed)         2.106     2.106    video_inst/mmcm_adv_inst_display_clocks/inst/clk_in1
    MMCME2_ADV_X1Y0      MMCME2_ADV (Prop_mmcme2_adv_CLKIN1_CLKOUT0)
                                                     -4.900    -2.793 r  video_inst/mmcm_adv_inst_display_clocks/inst/mmcm_adv_inst/CLKOUT0
                         net (fo=1, routed)           2.697    -0.096    video_inst/mmcm_adv_inst_display_clocks/inst/clk_out1_clk_wiz_0
    BUFGCTRL_X0Y2        BUFG (Prop_bufg_I_O)         0.096    -0.000 r  video_inst/mmcm_adv_inst_display_clocks/inst/clkout1_buf/O
                         net (fo=76, routed)          1.825     1.825    video_inst/inst_dvid/clk_out1
    SLICE_X159Y135       FDRE                                         r  video_inst/inst_dvid/latched_green_reg[0]/C
  -------------------------------------------------------------------    -------------------
    SLICE_X159Y135       FDRE (Prop_fdre_C_Q)         0.456     2.281 r  video_inst/inst_dvid/latched_green_reg[0]/Q
                         net (fo=4, routed)           2.116     4.398    video_inst/inst_dvid/latched_green[0]
    SLICE_X160Y135       LUT3 (Prop_lut3_I2_O)        0.124     4.522 r  video_inst/inst_dvid/shift_green[5]_i_1/O
                         net (fo=1, routed)           0.000     4.522    video_inst/inst_dvid/shift_green_1[5]
    SLICE_X160Y135       FDRE                                         r  video_inst/inst_dvid/shift_green_reg[5]/D
  -------------------------------------------------------------------    -------------------

                         (clock clk_out2_clk_wiz_0 rise edge)
                                                      8.000     8.000 r  
    BUFGCTRL_X0Y1        BUFG                         0.000     8.000 r  clk_IBUF_BUFG_inst/O
                         net (fo=133, routed)         1.972     9.972    video_inst/mmcm_adv_inst_display_clocks/inst/clk_in1
    MMCME2_ADV_X1Y0      MMCME2_ADV (Prop_mmcme2_adv_CLKIN1_CLKOUT1)
                                                     -4.637     5.335 r  video_inst/mmcm_adv_inst_display_clocks/inst/mmcm_adv_inst/CLKOUT1
                         net (fo=1, routed)           2.574     7.909    video_inst/mmcm_adv_inst_display_clocks/inst/clk_out2_clk_wiz_0
    BUFGCTRL_X0Y0        BUFG (Prop_bufg_I_O)         0.091     8.000 r  video_inst/mmcm_adv_inst_display_clocks/inst/clkout2_buf/O
                         net (fo=44, routed)          1.708     9.708    video_inst/inst_dvid/clk_out2
    SLICE_X160Y135       FDRE                                         r  video_inst/inst_dvid/shift_green_reg[5]/C
                         clock pessimism             -0.128     9.580    
                         clock uncertainty           -0.215     9.366    
    SLICE_X160Y135       FDRE (Setup_fdre_C_D)        0.031     9.397    video_inst/inst_dvid/shift_green_reg[5]
  -------------------------------------------------------------------
                         required time                          9.397    
                         arrival time                          -4.522    
  -------------------------------------------------------------------
                         slack                                  4.875    

Slack (MET) :             4.889ns  (required time - arrival time)
  Source:                 video_inst/inst_dvid/latched_green_reg[0]/C
                            (rising edge-triggered cell FDRE clocked by clk_out1_clk_wiz_0  {rise@0.000ns fall@20.000ns period=40.000ns})
  Destination:            video_inst/inst_dvid/shift_green_reg[7]/D
                            (rising edge-triggered cell FDRE clocked by clk_out2_clk_wiz_0  {rise@0.000ns fall@4.000ns period=8.000ns})
  Path Group:             clk_out2_clk_wiz_0
  Path Type:              Setup (Max at Slow Process Corner)
  Requirement:            8.000ns  (clk_out2_clk_wiz_0 rise@8.000ns - clk_out1_clk_wiz_0 rise@0.000ns)
  Data Path Delay:        2.726ns  (logic 0.610ns (22.376%)  route 2.116ns (77.624%))
  Logic Levels:           1  (LUT3=1)
  Clock Path Skew:        -0.245ns (DCD - SCD + CPR)
    Destination Clock Delay (DCD):    1.708ns = ( 9.708 - 8.000 ) 
    Source Clock Delay      (SCD):    1.825ns
    Clock Pessimism Removal (CPR):    -0.128ns
  Clock Uncertainty:      0.215ns  ((TSJ^2 + DJ^2)^1/2) / 2 + PE
    Total System Jitter     (TSJ):    0.071ns
    Discrete Jitter          (DJ):    0.175ns
    Phase Error              (PE):    0.120ns

    Location             Delay type                Incr(ns)  Path(ns)    Netlist Resource(s)
  -------------------------------------------------------------------    -------------------
                         (clock clk_out1_clk_wiz_0 rise edge)
                                                      0.000     0.000 r  
    BUFGCTRL_X0Y1        BUFG                         0.000     0.000 r  clk_IBUF_BUFG_inst/O
                         net (fo=133, routed)         2.106     2.106    video_inst/mmcm_adv_inst_display_clocks/inst/clk_in1
    MMCME2_ADV_X1Y0      MMCME2_ADV (Prop_mmcme2_adv_CLKIN1_CLKOUT0)
                                                     -4.900    -2.793 r  video_inst/mmcm_adv_inst_display_clocks/inst/mmcm_adv_inst/CLKOUT0
                         net (fo=1, routed)           2.697    -0.096    video_inst/mmcm_adv_inst_display_clocks/inst/clk_out1_clk_wiz_0
    BUFGCTRL_X0Y2        BUFG (Prop_bufg_I_O)         0.096    -0.000 r  video_inst/mmcm_adv_inst_display_clocks/inst/clkout1_buf/O
                         net (fo=76, routed)          1.825     1.825    video_inst/inst_dvid/clk_out1
    SLICE_X159Y135       FDRE                                         r  video_inst/inst_dvid/latched_green_reg[0]/C
  -------------------------------------------------------------------    -------------------
    SLICE_X159Y135       FDRE (Prop_fdre_C_Q)         0.456     2.281 r  video_inst/inst_dvid/latched_green_reg[0]/Q
                         net (fo=4, routed)           2.116     4.398    video_inst/inst_dvid/latched_green[0]
    SLICE_X160Y135       LUT3 (Prop_lut3_I2_O)        0.154     4.552 r  video_inst/inst_dvid/shift_green[7]_i_1/O
                         net (fo=1, routed)           0.000     4.552    video_inst/inst_dvid/shift_green_1[7]
    SLICE_X160Y135       FDRE                                         r  video_inst/inst_dvid/shift_green_reg[7]/D
  -------------------------------------------------------------------    -------------------

                         (clock clk_out2_clk_wiz_0 rise edge)
                                                      8.000     8.000 r  
    BUFGCTRL_X0Y1        BUFG                         0.000     8.000 r  clk_IBUF_BUFG_inst/O
                         net (fo=133, routed)         1.972     9.972    video_inst/mmcm_adv_inst_display_clocks/inst/clk_in1
    MMCME2_ADV_X1Y0      MMCME2_ADV (Prop_mmcme2_adv_CLKIN1_CLKOUT1)
                                                     -4.637     5.335 r  video_inst/mmcm_adv_inst_display_clocks/inst/mmcm_adv_inst/CLKOUT1
                         net (fo=1, routed)           2.574     7.909    video_inst/mmcm_adv_inst_display_clocks/inst/clk_out2_clk_wiz_0
    BUFGCTRL_X0Y0        BUFG (Prop_bufg_I_O)         0.091     8.000 r  video_inst/mmcm_adv_inst_display_clocks/inst/clkout2_buf/O
                         net (fo=44, routed)          1.708     9.708    video_inst/inst_dvid/clk_out2
    SLICE_X160Y135       FDRE                                         r  video_inst/inst_dvid/shift_green_reg[7]/C
                         clock pessimism             -0.128     9.580    
                         clock uncertainty           -0.215     9.366    
    SLICE_X160Y135       FDRE (Setup_fdre_C_D)        0.075     9.441    video_inst/inst_dvid/shift_green_reg[7]
  -------------------------------------------------------------------
                         required time                          9.441    
                         arrival time                          -4.552    
  -------------------------------------------------------------------
                         slack                                  4.889    

Slack (MET) :             4.941ns  (required time - arrival time)
  Source:                 video_inst/inst_dvid/latched_red_reg[0]/C
                            (rising edge-triggered cell FDRE clocked by clk_out1_clk_wiz_0  {rise@0.000ns fall@20.000ns period=40.000ns})
  Destination:            video_inst/inst_dvid/shift_red_reg[5]/D
                            (rising edge-triggered cell FDRE clocked by clk_out2_clk_wiz_0  {rise@0.000ns fall@4.000ns period=8.000ns})
  Path Group:             clk_out2_clk_wiz_0
  Path Type:              Setup (Max at Slow Process Corner)
  Requirement:            8.000ns  (clk_out2_clk_wiz_0 rise@8.000ns - clk_out1_clk_wiz_0 rise@0.000ns)
  Data Path Delay:        2.679ns  (logic 0.779ns (29.079%)  route 1.900ns (70.921%))
  Logic Levels:           1  (LUT3=1)
  Clock Path Skew:        -0.244ns (DCD - SCD + CPR)
    Destination Clock Delay (DCD):    1.705ns = ( 9.705 - 8.000 ) 
    Source Clock Delay      (SCD):    1.821ns
    Clock Pessimism Removal (CPR):    -0.128ns
  Clock Uncertainty:      0.215ns  ((TSJ^2 + DJ^2)^1/2) / 2 + PE
    Total System Jitter     (TSJ):    0.071ns
    Discrete Jitter          (DJ):    0.175ns
    Phase Error              (PE):    0.120ns

    Location             Delay type                Incr(ns)  Path(ns)    Netlist Resource(s)
  -------------------------------------------------------------------    -------------------
                         (clock clk_out1_clk_wiz_0 rise edge)
                                                      0.000     0.000 r  
    BUFGCTRL_X0Y1        BUFG                         0.000     0.000 r  clk_IBUF_BUFG_inst/O
                         net (fo=133, routed)         2.106     2.106    video_inst/mmcm_adv_inst_display_clocks/inst/clk_in1
    MMCME2_ADV_X1Y0      MMCME2_ADV (Prop_mmcme2_adv_CLKIN1_CLKOUT0)
                                                     -4.900    -2.793 r  video_inst/mmcm_adv_inst_display_clocks/inst/mmcm_adv_inst/CLKOUT0
                         net (fo=1, routed)           2.697    -0.096    video_inst/mmcm_adv_inst_display_clocks/inst/clk_out1_clk_wiz_0
    BUFGCTRL_X0Y2        BUFG (Prop_bufg_I_O)         0.096    -0.000 r  video_inst/mmcm_adv_inst_display_clocks/inst/clkout1_buf/O
                         net (fo=76, routed)          1.821     1.821    video_inst/inst_dvid/clk_out1
    SLICE_X158Y132       FDRE                                         r  video_inst/inst_dvid/latched_red_reg[0]/C
  -------------------------------------------------------------------    -------------------
    SLICE_X158Y132       FDRE (Prop_fdre_C_Q)         0.478     2.299 r  video_inst/inst_dvid/latched_red_reg[0]/Q
                         net (fo=4, routed)           1.900     4.199    video_inst/inst_dvid/latched_red[0]
    SLICE_X162Y132       LUT3 (Prop_lut3_I2_O)        0.301     4.500 r  video_inst/inst_dvid/shift_red[5]_i_1/O
                         net (fo=1, routed)           0.000     4.500    video_inst/inst_dvid/shift_red[5]
    SLICE_X162Y132       FDRE                                         r  video_inst/inst_dvid/shift_red_reg[5]/D
  -------------------------------------------------------------------    -------------------

                         (clock clk_out2_clk_wiz_0 rise edge)
                                                      8.000     8.000 r  
    BUFGCTRL_X0Y1        BUFG                         0.000     8.000 r  clk_IBUF_BUFG_inst/O
                         net (fo=133, routed)         1.972     9.972    video_inst/mmcm_adv_inst_display_clocks/inst/clk_in1
    MMCME2_ADV_X1Y0      MMCME2_ADV (Prop_mmcme2_adv_CLKIN1_CLKOUT1)
                                                     -4.637     5.335 r  video_inst/mmcm_adv_inst_display_clocks/inst/mmcm_adv_inst/CLKOUT1
                         net (fo=1, routed)           2.574     7.909    video_inst/mmcm_adv_inst_display_clocks/inst/clk_out2_clk_wiz_0
    BUFGCTRL_X0Y0        BUFG (Prop_bufg_I_O)         0.091     8.000 r  video_inst/mmcm_adv_inst_display_clocks/inst/clkout2_buf/O
                         net (fo=44, routed)          1.705     9.705    video_inst/inst_dvid/clk_out2
    SLICE_X162Y132       FDRE                                         r  video_inst/inst_dvid/shift_red_reg[5]/C
                         clock pessimism             -0.128     9.577    
                         clock uncertainty           -0.215     9.363    
    SLICE_X162Y132       FDRE (Setup_fdre_C_D)        0.079     9.442    video_inst/inst_dvid/shift_red_reg[5]
  -------------------------------------------------------------------
                         required time                          9.442    
                         arrival time                          -4.500    
  -------------------------------------------------------------------
                         slack                                  4.941    

Slack (MET) :             4.954ns  (required time - arrival time)
  Source:                 video_inst/inst_dvid/latched_red_reg[0]/C
                            (rising edge-triggered cell FDRE clocked by clk_out1_clk_wiz_0  {rise@0.000ns fall@20.000ns period=40.000ns})
  Destination:            video_inst/inst_dvid/shift_red_reg[7]/D
                            (rising edge-triggered cell FDRE clocked by clk_out2_clk_wiz_0  {rise@0.000ns fall@4.000ns period=8.000ns})
  Path Group:             clk_out2_clk_wiz_0
  Path Type:              Setup (Max at Slow Process Corner)
  Requirement:            8.000ns  (clk_out2_clk_wiz_0 rise@8.000ns - clk_out1_clk_wiz_0 rise@0.000ns)
  Data Path Delay:        2.705ns  (logic 0.805ns (29.761%)  route 1.900ns (70.239%))
  Logic Levels:           1  (LUT3=1)
  Clock Path Skew:        -0.244ns (DCD - SCD + CPR)
    Destination Clock Delay (DCD):    1.705ns = ( 9.705 - 8.000 ) 
    Source Clock Delay      (SCD):    1.821ns
    Clock Pessimism Removal (CPR):    -0.128ns
  Clock Uncertainty:      0.215ns  ((TSJ^2 + DJ^2)^1/2) / 2 + PE
    Total System Jitter     (TSJ):    0.071ns
    Discrete Jitter          (DJ):    0.175ns
    Phase Error              (PE):    0.120ns

    Location             Delay type                Incr(ns)  Path(ns)    Netlist Resource(s)
  -------------------------------------------------------------------    -------------------
                         (clock clk_out1_clk_wiz_0 rise edge)
                                                      0.000     0.000 r  
    BUFGCTRL_X0Y1        BUFG                         0.000     0.000 r  clk_IBUF_BUFG_inst/O
                         net (fo=133, routed)         2.106     2.106    video_inst/mmcm_adv_inst_display_clocks/inst/clk_in1
    MMCME2_ADV_X1Y0      MMCME2_ADV (Prop_mmcme2_adv_CLKIN1_CLKOUT0)
                                                     -4.900    -2.793 r  video_inst/mmcm_adv_inst_display_clocks/inst/mmcm_adv_inst/CLKOUT0
                         net (fo=1, routed)           2.697    -0.096    video_inst/mmcm_adv_inst_display_clocks/inst/clk_out1_clk_wiz_0
    BUFGCTRL_X0Y2        BUFG (Prop_bufg_I_O)         0.096    -0.000 r  video_inst/mmcm_adv_inst_display_clocks/inst/clkout1_buf/O
                         net (fo=76, routed)          1.821     1.821    video_inst/inst_dvid/clk_out1
    SLICE_X158Y132       FDRE                                         r  video_inst/inst_dvid/latched_red_reg[0]/C
  -------------------------------------------------------------------    -------------------
    SLICE_X158Y132       FDRE (Prop_fdre_C_Q)         0.478     2.299 r  video_inst/inst_dvid/latched_red_reg[0]/Q
                         net (fo=4, routed)           1.900     4.199    video_inst/inst_dvid/latched_red[0]
    SLICE_X162Y132       LUT3 (Prop_lut3_I2_O)        0.327     4.526 r  video_inst/inst_dvid/shift_red[7]_i_1/O
                         net (fo=1, routed)           0.000     4.526    video_inst/inst_dvid/shift_red[7]
    SLICE_X162Y132       FDRE                                         r  video_inst/inst_dvid/shift_red_reg[7]/D
  -------------------------------------------------------------------    -------------------

                         (clock clk_out2_clk_wiz_0 rise edge)
                                                      8.000     8.000 r  
    BUFGCTRL_X0Y1        BUFG                         0.000     8.000 r  clk_IBUF_BUFG_inst/O
                         net (fo=133, routed)         1.972     9.972    video_inst/mmcm_adv_inst_display_clocks/inst/clk_in1
    MMCME2_ADV_X1Y0      MMCME2_ADV (Prop_mmcme2_adv_CLKIN1_CLKOUT1)
                                                     -4.637     5.335 r  video_inst/mmcm_adv_inst_display_clocks/inst/mmcm_adv_inst/CLKOUT1
                         net (fo=1, routed)           2.574     7.909    video_inst/mmcm_adv_inst_display_clocks/inst/clk_out2_clk_wiz_0
    BUFGCTRL_X0Y0        BUFG (Prop_bufg_I_O)         0.091     8.000 r  video_inst/mmcm_adv_inst_display_clocks/inst/clkout2_buf/O
                         net (fo=44, routed)          1.705     9.705    video_inst/inst_dvid/clk_out2
    SLICE_X162Y132       FDRE                                         r  video_inst/inst_dvid/shift_red_reg[7]/C
                         clock pessimism             -0.128     9.577    
                         clock uncertainty           -0.215     9.363    
    SLICE_X162Y132       FDRE (Setup_fdre_C_D)        0.118     9.481    video_inst/inst_dvid/shift_red_reg[7]
  -------------------------------------------------------------------
                         required time                          9.481    
                         arrival time                          -4.526    
  -------------------------------------------------------------------
                         slack                                  4.954    

Slack (MET) :             5.043ns  (required time - arrival time)
  Source:                 video_inst/inst_dvid/latched_blue_reg[0]/C
                            (rising edge-triggered cell FDRE clocked by clk_out1_clk_wiz_0  {rise@0.000ns fall@20.000ns period=40.000ns})
  Destination:            video_inst/inst_dvid/shift_blue_reg[7]/D
                            (rising edge-triggered cell FDRE clocked by clk_out2_clk_wiz_0  {rise@0.000ns fall@4.000ns period=8.000ns})
  Path Group:             clk_out2_clk_wiz_0
  Path Type:              Setup (Max at Slow Process Corner)
  Requirement:            8.000ns  (clk_out2_clk_wiz_0 rise@8.000ns - clk_out1_clk_wiz_0 rise@0.000ns)
  Data Path Delay:        2.577ns  (logic 0.741ns (28.752%)  route 1.836ns (71.248%))
  Logic Levels:           1  (LUT3=1)
  Clock Path Skew:        -0.240ns (DCD - SCD + CPR)
    Destination Clock Delay (DCD):    1.705ns = ( 9.705 - 8.000 ) 
    Source Clock Delay      (SCD):    1.817ns
    Clock Pessimism Removal (CPR):    -0.128ns
  Clock Uncertainty:      0.215ns  ((TSJ^2 + DJ^2)^1/2) / 2 + PE
    Total System Jitter     (TSJ):    0.071ns
    Discrete Jitter          (DJ):    0.175ns
    Phase Error              (PE):    0.120ns

    Location             Delay type                Incr(ns)  Path(ns)    Netlist Resource(s)
  -------------------------------------------------------------------    -------------------
                         (clock clk_out1_clk_wiz_0 rise edge)
                                                      0.000     0.000 r  
    BUFGCTRL_X0Y1        BUFG                         0.000     0.000 r  clk_IBUF_BUFG_inst/O
                         net (fo=133, routed)         2.106     2.106    video_inst/mmcm_adv_inst_display_clocks/inst/clk_in1
    MMCME2_ADV_X1Y0      MMCME2_ADV (Prop_mmcme2_adv_CLKIN1_CLKOUT0)
                                                     -4.900    -2.793 r  video_inst/mmcm_adv_inst_display_clocks/inst/mmcm_adv_inst/CLKOUT0
                         net (fo=1, routed)           2.697    -0.096    video_inst/mmcm_adv_inst_display_clocks/inst/clk_out1_clk_wiz_0
    BUFGCTRL_X0Y2        BUFG (Prop_bufg_I_O)         0.096    -0.000 r  video_inst/mmcm_adv_inst_display_clocks/inst/clkout1_buf/O
                         net (fo=76, routed)          1.817     1.817    video_inst/inst_dvid/clk_out1
    SLICE_X157Y129       FDRE                                         r  video_inst/inst_dvid/latched_blue_reg[0]/C
  -------------------------------------------------------------------    -------------------
    SLICE_X157Y129       FDRE (Prop_fdre_C_Q)         0.419     2.236 r  video_inst/inst_dvid/latched_blue_reg[0]/Q
                         net (fo=3, routed)           1.836     4.073    video_inst/inst_dvid/latched_blue[0]
    SLICE_X161Y132       LUT3 (Prop_lut3_I2_O)        0.322     4.395 r  video_inst/inst_dvid/shift_blue[7]_i_1/O
                         net (fo=1, routed)           0.000     4.395    video_inst/inst_dvid/shift_blue_0[7]
    SLICE_X161Y132       FDRE                                         r  video_inst/inst_dvid/shift_blue_reg[7]/D
  -------------------------------------------------------------------    -------------------

                         (clock clk_out2_clk_wiz_0 rise edge)
                                                      8.000     8.000 r  
    BUFGCTRL_X0Y1        BUFG                         0.000     8.000 r  clk_IBUF_BUFG_inst/O
                         net (fo=133, routed)         1.972     9.972    video_inst/mmcm_adv_inst_display_clocks/inst/clk_in1
    MMCME2_ADV_X1Y0      MMCME2_ADV (Prop_mmcme2_adv_CLKIN1_CLKOUT1)
                                                     -4.637     5.335 r  video_inst/mmcm_adv_inst_display_clocks/inst/mmcm_adv_inst/CLKOUT1
                         net (fo=1, routed)           2.574     7.909    video_inst/mmcm_adv_inst_display_clocks/inst/clk_out2_clk_wiz_0
    BUFGCTRL_X0Y0        BUFG (Prop_bufg_I_O)         0.091     8.000 r  video_inst/mmcm_adv_inst_display_clocks/inst/clkout2_buf/O
                         net (fo=44, routed)          1.705     9.705    video_inst/inst_dvid/clk_out2
    SLICE_X161Y132       FDRE                                         r  video_inst/inst_dvid/shift_blue_reg[7]/C
                         clock pessimism             -0.128     9.577    
                         clock uncertainty           -0.215     9.363    
    SLICE_X161Y132       FDRE (Setup_fdre_C_D)        0.075     9.438    video_inst/inst_dvid/shift_blue_reg[7]
  -------------------------------------------------------------------
                         required time                          9.438    
                         arrival time                          -4.395    
  -------------------------------------------------------------------
                         slack                                  5.043    

Slack (MET) :             5.131ns  (required time - arrival time)
  Source:                 video_inst/inst_dvid/latched_green_reg[2]/C
                            (rising edge-triggered cell FDRE clocked by clk_out1_clk_wiz_0  {rise@0.000ns fall@20.000ns period=40.000ns})
  Destination:            video_inst/inst_dvid/shift_green_reg[2]/D
                            (rising edge-triggered cell FDRE clocked by clk_out2_clk_wiz_0  {rise@0.000ns fall@4.000ns period=8.000ns})
  Path Group:             clk_out2_clk_wiz_0
  Path Type:              Setup (Max at Slow Process Corner)
  Requirement:            8.000ns  (clk_out2_clk_wiz_0 rise@8.000ns - clk_out1_clk_wiz_0 rise@0.000ns)
  Data Path Delay:        2.488ns  (logic 0.743ns (29.862%)  route 1.745ns (70.138%))
  Logic Levels:           1  (LUT3=1)
  Clock Path Skew:        -0.241ns (DCD - SCD + CPR)
    Destination Clock Delay (DCD):    1.708ns = ( 9.708 - 8.000 ) 
    Source Clock Delay      (SCD):    1.821ns
    Clock Pessimism Removal (CPR):    -0.128ns
  Clock Uncertainty:      0.215ns  ((TSJ^2 + DJ^2)^1/2) / 2 + PE
    Total System Jitter     (TSJ):    0.071ns
    Discrete Jitter          (DJ):    0.175ns
    Phase Error              (PE):    0.120ns

    Location             Delay type                Incr(ns)  Path(ns)    Netlist Resource(s)
  -------------------------------------------------------------------    -------------------
                         (clock clk_out1_clk_wiz_0 rise edge)
                                                      0.000     0.000 r  
    BUFGCTRL_X0Y1        BUFG                         0.000     0.000 r  clk_IBUF_BUFG_inst/O
                         net (fo=133, routed)         2.106     2.106    video_inst/mmcm_adv_inst_display_clocks/inst/clk_in1
    MMCME2_ADV_X1Y0      MMCME2_ADV (Prop_mmcme2_adv_CLKIN1_CLKOUT0)
                                                     -4.900    -2.793 r  video_inst/mmcm_adv_inst_display_clocks/inst/mmcm_adv_inst/CLKOUT0
                         net (fo=1, routed)           2.697    -0.096    video_inst/mmcm_adv_inst_display_clocks/inst/clk_out1_clk_wiz_0
    BUFGCTRL_X0Y2        BUFG (Prop_bufg_I_O)         0.096    -0.000 r  video_inst/mmcm_adv_inst_display_clocks/inst/clkout1_buf/O
                         net (fo=76, routed)          1.821     1.821    video_inst/inst_dvid/clk_out1
    SLICE_X159Y132       FDRE                                         r  video_inst/inst_dvid/latched_green_reg[2]/C
  -------------------------------------------------------------------    -------------------
    SLICE_X159Y132       FDRE (Prop_fdre_C_Q)         0.419     2.240 r  video_inst/inst_dvid/latched_green_reg[2]/Q
                         net (fo=1, routed)           1.745     3.986    video_inst/inst_dvid/latched_green[2]
    SLICE_X160Y135       LUT3 (Prop_lut3_I2_O)        0.324     4.310 r  video_inst/inst_dvid/shift_green[2]_i_1/O
                         net (fo=1, routed)           0.000     4.310    video_inst/inst_dvid/shift_green_1[2]
    SLICE_X160Y135       FDRE                                         r  video_inst/inst_dvid/shift_green_reg[2]/D
  -------------------------------------------------------------------    -------------------

                         (clock clk_out2_clk_wiz_0 rise edge)
                                                      8.000     8.000 r  
    BUFGCTRL_X0Y1        BUFG                         0.000     8.000 r  clk_IBUF_BUFG_inst/O
                         net (fo=133, routed)         1.972     9.972    video_inst/mmcm_adv_inst_display_clocks/inst/clk_in1
    MMCME2_ADV_X1Y0      MMCME2_ADV (Prop_mmcme2_adv_CLKIN1_CLKOUT1)
                                                     -4.637     5.335 r  video_inst/mmcm_adv_inst_display_clocks/inst/mmcm_adv_inst/CLKOUT1
                         net (fo=1, routed)           2.574     7.909    video_inst/mmcm_adv_inst_display_clocks/inst/clk_out2_clk_wiz_0
    BUFGCTRL_X0Y0        BUFG (Prop_bufg_I_O)         0.091     8.000 r  video_inst/mmcm_adv_inst_display_clocks/inst/clkout2_buf/O
                         net (fo=44, routed)          1.708     9.708    video_inst/inst_dvid/clk_out2
    SLICE_X160Y135       FDRE                                         r  video_inst/inst_dvid/shift_green_reg[2]/C
                         clock pessimism             -0.128     9.580    
                         clock uncertainty           -0.215     9.366    
    SLICE_X160Y135       FDRE (Setup_fdre_C_D)        0.075     9.441    video_inst/inst_dvid/shift_green_reg[2]
  -------------------------------------------------------------------
                         required time                          9.441    
                         arrival time                          -4.310    
  -------------------------------------------------------------------
                         slack                                  5.131    

Slack (MET) :             5.171ns  (required time - arrival time)
  Source:                 video_inst/inst_dvid/latched_blue_reg[0]/C
                            (rising edge-triggered cell FDRE clocked by clk_out1_clk_wiz_0  {rise@0.000ns fall@20.000ns period=40.000ns})
  Destination:            video_inst/inst_dvid/shift_blue_reg[0]/D
                            (rising edge-triggered cell FDRE clocked by clk_out2_clk_wiz_0  {rise@0.000ns fall@4.000ns period=8.000ns})
  Path Group:             clk_out2_clk_wiz_0
  Path Type:              Setup (Max at Slow Process Corner)
  Requirement:            8.000ns  (clk_out2_clk_wiz_0 rise@8.000ns - clk_out1_clk_wiz_0 rise@0.000ns)
  Data Path Delay:        2.403ns  (logic 0.715ns (29.754%)  route 1.688ns (70.246%))
  Logic Levels:           1  (LUT3=1)
  Clock Path Skew:        -0.240ns (DCD - SCD + CPR)
    Destination Clock Delay (DCD):    1.705ns = ( 9.705 - 8.000 ) 
    Source Clock Delay      (SCD):    1.817ns
    Clock Pessimism Removal (CPR):    -0.128ns
  Clock Uncertainty:      0.215ns  ((TSJ^2 + DJ^2)^1/2) / 2 + PE
    Total System Jitter     (TSJ):    0.071ns
    Discrete Jitter          (DJ):    0.175ns
    Phase Error              (PE):    0.120ns

    Location             Delay type                Incr(ns)  Path(ns)    Netlist Resource(s)
  -------------------------------------------------------------------    -------------------
                         (clock clk_out1_clk_wiz_0 rise edge)
                                                      0.000     0.000 r  
    BUFGCTRL_X0Y1        BUFG                         0.000     0.000 r  clk_IBUF_BUFG_inst/O
                         net (fo=133, routed)         2.106     2.106    video_inst/mmcm_adv_inst_display_clocks/inst/clk_in1
    MMCME2_ADV_X1Y0      MMCME2_ADV (Prop_mmcme2_adv_CLKIN1_CLKOUT0)
                                                     -4.900    -2.793 r  video_inst/mmcm_adv_inst_display_clocks/inst/mmcm_adv_inst/CLKOUT0
                         net (fo=1, routed)           2.697    -0.096    video_inst/mmcm_adv_inst_display_clocks/inst/clk_out1_clk_wiz_0
    BUFGCTRL_X0Y2        BUFG (Prop_bufg_I_O)         0.096    -0.000 r  video_inst/mmcm_adv_inst_display_clocks/inst/clkout1_buf/O
                         net (fo=76, routed)          1.817     1.817    video_inst/inst_dvid/clk_out1
    SLICE_X157Y129       FDRE                                         r  video_inst/inst_dvid/latched_blue_reg[0]/C
  -------------------------------------------------------------------    -------------------
    SLICE_X157Y129       FDRE (Prop_fdre_C_Q)         0.419     2.236 r  video_inst/inst_dvid/latched_blue_reg[0]/Q
                         net (fo=3, routed)           1.688     3.924    video_inst/inst_dvid/latched_blue[0]
    SLICE_X161Y132       LUT3 (Prop_lut3_I2_O)        0.296     4.220 r  video_inst/inst_dvid/shift_blue[0]_i_1/O
                         net (fo=1, routed)           0.000     4.220    video_inst/inst_dvid/shift_blue_0[0]
    SLICE_X161Y132       FDRE                                         r  video_inst/inst_dvid/shift_blue_reg[0]/D
  -------------------------------------------------------------------    -------------------

                         (clock clk_out2_clk_wiz_0 rise edge)
                                                      8.000     8.000 r  
    BUFGCTRL_X0Y1        BUFG                         0.000     8.000 r  clk_IBUF_BUFG_inst/O
                         net (fo=133, routed)         1.972     9.972    video_inst/mmcm_adv_inst_display_clocks/inst/clk_in1
    MMCME2_ADV_X1Y0      MMCME2_ADV (Prop_mmcme2_adv_CLKIN1_CLKOUT1)
                                                     -4.637     5.335 r  video_inst/mmcm_adv_inst_display_clocks/inst/mmcm_adv_inst/CLKOUT1
                         net (fo=1, routed)           2.574     7.909    video_inst/mmcm_adv_inst_display_clocks/inst/clk_out2_clk_wiz_0
    BUFGCTRL_X0Y0        BUFG (Prop_bufg_I_O)         0.091     8.000 r  video_inst/mmcm_adv_inst_display_clocks/inst/clkout2_buf/O
                         net (fo=44, routed)          1.705     9.705    video_inst/inst_dvid/clk_out2
    SLICE_X161Y132       FDRE                                         r  video_inst/inst_dvid/shift_blue_reg[0]/C
                         clock pessimism             -0.128     9.577    
                         clock uncertainty           -0.215     9.363    
    SLICE_X161Y132       FDRE (Setup_fdre_C_D)        0.029     9.392    video_inst/inst_dvid/shift_blue_reg[0]
  -------------------------------------------------------------------
                         required time                          9.392    
                         arrival time                          -4.220    
  -------------------------------------------------------------------
                         slack                                  5.171    

Slack (MET) :             5.187ns  (required time - arrival time)
  Source:                 video_inst/inst_dvid/latched_blue_reg[2]/C
                            (rising edge-triggered cell FDRE clocked by clk_out1_clk_wiz_0  {rise@0.000ns fall@20.000ns period=40.000ns})
  Destination:            video_inst/inst_dvid/shift_blue_reg[2]/D
                            (rising edge-triggered cell FDRE clocked by clk_out2_clk_wiz_0  {rise@0.000ns fall@4.000ns period=8.000ns})
  Path Group:             clk_out2_clk_wiz_0
  Path Type:              Setup (Max at Slow Process Corner)
  Requirement:            8.000ns  (clk_out2_clk_wiz_0 rise@8.000ns - clk_out1_clk_wiz_0 rise@0.000ns)
  Data Path Delay:        2.389ns  (logic 0.580ns (24.281%)  route 1.809ns (75.719%))
  Logic Levels:           1  (LUT3=1)
  Clock Path Skew:        -0.240ns (DCD - SCD + CPR)
    Destination Clock Delay (DCD):    1.705ns = ( 9.705 - 8.000 ) 
    Source Clock Delay      (SCD):    1.817ns
    Clock Pessimism Removal (CPR):    -0.128ns
  Clock Uncertainty:      0.215ns  ((TSJ^2 + DJ^2)^1/2) / 2 + PE
    Total System Jitter     (TSJ):    0.071ns
    Discrete Jitter          (DJ):    0.175ns
    Phase Error              (PE):    0.120ns

    Location             Delay type                Incr(ns)  Path(ns)    Netlist Resource(s)
  -------------------------------------------------------------------    -------------------
                         (clock clk_out1_clk_wiz_0 rise edge)
                                                      0.000     0.000 r  
    BUFGCTRL_X0Y1        BUFG                         0.000     0.000 r  clk_IBUF_BUFG_inst/O
                         net (fo=133, routed)         2.106     2.106    video_inst/mmcm_adv_inst_display_clocks/inst/clk_in1
    MMCME2_ADV_X1Y0      MMCME2_ADV (Prop_mmcme2_adv_CLKIN1_CLKOUT0)
                                                     -4.900    -2.793 r  video_inst/mmcm_adv_inst_display_clocks/inst/mmcm_adv_inst/CLKOUT0
                         net (fo=1, routed)           2.697    -0.096    video_inst/mmcm_adv_inst_display_clocks/inst/clk_out1_clk_wiz_0
    BUFGCTRL_X0Y2        BUFG (Prop_bufg_I_O)         0.096    -0.000 r  video_inst/mmcm_adv_inst_display_clocks/inst/clkout1_buf/O
                         net (fo=76, routed)          1.817     1.817    video_inst/inst_dvid/clk_out1
    SLICE_X157Y129       FDRE                                         r  video_inst/inst_dvid/latched_blue_reg[2]/C
  -------------------------------------------------------------------    -------------------
    SLICE_X157Y129       FDRE (Prop_fdre_C_Q)         0.456     2.273 r  video_inst/inst_dvid/latched_blue_reg[2]/Q
                         net (fo=2, routed)           1.809     4.082    video_inst/inst_dvid/latched_blue[2]
    SLICE_X161Y132       LUT3 (Prop_lut3_I2_O)        0.124     4.206 r  video_inst/inst_dvid/shift_blue[2]_i_1/O
                         net (fo=1, routed)           0.000     4.206    video_inst/inst_dvid/shift_blue_0[2]
    SLICE_X161Y132       FDRE                                         r  video_inst/inst_dvid/shift_blue_reg[2]/D
  -------------------------------------------------------------------    -------------------

                         (clock clk_out2_clk_wiz_0 rise edge)
                                                      8.000     8.000 r  
    BUFGCTRL_X0Y1        BUFG                         0.000     8.000 r  clk_IBUF_BUFG_inst/O
                         net (fo=133, routed)         1.972     9.972    video_inst/mmcm_adv_inst_display_clocks/inst/clk_in1
    MMCME2_ADV_X1Y0      MMCME2_ADV (Prop_mmcme2_adv_CLKIN1_CLKOUT1)
                                                     -4.637     5.335 r  video_inst/mmcm_adv_inst_display_clocks/inst/mmcm_adv_inst/CLKOUT1
                         net (fo=1, routed)           2.574     7.909    video_inst/mmcm_adv_inst_display_clocks/inst/clk_out2_clk_wiz_0
    BUFGCTRL_X0Y0        BUFG (Prop_bufg_I_O)         0.091     8.000 r  video_inst/mmcm_adv_inst_display_clocks/inst/clkout2_buf/O
                         net (fo=44, routed)          1.705     9.705    video_inst/inst_dvid/clk_out2
    SLICE_X161Y132       FDRE                                         r  video_inst/inst_dvid/shift_blue_reg[2]/C
                         clock pessimism             -0.128     9.577    
                         clock uncertainty           -0.215     9.363    
    SLICE_X161Y132       FDRE (Setup_fdre_C_D)        0.031     9.394    video_inst/inst_dvid/shift_blue_reg[2]
  -------------------------------------------------------------------
                         required time                          9.394    
                         arrival time                          -4.206    
  -------------------------------------------------------------------
                         slack                                  5.187    





Min Delay Paths
--------------------------------------------------------------------------------------
Slack (MET) :             0.156ns  (arrival time - required time)
  Source:                 video_inst/inst_dvid/latched_green_reg[1]/C
                            (rising edge-triggered cell FDRE clocked by clk_out1_clk_wiz_0  {rise@0.000ns fall@20.000ns period=40.000ns})
  Destination:            video_inst/inst_dvid/shift_green_reg[1]/D
                            (rising edge-triggered cell FDRE clocked by clk_out2_clk_wiz_0  {rise@0.000ns fall@4.000ns period=8.000ns})
  Path Group:             clk_out2_clk_wiz_0
  Path Type:              Hold (Min at Fast Process Corner)
  Requirement:            0.000ns  (clk_out2_clk_wiz_0 rise@0.000ns - clk_out1_clk_wiz_0 rise@0.000ns)
  Data Path Delay:        0.816ns  (logic 0.209ns (25.621%)  route 0.607ns (74.379%))
  Logic Levels:           1  (LUT3=1)
  Clock Path Skew:        0.353ns (DCD - SCD - CPR)
    Destination Clock Delay (DCD):    0.916ns
    Source Clock Delay      (SCD):    0.643ns
    Clock Pessimism Removal (CPR):    -0.080ns
  Clock Uncertainty:      0.215ns  ((TSJ^2 + DJ^2)^1/2) / 2 + PE
    Total System Jitter     (TSJ):    0.071ns
    Discrete Jitter          (DJ):    0.175ns
    Phase Error              (PE):    0.120ns

    Location             Delay type                Incr(ns)  Path(ns)    Netlist Resource(s)
  -------------------------------------------------------------------    -------------------
                         (clock clk_out1_clk_wiz_0 rise edge)
                                                      0.000     0.000 r  
    BUFGCTRL_X0Y1        BUFG                         0.000     0.000 r  clk_IBUF_BUFG_inst/O
                         net (fo=133, routed)         0.745     0.745    video_inst/mmcm_adv_inst_display_clocks/inst/clk_in1
    MMCME2_ADV_X1Y0      MMCME2_ADV (Prop_mmcme2_adv_CLKIN1_CLKOUT0)
                                                     -1.683    -0.938 r  video_inst/mmcm_adv_inst_display_clocks/inst/mmcm_adv_inst/CLKOUT0
                         net (fo=1, routed)           0.912    -0.026    video_inst/mmcm_adv_inst_display_clocks/inst/clk_out1_clk_wiz_0
    BUFGCTRL_X0Y2        BUFG (Prop_bufg_I_O)         0.026    -0.000 r  video_inst/mmcm_adv_inst_display_clocks/inst/clkout1_buf/O
                         net (fo=76, routed)          0.643     0.643    video_inst/inst_dvid/clk_out1
    SLICE_X158Y134       FDRE                                         r  video_inst/inst_dvid/latched_green_reg[1]/C
  -------------------------------------------------------------------    -------------------
    SLICE_X158Y134       FDRE (Prop_fdre_C_Q)         0.164     0.807 r  video_inst/inst_dvid/latched_green_reg[1]/Q
                         net (fo=1, routed)           0.607     1.413    video_inst/inst_dvid/latched_green[1]
    SLICE_X160Y135       LUT3 (Prop_lut3_I2_O)        0.045     1.458 r  video_inst/inst_dvid/shift_green[1]_i_1/O
                         net (fo=1, routed)           0.000     1.458    video_inst/inst_dvid/shift_green_1[1]
    SLICE_X160Y135       FDRE                                         r  video_inst/inst_dvid/shift_green_reg[1]/D
  -------------------------------------------------------------------    -------------------

                         (clock clk_out2_clk_wiz_0 rise edge)
                                                      0.000     0.000 r  
    BUFGCTRL_X0Y1        BUFG                         0.000     0.000 r  clk_IBUF_BUFG_inst/O
                         net (fo=133, routed)         1.022     1.022    video_inst/mmcm_adv_inst_display_clocks/inst/clk_in1
    MMCME2_ADV_X1Y0      MMCME2_ADV (Prop_mmcme2_adv_CLKIN1_CLKOUT1)
                                                     -2.040    -1.018 r  video_inst/mmcm_adv_inst_display_clocks/inst/mmcm_adv_inst/CLKOUT1
                         net (fo=1, routed)           0.989    -0.029    video_inst/mmcm_adv_inst_display_clocks/inst/clk_out2_clk_wiz_0
    BUFGCTRL_X0Y0        BUFG (Prop_bufg_I_O)         0.029    -0.000 r  video_inst/mmcm_adv_inst_display_clocks/inst/clkout2_buf/O
                         net (fo=44, routed)          0.916     0.916    video_inst/inst_dvid/clk_out2
    SLICE_X160Y135       FDRE                                         r  video_inst/inst_dvid/shift_green_reg[1]/C
                         clock pessimism              0.080     0.996    
                         clock uncertainty            0.215     1.210    
    SLICE_X160Y135       FDRE (Hold_fdre_C_D)         0.092     1.302    video_inst/inst_dvid/shift_green_reg[1]
  -------------------------------------------------------------------
                         required time                         -1.302    
                         arrival time                           1.458    
  -------------------------------------------------------------------
                         slack                                  0.156    

Slack (MET) :             0.203ns  (arrival time - required time)
  Source:                 video_inst/inst_dvid/latched_red_reg[9]/C
                            (rising edge-triggered cell FDRE clocked by clk_out1_clk_wiz_0  {rise@0.000ns fall@20.000ns period=40.000ns})
  Destination:            video_inst/inst_dvid/shift_red_reg[9]/D
                            (rising edge-triggered cell FDRE clocked by clk_out2_clk_wiz_0  {rise@0.000ns fall@4.000ns period=8.000ns})
  Path Group:             clk_out2_clk_wiz_0
  Path Type:              Hold (Min at Fast Process Corner)
  Requirement:            0.000ns  (clk_out2_clk_wiz_0 rise@0.000ns - clk_out1_clk_wiz_0 rise@0.000ns)
  Data Path Delay:        0.788ns  (logic 0.148ns (18.792%)  route 0.640ns (81.208%))
  Logic Levels:           0  
  Clock Path Skew:        0.352ns (DCD - SCD - CPR)
    Destination Clock Delay (DCD):    0.913ns
    Source Clock Delay      (SCD):    0.641ns
    Clock Pessimism Removal (CPR):    -0.080ns
  Clock Uncertainty:      0.215ns  ((TSJ^2 + DJ^2)^1/2) / 2 + PE
    Total System Jitter     (TSJ):    0.071ns
    Discrete Jitter          (DJ):    0.175ns
    Phase Error              (PE):    0.120ns

    Location             Delay type                Incr(ns)  Path(ns)    Netlist Resource(s)
  -------------------------------------------------------------------    -------------------
                         (clock clk_out1_clk_wiz_0 rise edge)
                                                      0.000     0.000 r  
    BUFGCTRL_X0Y1        BUFG                         0.000     0.000 r  clk_IBUF_BUFG_inst/O
                         net (fo=133, routed)         0.745     0.745    video_inst/mmcm_adv_inst_display_clocks/inst/clk_in1
    MMCME2_ADV_X1Y0      MMCME2_ADV (Prop_mmcme2_adv_CLKIN1_CLKOUT0)
                                                     -1.683    -0.938 r  video_inst/mmcm_adv_inst_display_clocks/inst/mmcm_adv_inst/CLKOUT0
                         net (fo=1, routed)           0.912    -0.026    video_inst/mmcm_adv_inst_display_clocks/inst/clk_out1_clk_wiz_0
    BUFGCTRL_X0Y2        BUFG (Prop_bufg_I_O)         0.026    -0.000 r  video_inst/mmcm_adv_inst_display_clocks/inst/clkout1_buf/O
                         net (fo=76, routed)          0.641     0.641    video_inst/inst_dvid/clk_out1
    SLICE_X158Y132       FDRE                                         r  video_inst/inst_dvid/latched_red_reg[9]/C
  -------------------------------------------------------------------    -------------------
    SLICE_X158Y132       FDRE (Prop_fdre_C_Q)         0.148     0.789 r  video_inst/inst_dvid/latched_red_reg[9]/Q
                         net (fo=1, routed)           0.640     1.428    video_inst/inst_dvid/latched_red[9]
    SLICE_X160Y132       FDRE                                         r  video_inst/inst_dvid/shift_red_reg[9]/D
  -------------------------------------------------------------------    -------------------

                         (clock clk_out2_clk_wiz_0 rise edge)
                                                      0.000     0.000 r  
    BUFGCTRL_X0Y1        BUFG                         0.000     0.000 r  clk_IBUF_BUFG_inst/O
                         net (fo=133, routed)         1.022     1.022    video_inst/mmcm_adv_inst_display_clocks/inst/clk_in1
    MMCME2_ADV_X1Y0      MMCME2_ADV (Prop_mmcme2_adv_CLKIN1_CLKOUT1)
                                                     -2.040    -1.018 r  video_inst/mmcm_adv_inst_display_clocks/inst/mmcm_adv_inst/CLKOUT1
                         net (fo=1, routed)           0.989    -0.029    video_inst/mmcm_adv_inst_display_clocks/inst/clk_out2_clk_wiz_0
    BUFGCTRL_X0Y0        BUFG (Prop_bufg_I_O)         0.029    -0.000 r  video_inst/mmcm_adv_inst_display_clocks/inst/clkout2_buf/O
                         net (fo=44, routed)          0.913     0.913    video_inst/inst_dvid/clk_out2
    SLICE_X160Y132       FDRE                                         r  video_inst/inst_dvid/shift_red_reg[9]/C
                         clock pessimism              0.080     0.993    
                         clock uncertainty            0.215     1.207    
    SLICE_X160Y132       FDRE (Hold_fdre_C_D)         0.018     1.225    video_inst/inst_dvid/shift_red_reg[9]
  -------------------------------------------------------------------
                         required time                         -1.225    
                         arrival time                           1.428    
  -------------------------------------------------------------------
                         slack                                  0.203    

Slack (MET) :             0.206ns  (arrival time - required time)
  Source:                 video_inst/inst_dvid/latched_red_reg[8]/C
                            (rising edge-triggered cell FDRE clocked by clk_out1_clk_wiz_0  {rise@0.000ns fall@20.000ns period=40.000ns})
  Destination:            video_inst/inst_dvid/shift_red_reg[8]/D
                            (rising edge-triggered cell FDRE clocked by clk_out2_clk_wiz_0  {rise@0.000ns fall@4.000ns period=8.000ns})
  Path Group:             clk_out2_clk_wiz_0
  Path Type:              Hold (Min at Fast Process Corner)
  Requirement:            0.000ns  (clk_out2_clk_wiz_0 rise@0.000ns - clk_out1_clk_wiz_0 rise@0.000ns)
  Data Path Delay:        0.848ns  (logic 0.164ns (19.334%)  route 0.684ns (80.666%))
  Logic Levels:           0  
  Clock Path Skew:        0.352ns (DCD - SCD - CPR)
    Destination Clock Delay (DCD):    0.913ns
    Source Clock Delay      (SCD):    0.641ns
    Clock Pessimism Removal (CPR):    -0.080ns
  Clock Uncertainty:      0.215ns  ((TSJ^2 + DJ^2)^1/2) / 2 + PE
    Total System Jitter     (TSJ):    0.071ns
    Discrete Jitter          (DJ):    0.175ns
    Phase Error              (PE):    0.120ns

    Location             Delay type                Incr(ns)  Path(ns)    Netlist Resource(s)
  -------------------------------------------------------------------    -------------------
                         (clock clk_out1_clk_wiz_0 rise edge)
                                                      0.000     0.000 r  
    BUFGCTRL_X0Y1        BUFG                         0.000     0.000 r  clk_IBUF_BUFG_inst/O
                         net (fo=133, routed)         0.745     0.745    video_inst/mmcm_adv_inst_display_clocks/inst/clk_in1
    MMCME2_ADV_X1Y0      MMCME2_ADV (Prop_mmcme2_adv_CLKIN1_CLKOUT0)
                                                     -1.683    -0.938 r  video_inst/mmcm_adv_inst_display_clocks/inst/mmcm_adv_inst/CLKOUT0
                         net (fo=1, routed)           0.912    -0.026    video_inst/mmcm_adv_inst_display_clocks/inst/clk_out1_clk_wiz_0
    BUFGCTRL_X0Y2        BUFG (Prop_bufg_I_O)         0.026    -0.000 r  video_inst/mmcm_adv_inst_display_clocks/inst/clkout1_buf/O
                         net (fo=76, routed)          0.641     0.641    video_inst/inst_dvid/clk_out1
    SLICE_X158Y132       FDRE                                         r  video_inst/inst_dvid/latched_red_reg[8]/C
  -------------------------------------------------------------------    -------------------
    SLICE_X158Y132       FDRE (Prop_fdre_C_Q)         0.164     0.805 r  video_inst/inst_dvid/latched_red_reg[8]/Q
                         net (fo=1, routed)           0.684     1.489    video_inst/inst_dvid/latched_red[8]
    SLICE_X160Y132       FDRE                                         r  video_inst/inst_dvid/shift_red_reg[8]/D
  -------------------------------------------------------------------    -------------------

                         (clock clk_out2_clk_wiz_0 rise edge)
                                                      0.000     0.000 r  
    BUFGCTRL_X0Y1        BUFG                         0.000     0.000 r  clk_IBUF_BUFG_inst/O
                         net (fo=133, routed)         1.022     1.022    video_inst/mmcm_adv_inst_display_clocks/inst/clk_in1
    MMCME2_ADV_X1Y0      MMCME2_ADV (Prop_mmcme2_adv_CLKIN1_CLKOUT1)
                                                     -2.040    -1.018 r  video_inst/mmcm_adv_inst_display_clocks/inst/mmcm_adv_inst/CLKOUT1
                         net (fo=1, routed)           0.989    -0.029    video_inst/mmcm_adv_inst_display_clocks/inst/clk_out2_clk_wiz_0
    BUFGCTRL_X0Y0        BUFG (Prop_bufg_I_O)         0.029    -0.000 r  video_inst/mmcm_adv_inst_display_clocks/inst/clkout2_buf/O
                         net (fo=44, routed)          0.913     0.913    video_inst/inst_dvid/clk_out2
    SLICE_X160Y132       FDRE                                         r  video_inst/inst_dvid/shift_red_reg[8]/C
                         clock pessimism              0.080     0.993    
                         clock uncertainty            0.215     1.207    
    SLICE_X160Y132       FDRE (Hold_fdre_C_D)         0.075     1.282    video_inst/inst_dvid/shift_red_reg[8]
  -------------------------------------------------------------------
                         required time                         -1.282    
                         arrival time                           1.489    
  -------------------------------------------------------------------
                         slack                                  0.206    

Slack (MET) :             0.208ns  (arrival time - required time)
  Source:                 video_inst/inst_dvid/latched_red_reg[4]/C
                            (rising edge-triggered cell FDRE clocked by clk_out1_clk_wiz_0  {rise@0.000ns fall@20.000ns period=40.000ns})
  Destination:            video_inst/inst_dvid/shift_red_reg[6]/D
                            (rising edge-triggered cell FDRE clocked by clk_out2_clk_wiz_0  {rise@0.000ns fall@4.000ns period=8.000ns})
  Path Group:             clk_out2_clk_wiz_0
  Path Type:              Hold (Min at Fast Process Corner)
  Requirement:            0.000ns  (clk_out2_clk_wiz_0 rise@0.000ns - clk_out1_clk_wiz_0 rise@0.000ns)
  Data Path Delay:        0.906ns  (logic 0.207ns (22.846%)  route 0.699ns (77.154%))
  Logic Levels:           1  (LUT3=1)
  Clock Path Skew:        0.352ns (DCD - SCD - CPR)
    Destination Clock Delay (DCD):    0.913ns
    Source Clock Delay      (SCD):    0.641ns
    Clock Pessimism Removal (CPR):    -0.080ns
  Clock Uncertainty:      0.215ns  ((TSJ^2 + DJ^2)^1/2) / 2 + PE
    Total System Jitter     (TSJ):    0.071ns
    Discrete Jitter          (DJ):    0.175ns
    Phase Error              (PE):    0.120ns

    Location             Delay type                Incr(ns)  Path(ns)    Netlist Resource(s)
  -------------------------------------------------------------------    -------------------
                         (clock clk_out1_clk_wiz_0 rise edge)
                                                      0.000     0.000 r  
    BUFGCTRL_X0Y1        BUFG                         0.000     0.000 r  clk_IBUF_BUFG_inst/O
                         net (fo=133, routed)         0.745     0.745    video_inst/mmcm_adv_inst_display_clocks/inst/clk_in1
    MMCME2_ADV_X1Y0      MMCME2_ADV (Prop_mmcme2_adv_CLKIN1_CLKOUT0)
                                                     -1.683    -0.938 r  video_inst/mmcm_adv_inst_display_clocks/inst/mmcm_adv_inst/CLKOUT0
                         net (fo=1, routed)           0.912    -0.026    video_inst/mmcm_adv_inst_display_clocks/inst/clk_out1_clk_wiz_0
    BUFGCTRL_X0Y2        BUFG (Prop_bufg_I_O)         0.026    -0.000 r  video_inst/mmcm_adv_inst_display_clocks/inst/clkout1_buf/O
                         net (fo=76, routed)          0.641     0.641    video_inst/inst_dvid/clk_out1
    SLICE_X158Y132       FDRE                                         r  video_inst/inst_dvid/latched_red_reg[4]/C
  -------------------------------------------------------------------    -------------------
    SLICE_X158Y132       FDRE (Prop_fdre_C_Q)         0.164     0.805 r  video_inst/inst_dvid/latched_red_reg[4]/Q
                         net (fo=2, routed)           0.699     1.504    video_inst/inst_dvid/latched_red[4]
    SLICE_X162Y132       LUT3 (Prop_lut3_I2_O)        0.043     1.547 r  video_inst/inst_dvid/shift_red[6]_i_1/O
                         net (fo=1, routed)           0.000     1.547    video_inst/inst_dvid/shift_red[6]
    SLICE_X162Y132       FDRE                                         r  video_inst/inst_dvid/shift_red_reg[6]/D
  -------------------------------------------------------------------    -------------------

                         (clock clk_out2_clk_wiz_0 rise edge)
                                                      0.000     0.000 r  
    BUFGCTRL_X0Y1        BUFG                         0.000     0.000 r  clk_IBUF_BUFG_inst/O
                         net (fo=133, routed)         1.022     1.022    video_inst/mmcm_adv_inst_display_clocks/inst/clk_in1
    MMCME2_ADV_X1Y0      MMCME2_ADV (Prop_mmcme2_adv_CLKIN1_CLKOUT1)
                                                     -2.040    -1.018 r  video_inst/mmcm_adv_inst_display_clocks/inst/mmcm_adv_inst/CLKOUT1
                         net (fo=1, routed)           0.989    -0.029    video_inst/mmcm_adv_inst_display_clocks/inst/clk_out2_clk_wiz_0
    BUFGCTRL_X0Y0        BUFG (Prop_bufg_I_O)         0.029    -0.000 r  video_inst/mmcm_adv_inst_display_clocks/inst/clkout2_buf/O
                         net (fo=44, routed)          0.913     0.913    video_inst/inst_dvid/clk_out2
    SLICE_X162Y132       FDRE                                         r  video_inst/inst_dvid/shift_red_reg[6]/C
                         clock pessimism              0.080     0.993    
                         clock uncertainty            0.215     1.207    
    SLICE_X162Y132       FDRE (Hold_fdre_C_D)         0.131     1.338    video_inst/inst_dvid/shift_red_reg[6]
  -------------------------------------------------------------------
                         required time                         -1.338    
                         arrival time                           1.547    
  -------------------------------------------------------------------
                         slack                                  0.208    

Slack (MET) :             0.218ns  (arrival time - required time)
  Source:                 video_inst/inst_dvid/latched_green_reg[8]/C
                            (rising edge-triggered cell FDRE clocked by clk_out1_clk_wiz_0  {rise@0.000ns fall@20.000ns period=40.000ns})
  Destination:            video_inst/inst_dvid/shift_green_reg[8]/D
                            (rising edge-triggered cell FDRE clocked by clk_out2_clk_wiz_0  {rise@0.000ns fall@4.000ns period=8.000ns})
  Path Group:             clk_out2_clk_wiz_0
  Path Type:              Hold (Min at Fast Process Corner)
  Requirement:            0.000ns  (clk_out2_clk_wiz_0 rise@0.000ns - clk_out1_clk_wiz_0 rise@0.000ns)
  Data Path Delay:        0.855ns  (logic 0.141ns (16.486%)  route 0.714ns (83.514%))
  Logic Levels:           0  
  Clock Path Skew:        0.352ns (DCD - SCD - CPR)
    Destination Clock Delay (DCD):    0.913ns
    Source Clock Delay      (SCD):    0.641ns
    Clock Pessimism Removal (CPR):    -0.080ns
  Clock Uncertainty:      0.215ns  ((TSJ^2 + DJ^2)^1/2) / 2 + PE
    Total System Jitter     (TSJ):    0.071ns
    Discrete Jitter          (DJ):    0.175ns
    Phase Error              (PE):    0.120ns

    Location             Delay type                Incr(ns)  Path(ns)    Netlist Resource(s)
  -------------------------------------------------------------------    -------------------
                         (clock clk_out1_clk_wiz_0 rise edge)
                                                      0.000     0.000 r  
    BUFGCTRL_X0Y1        BUFG                         0.000     0.000 r  clk_IBUF_BUFG_inst/O
                         net (fo=133, routed)         0.745     0.745    video_inst/mmcm_adv_inst_display_clocks/inst/clk_in1
    MMCME2_ADV_X1Y0      MMCME2_ADV (Prop_mmcme2_adv_CLKIN1_CLKOUT0)
                                                     -1.683    -0.938 r  video_inst/mmcm_adv_inst_display_clocks/inst/mmcm_adv_inst/CLKOUT0
                         net (fo=1, routed)           0.912    -0.026    video_inst/mmcm_adv_inst_display_clocks/inst/clk_out1_clk_wiz_0
    BUFGCTRL_X0Y2        BUFG (Prop_bufg_I_O)         0.026    -0.000 r  video_inst/mmcm_adv_inst_display_clocks/inst/clkout1_buf/O
                         net (fo=76, routed)          0.641     0.641    video_inst/inst_dvid/clk_out1
    SLICE_X159Y132       FDRE                                         r  video_inst/inst_dvid/latched_green_reg[8]/C
  -------------------------------------------------------------------    -------------------
    SLICE_X159Y132       FDRE (Prop_fdre_C_Q)         0.141     0.782 r  video_inst/inst_dvid/latched_green_reg[8]/Q
                         net (fo=1, routed)           0.714     1.496    video_inst/inst_dvid/latched_green[8]
    SLICE_X160Y132       FDRE                                         r  video_inst/inst_dvid/shift_green_reg[8]/D
  -------------------------------------------------------------------    -------------------

                         (clock clk_out2_clk_wiz_0 rise edge)
                                                      0.000     0.000 r  
    BUFGCTRL_X0Y1        BUFG                         0.000     0.000 r  clk_IBUF_BUFG_inst/O
                         net (fo=133, routed)         1.022     1.022    video_inst/mmcm_adv_inst_display_clocks/inst/clk_in1
    MMCME2_ADV_X1Y0      MMCME2_ADV (Prop_mmcme2_adv_CLKIN1_CLKOUT1)
                                                     -2.040    -1.018 r  video_inst/mmcm_adv_inst_display_clocks/inst/mmcm_adv_inst/CLKOUT1
                         net (fo=1, routed)           0.989    -0.029    video_inst/mmcm_adv_inst_display_clocks/inst/clk_out2_clk_wiz_0
    BUFGCTRL_X0Y0        BUFG (Prop_bufg_I_O)         0.029    -0.000 r  video_inst/mmcm_adv_inst_display_clocks/inst/clkout2_buf/O
                         net (fo=44, routed)          0.913     0.913    video_inst/inst_dvid/clk_out2
    SLICE_X160Y132       FDRE                                         r  video_inst/inst_dvid/shift_green_reg[8]/C
                         clock pessimism              0.080     0.993    
                         clock uncertainty            0.215     1.207    
    SLICE_X160Y132       FDRE (Hold_fdre_C_D)         0.070     1.277    video_inst/inst_dvid/shift_green_reg[8]
  -------------------------------------------------------------------
                         required time                         -1.277    
                         arrival time                           1.496    
  -------------------------------------------------------------------
                         slack                                  0.218    

Slack (MET) :             0.220ns  (arrival time - required time)
  Source:                 video_inst/inst_dvid/latched_red_reg[4]/C
                            (rising edge-triggered cell FDRE clocked by clk_out1_clk_wiz_0  {rise@0.000ns fall@20.000ns period=40.000ns})
  Destination:            video_inst/inst_dvid/shift_red_reg[4]/D
                            (rising edge-triggered cell FDRE clocked by clk_out2_clk_wiz_0  {rise@0.000ns fall@4.000ns period=8.000ns})
  Path Group:             clk_out2_clk_wiz_0
  Path Type:              Hold (Min at Fast Process Corner)
  Requirement:            0.000ns  (clk_out2_clk_wiz_0 rise@0.000ns - clk_out1_clk_wiz_0 rise@0.000ns)
  Data Path Delay:        0.908ns  (logic 0.209ns (23.016%)  route 0.699ns (76.984%))
  Logic Levels:           1  (LUT3=1)
  Clock Path Skew:        0.352ns (DCD - SCD - CPR)
    Destination Clock Delay (DCD):    0.913ns
    Source Clock Delay      (SCD):    0.641ns
    Clock Pessimism Removal (CPR):    -0.080ns
  Clock Uncertainty:      0.215ns  ((TSJ^2 + DJ^2)^1/2) / 2 + PE
    Total System Jitter     (TSJ):    0.071ns
    Discrete Jitter          (DJ):    0.175ns
    Phase Error              (PE):    0.120ns

    Location             Delay type                Incr(ns)  Path(ns)    Netlist Resource(s)
  -------------------------------------------------------------------    -------------------
                         (clock clk_out1_clk_wiz_0 rise edge)
                                                      0.000     0.000 r  
    BUFGCTRL_X0Y1        BUFG                         0.000     0.000 r  clk_IBUF_BUFG_inst/O
                         net (fo=133, routed)         0.745     0.745    video_inst/mmcm_adv_inst_display_clocks/inst/clk_in1
    MMCME2_ADV_X1Y0      MMCME2_ADV (Prop_mmcme2_adv_CLKIN1_CLKOUT0)
                                                     -1.683    -0.938 r  video_inst/mmcm_adv_inst_display_clocks/inst/mmcm_adv_inst/CLKOUT0
                         net (fo=1, routed)           0.912    -0.026    video_inst/mmcm_adv_inst_display_clocks/inst/clk_out1_clk_wiz_0
    BUFGCTRL_X0Y2        BUFG (Prop_bufg_I_O)         0.026    -0.000 r  video_inst/mmcm_adv_inst_display_clocks/inst/clkout1_buf/O
                         net (fo=76, routed)          0.641     0.641    video_inst/inst_dvid/clk_out1
    SLICE_X158Y132       FDRE                                         r  video_inst/inst_dvid/latched_red_reg[4]/C
  -------------------------------------------------------------------    -------------------
    SLICE_X158Y132       FDRE (Prop_fdre_C_Q)         0.164     0.805 r  video_inst/inst_dvid/latched_red_reg[4]/Q
                         net (fo=2, routed)           0.699     1.504    video_inst/inst_dvid/latched_red[4]
    SLICE_X162Y132       LUT3 (Prop_lut3_I2_O)        0.045     1.549 r  video_inst/inst_dvid/shift_red[4]_i_1/O
                         net (fo=1, routed)           0.000     1.549    video_inst/inst_dvid/shift_red[4]
    SLICE_X162Y132       FDRE                                         r  video_inst/inst_dvid/shift_red_reg[4]/D
  -------------------------------------------------------------------    -------------------

                         (clock clk_out2_clk_wiz_0 rise edge)
                                                      0.000     0.000 r  
    BUFGCTRL_X0Y1        BUFG                         0.000     0.000 r  clk_IBUF_BUFG_inst/O
                         net (fo=133, routed)         1.022     1.022    video_inst/mmcm_adv_inst_display_clocks/inst/clk_in1
    MMCME2_ADV_X1Y0      MMCME2_ADV (Prop_mmcme2_adv_CLKIN1_CLKOUT1)
                                                     -2.040    -1.018 r  video_inst/mmcm_adv_inst_display_clocks/inst/mmcm_adv_inst/CLKOUT1
                         net (fo=1, routed)           0.989    -0.029    video_inst/mmcm_adv_inst_display_clocks/inst/clk_out2_clk_wiz_0
    BUFGCTRL_X0Y0        BUFG (Prop_bufg_I_O)         0.029    -0.000 r  video_inst/mmcm_adv_inst_display_clocks/inst/clkout2_buf/O
                         net (fo=44, routed)          0.913     0.913    video_inst/inst_dvid/clk_out2
    SLICE_X162Y132       FDRE                                         r  video_inst/inst_dvid/shift_red_reg[4]/C
                         clock pessimism              0.080     0.993    
                         clock uncertainty            0.215     1.207    
    SLICE_X162Y132       FDRE (Hold_fdre_C_D)         0.121     1.328    video_inst/inst_dvid/shift_red_reg[4]
  -------------------------------------------------------------------
                         required time                         -1.328    
                         arrival time                           1.549    
  -------------------------------------------------------------------
                         slack                                  0.220    

Slack (MET) :             0.223ns  (arrival time - required time)
  Source:                 video_inst/inst_dvid/latched_blue_reg[1]/C
                            (rising edge-triggered cell FDRE clocked by clk_out1_clk_wiz_0  {rise@0.000ns fall@20.000ns period=40.000ns})
  Destination:            video_inst/inst_dvid/shift_blue_reg[3]/D
                            (rising edge-triggered cell FDRE clocked by clk_out2_clk_wiz_0  {rise@0.000ns fall@4.000ns period=8.000ns})
  Path Group:             clk_out2_clk_wiz_0
  Path Type:              Hold (Min at Fast Process Corner)
  Requirement:            0.000ns  (clk_out2_clk_wiz_0 rise@0.000ns - clk_out1_clk_wiz_0 rise@0.000ns)
  Data Path Delay:        0.900ns  (logic 0.224ns (24.898%)  route 0.676ns (75.102%))
  Logic Levels:           1  (LUT3=1)
  Clock Path Skew:        0.355ns (DCD - SCD - CPR)
    Destination Clock Delay (DCD):    0.913ns
    Source Clock Delay      (SCD):    0.638ns
    Clock Pessimism Removal (CPR):    -0.080ns
  Clock Uncertainty:      0.215ns  ((TSJ^2 + DJ^2)^1/2) / 2 + PE
    Total System Jitter     (TSJ):    0.071ns
    Discrete Jitter          (DJ):    0.175ns
    Phase Error              (PE):    0.120ns

    Location             Delay type                Incr(ns)  Path(ns)    Netlist Resource(s)
  -------------------------------------------------------------------    -------------------
                         (clock clk_out1_clk_wiz_0 rise edge)
                                                      0.000     0.000 r  
    BUFGCTRL_X0Y1        BUFG                         0.000     0.000 r  clk_IBUF_BUFG_inst/O
                         net (fo=133, routed)         0.745     0.745    video_inst/mmcm_adv_inst_display_clocks/inst/clk_in1
    MMCME2_ADV_X1Y0      MMCME2_ADV (Prop_mmcme2_adv_CLKIN1_CLKOUT0)
                                                     -1.683    -0.938 r  video_inst/mmcm_adv_inst_display_clocks/inst/mmcm_adv_inst/CLKOUT0
                         net (fo=1, routed)           0.912    -0.026    video_inst/mmcm_adv_inst_display_clocks/inst/clk_out1_clk_wiz_0
    BUFGCTRL_X0Y2        BUFG (Prop_bufg_I_O)         0.026    -0.000 r  video_inst/mmcm_adv_inst_display_clocks/inst/clkout1_buf/O
                         net (fo=76, routed)          0.638     0.638    video_inst/inst_dvid/clk_out1
    SLICE_X157Y129       FDRE                                         r  video_inst/inst_dvid/latched_blue_reg[1]/C
  -------------------------------------------------------------------    -------------------
    SLICE_X157Y129       FDRE (Prop_fdre_C_Q)         0.128     0.766 r  video_inst/inst_dvid/latched_blue_reg[1]/Q
                         net (fo=2, routed)           0.676     1.441    video_inst/inst_dvid/latched_blue[1]
    SLICE_X161Y132       LUT3 (Prop_lut3_I2_O)        0.096     1.537 r  video_inst/inst_dvid/shift_blue[3]_i_1/O
                         net (fo=1, routed)           0.000     1.537    video_inst/inst_dvid/shift_blue_0[3]
    SLICE_X161Y132       FDRE                                         r  video_inst/inst_dvid/shift_blue_reg[3]/D
  -------------------------------------------------------------------    -------------------

                         (clock clk_out2_clk_wiz_0 rise edge)
                                                      0.000     0.000 r  
    BUFGCTRL_X0Y1        BUFG                         0.000     0.000 r  clk_IBUF_BUFG_inst/O
                         net (fo=133, routed)         1.022     1.022    video_inst/mmcm_adv_inst_display_clocks/inst/clk_in1
    MMCME2_ADV_X1Y0      MMCME2_ADV (Prop_mmcme2_adv_CLKIN1_CLKOUT1)
                                                     -2.040    -1.018 r  video_inst/mmcm_adv_inst_display_clocks/inst/mmcm_adv_inst/CLKOUT1
                         net (fo=1, routed)           0.989    -0.029    video_inst/mmcm_adv_inst_display_clocks/inst/clk_out2_clk_wiz_0
    BUFGCTRL_X0Y0        BUFG (Prop_bufg_I_O)         0.029    -0.000 r  video_inst/mmcm_adv_inst_display_clocks/inst/clkout2_buf/O
                         net (fo=44, routed)          0.913     0.913    video_inst/inst_dvid/clk_out2
    SLICE_X161Y132       FDRE                                         r  video_inst/inst_dvid/shift_blue_reg[3]/C
                         clock pessimism              0.080     0.993    
                         clock uncertainty            0.215     1.207    
    SLICE_X161Y132       FDRE (Hold_fdre_C_D)         0.107     1.314    video_inst/inst_dvid/shift_blue_reg[3]
  -------------------------------------------------------------------
                         required time                         -1.314    
                         arrival time                           1.537    
  -------------------------------------------------------------------
                         slack                                  0.223    

Slack (MET) :             0.228ns  (arrival time - required time)
  Source:                 video_inst/inst_dvid/latched_red_reg[2]/C
                            (rising edge-triggered cell FDRE clocked by clk_out1_clk_wiz_0  {rise@0.000ns fall@20.000ns period=40.000ns})
  Destination:            video_inst/inst_dvid/shift_red_reg[2]/D
                            (rising edge-triggered cell FDRE clocked by clk_out2_clk_wiz_0  {rise@0.000ns fall@4.000ns period=8.000ns})
  Path Group:             clk_out2_clk_wiz_0
  Path Type:              Hold (Min at Fast Process Corner)
  Requirement:            0.000ns  (clk_out2_clk_wiz_0 rise@0.000ns - clk_out1_clk_wiz_0 rise@0.000ns)
  Data Path Delay:        0.927ns  (logic 0.188ns (20.284%)  route 0.739ns (79.716%))
  Logic Levels:           1  (LUT3=1)
  Clock Path Skew:        0.353ns (DCD - SCD - CPR)
    Destination Clock Delay (DCD):    0.913ns
    Source Clock Delay      (SCD):    0.640ns
    Clock Pessimism Removal (CPR):    -0.080ns
  Clock Uncertainty:      0.215ns  ((TSJ^2 + DJ^2)^1/2) / 2 + PE
    Total System Jitter     (TSJ):    0.071ns
    Discrete Jitter          (DJ):    0.175ns
    Phase Error              (PE):    0.120ns

    Location             Delay type                Incr(ns)  Path(ns)    Netlist Resource(s)
  -------------------------------------------------------------------    -------------------
                         (clock clk_out1_clk_wiz_0 rise edge)
                                                      0.000     0.000 r  
    BUFGCTRL_X0Y1        BUFG                         0.000     0.000 r  clk_IBUF_BUFG_inst/O
                         net (fo=133, routed)         0.745     0.745    video_inst/mmcm_adv_inst_display_clocks/inst/clk_in1
    MMCME2_ADV_X1Y0      MMCME2_ADV (Prop_mmcme2_adv_CLKIN1_CLKOUT0)
                                                     -1.683    -0.938 r  video_inst/mmcm_adv_inst_display_clocks/inst/mmcm_adv_inst/CLKOUT0
                         net (fo=1, routed)           0.912    -0.026    video_inst/mmcm_adv_inst_display_clocks/inst/clk_out1_clk_wiz_0
    BUFGCTRL_X0Y2        BUFG (Prop_bufg_I_O)         0.026    -0.000 r  video_inst/mmcm_adv_inst_display_clocks/inst/clkout1_buf/O
                         net (fo=76, routed)          0.640     0.640    video_inst/inst_dvid/clk_out1
    SLICE_X160Y130       FDRE                                         r  video_inst/inst_dvid/latched_red_reg[2]/C
  -------------------------------------------------------------------    -------------------
    SLICE_X160Y130       FDRE (Prop_fdre_C_Q)         0.141     0.781 r  video_inst/inst_dvid/latched_red_reg[2]/Q
                         net (fo=1, routed)           0.739     1.519    video_inst/inst_dvid/latched_red[2]
    SLICE_X162Y132       LUT3 (Prop_lut3_I2_O)        0.047     1.566 r  video_inst/inst_dvid/shift_red[2]_i_1/O
                         net (fo=1, routed)           0.000     1.566    video_inst/inst_dvid/shift_red[2]
    SLICE_X162Y132       FDRE                                         r  video_inst/inst_dvid/shift_red_reg[2]/D
  -------------------------------------------------------------------    -------------------

                         (clock clk_out2_clk_wiz_0 rise edge)
                                                      0.000     0.000 r  
    BUFGCTRL_X0Y1        BUFG                         0.000     0.000 r  clk_IBUF_BUFG_inst/O
                         net (fo=133, routed)         1.022     1.022    video_inst/mmcm_adv_inst_display_clocks/inst/clk_in1
    MMCME2_ADV_X1Y0      MMCME2_ADV (Prop_mmcme2_adv_CLKIN1_CLKOUT1)
                                                     -2.040    -1.018 r  video_inst/mmcm_adv_inst_display_clocks/inst/mmcm_adv_inst/CLKOUT1
                         net (fo=1, routed)           0.989    -0.029    video_inst/mmcm_adv_inst_display_clocks/inst/clk_out2_clk_wiz_0
    BUFGCTRL_X0Y0        BUFG (Prop_bufg_I_O)         0.029    -0.000 r  video_inst/mmcm_adv_inst_display_clocks/inst/clkout2_buf/O
                         net (fo=44, routed)          0.913     0.913    video_inst/inst_dvid/clk_out2
    SLICE_X162Y132       FDRE                                         r  video_inst/inst_dvid/shift_red_reg[2]/C
                         clock pessimism              0.080     0.993    
                         clock uncertainty            0.215     1.207    
    SLICE_X162Y132       FDRE (Hold_fdre_C_D)         0.131     1.338    video_inst/inst_dvid/shift_red_reg[2]
  -------------------------------------------------------------------
                         required time                         -1.338    
                         arrival time                           1.566    
  -------------------------------------------------------------------
                         slack                                  0.228    

Slack (MET) :             0.232ns  (arrival time - required time)
  Source:                 video_inst/inst_dvid/latched_green_reg[9]/C
                            (rising edge-triggered cell FDRE clocked by clk_out1_clk_wiz_0  {rise@0.000ns fall@20.000ns period=40.000ns})
  Destination:            video_inst/inst_dvid/shift_green_reg[9]/D
                            (rising edge-triggered cell FDRE clocked by clk_out2_clk_wiz_0  {rise@0.000ns fall@4.000ns period=8.000ns})
  Path Group:             clk_out2_clk_wiz_0
  Path Type:              Hold (Min at Fast Process Corner)
  Requirement:            0.000ns  (clk_out2_clk_wiz_0 rise@0.000ns - clk_out1_clk_wiz_0 rise@0.000ns)
  Data Path Delay:        0.817ns  (logic 0.128ns (15.658%)  route 0.689ns (84.342%))
  Logic Levels:           0  
  Clock Path Skew:        0.352ns (DCD - SCD - CPR)
    Destination Clock Delay (DCD):    0.913ns
    Source Clock Delay      (SCD):    0.641ns
    Clock Pessimism Removal (CPR):    -0.080ns
  Clock Uncertainty:      0.215ns  ((TSJ^2 + DJ^2)^1/2) / 2 + PE
    Total System Jitter     (TSJ):    0.071ns
    Discrete Jitter          (DJ):    0.175ns
    Phase Error              (PE):    0.120ns

    Location             Delay type                Incr(ns)  Path(ns)    Netlist Resource(s)
  -------------------------------------------------------------------    -------------------
                         (clock clk_out1_clk_wiz_0 rise edge)
                                                      0.000     0.000 r  
    BUFGCTRL_X0Y1        BUFG                         0.000     0.000 r  clk_IBUF_BUFG_inst/O
                         net (fo=133, routed)         0.745     0.745    video_inst/mmcm_adv_inst_display_clocks/inst/clk_in1
    MMCME2_ADV_X1Y0      MMCME2_ADV (Prop_mmcme2_adv_CLKIN1_CLKOUT0)
                                                     -1.683    -0.938 r  video_inst/mmcm_adv_inst_display_clocks/inst/mmcm_adv_inst/CLKOUT0
                         net (fo=1, routed)           0.912    -0.026    video_inst/mmcm_adv_inst_display_clocks/inst/clk_out1_clk_wiz_0
    BUFGCTRL_X0Y2        BUFG (Prop_bufg_I_O)         0.026    -0.000 r  video_inst/mmcm_adv_inst_display_clocks/inst/clkout1_buf/O
                         net (fo=76, routed)          0.641     0.641    video_inst/inst_dvid/clk_out1
    SLICE_X159Y132       FDRE                                         r  video_inst/inst_dvid/latched_green_reg[9]/C
  -------------------------------------------------------------------    -------------------
    SLICE_X159Y132       FDRE (Prop_fdre_C_Q)         0.128     0.769 r  video_inst/inst_dvid/latched_green_reg[9]/Q
                         net (fo=1, routed)           0.689     1.458    video_inst/inst_dvid/latched_green[9]
    SLICE_X160Y132       FDRE                                         r  video_inst/inst_dvid/shift_green_reg[9]/D
  -------------------------------------------------------------------    -------------------

                         (clock clk_out2_clk_wiz_0 rise edge)
                                                      0.000     0.000 r  
    BUFGCTRL_X0Y1        BUFG                         0.000     0.000 r  clk_IBUF_BUFG_inst/O
                         net (fo=133, routed)         1.022     1.022    video_inst/mmcm_adv_inst_display_clocks/inst/clk_in1
    MMCME2_ADV_X1Y0      MMCME2_ADV (Prop_mmcme2_adv_CLKIN1_CLKOUT1)
                                                     -2.040    -1.018 r  video_inst/mmcm_adv_inst_display_clocks/inst/mmcm_adv_inst/CLKOUT1
                         net (fo=1, routed)           0.989    -0.029    video_inst/mmcm_adv_inst_display_clocks/inst/clk_out2_clk_wiz_0
    BUFGCTRL_X0Y0        BUFG (Prop_bufg_I_O)         0.029    -0.000 r  video_inst/mmcm_adv_inst_display_clocks/inst/clkout2_buf/O
                         net (fo=44, routed)          0.913     0.913    video_inst/inst_dvid/clk_out2
    SLICE_X160Y132       FDRE                                         r  video_inst/inst_dvid/shift_green_reg[9]/C
                         clock pessimism              0.080     0.993    
                         clock uncertainty            0.215     1.207    
    SLICE_X160Y132       FDRE (Hold_fdre_C_D)         0.019     1.226    video_inst/inst_dvid/shift_green_reg[9]
  -------------------------------------------------------------------
                         required time                         -1.226    
                         arrival time                           1.458    
  -------------------------------------------------------------------
                         slack                                  0.232    

Slack (MET) :             0.240ns  (arrival time - required time)
  Source:                 video_inst/inst_dvid/latched_blue_reg[1]/C
                            (rising edge-triggered cell FDRE clocked by clk_out1_clk_wiz_0  {rise@0.000ns fall@20.000ns period=40.000ns})
  Destination:            video_inst/inst_dvid/shift_blue_reg[1]/D
                            (rising edge-triggered cell FDRE clocked by clk_out2_clk_wiz_0  {rise@0.000ns fall@4.000ns period=8.000ns})
  Path Group:             clk_out2_clk_wiz_0
  Path Type:              Hold (Min at Fast Process Corner)
  Requirement:            0.000ns  (clk_out2_clk_wiz_0 rise@0.000ns - clk_out1_clk_wiz_0 rise@0.000ns)
  Data Path Delay:        0.902ns  (logic 0.226ns (25.064%)  route 0.676ns (74.936%))
  Logic Levels:           1  (LUT3=1)
  Clock Path Skew:        0.355ns (DCD - SCD - CPR)
    Destination Clock Delay (DCD):    0.913ns
    Source Clock Delay      (SCD):    0.638ns
    Clock Pessimism Removal (CPR):    -0.080ns
  Clock Uncertainty:      0.215ns  ((TSJ^2 + DJ^2)^1/2) / 2 + PE
    Total System Jitter     (TSJ):    0.071ns
    Discrete Jitter          (DJ):    0.175ns
    Phase Error              (PE):    0.120ns

    Location             Delay type                Incr(ns)  Path(ns)    Netlist Resource(s)
  -------------------------------------------------------------------    -------------------
                         (clock clk_out1_clk_wiz_0 rise edge)
                                                      0.000     0.000 r  
    BUFGCTRL_X0Y1        BUFG                         0.000     0.000 r  clk_IBUF_BUFG_inst/O
                         net (fo=133, routed)         0.745     0.745    video_inst/mmcm_adv_inst_display_clocks/inst/clk_in1
    MMCME2_ADV_X1Y0      MMCME2_ADV (Prop_mmcme2_adv_CLKIN1_CLKOUT0)
                                                     -1.683    -0.938 r  video_inst/mmcm_adv_inst_display_clocks/inst/mmcm_adv_inst/CLKOUT0
                         net (fo=1, routed)           0.912    -0.026    video_inst/mmcm_adv_inst_display_clocks/inst/clk_out1_clk_wiz_0
    BUFGCTRL_X0Y2        BUFG (Prop_bufg_I_O)         0.026    -0.000 r  video_inst/mmcm_adv_inst_display_clocks/inst/clkout1_buf/O
                         net (fo=76, routed)          0.638     0.638    video_inst/inst_dvid/clk_out1
    SLICE_X157Y129       FDRE                                         r  video_inst/inst_dvid/latched_blue_reg[1]/C
  -------------------------------------------------------------------    -------------------
    SLICE_X157Y129       FDRE (Prop_fdre_C_Q)         0.128     0.766 r  video_inst/inst_dvid/latched_blue_reg[1]/Q
                         net (fo=2, routed)           0.676     1.441    video_inst/inst_dvid/latched_blue[1]
    SLICE_X161Y132       LUT3 (Prop_lut3_I2_O)        0.098     1.539 r  video_inst/inst_dvid/shift_blue[1]_i_1/O
                         net (fo=1, routed)           0.000     1.539    video_inst/inst_dvid/shift_blue_0[1]
    SLICE_X161Y132       FDRE                                         r  video_inst/inst_dvid/shift_blue_reg[1]/D
  -------------------------------------------------------------------    -------------------

                         (clock clk_out2_clk_wiz_0 rise edge)
                                                      0.000     0.000 r  
    BUFGCTRL_X0Y1        BUFG                         0.000     0.000 r  clk_IBUF_BUFG_inst/O
                         net (fo=133, routed)         1.022     1.022    video_inst/mmcm_adv_inst_display_clocks/inst/clk_in1
    MMCME2_ADV_X1Y0      MMCME2_ADV (Prop_mmcme2_adv_CLKIN1_CLKOUT1)
                                                     -2.040    -1.018 r  video_inst/mmcm_adv_inst_display_clocks/inst/mmcm_adv_inst/CLKOUT1
                         net (fo=1, routed)           0.989    -0.029    video_inst/mmcm_adv_inst_display_clocks/inst/clk_out2_clk_wiz_0
    BUFGCTRL_X0Y0        BUFG (Prop_bufg_I_O)         0.029    -0.000 r  video_inst/mmcm_adv_inst_display_clocks/inst/clkout2_buf/O
                         net (fo=44, routed)          0.913     0.913    video_inst/inst_dvid/clk_out2
    SLICE_X161Y132       FDRE                                         r  video_inst/inst_dvid/shift_blue_reg[1]/C
                         clock pessimism              0.080     0.993    
                         clock uncertainty            0.215     1.207    
    SLICE_X161Y132       FDRE (Hold_fdre_C_D)         0.092     1.299    video_inst/inst_dvid/shift_blue_reg[1]
  -------------------------------------------------------------------
                         required time                         -1.299    
                         arrival time                           1.539    
  -------------------------------------------------------------------
                         slack                                  0.240    





--------------------------------------------------------------------------------------
Path Group:  (none)
From Clock:  
  To Clock:  

Max Delay           551 Endpoints
Min Delay           551 Endpoints
--------------------------------------------------------------------------------------


Max Delay Paths
--------------------------------------------------------------------------------------
Slack:                    inf
  Source:                 data
                            (input port)
  Destination:            NES_inst/in_port_reg[0]/D
  Path Group:             (none)
  Path Type:              Max at Slow Process Corner
  Data Path Delay:        9.947ns  (logic 1.635ns (16.432%)  route 8.313ns (83.568%))
  Logic Levels:           2  (IBUF=1 LUT4=1)

    Location             Delay type                Incr(ns)  Path(ns)    Netlist Resource(s)
  -------------------------------------------------------------------    -------------------
    AB20                                              0.000     0.000 f  data (IN)
                         net (fo=0)                   0.000     0.000    data
    AB20                 IBUF (Prop_ibuf_I_O)         1.511     1.511 f  data_IBUF_inst/O
                         net (fo=1, routed)           7.597     9.107    NES_inst/processor/out
    SLICE_X153Y121       LUT4 (Prop_lut4_I3_O)        0.124     9.231 r  NES_inst/processor/in_port[0]_i_1/O
                         net (fo=1, routed)           0.716     9.947    NES_inst/processor_n_10
    SLICE_X156Y121       FDRE                                         r  NES_inst/in_port_reg[0]/D
  -------------------------------------------------------------------    -------------------

Slack:                    inf
  Source:                 NES_inst/pulse_reg/C
                            (rising edge-triggered cell FDRE)
  Destination:            pulse
                            (output port)
  Path Group:             (none)
  Path Type:              Max at Slow Process Corner
  Data Path Delay:        9.376ns  (logic 4.027ns (42.956%)  route 5.348ns (57.044%))
  Logic Levels:           2  (FDRE=1 OBUF=1)

    Location             Delay type                Incr(ns)  Path(ns)    Netlist Resource(s)
  -------------------------------------------------------------------    -------------------
    SLICE_X153Y121       FDRE                         0.000     0.000 r  NES_inst/pulse_reg/C
    SLICE_X153Y121       FDRE (Prop_fdre_C_Q)         0.456     0.456 r  NES_inst/pulse_reg/Q
                         net (fo=3, routed)           5.348     5.804    pulse_OBUF
    AB21                 OBUF (Prop_obuf_I_O)         3.571     9.376 r  pulse_OBUF_inst/O
                         net (fo=0)                   0.000     9.376    pulse
    AB21                                                              r  pulse (OUT)
  -------------------------------------------------------------------    -------------------

Slack:                    inf
  Source:                 NES_inst/latch_reg/C
                            (rising edge-triggered cell FDRE)
  Destination:            latch
                            (output port)
  Path Group:             (none)
  Path Type:              Max at Slow Process Corner
  Data Path Delay:        9.312ns  (logic 4.034ns (43.316%)  route 5.278ns (56.684%))
  Logic Levels:           2  (FDRE=1 OBUF=1)

    Location             Delay type                Incr(ns)  Path(ns)    Netlist Resource(s)
  -------------------------------------------------------------------    -------------------
    SLICE_X153Y121       FDRE                         0.000     0.000 r  NES_inst/latch_reg/C
    SLICE_X153Y121       FDRE (Prop_fdre_C_Q)         0.456     0.456 r  NES_inst/latch_reg/Q
                         net (fo=3, routed)           5.278     5.734    latch_OBUF
    AB22                 OBUF (Prop_obuf_I_O)         3.578     9.312 r  latch_OBUF_inst/O
                         net (fo=0)                   0.000     9.312    latch
    AB22                                                              r  latch (OUT)
  -------------------------------------------------------------------    -------------------

Slack:                    inf
  Source:                 NES_inst/program_rom/ram_2k_generate.akv7.kcpsm6_rom/CLKARDCLK
                            (rising edge-triggered cell RAMB36E1)
  Destination:            NES_inst/processor/run_flop/D
  Path Group:             (none)
  Path Type:              Max at Slow Process Corner
  Data Path Delay:        8.865ns  (logic 4.276ns (48.235%)  route 4.589ns (51.765%))
  Logic Levels:           7  (CARRY4=2 LUT5=3 LUT6=1 RAMB36E1=1)

    Location             Delay type                Incr(ns)  Path(ns)    Netlist Resource(s)
  -------------------------------------------------------------------    -------------------
    RAMB36_X8Y24         RAMB36E1                     0.000     0.000 r  NES_inst/program_rom/ram_2k_generate.akv7.kcpsm6_rom/CLKARDCLK
    RAMB36_X8Y24         RAMB36E1 (Prop_ramb36e1_CLKARDCLK_DOADO[13])
                                                      2.454     2.454 r  NES_inst/program_rom/ram_2k_generate.akv7.kcpsm6_rom/DOADO[13]
                         net (fo=25, routed)          2.216     4.670    NES_inst/processor/move_type_lut/I1
    SLICE_X161Y120       LUT6 (Prop_lut6_I1_O)        0.124     4.794 f  NES_inst/processor/move_type_lut/LUT6/O
                         net (fo=4, routed)           0.656     5.450    NES_inst/processor/push_pop_lut/I2
    SLICE_X160Y119       LUT5 (Prop_lut5_I2_O)        0.150     5.600 f  NES_inst/processor/push_pop_lut/LUT5/O
                         net (fo=5, routed)           0.880     6.480    NES_inst/processor/pop_stack
    SLICE_X159Y118       LUT5 (Prop_lut5_I1_O)        0.326     6.806 r  NES_inst/processor/stack_loop[1].upper_stack.stack_pointer_lut/O
                         net (fo=1, routed)           0.000     6.806    NES_inst/processor/half_pointer_value[1]
    SLICE_X159Y118       CARRY4 (Prop_carry4_S[1]_CO[3])
                                                      0.550     7.356 r  NES_inst/processor/stack_loop[0].lsb_stack.stack_muxcy_CARRY4/CO[3]
                         net (fo=1, routed)           0.000     7.356    NES_inst/processor/stack_loop[3].upper_stack.stack_muxcy_n_0
    SLICE_X159Y119       CARRY4 (Prop_carry4_CI_CO[0])
                                                      0.271     7.627 f  NES_inst/processor/stack_loop[4].upper_stack.stack_muxcy_CARRY4/CO[0]
                         net (fo=2, routed)           0.837     8.464    NES_inst/processor/reset_lut/I2
    SLICE_X160Y119       LUT5 (Prop_lut5_I2_O)        0.401     8.865 r  NES_inst/processor/reset_lut/LUT5/O
                         net (fo=1, routed)           0.000     8.865    NES_inst/processor/run_value
    SLICE_X160Y119       FDRE                                         r  NES_inst/processor/run_flop/D
  -------------------------------------------------------------------    -------------------

Slack:                    inf
  Source:                 NES_inst/program_rom/ram_2k_generate.akv7.kcpsm6_rom/CLKARDCLK
                            (rising edge-triggered cell RAMB36E1)
  Destination:            NES_inst/processor/internal_reset_flop/D
  Path Group:             (none)
  Path Type:              Max at Slow Process Corner
  Data Path Delay:        8.837ns  (logic 4.248ns (48.071%)  route 4.589ns (51.929%))
  Logic Levels:           7  (CARRY4=2 LUT5=2 LUT6=2 RAMB36E1=1)

    Location             Delay type                Incr(ns)  Path(ns)    Netlist Resource(s)
  -------------------------------------------------------------------    -------------------
    RAMB36_X8Y24         RAMB36E1                     0.000     0.000 r  NES_inst/program_rom/ram_2k_generate.akv7.kcpsm6_rom/CLKARDCLK
    RAMB36_X8Y24         RAMB36E1 (Prop_ramb36e1_CLKARDCLK_DOADO[13])
                                                      2.454     2.454 r  NES_inst/program_rom/ram_2k_generate.akv7.kcpsm6_rom/DOADO[13]
                         net (fo=25, routed)          2.216     4.670    NES_inst/processor/move_type_lut/I1
    SLICE_X161Y120       LUT6 (Prop_lut6_I1_O)        0.124     4.794 f  NES_inst/processor/move_type_lut/LUT6/O
                         net (fo=4, routed)           0.656     5.450    NES_inst/processor/push_pop_lut/I2
    SLICE_X160Y119       LUT5 (Prop_lut5_I2_O)        0.150     5.600 f  NES_inst/processor/push_pop_lut/LUT5/O
                         net (fo=5, routed)           0.880     6.480    NES_inst/processor/pop_stack
    SLICE_X159Y118       LUT5 (Prop_lut5_I1_O)        0.326     6.806 r  NES_inst/processor/stack_loop[1].upper_stack.stack_pointer_lut/O
                         net (fo=1, routed)           0.000     6.806    NES_inst/processor/half_pointer_value[1]
    SLICE_X159Y118       CARRY4 (Prop_carry4_S[1]_CO[3])
                                                      0.550     7.356 r  NES_inst/processor/stack_loop[0].lsb_stack.stack_muxcy_CARRY4/CO[3]
                         net (fo=1, routed)           0.000     7.356    NES_inst/processor/stack_loop[3].upper_stack.stack_muxcy_n_0
    SLICE_X159Y119       CARRY4 (Prop_carry4_CI_CO[0])
                                                      0.271     7.627 r  NES_inst/processor/stack_loop[4].upper_stack.stack_muxcy_CARRY4/CO[0]
                         net (fo=2, routed)           0.837     8.464    NES_inst/processor/reset_lut/I2
    SLICE_X160Y119       LUT6 (Prop_lut6_I2_O)        0.373     8.837 r  NES_inst/processor/reset_lut/LUT6/O
                         net (fo=1, routed)           0.000     8.837    NES_inst/processor/internal_reset_value
    SLICE_X160Y119       FDRE                                         r  NES_inst/processor/internal_reset_flop/D
  -------------------------------------------------------------------    -------------------

Slack:                    inf
  Source:                 NES_inst/program_rom/ram_2k_generate.akv7.kcpsm6_rom/CLKARDCLK
                            (rising edge-triggered cell RAMB36E1)
  Destination:            NES_inst/processor/arith_carry_flop/D
  Path Group:             (none)
  Path Type:              Max at Slow Process Corner
  Data Path Delay:        8.318ns  (logic 4.151ns (49.904%)  route 4.167ns (50.096%))
  Logic Levels:           7  (CARRY4=3 LUT5=1 LUT6=1 RAMB36E1=1 RAMD32=1)

    Location             Delay type                Incr(ns)  Path(ns)    Netlist Resource(s)
  -------------------------------------------------------------------    -------------------
    RAMB36_X8Y24         RAMB36E1                     0.000     0.000 r  NES_inst/program_rom/ram_2k_generate.akv7.kcpsm6_rom/CLKARDCLK
    RAMB36_X8Y24         RAMB36E1 (Prop_ramb36e1_CLKARDCLK_DOADO[5])
                                                      2.454     2.454 r  NES_inst/program_rom/ram_2k_generate.akv7.kcpsm6_rom/DOADO[5]
                         net (fo=14, routed)          1.350     3.804    NES_inst/processor/lower_reg_banks/ADDRA1
    SLICE_X154Y120       RAMD32 (Prop_ramd32_RADR1_O)
                                                      0.146     3.950 r  NES_inst/processor/lower_reg_banks/RAMA/O
                         net (fo=3, routed)           1.065     5.014    NES_inst/processor/data_path_loop[0].output_data.sy_kk_mux_lut/I0
    SLICE_X156Y119       LUT5 (Prop_lut5_I0_O)        0.356     5.370 r  NES_inst/processor/data_path_loop[0].output_data.sy_kk_mux_lut/LUT5/O
                         net (fo=22, routed)          1.753     7.123    NES_inst/processor/data_path_loop[0].arith_logical_lut/I0
    SLICE_X156Y121       LUT6 (Prop_lut6_I0_O)        0.326     7.449 r  NES_inst/processor/data_path_loop[0].arith_logical_lut/LUT6/O
                         net (fo=1, routed)           0.000     7.449    NES_inst/processor/half_arith_logical[0]
    SLICE_X156Y121       CARRY4 (Prop_carry4_S[0]_CO[3])
                                                      0.532     7.981 r  NES_inst/processor/data_path_loop[0].lsb_arith_logical.arith_logical_muxcy_CARRY4/CO[3]
                         net (fo=1, routed)           0.000     7.981    NES_inst/processor/data_path_loop[3].upper_arith_logical.arith_logical_muxcy_n_0
    SLICE_X156Y122       CARRY4 (Prop_carry4_CI_CO[3])
                                                      0.114     8.095 r  NES_inst/processor/data_path_loop[4].upper_arith_logical.arith_logical_muxcy_CARRY4/CO[3]
                         net (fo=1, routed)           0.000     8.095    NES_inst/processor/CI
    SLICE_X156Y123       CARRY4 (Prop_carry4_CI_O[0])
                                                      0.223     8.318 r  NES_inst/processor/arith_carry_xorcy_CARRY4/O[0]
                         net (fo=1, routed)           0.000     8.318    NES_inst/processor/arith_carry_value
    SLICE_X156Y123       FDRE                                         r  NES_inst/processor/arith_carry_flop/D
  -------------------------------------------------------------------    -------------------

Slack:                    inf
  Source:                 NES_inst/program_rom/ram_2k_generate.akv7.kcpsm6_rom/CLKARDCLK
                            (rising edge-triggered cell RAMB36E1)
  Destination:            NES_inst/processor/data_path_loop[5].arith_logical_flop/D
  Path Group:             (none)
  Path Type:              Max at Slow Process Corner
  Data Path Delay:        8.315ns  (logic 4.148ns (49.886%)  route 4.167ns (50.114%))
  Logic Levels:           6  (CARRY4=2 LUT5=1 LUT6=1 RAMB36E1=1 RAMD32=1)

    Location             Delay type                Incr(ns)  Path(ns)    Netlist Resource(s)
  -------------------------------------------------------------------    -------------------
    RAMB36_X8Y24         RAMB36E1                     0.000     0.000 r  NES_inst/program_rom/ram_2k_generate.akv7.kcpsm6_rom/CLKARDCLK
    RAMB36_X8Y24         RAMB36E1 (Prop_ramb36e1_CLKARDCLK_DOADO[5])
                                                      2.454     2.454 r  NES_inst/program_rom/ram_2k_generate.akv7.kcpsm6_rom/DOADO[5]
                         net (fo=14, routed)          1.350     3.804    NES_inst/processor/lower_reg_banks/ADDRA1
    SLICE_X154Y120       RAMD32 (Prop_ramd32_RADR1_O)
                                                      0.146     3.950 r  NES_inst/processor/lower_reg_banks/RAMA/O
                         net (fo=3, routed)           1.065     5.014    NES_inst/processor/data_path_loop[0].output_data.sy_kk_mux_lut/I0
    SLICE_X156Y119       LUT5 (Prop_lut5_I0_O)        0.356     5.370 r  NES_inst/processor/data_path_loop[0].output_data.sy_kk_mux_lut/LUT5/O
                         net (fo=22, routed)          1.753     7.123    NES_inst/processor/data_path_loop[0].arith_logical_lut/I0
    SLICE_X156Y121       LUT6 (Prop_lut6_I0_O)        0.326     7.449 r  NES_inst/processor/data_path_loop[0].arith_logical_lut/LUT6/O
                         net (fo=1, routed)           0.000     7.449    NES_inst/processor/half_arith_logical[0]
    SLICE_X156Y121       CARRY4 (Prop_carry4_S[0]_CO[3])
                                                      0.532     7.981 r  NES_inst/processor/data_path_loop[0].lsb_arith_logical.arith_logical_muxcy_CARRY4/CO[3]
                         net (fo=1, routed)           0.000     7.981    NES_inst/processor/data_path_loop[3].upper_arith_logical.arith_logical_muxcy_n_0
    SLICE_X156Y122       CARRY4 (Prop_carry4_CI_O[1])
                                                      0.334     8.315 r  NES_inst/processor/data_path_loop[4].upper_arith_logical.arith_logical_muxcy_CARRY4/O[1]
                         net (fo=1, routed)           0.000     8.315    NES_inst/processor/arith_logical_value[5]
    SLICE_X156Y122       FDRE                                         r  NES_inst/processor/data_path_loop[5].arith_logical_flop/D
  -------------------------------------------------------------------    -------------------

Slack:                    inf
  Source:                 NES_inst/program_rom/ram_2k_generate.akv7.kcpsm6_rom/CLKARDCLK
                            (rising edge-triggered cell RAMB36E1)
  Destination:            NES_inst/processor/data_path_loop[7].arith_logical_flop/D
  Path Group:             (none)
  Path Type:              Max at Slow Process Corner
  Data Path Delay:        8.294ns  (logic 4.127ns (49.759%)  route 4.167ns (50.241%))
  Logic Levels:           6  (CARRY4=2 LUT5=1 LUT6=1 RAMB36E1=1 RAMD32=1)

    Location             Delay type                Incr(ns)  Path(ns)    Netlist Resource(s)
  -------------------------------------------------------------------    -------------------
    RAMB36_X8Y24         RAMB36E1                     0.000     0.000 r  NES_inst/program_rom/ram_2k_generate.akv7.kcpsm6_rom/CLKARDCLK
    RAMB36_X8Y24         RAMB36E1 (Prop_ramb36e1_CLKARDCLK_DOADO[5])
                                                      2.454     2.454 r  NES_inst/program_rom/ram_2k_generate.akv7.kcpsm6_rom/DOADO[5]
                         net (fo=14, routed)          1.350     3.804    NES_inst/processor/lower_reg_banks/ADDRA1
    SLICE_X154Y120       RAMD32 (Prop_ramd32_RADR1_O)
                                                      0.146     3.950 r  NES_inst/processor/lower_reg_banks/RAMA/O
                         net (fo=3, routed)           1.065     5.014    NES_inst/processor/data_path_loop[0].output_data.sy_kk_mux_lut/I0
    SLICE_X156Y119       LUT5 (Prop_lut5_I0_O)        0.356     5.370 r  NES_inst/processor/data_path_loop[0].output_data.sy_kk_mux_lut/LUT5/O
                         net (fo=22, routed)          1.753     7.123    NES_inst/processor/data_path_loop[0].arith_logical_lut/I0
    SLICE_X156Y121       LUT6 (Prop_lut6_I0_O)        0.326     7.449 r  NES_inst/processor/data_path_loop[0].arith_logical_lut/LUT6/O
                         net (fo=1, routed)           0.000     7.449    NES_inst/processor/half_arith_logical[0]
    SLICE_X156Y121       CARRY4 (Prop_carry4_S[0]_CO[3])
                                                      0.532     7.981 r  NES_inst/processor/data_path_loop[0].lsb_arith_logical.arith_logical_muxcy_CARRY4/CO[3]
                         net (fo=1, routed)           0.000     7.981    NES_inst/processor/data_path_loop[3].upper_arith_logical.arith_logical_muxcy_n_0
    SLICE_X156Y122       CARRY4 (Prop_carry4_CI_O[3])
                                                      0.313     8.294 r  NES_inst/processor/data_path_loop[4].upper_arith_logical.arith_logical_muxcy_CARRY4/O[3]
                         net (fo=1, routed)           0.000     8.294    NES_inst/processor/arith_logical_value[7]
    SLICE_X156Y122       FDRE                                         r  NES_inst/processor/data_path_loop[7].arith_logical_flop/D
  -------------------------------------------------------------------    -------------------

Slack:                    inf
  Source:                 NES_inst/program_rom/ram_2k_generate.akv7.kcpsm6_rom/CLKARDCLK
                            (rising edge-triggered cell RAMB36E1)
  Destination:            NES_inst/processor/data_path_loop[6].arith_logical_flop/D
  Path Group:             (none)
  Path Type:              Max at Slow Process Corner
  Data Path Delay:        8.220ns  (logic 4.053ns (49.306%)  route 4.167ns (50.694%))
  Logic Levels:           6  (CARRY4=2 LUT5=1 LUT6=1 RAMB36E1=1 RAMD32=1)

    Location             Delay type                Incr(ns)  Path(ns)    Netlist Resource(s)
  -------------------------------------------------------------------    -------------------
    RAMB36_X8Y24         RAMB36E1                     0.000     0.000 r  NES_inst/program_rom/ram_2k_generate.akv7.kcpsm6_rom/CLKARDCLK
    RAMB36_X8Y24         RAMB36E1 (Prop_ramb36e1_CLKARDCLK_DOADO[5])
                                                      2.454     2.454 r  NES_inst/program_rom/ram_2k_generate.akv7.kcpsm6_rom/DOADO[5]
                         net (fo=14, routed)          1.350     3.804    NES_inst/processor/lower_reg_banks/ADDRA1
    SLICE_X154Y120       RAMD32 (Prop_ramd32_RADR1_O)
                                                      0.146     3.950 r  NES_inst/processor/lower_reg_banks/RAMA/O
                         net (fo=3, routed)           1.065     5.014    NES_inst/processor/data_path_loop[0].output_data.sy_kk_mux_lut/I0
    SLICE_X156Y119       LUT5 (Prop_lut5_I0_O)        0.356     5.370 r  NES_inst/processor/data_path_loop[0].output_data.sy_kk_mux_lut/LUT5/O
                         net (fo=22, routed)          1.753     7.123    NES_inst/processor/data_path_loop[0].arith_logical_lut/I0
    SLICE_X156Y121       LUT6 (Prop_lut6_I0_O)        0.326     7.449 r  NES_inst/processor/data_path_loop[0].arith_logical_lut/LUT6/O
                         net (fo=1, routed)           0.000     7.449    NES_inst/processor/half_arith_logical[0]
    SLICE_X156Y121       CARRY4 (Prop_carry4_S[0]_CO[3])
                                                      0.532     7.981 r  NES_inst/processor/data_path_loop[0].lsb_arith_logical.arith_logical_muxcy_CARRY4/CO[3]
                         net (fo=1, routed)           0.000     7.981    NES_inst/processor/data_path_loop[3].upper_arith_logical.arith_logical_muxcy_n_0
    SLICE_X156Y122       CARRY4 (Prop_carry4_CI_O[2])
                                                      0.239     8.220 r  NES_inst/processor/data_path_loop[4].upper_arith_logical.arith_logical_muxcy_CARRY4/O[2]
                         net (fo=1, routed)           0.000     8.220    NES_inst/processor/arith_logical_value[6]
    SLICE_X156Y122       FDRE                                         r  NES_inst/processor/data_path_loop[6].arith_logical_flop/D
  -------------------------------------------------------------------    -------------------

Slack:                    inf
  Source:                 NES_inst/program_rom/ram_2k_generate.akv7.kcpsm6_rom/CLKARDCLK
                            (rising edge-triggered cell RAMB36E1)
  Destination:            NES_inst/processor/data_path_loop[4].arith_logical_flop/D
  Path Group:             (none)
  Path Type:              Max at Slow Process Corner
  Data Path Delay:        8.204ns  (logic 4.037ns (49.208%)  route 4.167ns (50.792%))
  Logic Levels:           6  (CARRY4=2 LUT5=1 LUT6=1 RAMB36E1=1 RAMD32=1)

    Location             Delay type                Incr(ns)  Path(ns)    Netlist Resource(s)
  -------------------------------------------------------------------    -------------------
    RAMB36_X8Y24         RAMB36E1                     0.000     0.000 r  NES_inst/program_rom/ram_2k_generate.akv7.kcpsm6_rom/CLKARDCLK
    RAMB36_X8Y24         RAMB36E1 (Prop_ramb36e1_CLKARDCLK_DOADO[5])
                                                      2.454     2.454 r  NES_inst/program_rom/ram_2k_generate.akv7.kcpsm6_rom/DOADO[5]
                         net (fo=14, routed)          1.350     3.804    NES_inst/processor/lower_reg_banks/ADDRA1
    SLICE_X154Y120       RAMD32 (Prop_ramd32_RADR1_O)
                                                      0.146     3.950 r  NES_inst/processor/lower_reg_banks/RAMA/O
                         net (fo=3, routed)           1.065     5.014    NES_inst/processor/data_path_loop[0].output_data.sy_kk_mux_lut/I0
    SLICE_X156Y119       LUT5 (Prop_lut5_I0_O)        0.356     5.370 r  NES_inst/processor/data_path_loop[0].output_data.sy_kk_mux_lut/LUT5/O
                         net (fo=22, routed)          1.753     7.123    NES_inst/processor/data_path_loop[0].arith_logical_lut/I0
    SLICE_X156Y121       LUT6 (Prop_lut6_I0_O)        0.326     7.449 r  NES_inst/processor/data_path_loop[0].arith_logical_lut/LUT6/O
                         net (fo=1, routed)           0.000     7.449    NES_inst/processor/half_arith_logical[0]
    SLICE_X156Y121       CARRY4 (Prop_carry4_S[0]_CO[3])
                                                      0.532     7.981 r  NES_inst/processor/data_path_loop[0].lsb_arith_logical.arith_logical_muxcy_CARRY4/CO[3]
                         net (fo=1, routed)           0.000     7.981    NES_inst/processor/data_path_loop[3].upper_arith_logical.arith_logical_muxcy_n_0
    SLICE_X156Y122       CARRY4 (Prop_carry4_CI_O[0])
                                                      0.223     8.204 r  NES_inst/processor/data_path_loop[4].upper_arith_logical.arith_logical_muxcy_CARRY4/O[0]
                         net (fo=1, routed)           0.000     8.204    NES_inst/processor/arith_logical_value[4]
    SLICE_X156Y122       FDRE                                         r  NES_inst/processor/data_path_loop[4].arith_logical_flop/D
  -------------------------------------------------------------------    -------------------





Min Delay Paths
--------------------------------------------------------------------------------------
Slack:                    inf
  Source:                 NES_inst/program_rom/instantiate_loader.jtag_loader_6_inst/jtag_loader_gen.jtag_din_int_reg[13]/C
                            (rising edge-triggered cell FDRE)
  Destination:            NES_inst/program_rom/instantiate_loader.jtag_loader_6_inst/jtag_loader_gen.jtag_din_int_reg[14]/D
  Path Group:             (none)
  Path Type:              Min at Fast Process Corner
  Data Path Delay:        0.256ns  (logic 0.186ns (72.764%)  route 0.070ns (27.236%))
  Logic Levels:           2  (FDRE=1 LUT6=1)

    Location             Delay type                Incr(ns)  Path(ns)    Netlist Resource(s)
  -------------------------------------------------------------------    -------------------
    SLICE_X157Y124       FDRE                         0.000     0.000 r  NES_inst/program_rom/instantiate_loader.jtag_loader_6_inst/jtag_loader_gen.jtag_din_int_reg[13]/C
    SLICE_X157Y124       FDRE (Prop_fdre_C_Q)         0.141     0.141 r  NES_inst/program_rom/instantiate_loader.jtag_loader_6_inst/jtag_loader_gen.jtag_din_int_reg[13]/Q
                         net (fo=2, routed)           0.070     0.211    NES_inst/program_rom/instantiate_loader.jtag_loader_6_inst/Q[13]
    SLICE_X156Y124       LUT6 (Prop_lut6_I5_O)        0.045     0.256 r  NES_inst/program_rom/instantiate_loader.jtag_loader_6_inst/jtag_loader_gen.jtag_din_int[14]_i_1/O
                         net (fo=1, routed)           0.000     0.256    NES_inst/program_rom/instantiate_loader.jtag_loader_6_inst/jtag_loader_gen.jtag_din_int[14]_i_1_n_0
    SLICE_X156Y124       FDRE                                         r  NES_inst/program_rom/instantiate_loader.jtag_loader_6_inst/jtag_loader_gen.jtag_din_int_reg[14]/D
  -------------------------------------------------------------------    -------------------

Slack:                    inf
  Source:                 NES_inst/processor/flag_enable_flop/C
                            (rising edge-triggered cell FDRE)
  Destination:            NES_inst/processor/carry_flag_flop/CE
  Path Group:             (none)
  Path Type:              Min at Fast Process Corner
  Data Path Delay:        0.262ns  (logic 0.141ns (53.878%)  route 0.121ns (46.122%))
  Logic Levels:           1  (FDRE=1)

    Location             Delay type                Incr(ns)  Path(ns)    Netlist Resource(s)
  -------------------------------------------------------------------    -------------------
    SLICE_X160Y121       FDRE                         0.000     0.000 r  NES_inst/processor/flag_enable_flop/C
    SLICE_X160Y121       FDRE (Prop_fdre_C_Q)         0.141     0.141 r  NES_inst/processor/flag_enable_flop/Q
                         net (fo=2, routed)           0.121     0.262    NES_inst/processor/flag_enable
    SLICE_X161Y120       FDRE                                         r  NES_inst/processor/carry_flag_flop/CE
  -------------------------------------------------------------------    -------------------

Slack:                    inf
  Source:                 NES_inst/program_rom/instantiate_loader.jtag_loader_6_inst/jtag_loader_gen.jtag_addr_int_reg[6]/C
                            (rising edge-triggered cell FDRE)
  Destination:            NES_inst/program_rom/instantiate_loader.jtag_loader_6_inst/jtag_loader_gen.jtag_addr_int_reg[7]/D
  Path Group:             (none)
  Path Type:              Min at Fast Process Corner
  Data Path Delay:        0.264ns  (logic 0.128ns (48.576%)  route 0.136ns (51.424%))
  Logic Levels:           1  (FDRE=1)

    Location             Delay type                Incr(ns)  Path(ns)    Netlist Resource(s)
  -------------------------------------------------------------------    -------------------
    SLICE_X155Y120       FDRE                         0.000     0.000 r  NES_inst/program_rom/instantiate_loader.jtag_loader_6_inst/jtag_loader_gen.jtag_addr_int_reg[6]/C
    SLICE_X155Y120       FDRE (Prop_fdre_C_Q)         0.128     0.128 r  NES_inst/program_rom/instantiate_loader.jtag_loader_6_inst/jtag_loader_gen.jtag_addr_int_reg[6]/Q
                         net (fo=2, routed)           0.136     0.264    NES_inst/program_rom/instantiate_loader.jtag_loader_6_inst/D[7]
    SLICE_X155Y120       FDRE                                         r  NES_inst/program_rom/instantiate_loader.jtag_loader_6_inst/jtag_loader_gen.jtag_addr_int_reg[7]/D
  -------------------------------------------------------------------    -------------------

Slack:                    inf
  Source:                 NES_inst/processor/address_loop[11].pc_flop/C
                            (rising edge-triggered cell FDRE)
  Destination:            NES_inst/processor/stack_ram_high/RAMD_D1/I
  Path Group:             (none)
  Path Type:              Min at Fast Process Corner
  Data Path Delay:        0.265ns  (logic 0.141ns (53.299%)  route 0.124ns (46.701%))
  Logic Levels:           1  (FDRE=1)

    Location             Delay type                Incr(ns)  Path(ns)    Netlist Resource(s)
  -------------------------------------------------------------------    -------------------
    SLICE_X157Y122       FDRE                         0.000     0.000 r  NES_inst/processor/address_loop[11].pc_flop/C
    SLICE_X157Y122       FDRE (Prop_fdre_C_Q)         0.141     0.141 r  NES_inst/processor/address_loop[11].pc_flop/Q
                         net (fo=3, routed)           0.124     0.265    NES_inst/processor/stack_ram_high/DID1
    SLICE_X158Y121       RAMS32                                       r  NES_inst/processor/stack_ram_high/RAMD_D1/I
  -------------------------------------------------------------------    -------------------

Slack:                    inf
  Source:                 NES_inst/program_rom/instantiate_loader.jtag_loader_6_inst/jtag_loader_gen.jtag_din_int_reg[16]/C
                            (rising edge-triggered cell FDRE)
  Destination:            NES_inst/program_rom/instantiate_loader.jtag_loader_6_inst/jtag_loader_gen.jtag_din_int_reg[17]/D
  Path Group:             (none)
  Path Type:              Min at Fast Process Corner
  Data Path Delay:        0.283ns  (logic 0.186ns (65.709%)  route 0.097ns (34.291%))
  Logic Levels:           2  (FDRE=1 LUT6=1)

    Location             Delay type                Incr(ns)  Path(ns)    Netlist Resource(s)
  -------------------------------------------------------------------    -------------------
    SLICE_X156Y124       FDRE                         0.000     0.000 r  NES_inst/program_rom/instantiate_loader.jtag_loader_6_inst/jtag_loader_gen.jtag_din_int_reg[16]/C
    SLICE_X156Y124       FDRE (Prop_fdre_C_Q)         0.141     0.141 r  NES_inst/program_rom/instantiate_loader.jtag_loader_6_inst/jtag_loader_gen.jtag_din_int_reg[16]/Q
                         net (fo=2, routed)           0.097     0.238    NES_inst/program_rom/instantiate_loader.jtag_loader_6_inst/Q[16]
    SLICE_X157Y124       LUT6 (Prop_lut6_I5_O)        0.045     0.283 r  NES_inst/program_rom/instantiate_loader.jtag_loader_6_inst/jtag_loader_gen.jtag_din_int[17]_i_2/O
                         net (fo=1, routed)           0.000     0.283    NES_inst/program_rom/instantiate_loader.jtag_loader_6_inst/jtag_loader_gen.jtag_din_int[17]_i_2_n_0
    SLICE_X157Y124       FDRE                                         r  NES_inst/program_rom/instantiate_loader.jtag_loader_6_inst/jtag_loader_gen.jtag_din_int_reg[17]/D
  -------------------------------------------------------------------    -------------------

Slack:                    inf
  Source:                 NES_inst/program_rom/instantiate_loader.jtag_loader_6_inst/jtag_loader_gen.jtag_din_int_reg[10]/C
                            (rising edge-triggered cell FDRE)
  Destination:            NES_inst/program_rom/instantiate_loader.jtag_loader_6_inst/jtag_loader_gen.jtag_din_int_reg[11]/D
  Path Group:             (none)
  Path Type:              Min at Fast Process Corner
  Data Path Delay:        0.284ns  (logic 0.186ns (65.521%)  route 0.098ns (34.479%))
  Logic Levels:           2  (FDRE=1 LUT6=1)

    Location             Delay type                Incr(ns)  Path(ns)    Netlist Resource(s)
  -------------------------------------------------------------------    -------------------
    SLICE_X156Y124       FDRE                         0.000     0.000 r  NES_inst/program_rom/instantiate_loader.jtag_loader_6_inst/jtag_loader_gen.jtag_din_int_reg[10]/C
    SLICE_X156Y124       FDRE (Prop_fdre_C_Q)         0.141     0.141 r  NES_inst/program_rom/instantiate_loader.jtag_loader_6_inst/jtag_loader_gen.jtag_din_int_reg[10]/Q
                         net (fo=2, routed)           0.098     0.239    NES_inst/program_rom/instantiate_loader.jtag_loader_6_inst/Q[10]
    SLICE_X157Y124       LUT6 (Prop_lut6_I5_O)        0.045     0.284 r  NES_inst/program_rom/instantiate_loader.jtag_loader_6_inst/jtag_loader_gen.jtag_din_int[11]_i_1/O
                         net (fo=1, routed)           0.000     0.284    NES_inst/program_rom/instantiate_loader.jtag_loader_6_inst/jtag_loader_gen.jtag_din_int[11]_i_1_n_0
    SLICE_X157Y124       FDRE                                         r  NES_inst/program_rom/instantiate_loader.jtag_loader_6_inst/jtag_loader_gen.jtag_din_int_reg[11]/D
  -------------------------------------------------------------------    -------------------

Slack:                    inf
  Source:                 NES_inst/processor/t_state1_flop/C
                            (rising edge-triggered cell FDRE)
  Destination:            NES_inst/processor/address_loop[0].pc_flop/CE
  Path Group:             (none)
  Path Type:              Min at Fast Process Corner
  Data Path Delay:        0.306ns  (logic 0.141ns (46.092%)  route 0.165ns (53.908%))
  Logic Levels:           1  (FDRE=1)

    Location             Delay type                Incr(ns)  Path(ns)    Netlist Resource(s)
  -------------------------------------------------------------------    -------------------
    SLICE_X157Y118       FDRE                         0.000     0.000 r  NES_inst/processor/t_state1_flop/C
    SLICE_X157Y118       FDRE (Prop_fdre_C_Q)         0.141     0.141 r  NES_inst/processor/t_state1_flop/Q
                         net (fo=40, routed)          0.165     0.306    NES_inst/processor/WE
    SLICE_X157Y120       FDRE                                         r  NES_inst/processor/address_loop[0].pc_flop/CE
  -------------------------------------------------------------------    -------------------

Slack:                    inf
  Source:                 NES_inst/processor/t_state1_flop/C
                            (rising edge-triggered cell FDRE)
  Destination:            NES_inst/processor/address_loop[1].pc_flop/CE
  Path Group:             (none)
  Path Type:              Min at Fast Process Corner
  Data Path Delay:        0.306ns  (logic 0.141ns (46.092%)  route 0.165ns (53.908%))
  Logic Levels:           1  (FDRE=1)

    Location             Delay type                Incr(ns)  Path(ns)    Netlist Resource(s)
  -------------------------------------------------------------------    -------------------
    SLICE_X157Y118       FDRE                         0.000     0.000 r  NES_inst/processor/t_state1_flop/C
    SLICE_X157Y118       FDRE (Prop_fdre_C_Q)         0.141     0.141 r  NES_inst/processor/t_state1_flop/Q
                         net (fo=40, routed)          0.165     0.306    NES_inst/processor/WE
    SLICE_X157Y120       FDRE                                         r  NES_inst/processor/address_loop[1].pc_flop/CE
  -------------------------------------------------------------------    -------------------

Slack:                    inf
  Source:                 NES_inst/processor/t_state1_flop/C
                            (rising edge-triggered cell FDRE)
  Destination:            NES_inst/processor/address_loop[2].pc_flop/CE
  Path Group:             (none)
  Path Type:              Min at Fast Process Corner
  Data Path Delay:        0.306ns  (logic 0.141ns (46.092%)  route 0.165ns (53.908%))
  Logic Levels:           1  (FDRE=1)

    Location             Delay type                Incr(ns)  Path(ns)    Netlist Resource(s)
  -------------------------------------------------------------------    -------------------
    SLICE_X157Y118       FDRE                         0.000     0.000 r  NES_inst/processor/t_state1_flop/C
    SLICE_X157Y118       FDRE (Prop_fdre_C_Q)         0.141     0.141 r  NES_inst/processor/t_state1_flop/Q
                         net (fo=40, routed)          0.165     0.306    NES_inst/processor/WE
    SLICE_X157Y120       FDRE                                         r  NES_inst/processor/address_loop[2].pc_flop/CE
  -------------------------------------------------------------------    -------------------

Slack:                    inf
  Source:                 NES_inst/processor/t_state1_flop/C
                            (rising edge-triggered cell FDRE)
  Destination:            NES_inst/processor/address_loop[3].pc_flop/CE
  Path Group:             (none)
  Path Type:              Min at Fast Process Corner
  Data Path Delay:        0.306ns  (logic 0.141ns (46.092%)  route 0.165ns (53.908%))
  Logic Levels:           1  (FDRE=1)

    Location             Delay type                Incr(ns)  Path(ns)    Netlist Resource(s)
  -------------------------------------------------------------------    -------------------
    SLICE_X157Y118       FDRE                         0.000     0.000 r  NES_inst/processor/t_state1_flop/C
    SLICE_X157Y118       FDRE (Prop_fdre_C_Q)         0.141     0.141 r  NES_inst/processor/t_state1_flop/Q
                         net (fo=40, routed)          0.165     0.306    NES_inst/processor/WE
    SLICE_X157Y120       FDRE                                         r  NES_inst/processor/address_loop[3].pc_flop/CE
  -------------------------------------------------------------------    -------------------





--------------------------------------------------------------------------------------
Path Group:  (none)
From Clock:  clk_out1_clk_wiz_0
  To Clock:  

Max Delay            26 Endpoints
Min Delay            26 Endpoints
--------------------------------------------------------------------------------------


Max Delay Paths
--------------------------------------------------------------------------------------
Slack:                    inf
  Source:                 video_inst/inst_color_mapper/coords_to_BRAM_address0/CLK
                            (rising edge-triggered cell DSP48E1 clocked by clk_out1_clk_wiz_0  {rise@0.000ns fall@20.000ns period=40.000ns})
  Destination:            level_selctor_inst/inst_level0/BottomHalfMemory/sdp_bl.ramb36_dp_bl.ram36_bl/ADDRBWRADDR[10]
  Path Group:             (none)
  Path Type:              Max at Slow Process Corner
  Data Path Delay:        8.119ns  (logic 5.053ns (62.237%)  route 3.066ns (37.763%))
  Logic Levels:           4  (CARRY4=2 LUT1=1 LUT2=1)
  Clock Uncertainty:      0.190ns  ((TSJ^2 + DJ^2)^1/2) / 2 + PE
    Total System Jitter     (TSJ):    0.050ns
    Discrete Jitter          (DJ):    0.175ns
    Phase Error              (PE):    0.099ns

    Location             Delay type                Incr(ns)  Path(ns)    Netlist Resource(s)
  -------------------------------------------------------------------    -------------------
                         (clock clk_out1_clk_wiz_0 rise edge)
                                                      0.000     0.000 r  
    BUFGCTRL_X0Y1        BUFG                         0.000     0.000 r  clk_IBUF_BUFG_inst/O
                         net (fo=133, routed)         2.106     2.106    video_inst/mmcm_adv_inst_display_clocks/inst/clk_in1
    MMCME2_ADV_X1Y0      MMCME2_ADV (Prop_mmcme2_adv_CLKIN1_CLKOUT0)
                                                     -4.900    -2.793 r  video_inst/mmcm_adv_inst_display_clocks/inst/mmcm_adv_inst/CLKOUT0
                         net (fo=1, routed)           2.697    -0.096    video_inst/mmcm_adv_inst_display_clocks/inst/clk_out1_clk_wiz_0
    BUFGCTRL_X0Y2        BUFG (Prop_bufg_I_O)         0.096    -0.000 r  video_inst/mmcm_adv_inst_display_clocks/inst/clkout1_buf/O
                         net (fo=76, routed)          1.830     1.830    video_inst/inst_color_mapper/clk_out1
    DSP48_X7Y48          DSP48E1                                      r  video_inst/inst_color_mapper/coords_to_BRAM_address0/CLK
  -------------------------------------------------------------------    -------------------
    DSP48_X7Y48          DSP48E1 (Prop_dsp48e1_CLK_P[7])
                                                      4.009     5.839 f  video_inst/inst_color_mapper/coords_to_BRAM_address0/P[7]
                         net (fo=4, routed)           1.257     7.095    video_inst/inst_color_mapper/P[7]
    SLICE_X140Y121       LUT1 (Prop_lut1_I0_O)        0.124     7.219 r  video_inst/inst_color_mapper/minusOp_carry_i_1/O
                         net (fo=1, routed)           0.000     7.219    level_selctor_inst/inst_level0/S[2]
    SLICE_X140Y121       CARRY4 (Prop_carry4_S[3]_CO[3])
                                                      0.376     7.595 r  level_selctor_inst/inst_level0/minusOp_carry/CO[3]
                         net (fo=1, routed)           0.000     7.595    level_selctor_inst/inst_level0/minusOp_carry_n_0
    SLICE_X140Y122       CARRY4 (Prop_carry4_CI_O[0])
                                                      0.219     7.814 r  level_selctor_inst/inst_level0/minusOp_carry__0/O[0]
                         net (fo=1, routed)           0.801     8.615    level_selctor_inst/inst_level0/BottomHalfMemory/sdp_bl.ramb36_dp_bl.ram36_bl_1[0]
    SLICE_X141Y123       LUT2 (Prop_lut2_I0_O)        0.325     8.940 r  level_selctor_inst/inst_level0/BottomHalfMemory/sdp_bl.ramb36_dp_bl.ram36_bl_i_5/O
                         net (fo=1, routed)           1.009     9.949    level_selctor_inst/inst_level0/BottomHalfMemory/WRADDR[8]
    RAMB36_X7Y25         RAMB36E1                                     r  level_selctor_inst/inst_level0/BottomHalfMemory/sdp_bl.ramb36_dp_bl.ram36_bl/ADDRBWRADDR[10]
  -------------------------------------------------------------------    -------------------

Slack:                    inf
  Source:                 video_inst/inst_color_mapper/coords_to_BRAM_address0/CLK
                            (rising edge-triggered cell DSP48E1 clocked by clk_out1_clk_wiz_0  {rise@0.000ns fall@20.000ns period=40.000ns})
  Destination:            level_selctor_inst/inst_level0/BottomHalfMemory/sdp_bl.ramb36_dp_bl.ram36_bl/ADDRBWRADDR[13]
  Path Group:             (none)
  Path Type:              Max at Slow Process Corner
  Data Path Delay:        7.932ns  (logic 5.155ns (64.990%)  route 2.777ns (35.010%))
  Logic Levels:           4  (CARRY4=2 LUT1=1 LUT2=1)
  Clock Uncertainty:      0.190ns  ((TSJ^2 + DJ^2)^1/2) / 2 + PE
    Total System Jitter     (TSJ):    0.050ns
    Discrete Jitter          (DJ):    0.175ns
    Phase Error              (PE):    0.099ns

    Location             Delay type                Incr(ns)  Path(ns)    Netlist Resource(s)
  -------------------------------------------------------------------    -------------------
                         (clock clk_out1_clk_wiz_0 rise edge)
                                                      0.000     0.000 r  
    BUFGCTRL_X0Y1        BUFG                         0.000     0.000 r  clk_IBUF_BUFG_inst/O
                         net (fo=133, routed)         2.106     2.106    video_inst/mmcm_adv_inst_display_clocks/inst/clk_in1
    MMCME2_ADV_X1Y0      MMCME2_ADV (Prop_mmcme2_adv_CLKIN1_CLKOUT0)
                                                     -4.900    -2.793 r  video_inst/mmcm_adv_inst_display_clocks/inst/mmcm_adv_inst/CLKOUT0
                         net (fo=1, routed)           2.697    -0.096    video_inst/mmcm_adv_inst_display_clocks/inst/clk_out1_clk_wiz_0
    BUFGCTRL_X0Y2        BUFG (Prop_bufg_I_O)         0.096    -0.000 r  video_inst/mmcm_adv_inst_display_clocks/inst/clkout1_buf/O
                         net (fo=76, routed)          1.830     1.830    video_inst/inst_color_mapper/clk_out1
    DSP48_X7Y48          DSP48E1                                      r  video_inst/inst_color_mapper/coords_to_BRAM_address0/CLK
  -------------------------------------------------------------------    -------------------
    DSP48_X7Y48          DSP48E1 (Prop_dsp48e1_CLK_P[7])
                                                      4.009     5.839 f  video_inst/inst_color_mapper/coords_to_BRAM_address0/P[7]
                         net (fo=4, routed)           1.257     7.095    video_inst/inst_color_mapper/P[7]
    SLICE_X140Y121       LUT1 (Prop_lut1_I0_O)        0.124     7.219 r  video_inst/inst_color_mapper/minusOp_carry_i_1/O
                         net (fo=1, routed)           0.000     7.219    level_selctor_inst/inst_level0/S[2]
    SLICE_X140Y121       CARRY4 (Prop_carry4_S[3]_CO[3])
                                                      0.376     7.595 r  level_selctor_inst/inst_level0/minusOp_carry/CO[3]
                         net (fo=1, routed)           0.000     7.595    level_selctor_inst/inst_level0/minusOp_carry_n_0
    SLICE_X140Y122       CARRY4 (Prop_carry4_CI_O[3])
                                                      0.315     7.910 r  level_selctor_inst/inst_level0/minusOp_carry__0/O[3]
                         net (fo=1, routed)           0.866     8.777    level_selctor_inst/inst_level0/BottomHalfMemory/sdp_bl.ramb36_dp_bl.ram36_bl_1[3]
    SLICE_X140Y125       LUT2 (Prop_lut2_I0_O)        0.331     9.108 r  level_selctor_inst/inst_level0/BottomHalfMemory/sdp_bl.ramb36_dp_bl.ram36_bl_i_2/O
                         net (fo=1, routed)           0.654     9.762    level_selctor_inst/inst_level0/BottomHalfMemory/WRADDR[11]
    RAMB36_X7Y25         RAMB36E1                                     r  level_selctor_inst/inst_level0/BottomHalfMemory/sdp_bl.ramb36_dp_bl.ram36_bl/ADDRBWRADDR[13]
  -------------------------------------------------------------------    -------------------

Slack:                    inf
  Source:                 video_inst/inst_color_mapper/coords_to_BRAM_address0/CLK
                            (rising edge-triggered cell DSP48E1 clocked by clk_out1_clk_wiz_0  {rise@0.000ns fall@20.000ns period=40.000ns})
  Destination:            level_selctor_inst/inst_level0/BottomHalfMemory/sdp_bl.ramb36_dp_bl.ram36_bl/ADDRBWRADDR[11]
  Path Group:             (none)
  Path Type:              Max at Slow Process Corner
  Data Path Delay:        7.871ns  (logic 5.166ns (65.631%)  route 2.705ns (34.369%))
  Logic Levels:           4  (CARRY4=2 LUT1=1 LUT2=1)
  Clock Uncertainty:      0.190ns  ((TSJ^2 + DJ^2)^1/2) / 2 + PE
    Total System Jitter     (TSJ):    0.050ns
    Discrete Jitter          (DJ):    0.175ns
    Phase Error              (PE):    0.099ns

    Location             Delay type                Incr(ns)  Path(ns)    Netlist Resource(s)
  -------------------------------------------------------------------    -------------------
                         (clock clk_out1_clk_wiz_0 rise edge)
                                                      0.000     0.000 r  
    BUFGCTRL_X0Y1        BUFG                         0.000     0.000 r  clk_IBUF_BUFG_inst/O
                         net (fo=133, routed)         2.106     2.106    video_inst/mmcm_adv_inst_display_clocks/inst/clk_in1
    MMCME2_ADV_X1Y0      MMCME2_ADV (Prop_mmcme2_adv_CLKIN1_CLKOUT0)
                                                     -4.900    -2.793 r  video_inst/mmcm_adv_inst_display_clocks/inst/mmcm_adv_inst/CLKOUT0
                         net (fo=1, routed)           2.697    -0.096    video_inst/mmcm_adv_inst_display_clocks/inst/clk_out1_clk_wiz_0
    BUFGCTRL_X0Y2        BUFG (Prop_bufg_I_O)         0.096    -0.000 r  video_inst/mmcm_adv_inst_display_clocks/inst/clkout1_buf/O
                         net (fo=76, routed)          1.830     1.830    video_inst/inst_color_mapper/clk_out1
    DSP48_X7Y48          DSP48E1                                      r  video_inst/inst_color_mapper/coords_to_BRAM_address0/CLK
  -------------------------------------------------------------------    -------------------
    DSP48_X7Y48          DSP48E1 (Prop_dsp48e1_CLK_P[7])
                                                      4.009     5.839 f  video_inst/inst_color_mapper/coords_to_BRAM_address0/P[7]
                         net (fo=4, routed)           1.257     7.095    video_inst/inst_color_mapper/P[7]
    SLICE_X140Y121       LUT1 (Prop_lut1_I0_O)        0.124     7.219 r  video_inst/inst_color_mapper/minusOp_carry_i_1/O
                         net (fo=1, routed)           0.000     7.219    level_selctor_inst/inst_level0/S[2]
    SLICE_X140Y121       CARRY4 (Prop_carry4_S[3]_CO[3])
                                                      0.376     7.595 r  level_selctor_inst/inst_level0/minusOp_carry/CO[3]
                         net (fo=1, routed)           0.000     7.595    level_selctor_inst/inst_level0/minusOp_carry_n_0
    SLICE_X140Y122       CARRY4 (Prop_carry4_CI_O[1])
                                                      0.323     7.918 r  level_selctor_inst/inst_level0/minusOp_carry__0/O[1]
                         net (fo=1, routed)           0.812     8.731    level_selctor_inst/inst_level0/BottomHalfMemory/sdp_bl.ramb36_dp_bl.ram36_bl_1[1]
    SLICE_X141Y123       LUT2 (Prop_lut2_I0_O)        0.334     9.065 r  level_selctor_inst/inst_level0/BottomHalfMemory/sdp_bl.ramb36_dp_bl.ram36_bl_i_4/O
                         net (fo=1, routed)           0.637     9.701    level_selctor_inst/inst_level0/BottomHalfMemory/WRADDR[9]
    RAMB36_X7Y25         RAMB36E1                                     r  level_selctor_inst/inst_level0/BottomHalfMemory/sdp_bl.ramb36_dp_bl.ram36_bl/ADDRBWRADDR[11]
  -------------------------------------------------------------------    -------------------

Slack:                    inf
  Source:                 video_inst/inst_color_mapper/coords_to_BRAM_address0/CLK
                            (rising edge-triggered cell DSP48E1 clocked by clk_out1_clk_wiz_0  {rise@0.000ns fall@20.000ns period=40.000ns})
  Destination:            level_selctor_inst/inst_level0/BottomHalfMemory/sdp_bl.ramb36_dp_bl.ram36_bl/ADDRBWRADDR[7]
  Path Group:             (none)
  Path Type:              Max at Slow Process Corner
  Data Path Delay:        7.854ns  (logic 4.381ns (55.783%)  route 3.473ns (44.217%))
  Logic Levels:           3  (LUT2=1 LUT4=1 LUT6=1)
  Clock Uncertainty:      0.190ns  ((TSJ^2 + DJ^2)^1/2) / 2 + PE
    Total System Jitter     (TSJ):    0.050ns
    Discrete Jitter          (DJ):    0.175ns
    Phase Error              (PE):    0.099ns

    Location             Delay type                Incr(ns)  Path(ns)    Netlist Resource(s)
  -------------------------------------------------------------------    -------------------
                         (clock clk_out1_clk_wiz_0 rise edge)
                                                      0.000     0.000 r  
    BUFGCTRL_X0Y1        BUFG                         0.000     0.000 r  clk_IBUF_BUFG_inst/O
                         net (fo=133, routed)         2.106     2.106    video_inst/mmcm_adv_inst_display_clocks/inst/clk_in1
    MMCME2_ADV_X1Y0      MMCME2_ADV (Prop_mmcme2_adv_CLKIN1_CLKOUT0)
                                                     -4.900    -2.793 r  video_inst/mmcm_adv_inst_display_clocks/inst/mmcm_adv_inst/CLKOUT0
                         net (fo=1, routed)           2.697    -0.096    video_inst/mmcm_adv_inst_display_clocks/inst/clk_out1_clk_wiz_0
    BUFGCTRL_X0Y2        BUFG (Prop_bufg_I_O)         0.096    -0.000 r  video_inst/mmcm_adv_inst_display_clocks/inst/clkout1_buf/O
                         net (fo=76, routed)          1.830     1.830    video_inst/inst_color_mapper/clk_out1
    DSP48_X7Y48          DSP48E1                                      r  video_inst/inst_color_mapper/coords_to_BRAM_address0/CLK
  -------------------------------------------------------------------    -------------------
    DSP48_X7Y48          DSP48E1 (Prop_dsp48e1_CLK_P[8])
                                                      4.009     5.839 r  video_inst/inst_color_mapper/coords_to_BRAM_address0/P[8]
                         net (fo=4, routed)           1.151     6.989    video_inst/inst_color_mapper/P[8]
    SLICE_X141Y121       LUT4 (Prop_lut4_I1_O)        0.124     7.113 r  video_inst/inst_color_mapper/sdp_bl.ramb36_dp_bl.ram36_bl_i_15/O
                         net (fo=2, routed)           0.415     7.529    video_inst/inst_color_mapper/sdp_bl.ramb36_dp_bl.ram36_bl_i_15_n_0
    SLICE_X141Y122       LUT6 (Prop_lut6_I1_O)        0.124     7.653 f  video_inst/inst_color_mapper/sdp_bl.ramb36_dp_bl.ram36_bl_i_14/O
                         net (fo=16, routed)          1.180     8.832    level_selctor_inst/inst_level0/BottomHalfMemory/sdp_bl.ramb36_dp_bl.ram36_bl_0
    SLICE_X140Y125       LUT2 (Prop_lut2_I1_O)        0.124     8.956 r  level_selctor_inst/inst_level0/BottomHalfMemory/sdp_bl.ramb36_dp_bl.ram36_bl_i_8/O
                         net (fo=1, routed)           0.727     9.683    level_selctor_inst/inst_level0/BottomHalfMemory/WRADDR[5]
    RAMB36_X7Y25         RAMB36E1                                     r  level_selctor_inst/inst_level0/BottomHalfMemory/sdp_bl.ramb36_dp_bl.ram36_bl/ADDRBWRADDR[7]
  -------------------------------------------------------------------    -------------------

Slack:                    inf
  Source:                 video_inst/inst_color_mapper/coords_to_BRAM_address0/CLK
                            (rising edge-triggered cell DSP48E1 clocked by clk_out1_clk_wiz_0  {rise@0.000ns fall@20.000ns period=40.000ns})
  Destination:            level_selctor_inst/inst_level0/BottomHalfMemory/sdp_bl.ramb36_dp_bl.ram36_bl/ADDRBWRADDR[5]
  Path Group:             (none)
  Path Type:              Max at Slow Process Corner
  Data Path Delay:        7.844ns  (logic 4.406ns (56.168%)  route 3.438ns (43.832%))
  Logic Levels:           3  (LUT2=1 LUT4=1 LUT6=1)
  Clock Uncertainty:      0.190ns  ((TSJ^2 + DJ^2)^1/2) / 2 + PE
    Total System Jitter     (TSJ):    0.050ns
    Discrete Jitter          (DJ):    0.175ns
    Phase Error              (PE):    0.099ns

    Location             Delay type                Incr(ns)  Path(ns)    Netlist Resource(s)
  -------------------------------------------------------------------    -------------------
                         (clock clk_out1_clk_wiz_0 rise edge)
                                                      0.000     0.000 r  
    BUFGCTRL_X0Y1        BUFG                         0.000     0.000 r  clk_IBUF_BUFG_inst/O
                         net (fo=133, routed)         2.106     2.106    video_inst/mmcm_adv_inst_display_clocks/inst/clk_in1
    MMCME2_ADV_X1Y0      MMCME2_ADV (Prop_mmcme2_adv_CLKIN1_CLKOUT0)
                                                     -4.900    -2.793 r  video_inst/mmcm_adv_inst_display_clocks/inst/mmcm_adv_inst/CLKOUT0
                         net (fo=1, routed)           2.697    -0.096    video_inst/mmcm_adv_inst_display_clocks/inst/clk_out1_clk_wiz_0
    BUFGCTRL_X0Y2        BUFG (Prop_bufg_I_O)         0.096    -0.000 r  video_inst/mmcm_adv_inst_display_clocks/inst/clkout1_buf/O
                         net (fo=76, routed)          1.830     1.830    video_inst/inst_color_mapper/clk_out1
    DSP48_X7Y48          DSP48E1                                      r  video_inst/inst_color_mapper/coords_to_BRAM_address0/CLK
  -------------------------------------------------------------------    -------------------
    DSP48_X7Y48          DSP48E1 (Prop_dsp48e1_CLK_P[8])
                                                      4.009     5.839 r  video_inst/inst_color_mapper/coords_to_BRAM_address0/P[8]
                         net (fo=4, routed)           1.151     6.989    video_inst/inst_color_mapper/P[8]
    SLICE_X141Y121       LUT4 (Prop_lut4_I1_O)        0.124     7.113 r  video_inst/inst_color_mapper/sdp_bl.ramb36_dp_bl.ram36_bl_i_15/O
                         net (fo=2, routed)           0.415     7.529    video_inst/inst_color_mapper/sdp_bl.ramb36_dp_bl.ram36_bl_i_15_n_0
    SLICE_X141Y122       LUT6 (Prop_lut6_I1_O)        0.124     7.653 f  video_inst/inst_color_mapper/sdp_bl.ramb36_dp_bl.ram36_bl_i_14/O
                         net (fo=16, routed)          0.804     8.456    video_inst/inst_color_mapper/coords_to_BRAM_address0_2
    SLICE_X141Y123       LUT2 (Prop_lut2_I1_O)        0.149     8.605 r  video_inst/inst_color_mapper/sdp_bl.ramb36_dp_bl.ram36_bl_i_10/O
                         net (fo=1, routed)           1.069     9.674    level_selctor_inst/inst_level0/BottomHalfMemory/ADDRBWRADDR[3]
    RAMB36_X7Y25         RAMB36E1                                     r  level_selctor_inst/inst_level0/BottomHalfMemory/sdp_bl.ramb36_dp_bl.ram36_bl/ADDRBWRADDR[5]
  -------------------------------------------------------------------    -------------------

Slack:                    inf
  Source:                 video_inst/inst_color_mapper/coords_to_BRAM_address0/CLK
                            (rising edge-triggered cell DSP48E1 clocked by clk_out1_clk_wiz_0  {rise@0.000ns fall@20.000ns period=40.000ns})
  Destination:            level_selctor_inst/inst_level0/BottomHalfMemory/sdp_bl.ramb36_dp_bl.ram36_bl/ADDRBWRADDR[12]
  Path Group:             (none)
  Path Type:              Max at Slow Process Corner
  Data Path Delay:        7.824ns  (logic 4.409ns (56.352%)  route 3.415ns (43.648%))
  Logic Levels:           3  (LUT2=1 LUT4=1 LUT6=1)
  Clock Uncertainty:      0.190ns  ((TSJ^2 + DJ^2)^1/2) / 2 + PE
    Total System Jitter     (TSJ):    0.050ns
    Discrete Jitter          (DJ):    0.175ns
    Phase Error              (PE):    0.099ns

    Location             Delay type                Incr(ns)  Path(ns)    Netlist Resource(s)
  -------------------------------------------------------------------    -------------------
                         (clock clk_out1_clk_wiz_0 rise edge)
                                                      0.000     0.000 r  
    BUFGCTRL_X0Y1        BUFG                         0.000     0.000 r  clk_IBUF_BUFG_inst/O
                         net (fo=133, routed)         2.106     2.106    video_inst/mmcm_adv_inst_display_clocks/inst/clk_in1
    MMCME2_ADV_X1Y0      MMCME2_ADV (Prop_mmcme2_adv_CLKIN1_CLKOUT0)
                                                     -4.900    -2.793 r  video_inst/mmcm_adv_inst_display_clocks/inst/mmcm_adv_inst/CLKOUT0
                         net (fo=1, routed)           2.697    -0.096    video_inst/mmcm_adv_inst_display_clocks/inst/clk_out1_clk_wiz_0
    BUFGCTRL_X0Y2        BUFG (Prop_bufg_I_O)         0.096    -0.000 r  video_inst/mmcm_adv_inst_display_clocks/inst/clkout1_buf/O
                         net (fo=76, routed)          1.830     1.830    video_inst/inst_color_mapper/clk_out1
    DSP48_X7Y48          DSP48E1                                      r  video_inst/inst_color_mapper/coords_to_BRAM_address0/CLK
  -------------------------------------------------------------------    -------------------
    DSP48_X7Y48          DSP48E1 (Prop_dsp48e1_CLK_P[8])
                                                      4.009     5.839 r  video_inst/inst_color_mapper/coords_to_BRAM_address0/P[8]
                         net (fo=4, routed)           1.151     6.989    video_inst/inst_color_mapper/P[8]
    SLICE_X141Y121       LUT4 (Prop_lut4_I1_O)        0.124     7.113 r  video_inst/inst_color_mapper/sdp_bl.ramb36_dp_bl.ram36_bl_i_15/O
                         net (fo=2, routed)           0.415     7.529    video_inst/inst_color_mapper/sdp_bl.ramb36_dp_bl.ram36_bl_i_15_n_0
    SLICE_X141Y122       LUT6 (Prop_lut6_I1_O)        0.124     7.653 f  video_inst/inst_color_mapper/sdp_bl.ramb36_dp_bl.ram36_bl_i_14/O
                         net (fo=16, routed)          0.826     8.479    level_selctor_inst/inst_level0/BottomHalfMemory/sdp_bl.ramb36_dp_bl.ram36_bl_0
    SLICE_X141Y123       LUT2 (Prop_lut2_I1_O)        0.152     8.631 r  level_selctor_inst/inst_level0/BottomHalfMemory/sdp_bl.ramb36_dp_bl.ram36_bl_i_3/O
                         net (fo=1, routed)           1.023     9.654    level_selctor_inst/inst_level0/BottomHalfMemory/WRADDR[10]
    RAMB36_X7Y25         RAMB36E1                                     r  level_selctor_inst/inst_level0/BottomHalfMemory/sdp_bl.ramb36_dp_bl.ram36_bl/ADDRBWRADDR[12]
  -------------------------------------------------------------------    -------------------

Slack:                    inf
  Source:                 video_inst/inst_color_mapper/coords_to_BRAM_address0/CLK
                            (rising edge-triggered cell DSP48E1 clocked by clk_out1_clk_wiz_0  {rise@0.000ns fall@20.000ns period=40.000ns})
  Destination:            level_selctor_inst/inst_level0/BottomHalfMemory/sdp_bl.ramb36_dp_bl.ram36_bl/ADDRBWRADDR[9]
  Path Group:             (none)
  Path Type:              Max at Slow Process Corner
  Data Path Delay:        7.792ns  (logic 4.381ns (56.222%)  route 3.411ns (43.778%))
  Logic Levels:           3  (LUT2=1 LUT4=1 LUT6=1)
  Clock Uncertainty:      0.190ns  ((TSJ^2 + DJ^2)^1/2) / 2 + PE
    Total System Jitter     (TSJ):    0.050ns
    Discrete Jitter          (DJ):    0.175ns
    Phase Error              (PE):    0.099ns

    Location             Delay type                Incr(ns)  Path(ns)    Netlist Resource(s)
  -------------------------------------------------------------------    -------------------
                         (clock clk_out1_clk_wiz_0 rise edge)
                                                      0.000     0.000 r  
    BUFGCTRL_X0Y1        BUFG                         0.000     0.000 r  clk_IBUF_BUFG_inst/O
                         net (fo=133, routed)         2.106     2.106    video_inst/mmcm_adv_inst_display_clocks/inst/clk_in1
    MMCME2_ADV_X1Y0      MMCME2_ADV (Prop_mmcme2_adv_CLKIN1_CLKOUT0)
                                                     -4.900    -2.793 r  video_inst/mmcm_adv_inst_display_clocks/inst/mmcm_adv_inst/CLKOUT0
                         net (fo=1, routed)           2.697    -0.096    video_inst/mmcm_adv_inst_display_clocks/inst/clk_out1_clk_wiz_0
    BUFGCTRL_X0Y2        BUFG (Prop_bufg_I_O)         0.096    -0.000 r  video_inst/mmcm_adv_inst_display_clocks/inst/clkout1_buf/O
                         net (fo=76, routed)          1.830     1.830    video_inst/inst_color_mapper/clk_out1
    DSP48_X7Y48          DSP48E1                                      r  video_inst/inst_color_mapper/coords_to_BRAM_address0/CLK
  -------------------------------------------------------------------    -------------------
    DSP48_X7Y48          DSP48E1 (Prop_dsp48e1_CLK_P[8])
                                                      4.009     5.839 r  video_inst/inst_color_mapper/coords_to_BRAM_address0/P[8]
                         net (fo=4, routed)           1.151     6.989    video_inst/inst_color_mapper/P[8]
    SLICE_X141Y121       LUT4 (Prop_lut4_I1_O)        0.124     7.113 r  video_inst/inst_color_mapper/sdp_bl.ramb36_dp_bl.ram36_bl_i_15/O
                         net (fo=2, routed)           0.415     7.529    video_inst/inst_color_mapper/sdp_bl.ramb36_dp_bl.ram36_bl_i_15_n_0
    SLICE_X141Y122       LUT6 (Prop_lut6_I1_O)        0.124     7.653 f  video_inst/inst_color_mapper/sdp_bl.ramb36_dp_bl.ram36_bl_i_14/O
                         net (fo=16, routed)          0.825     8.478    level_selctor_inst/inst_level0/BottomHalfMemory/sdp_bl.ramb36_dp_bl.ram36_bl_0
    SLICE_X141Y123       LUT2 (Prop_lut2_I1_O)        0.124     8.602 r  level_selctor_inst/inst_level0/BottomHalfMemory/sdp_bl.ramb36_dp_bl.ram36_bl_i_6/O
                         net (fo=1, routed)           1.021     9.622    level_selctor_inst/inst_level0/BottomHalfMemory/WRADDR[7]
    RAMB36_X7Y25         RAMB36E1                                     r  level_selctor_inst/inst_level0/BottomHalfMemory/sdp_bl.ramb36_dp_bl.ram36_bl/ADDRBWRADDR[9]
  -------------------------------------------------------------------    -------------------

Slack:                    inf
  Source:                 video_inst/inst_color_mapper/coords_to_BRAM_address0/CLK
                            (rising edge-triggered cell DSP48E1 clocked by clk_out1_clk_wiz_0  {rise@0.000ns fall@20.000ns period=40.000ns})
  Destination:            level_selctor_inst/inst_level0/BottomHalfMemory/sdp_bl.ramb36_dp_bl.ram36_bl/ADDRBWRADDR[3]
  Path Group:             (none)
  Path Type:              Max at Slow Process Corner
  Data Path Delay:        7.759ns  (logic 4.381ns (56.462%)  route 3.378ns (43.538%))
  Logic Levels:           3  (LUT2=1 LUT4=1 LUT6=1)
  Clock Uncertainty:      0.190ns  ((TSJ^2 + DJ^2)^1/2) / 2 + PE
    Total System Jitter     (TSJ):    0.050ns
    Discrete Jitter          (DJ):    0.175ns
    Phase Error              (PE):    0.099ns

    Location             Delay type                Incr(ns)  Path(ns)    Netlist Resource(s)
  -------------------------------------------------------------------    -------------------
                         (clock clk_out1_clk_wiz_0 rise edge)
                                                      0.000     0.000 r  
    BUFGCTRL_X0Y1        BUFG                         0.000     0.000 r  clk_IBUF_BUFG_inst/O
                         net (fo=133, routed)         2.106     2.106    video_inst/mmcm_adv_inst_display_clocks/inst/clk_in1
    MMCME2_ADV_X1Y0      MMCME2_ADV (Prop_mmcme2_adv_CLKIN1_CLKOUT0)
                                                     -4.900    -2.793 r  video_inst/mmcm_adv_inst_display_clocks/inst/mmcm_adv_inst/CLKOUT0
                         net (fo=1, routed)           2.697    -0.096    video_inst/mmcm_adv_inst_display_clocks/inst/clk_out1_clk_wiz_0
    BUFGCTRL_X0Y2        BUFG (Prop_bufg_I_O)         0.096    -0.000 r  video_inst/mmcm_adv_inst_display_clocks/inst/clkout1_buf/O
                         net (fo=76, routed)          1.830     1.830    video_inst/inst_color_mapper/clk_out1
    DSP48_X7Y48          DSP48E1                                      r  video_inst/inst_color_mapper/coords_to_BRAM_address0/CLK
  -------------------------------------------------------------------    -------------------
    DSP48_X7Y48          DSP48E1 (Prop_dsp48e1_CLK_P[8])
                                                      4.009     5.839 r  video_inst/inst_color_mapper/coords_to_BRAM_address0/P[8]
                         net (fo=4, routed)           1.151     6.989    video_inst/inst_color_mapper/P[8]
    SLICE_X141Y121       LUT4 (Prop_lut4_I1_O)        0.124     7.113 r  video_inst/inst_color_mapper/sdp_bl.ramb36_dp_bl.ram36_bl_i_15/O
                         net (fo=2, routed)           0.415     7.529    video_inst/inst_color_mapper/sdp_bl.ramb36_dp_bl.ram36_bl_i_15_n_0
    SLICE_X141Y122       LUT6 (Prop_lut6_I1_O)        0.124     7.653 f  video_inst/inst_color_mapper/sdp_bl.ramb36_dp_bl.ram36_bl_i_14/O
                         net (fo=16, routed)          0.804     8.456    video_inst/inst_color_mapper/coords_to_BRAM_address0_2
    SLICE_X141Y123       LUT2 (Prop_lut2_I1_O)        0.124     8.580 r  video_inst/inst_color_mapper/sdp_bl.ramb36_dp_bl.ram36_bl_i_12/O
                         net (fo=1, routed)           1.009     9.589    level_selctor_inst/inst_level0/BottomHalfMemory/ADDRBWRADDR[1]
    RAMB36_X7Y25         RAMB36E1                                     r  level_selctor_inst/inst_level0/BottomHalfMemory/sdp_bl.ramb36_dp_bl.ram36_bl/ADDRBWRADDR[3]
  -------------------------------------------------------------------    -------------------

Slack:                    inf
  Source:                 video_inst/inst_color_mapper/coords_to_BRAM_address0/CLK
                            (rising edge-triggered cell DSP48E1 clocked by clk_out1_clk_wiz_0  {rise@0.000ns fall@20.000ns period=40.000ns})
  Destination:            level_selctor_inst/inst_level0/BottomHalfMemory/sdp_bl.ramb36_dp_bl.ram36_bl/ADDRBWRADDR[6]
  Path Group:             (none)
  Path Type:              Max at Slow Process Corner
  Data Path Delay:        7.722ns  (logic 4.381ns (56.734%)  route 3.341ns (43.266%))
  Logic Levels:           3  (LUT2=1 LUT4=1 LUT6=1)
  Clock Uncertainty:      0.190ns  ((TSJ^2 + DJ^2)^1/2) / 2 + PE
    Total System Jitter     (TSJ):    0.050ns
    Discrete Jitter          (DJ):    0.175ns
    Phase Error              (PE):    0.099ns

    Location             Delay type                Incr(ns)  Path(ns)    Netlist Resource(s)
  -------------------------------------------------------------------    -------------------
                         (clock clk_out1_clk_wiz_0 rise edge)
                                                      0.000     0.000 r  
    BUFGCTRL_X0Y1        BUFG                         0.000     0.000 r  clk_IBUF_BUFG_inst/O
                         net (fo=133, routed)         2.106     2.106    video_inst/mmcm_adv_inst_display_clocks/inst/clk_in1
    MMCME2_ADV_X1Y0      MMCME2_ADV (Prop_mmcme2_adv_CLKIN1_CLKOUT0)
                                                     -4.900    -2.793 r  video_inst/mmcm_adv_inst_display_clocks/inst/mmcm_adv_inst/CLKOUT0
                         net (fo=1, routed)           2.697    -0.096    video_inst/mmcm_adv_inst_display_clocks/inst/clk_out1_clk_wiz_0
    BUFGCTRL_X0Y2        BUFG (Prop_bufg_I_O)         0.096    -0.000 r  video_inst/mmcm_adv_inst_display_clocks/inst/clkout1_buf/O
                         net (fo=76, routed)          1.830     1.830    video_inst/inst_color_mapper/clk_out1
    DSP48_X7Y48          DSP48E1                                      r  video_inst/inst_color_mapper/coords_to_BRAM_address0/CLK
  -------------------------------------------------------------------    -------------------
    DSP48_X7Y48          DSP48E1 (Prop_dsp48e1_CLK_P[8])
                                                      4.009     5.839 r  video_inst/inst_color_mapper/coords_to_BRAM_address0/P[8]
                         net (fo=4, routed)           1.151     6.989    video_inst/inst_color_mapper/P[8]
    SLICE_X141Y121       LUT4 (Prop_lut4_I1_O)        0.124     7.113 r  video_inst/inst_color_mapper/sdp_bl.ramb36_dp_bl.ram36_bl_i_15/O
                         net (fo=2, routed)           0.415     7.529    video_inst/inst_color_mapper/sdp_bl.ramb36_dp_bl.ram36_bl_i_15_n_0
    SLICE_X141Y122       LUT6 (Prop_lut6_I1_O)        0.124     7.653 f  video_inst/inst_color_mapper/sdp_bl.ramb36_dp_bl.ram36_bl_i_14/O
                         net (fo=16, routed)          0.977     8.629    level_selctor_inst/inst_level0/BottomHalfMemory/sdp_bl.ramb36_dp_bl.ram36_bl_0
    SLICE_X141Y124       LUT2 (Prop_lut2_I1_O)        0.124     8.753 r  level_selctor_inst/inst_level0/BottomHalfMemory/sdp_bl.ramb36_dp_bl.ram36_bl_i_9/O
                         net (fo=1, routed)           0.799     9.552    level_selctor_inst/inst_level0/BottomHalfMemory/WRADDR[4]
    RAMB36_X7Y25         RAMB36E1                                     r  level_selctor_inst/inst_level0/BottomHalfMemory/sdp_bl.ramb36_dp_bl.ram36_bl/ADDRBWRADDR[6]
  -------------------------------------------------------------------    -------------------

Slack:                    inf
  Source:                 video_inst/inst_color_mapper/coords_to_BRAM_address0/CLK
                            (rising edge-triggered cell DSP48E1 clocked by clk_out1_clk_wiz_0  {rise@0.000ns fall@20.000ns period=40.000ns})
  Destination:            level_selctor_inst/inst_level0/BottomHalfMemory/sdp_bl.ramb36_dp_bl.ram36_bl/ADDRBWRADDR[14]
  Path Group:             (none)
  Path Type:              Max at Slow Process Corner
  Data Path Delay:        7.713ns  (logic 4.409ns (57.164%)  route 3.304ns (42.836%))
  Logic Levels:           3  (LUT2=1 LUT4=1 LUT6=1)
  Clock Uncertainty:      0.190ns  ((TSJ^2 + DJ^2)^1/2) / 2 + PE
    Total System Jitter     (TSJ):    0.050ns
    Discrete Jitter          (DJ):    0.175ns
    Phase Error              (PE):    0.099ns

    Location             Delay type                Incr(ns)  Path(ns)    Netlist Resource(s)
  -------------------------------------------------------------------    -------------------
                         (clock clk_out1_clk_wiz_0 rise edge)
                                                      0.000     0.000 r  
    BUFGCTRL_X0Y1        BUFG                         0.000     0.000 r  clk_IBUF_BUFG_inst/O
                         net (fo=133, routed)         2.106     2.106    video_inst/mmcm_adv_inst_display_clocks/inst/clk_in1
    MMCME2_ADV_X1Y0      MMCME2_ADV (Prop_mmcme2_adv_CLKIN1_CLKOUT0)
                                                     -4.900    -2.793 r  video_inst/mmcm_adv_inst_display_clocks/inst/mmcm_adv_inst/CLKOUT0
                         net (fo=1, routed)           2.697    -0.096    video_inst/mmcm_adv_inst_display_clocks/inst/clk_out1_clk_wiz_0
    BUFGCTRL_X0Y2        BUFG (Prop_bufg_I_O)         0.096    -0.000 r  video_inst/mmcm_adv_inst_display_clocks/inst/clkout1_buf/O
                         net (fo=76, routed)          1.830     1.830    video_inst/inst_color_mapper/clk_out1
    DSP48_X7Y48          DSP48E1                                      r  video_inst/inst_color_mapper/coords_to_BRAM_address0/CLK
  -------------------------------------------------------------------    -------------------
    DSP48_X7Y48          DSP48E1 (Prop_dsp48e1_CLK_P[8])
                                                      4.009     5.839 r  video_inst/inst_color_mapper/coords_to_BRAM_address0/P[8]
                         net (fo=4, routed)           1.151     6.989    video_inst/inst_color_mapper/P[8]
    SLICE_X141Y121       LUT4 (Prop_lut4_I1_O)        0.124     7.113 r  video_inst/inst_color_mapper/sdp_bl.ramb36_dp_bl.ram36_bl_i_15/O
                         net (fo=2, routed)           0.415     7.529    video_inst/inst_color_mapper/sdp_bl.ramb36_dp_bl.ram36_bl_i_15_n_0
    SLICE_X141Y122       LUT6 (Prop_lut6_I1_O)        0.124     7.653 f  video_inst/inst_color_mapper/sdp_bl.ramb36_dp_bl.ram36_bl_i_14/O
                         net (fo=16, routed)          0.977     8.629    level_selctor_inst/inst_level0/BottomHalfMemory/sdp_bl.ramb36_dp_bl.ram36_bl_0
    SLICE_X141Y124       LUT2 (Prop_lut2_I1_O)        0.152     8.781 r  level_selctor_inst/inst_level0/BottomHalfMemory/sdp_bl.ramb36_dp_bl.ram36_bl_i_1__0/O
                         net (fo=1, routed)           0.761     9.543    level_selctor_inst/inst_level0/BottomHalfMemory/WRADDR[12]
    RAMB36_X7Y25         RAMB36E1                                     r  level_selctor_inst/inst_level0/BottomHalfMemory/sdp_bl.ramb36_dp_bl.ram36_bl/ADDRBWRADDR[14]
  -------------------------------------------------------------------    -------------------





Min Delay Paths
--------------------------------------------------------------------------------------
Slack:                    inf
  Source:                 video_inst/inst_color_mapper/coords_to_BRAM_address0/CLK
                            (rising edge-triggered cell DSP48E1 clocked by clk_out1_clk_wiz_0  {rise@0.000ns fall@20.000ns period=40.000ns})
  Destination:            level_selctor_inst/inst_level0/TopHalfMemory/sdp_bl.ramb36_dp_bl.ram36_bl/ADDRBWRADDR[4]
  Path Group:             (none)
  Path Type:              Min at Fast Process Corner
  Data Path Delay:        0.971ns  (logic 0.674ns (69.388%)  route 0.297ns (30.612%))
  Logic Levels:           0  
  Clock Uncertainty:      0.190ns  ((TSJ^2 + DJ^2)^1/2) / 2 + PE
    Total System Jitter     (TSJ):    0.050ns
    Discrete Jitter          (DJ):    0.175ns
    Phase Error              (PE):    0.099ns

    Location             Delay type                Incr(ns)  Path(ns)    Netlist Resource(s)
  -------------------------------------------------------------------    -------------------
                         (clock clk_out1_clk_wiz_0 rise edge)
                                                      0.000     0.000 r  
    BUFGCTRL_X0Y1        BUFG                         0.000     0.000 r  clk_IBUF_BUFG_inst/O
                         net (fo=133, routed)         0.745     0.745    video_inst/mmcm_adv_inst_display_clocks/inst/clk_in1
    MMCME2_ADV_X1Y0      MMCME2_ADV (Prop_mmcme2_adv_CLKIN1_CLKOUT0)
                                                     -1.683    -0.938 r  video_inst/mmcm_adv_inst_display_clocks/inst/mmcm_adv_inst/CLKOUT0
                         net (fo=1, routed)           0.912    -0.026    video_inst/mmcm_adv_inst_display_clocks/inst/clk_out1_clk_wiz_0
    BUFGCTRL_X0Y2        BUFG (Prop_bufg_I_O)         0.026    -0.000 r  video_inst/mmcm_adv_inst_display_clocks/inst/clkout1_buf/O
                         net (fo=76, routed)          0.698     0.698    video_inst/inst_color_mapper/clk_out1
    DSP48_X7Y48          DSP48E1                                      r  video_inst/inst_color_mapper/coords_to_BRAM_address0/CLK
  -------------------------------------------------------------------    -------------------
    DSP48_X7Y48          DSP48E1 (Prop_dsp48e1_CLK_P[2])
                                                      0.674     1.372 r  video_inst/inst_color_mapper/coords_to_BRAM_address0/P[2]
                         net (fo=2, routed)           0.297     1.669    level_selctor_inst/inst_level0/TopHalfMemory/P[2]
    RAMB36_X7Y24         RAMB36E1                                     r  level_selctor_inst/inst_level0/TopHalfMemory/sdp_bl.ramb36_dp_bl.ram36_bl/ADDRBWRADDR[4]
  -------------------------------------------------------------------    -------------------

Slack:                    inf
  Source:                 video_inst/inst_color_mapper/coords_to_BRAM_address0/CLK
                            (rising edge-triggered cell DSP48E1 clocked by clk_out1_clk_wiz_0  {rise@0.000ns fall@20.000ns period=40.000ns})
  Destination:            level_selctor_inst/inst_level0/TopHalfMemory/sdp_bl.ramb36_dp_bl.ram36_bl/ADDRBWRADDR[10]
  Path Group:             (none)
  Path Type:              Min at Fast Process Corner
  Data Path Delay:        0.977ns  (logic 0.674ns (68.965%)  route 0.303ns (31.035%))
  Logic Levels:           0  
  Clock Uncertainty:      0.190ns  ((TSJ^2 + DJ^2)^1/2) / 2 + PE
    Total System Jitter     (TSJ):    0.050ns
    Discrete Jitter          (DJ):    0.175ns
    Phase Error              (PE):    0.099ns

    Location             Delay type                Incr(ns)  Path(ns)    Netlist Resource(s)
  -------------------------------------------------------------------    -------------------
                         (clock clk_out1_clk_wiz_0 rise edge)
                                                      0.000     0.000 r  
    BUFGCTRL_X0Y1        BUFG                         0.000     0.000 r  clk_IBUF_BUFG_inst/O
                         net (fo=133, routed)         0.745     0.745    video_inst/mmcm_adv_inst_display_clocks/inst/clk_in1
    MMCME2_ADV_X1Y0      MMCME2_ADV (Prop_mmcme2_adv_CLKIN1_CLKOUT0)
                                                     -1.683    -0.938 r  video_inst/mmcm_adv_inst_display_clocks/inst/mmcm_adv_inst/CLKOUT0
                         net (fo=1, routed)           0.912    -0.026    video_inst/mmcm_adv_inst_display_clocks/inst/clk_out1_clk_wiz_0
    BUFGCTRL_X0Y2        BUFG (Prop_bufg_I_O)         0.026    -0.000 r  video_inst/mmcm_adv_inst_display_clocks/inst/clkout1_buf/O
                         net (fo=76, routed)          0.698     0.698    video_inst/inst_color_mapper/clk_out1
    DSP48_X7Y48          DSP48E1                                      r  video_inst/inst_color_mapper/coords_to_BRAM_address0/CLK
  -------------------------------------------------------------------    -------------------
    DSP48_X7Y48          DSP48E1 (Prop_dsp48e1_CLK_P[8])
                                                      0.674     1.372 r  video_inst/inst_color_mapper/coords_to_BRAM_address0/P[8]
                         net (fo=4, routed)           0.303     1.675    level_selctor_inst/inst_level0/TopHalfMemory/P[8]
    RAMB36_X7Y24         RAMB36E1                                     r  level_selctor_inst/inst_level0/TopHalfMemory/sdp_bl.ramb36_dp_bl.ram36_bl/ADDRBWRADDR[10]
  -------------------------------------------------------------------    -------------------

Slack:                    inf
  Source:                 video_inst/inst_color_mapper/coords_to_BRAM_address0/CLK
                            (rising edge-triggered cell DSP48E1 clocked by clk_out1_clk_wiz_0  {rise@0.000ns fall@20.000ns period=40.000ns})
  Destination:            level_selctor_inst/inst_level0/TopHalfMemory/sdp_bl.ramb36_dp_bl.ram36_bl/ADDRBWRADDR[5]
  Path Group:             (none)
  Path Type:              Min at Fast Process Corner
  Data Path Delay:        0.987ns  (logic 0.674ns (68.295%)  route 0.313ns (31.705%))
  Logic Levels:           0  
  Clock Uncertainty:      0.190ns  ((TSJ^2 + DJ^2)^1/2) / 2 + PE
    Total System Jitter     (TSJ):    0.050ns
    Discrete Jitter          (DJ):    0.175ns
    Phase Error              (PE):    0.099ns

    Location             Delay type                Incr(ns)  Path(ns)    Netlist Resource(s)
  -------------------------------------------------------------------    -------------------
                         (clock clk_out1_clk_wiz_0 rise edge)
                                                      0.000     0.000 r  
    BUFGCTRL_X0Y1        BUFG                         0.000     0.000 r  clk_IBUF_BUFG_inst/O
                         net (fo=133, routed)         0.745     0.745    video_inst/mmcm_adv_inst_display_clocks/inst/clk_in1
    MMCME2_ADV_X1Y0      MMCME2_ADV (Prop_mmcme2_adv_CLKIN1_CLKOUT0)
                                                     -1.683    -0.938 r  video_inst/mmcm_adv_inst_display_clocks/inst/mmcm_adv_inst/CLKOUT0
                         net (fo=1, routed)           0.912    -0.026    video_inst/mmcm_adv_inst_display_clocks/inst/clk_out1_clk_wiz_0
    BUFGCTRL_X0Y2        BUFG (Prop_bufg_I_O)         0.026    -0.000 r  video_inst/mmcm_adv_inst_display_clocks/inst/clkout1_buf/O
                         net (fo=76, routed)          0.698     0.698    video_inst/inst_color_mapper/clk_out1
    DSP48_X7Y48          DSP48E1                                      r  video_inst/inst_color_mapper/coords_to_BRAM_address0/CLK
  -------------------------------------------------------------------    -------------------
    DSP48_X7Y48          DSP48E1 (Prop_dsp48e1_CLK_P[3])
                                                      0.674     1.372 r  video_inst/inst_color_mapper/coords_to_BRAM_address0/P[3]
                         net (fo=2, routed)           0.313     1.685    level_selctor_inst/inst_level0/TopHalfMemory/P[3]
    RAMB36_X7Y24         RAMB36E1                                     r  level_selctor_inst/inst_level0/TopHalfMemory/sdp_bl.ramb36_dp_bl.ram36_bl/ADDRBWRADDR[5]
  -------------------------------------------------------------------    -------------------

Slack:                    inf
  Source:                 video_inst/inst_color_mapper/coords_to_BRAM_address0/CLK
                            (rising edge-triggered cell DSP48E1 clocked by clk_out1_clk_wiz_0  {rise@0.000ns fall@20.000ns period=40.000ns})
  Destination:            level_selctor_inst/inst_level0/TopHalfMemory/sdp_bl.ramb36_dp_bl.ram36_bl/ADDRBWRADDR[12]
  Path Group:             (none)
  Path Type:              Min at Fast Process Corner
  Data Path Delay:        0.987ns  (logic 0.674ns (68.295%)  route 0.313ns (31.705%))
  Logic Levels:           0  
  Clock Uncertainty:      0.190ns  ((TSJ^2 + DJ^2)^1/2) / 2 + PE
    Total System Jitter     (TSJ):    0.050ns
    Discrete Jitter          (DJ):    0.175ns
    Phase Error              (PE):    0.099ns

    Location             Delay type                Incr(ns)  Path(ns)    Netlist Resource(s)
  -------------------------------------------------------------------    -------------------
                         (clock clk_out1_clk_wiz_0 rise edge)
                                                      0.000     0.000 r  
    BUFGCTRL_X0Y1        BUFG                         0.000     0.000 r  clk_IBUF_BUFG_inst/O
                         net (fo=133, routed)         0.745     0.745    video_inst/mmcm_adv_inst_display_clocks/inst/clk_in1
    MMCME2_ADV_X1Y0      MMCME2_ADV (Prop_mmcme2_adv_CLKIN1_CLKOUT0)
                                                     -1.683    -0.938 r  video_inst/mmcm_adv_inst_display_clocks/inst/mmcm_adv_inst/CLKOUT0
                         net (fo=1, routed)           0.912    -0.026    video_inst/mmcm_adv_inst_display_clocks/inst/clk_out1_clk_wiz_0
    BUFGCTRL_X0Y2        BUFG (Prop_bufg_I_O)         0.026    -0.000 r  video_inst/mmcm_adv_inst_display_clocks/inst/clkout1_buf/O
                         net (fo=76, routed)          0.698     0.698    video_inst/inst_color_mapper/clk_out1
    DSP48_X7Y48          DSP48E1                                      r  video_inst/inst_color_mapper/coords_to_BRAM_address0/CLK
  -------------------------------------------------------------------    -------------------
    DSP48_X7Y48          DSP48E1 (Prop_dsp48e1_CLK_P[10])
                                                      0.674     1.372 r  video_inst/inst_color_mapper/coords_to_BRAM_address0/P[10]
                         net (fo=4, routed)           0.313     1.685    level_selctor_inst/inst_level0/TopHalfMemory/P[10]
    RAMB36_X7Y24         RAMB36E1                                     r  level_selctor_inst/inst_level0/TopHalfMemory/sdp_bl.ramb36_dp_bl.ram36_bl/ADDRBWRADDR[12]
  -------------------------------------------------------------------    -------------------

Slack:                    inf
  Source:                 video_inst/inst_color_mapper/coords_to_BRAM_address0/CLK
                            (rising edge-triggered cell DSP48E1 clocked by clk_out1_clk_wiz_0  {rise@0.000ns fall@20.000ns period=40.000ns})
  Destination:            level_selctor_inst/inst_level0/TopHalfMemory/sdp_bl.ramb36_dp_bl.ram36_bl/ADDRBWRADDR[6]
  Path Group:             (none)
  Path Type:              Min at Fast Process Corner
  Data Path Delay:        0.987ns  (logic 0.674ns (68.279%)  route 0.313ns (31.721%))
  Logic Levels:           0  
  Clock Uncertainty:      0.190ns  ((TSJ^2 + DJ^2)^1/2) / 2 + PE
    Total System Jitter     (TSJ):    0.050ns
    Discrete Jitter          (DJ):    0.175ns
    Phase Error              (PE):    0.099ns

    Location             Delay type                Incr(ns)  Path(ns)    Netlist Resource(s)
  -------------------------------------------------------------------    -------------------
                         (clock clk_out1_clk_wiz_0 rise edge)
                                                      0.000     0.000 r  
    BUFGCTRL_X0Y1        BUFG                         0.000     0.000 r  clk_IBUF_BUFG_inst/O
                         net (fo=133, routed)         0.745     0.745    video_inst/mmcm_adv_inst_display_clocks/inst/clk_in1
    MMCME2_ADV_X1Y0      MMCME2_ADV (Prop_mmcme2_adv_CLKIN1_CLKOUT0)
                                                     -1.683    -0.938 r  video_inst/mmcm_adv_inst_display_clocks/inst/mmcm_adv_inst/CLKOUT0
                         net (fo=1, routed)           0.912    -0.026    video_inst/mmcm_adv_inst_display_clocks/inst/clk_out1_clk_wiz_0
    BUFGCTRL_X0Y2        BUFG (Prop_bufg_I_O)         0.026    -0.000 r  video_inst/mmcm_adv_inst_display_clocks/inst/clkout1_buf/O
                         net (fo=76, routed)          0.698     0.698    video_inst/inst_color_mapper/clk_out1
    DSP48_X7Y48          DSP48E1                                      r  video_inst/inst_color_mapper/coords_to_BRAM_address0/CLK
  -------------------------------------------------------------------    -------------------
    DSP48_X7Y48          DSP48E1 (Prop_dsp48e1_CLK_P[4])
                                                      0.674     1.372 r  video_inst/inst_color_mapper/coords_to_BRAM_address0/P[4]
                         net (fo=4, routed)           0.313     1.685    level_selctor_inst/inst_level0/TopHalfMemory/P[4]
    RAMB36_X7Y24         RAMB36E1                                     r  level_selctor_inst/inst_level0/TopHalfMemory/sdp_bl.ramb36_dp_bl.ram36_bl/ADDRBWRADDR[6]
  -------------------------------------------------------------------    -------------------

Slack:                    inf
  Source:                 video_inst/inst_color_mapper/coords_to_BRAM_address0/CLK
                            (rising edge-triggered cell DSP48E1 clocked by clk_out1_clk_wiz_0  {rise@0.000ns fall@20.000ns period=40.000ns})
  Destination:            level_selctor_inst/inst_level0/TopHalfMemory/sdp_bl.ramb36_dp_bl.ram36_bl/ADDRBWRADDR[13]
  Path Group:             (none)
  Path Type:              Min at Fast Process Corner
  Data Path Delay:        0.988ns  (logic 0.674ns (68.238%)  route 0.314ns (31.762%))
  Logic Levels:           0  
  Clock Uncertainty:      0.190ns  ((TSJ^2 + DJ^2)^1/2) / 2 + PE
    Total System Jitter     (TSJ):    0.050ns
    Discrete Jitter          (DJ):    0.175ns
    Phase Error              (PE):    0.099ns

    Location             Delay type                Incr(ns)  Path(ns)    Netlist Resource(s)
  -------------------------------------------------------------------    -------------------
                         (clock clk_out1_clk_wiz_0 rise edge)
                                                      0.000     0.000 r  
    BUFGCTRL_X0Y1        BUFG                         0.000     0.000 r  clk_IBUF_BUFG_inst/O
                         net (fo=133, routed)         0.745     0.745    video_inst/mmcm_adv_inst_display_clocks/inst/clk_in1
    MMCME2_ADV_X1Y0      MMCME2_ADV (Prop_mmcme2_adv_CLKIN1_CLKOUT0)
                                                     -1.683    -0.938 r  video_inst/mmcm_adv_inst_display_clocks/inst/mmcm_adv_inst/CLKOUT0
                         net (fo=1, routed)           0.912    -0.026    video_inst/mmcm_adv_inst_display_clocks/inst/clk_out1_clk_wiz_0
    BUFGCTRL_X0Y2        BUFG (Prop_bufg_I_O)         0.026    -0.000 r  video_inst/mmcm_adv_inst_display_clocks/inst/clkout1_buf/O
                         net (fo=76, routed)          0.698     0.698    video_inst/inst_color_mapper/clk_out1
    DSP48_X7Y48          DSP48E1                                      r  video_inst/inst_color_mapper/coords_to_BRAM_address0/CLK
  -------------------------------------------------------------------    -------------------
    DSP48_X7Y48          DSP48E1 (Prop_dsp48e1_CLK_P[11])
                                                      0.674     1.372 r  video_inst/inst_color_mapper/coords_to_BRAM_address0/P[11]
                         net (fo=4, routed)           0.314     1.686    level_selctor_inst/inst_level0/TopHalfMemory/P[11]
    RAMB36_X7Y24         RAMB36E1                                     r  level_selctor_inst/inst_level0/TopHalfMemory/sdp_bl.ramb36_dp_bl.ram36_bl/ADDRBWRADDR[13]
  -------------------------------------------------------------------    -------------------

Slack:                    inf
  Source:                 video_inst/inst_color_mapper/coords_to_BRAM_address0/CLK
                            (rising edge-triggered cell DSP48E1 clocked by clk_out1_clk_wiz_0  {rise@0.000ns fall@20.000ns period=40.000ns})
  Destination:            level_selctor_inst/inst_level0/TopHalfMemory/sdp_bl.ramb36_dp_bl.ram36_bl/ADDRBWRADDR[2]
  Path Group:             (none)
  Path Type:              Min at Fast Process Corner
  Data Path Delay:        1.012ns  (logic 0.674ns (66.589%)  route 0.338ns (33.411%))
  Logic Levels:           0  
  Clock Uncertainty:      0.190ns  ((TSJ^2 + DJ^2)^1/2) / 2 + PE
    Total System Jitter     (TSJ):    0.050ns
    Discrete Jitter          (DJ):    0.175ns
    Phase Error              (PE):    0.099ns

    Location             Delay type                Incr(ns)  Path(ns)    Netlist Resource(s)
  -------------------------------------------------------------------    -------------------
                         (clock clk_out1_clk_wiz_0 rise edge)
                                                      0.000     0.000 r  
    BUFGCTRL_X0Y1        BUFG                         0.000     0.000 r  clk_IBUF_BUFG_inst/O
                         net (fo=133, routed)         0.745     0.745    video_inst/mmcm_adv_inst_display_clocks/inst/clk_in1
    MMCME2_ADV_X1Y0      MMCME2_ADV (Prop_mmcme2_adv_CLKIN1_CLKOUT0)
                                                     -1.683    -0.938 r  video_inst/mmcm_adv_inst_display_clocks/inst/mmcm_adv_inst/CLKOUT0
                         net (fo=1, routed)           0.912    -0.026    video_inst/mmcm_adv_inst_display_clocks/inst/clk_out1_clk_wiz_0
    BUFGCTRL_X0Y2        BUFG (Prop_bufg_I_O)         0.026    -0.000 r  video_inst/mmcm_adv_inst_display_clocks/inst/clkout1_buf/O
                         net (fo=76, routed)          0.698     0.698    video_inst/inst_color_mapper/clk_out1
    DSP48_X7Y48          DSP48E1                                      r  video_inst/inst_color_mapper/coords_to_BRAM_address0/CLK
  -------------------------------------------------------------------    -------------------
    DSP48_X7Y48          DSP48E1 (Prop_dsp48e1_CLK_P[0])
                                                      0.674     1.372 r  video_inst/inst_color_mapper/coords_to_BRAM_address0/P[0]
                         net (fo=2, routed)           0.338     1.710    level_selctor_inst/inst_level0/TopHalfMemory/P[0]
    RAMB36_X7Y24         RAMB36E1                                     r  level_selctor_inst/inst_level0/TopHalfMemory/sdp_bl.ramb36_dp_bl.ram36_bl/ADDRBWRADDR[2]
  -------------------------------------------------------------------    -------------------

Slack:                    inf
  Source:                 video_inst/inst_color_mapper/coords_to_BRAM_address0/CLK
                            (rising edge-triggered cell DSP48E1 clocked by clk_out1_clk_wiz_0  {rise@0.000ns fall@20.000ns period=40.000ns})
  Destination:            level_selctor_inst/inst_level0/TopHalfMemory/sdp_bl.ramb36_dp_bl.ram36_bl/ADDRBWRADDR[14]
  Path Group:             (none)
  Path Type:              Min at Fast Process Corner
  Data Path Delay:        1.020ns  (logic 0.674ns (66.049%)  route 0.346ns (33.951%))
  Logic Levels:           0  
  Clock Uncertainty:      0.190ns  ((TSJ^2 + DJ^2)^1/2) / 2 + PE
    Total System Jitter     (TSJ):    0.050ns
    Discrete Jitter          (DJ):    0.175ns
    Phase Error              (PE):    0.099ns

    Location             Delay type                Incr(ns)  Path(ns)    Netlist Resource(s)
  -------------------------------------------------------------------    -------------------
                         (clock clk_out1_clk_wiz_0 rise edge)
                                                      0.000     0.000 r  
    BUFGCTRL_X0Y1        BUFG                         0.000     0.000 r  clk_IBUF_BUFG_inst/O
                         net (fo=133, routed)         0.745     0.745    video_inst/mmcm_adv_inst_display_clocks/inst/clk_in1
    MMCME2_ADV_X1Y0      MMCME2_ADV (Prop_mmcme2_adv_CLKIN1_CLKOUT0)
                                                     -1.683    -0.938 r  video_inst/mmcm_adv_inst_display_clocks/inst/mmcm_adv_inst/CLKOUT0
                         net (fo=1, routed)           0.912    -0.026    video_inst/mmcm_adv_inst_display_clocks/inst/clk_out1_clk_wiz_0
    BUFGCTRL_X0Y2        BUFG (Prop_bufg_I_O)         0.026    -0.000 r  video_inst/mmcm_adv_inst_display_clocks/inst/clkout1_buf/O
                         net (fo=76, routed)          0.698     0.698    video_inst/inst_color_mapper/clk_out1
    DSP48_X7Y48          DSP48E1                                      r  video_inst/inst_color_mapper/coords_to_BRAM_address0/CLK
  -------------------------------------------------------------------    -------------------
    DSP48_X7Y48          DSP48E1 (Prop_dsp48e1_CLK_P[12])
                                                      0.674     1.372 r  video_inst/inst_color_mapper/coords_to_BRAM_address0/P[12]
                         net (fo=4, routed)           0.346     1.719    level_selctor_inst/inst_level0/TopHalfMemory/P[12]
    RAMB36_X7Y24         RAMB36E1                                     r  level_selctor_inst/inst_level0/TopHalfMemory/sdp_bl.ramb36_dp_bl.ram36_bl/ADDRBWRADDR[14]
  -------------------------------------------------------------------    -------------------

Slack:                    inf
  Source:                 video_inst/inst_color_mapper/coords_to_BRAM_address0/CLK
                            (rising edge-triggered cell DSP48E1 clocked by clk_out1_clk_wiz_0  {rise@0.000ns fall@20.000ns period=40.000ns})
  Destination:            level_selctor_inst/inst_level0/TopHalfMemory/sdp_bl.ramb36_dp_bl.ram36_bl/ADDRBWRADDR[9]
  Path Group:             (none)
  Path Type:              Min at Fast Process Corner
  Data Path Delay:        1.037ns  (logic 0.674ns (64.970%)  route 0.363ns (35.030%))
  Logic Levels:           0  
  Clock Uncertainty:      0.190ns  ((TSJ^2 + DJ^2)^1/2) / 2 + PE
    Total System Jitter     (TSJ):    0.050ns
    Discrete Jitter          (DJ):    0.175ns
    Phase Error              (PE):    0.099ns

    Location             Delay type                Incr(ns)  Path(ns)    Netlist Resource(s)
  -------------------------------------------------------------------    -------------------
                         (clock clk_out1_clk_wiz_0 rise edge)
                                                      0.000     0.000 r  
    BUFGCTRL_X0Y1        BUFG                         0.000     0.000 r  clk_IBUF_BUFG_inst/O
                         net (fo=133, routed)         0.745     0.745    video_inst/mmcm_adv_inst_display_clocks/inst/clk_in1
    MMCME2_ADV_X1Y0      MMCME2_ADV (Prop_mmcme2_adv_CLKIN1_CLKOUT0)
                                                     -1.683    -0.938 r  video_inst/mmcm_adv_inst_display_clocks/inst/mmcm_adv_inst/CLKOUT0
                         net (fo=1, routed)           0.912    -0.026    video_inst/mmcm_adv_inst_display_clocks/inst/clk_out1_clk_wiz_0
    BUFGCTRL_X0Y2        BUFG (Prop_bufg_I_O)         0.026    -0.000 r  video_inst/mmcm_adv_inst_display_clocks/inst/clkout1_buf/O
                         net (fo=76, routed)          0.698     0.698    video_inst/inst_color_mapper/clk_out1
    DSP48_X7Y48          DSP48E1                                      r  video_inst/inst_color_mapper/coords_to_BRAM_address0/CLK
  -------------------------------------------------------------------    -------------------
    DSP48_X7Y48          DSP48E1 (Prop_dsp48e1_CLK_P[7])
                                                      0.674     1.372 r  video_inst/inst_color_mapper/coords_to_BRAM_address0/P[7]
                         net (fo=4, routed)           0.363     1.736    level_selctor_inst/inst_level0/TopHalfMemory/P[7]
    RAMB36_X7Y24         RAMB36E1                                     r  level_selctor_inst/inst_level0/TopHalfMemory/sdp_bl.ramb36_dp_bl.ram36_bl/ADDRBWRADDR[9]
  -------------------------------------------------------------------    -------------------

Slack:                    inf
  Source:                 video_inst/inst_color_mapper/coords_to_BRAM_address0/CLK
                            (rising edge-triggered cell DSP48E1 clocked by clk_out1_clk_wiz_0  {rise@0.000ns fall@20.000ns period=40.000ns})
  Destination:            level_selctor_inst/inst_level0/TopHalfMemory/sdp_bl.ramb36_dp_bl.ram36_bl/ADDRBWRADDR[8]
  Path Group:             (none)
  Path Type:              Min at Fast Process Corner
  Data Path Delay:        1.039ns  (logic 0.674ns (64.894%)  route 0.365ns (35.106%))
  Logic Levels:           0  
  Clock Uncertainty:      0.190ns  ((TSJ^2 + DJ^2)^1/2) / 2 + PE
    Total System Jitter     (TSJ):    0.050ns
    Discrete Jitter          (DJ):    0.175ns
    Phase Error              (PE):    0.099ns

    Location             Delay type                Incr(ns)  Path(ns)    Netlist Resource(s)
  -------------------------------------------------------------------    -------------------
                         (clock clk_out1_clk_wiz_0 rise edge)
                                                      0.000     0.000 r  
    BUFGCTRL_X0Y1        BUFG                         0.000     0.000 r  clk_IBUF_BUFG_inst/O
                         net (fo=133, routed)         0.745     0.745    video_inst/mmcm_adv_inst_display_clocks/inst/clk_in1
    MMCME2_ADV_X1Y0      MMCME2_ADV (Prop_mmcme2_adv_CLKIN1_CLKOUT0)
                                                     -1.683    -0.938 r  video_inst/mmcm_adv_inst_display_clocks/inst/mmcm_adv_inst/CLKOUT0
                         net (fo=1, routed)           0.912    -0.026    video_inst/mmcm_adv_inst_display_clocks/inst/clk_out1_clk_wiz_0
    BUFGCTRL_X0Y2        BUFG (Prop_bufg_I_O)         0.026    -0.000 r  video_inst/mmcm_adv_inst_display_clocks/inst/clkout1_buf/O
                         net (fo=76, routed)          0.698     0.698    video_inst/inst_color_mapper/clk_out1
    DSP48_X7Y48          DSP48E1                                      r  video_inst/inst_color_mapper/coords_to_BRAM_address0/CLK
  -------------------------------------------------------------------    -------------------
    DSP48_X7Y48          DSP48E1 (Prop_dsp48e1_CLK_P[6])
                                                      0.674     1.372 r  video_inst/inst_color_mapper/coords_to_BRAM_address0/P[6]
                         net (fo=4, routed)           0.365     1.737    level_selctor_inst/inst_level0/TopHalfMemory/P[6]
    RAMB36_X7Y24         RAMB36E1                                     r  level_selctor_inst/inst_level0/TopHalfMemory/sdp_bl.ramb36_dp_bl.ram36_bl/ADDRBWRADDR[8]
  -------------------------------------------------------------------    -------------------





--------------------------------------------------------------------------------------
Path Group:  (none)
From Clock:  clk_out2_clk_wiz_0
  To Clock:  

Max Delay             8 Endpoints
Min Delay             8 Endpoints
--------------------------------------------------------------------------------------


Max Delay Paths
--------------------------------------------------------------------------------------
Slack:                    inf
  Source:                 video_inst/inst_dvid/ODDR2_red/C
                            (falling edge-triggered cell ODDR clocked by clk_out2_clk_wiz_0  {rise@0.000ns fall@4.000ns period=8.000ns})
  Destination:            tmdsb[2]
                            (output port)
  Path Group:             (none)
  Path Type:              Max at Slow Process Corner
  Data Path Delay:        2.370ns  (logic 2.369ns (99.958%)  route 0.001ns (0.042%))
  Logic Levels:           1  (OBUFDS=1)
  Clock Uncertainty:      0.166ns  ((TSJ^2 + DJ^2)^1/2) / 2 + PE
    Total System Jitter     (TSJ):    0.050ns
    Discrete Jitter          (DJ):    0.125ns
    Phase Error              (PE):    0.099ns

    Location             Delay type                Incr(ns)  Path(ns)    Netlist Resource(s)
  -------------------------------------------------------------------    -------------------
                         (clock clk_out2_clk_wiz_0 fall edge)
                                                      4.000     4.000 f  
    BUFGCTRL_X0Y1        BUFG                         0.000     4.000 f  clk_IBUF_BUFG_inst/O
                         net (fo=133, routed)         2.106     6.106    video_inst/mmcm_adv_inst_display_clocks/inst/clk_in1
    MMCME2_ADV_X1Y0      MMCME2_ADV (Prop_mmcme2_adv_CLKIN1_CLKOUT1)
                                                     -4.900     1.207 f  video_inst/mmcm_adv_inst_display_clocks/inst/mmcm_adv_inst/CLKOUT1
                         net (fo=1, routed)           2.697     3.904    video_inst/mmcm_adv_inst_display_clocks/inst/clk_out2_clk_wiz_0
    BUFGCTRL_X0Y0        BUFG (Prop_bufg_I_O)         0.096     4.000 f  video_inst/mmcm_adv_inst_display_clocks/inst/clkout2_buf/O
                         net (fo=44, routed)          1.831     5.831    video_inst/inst_dvid/clk_out2
    OLOGIC_X1Y134        ODDR                                         f  video_inst/inst_dvid/ODDR2_red/C
  -------------------------------------------------------------------    -------------------
    OLOGIC_X1Y134        ODDR (Prop_oddr_C_Q)         0.472     6.303 r  video_inst/inst_dvid/ODDR2_red/Q
                         net (fo=1, routed)           0.001     6.304    video_inst/red_s
    AB3                  OBUFDS (Prop_obufds_I_OB)    1.897     8.201 r  video_inst/OBUFDS_green/OB
                         net (fo=0)                   0.000     8.201    tmdsb[2]
    AB2                                                               r  tmdsb[2] (OUT)
  -------------------------------------------------------------------    -------------------

Slack:                    inf
  Source:                 video_inst/inst_dvid/ODDR2_green/C
                            (falling edge-triggered cell ODDR clocked by clk_out2_clk_wiz_0  {rise@0.000ns fall@4.000ns period=8.000ns})
  Destination:            tmdsb[1]
                            (output port)
  Path Group:             (none)
  Path Type:              Max at Slow Process Corner
  Data Path Delay:        2.369ns  (logic 2.368ns (99.958%)  route 0.001ns (0.042%))
  Logic Levels:           1  (OBUFDS=1)
  Clock Uncertainty:      0.166ns  ((TSJ^2 + DJ^2)^1/2) / 2 + PE
    Total System Jitter     (TSJ):    0.050ns
    Discrete Jitter          (DJ):    0.125ns
    Phase Error              (PE):    0.099ns

    Location             Delay type                Incr(ns)  Path(ns)    Netlist Resource(s)
  -------------------------------------------------------------------    -------------------
                         (clock clk_out2_clk_wiz_0 fall edge)
                                                      4.000     4.000 f  
    BUFGCTRL_X0Y1        BUFG                         0.000     4.000 f  clk_IBUF_BUFG_inst/O
                         net (fo=133, routed)         2.106     6.106    video_inst/mmcm_adv_inst_display_clocks/inst/clk_in1
    MMCME2_ADV_X1Y0      MMCME2_ADV (Prop_mmcme2_adv_CLKIN1_CLKOUT1)
                                                     -4.900     1.207 f  video_inst/mmcm_adv_inst_display_clocks/inst/mmcm_adv_inst/CLKOUT1
                         net (fo=1, routed)           2.697     3.904    video_inst/mmcm_adv_inst_display_clocks/inst/clk_out2_clk_wiz_0
    BUFGCTRL_X0Y0        BUFG (Prop_bufg_I_O)         0.096     4.000 f  video_inst/mmcm_adv_inst_display_clocks/inst/clkout2_buf/O
                         net (fo=44, routed)          1.832     5.832    video_inst/inst_dvid/clk_out2
    OLOGIC_X1Y136        ODDR                                         f  video_inst/inst_dvid/ODDR2_green/C
  -------------------------------------------------------------------    -------------------
    OLOGIC_X1Y136        ODDR (Prop_oddr_C_Q)         0.472     6.304 r  video_inst/inst_dvid/ODDR2_green/Q
                         net (fo=1, routed)           0.001     6.305    video_inst/green_s
    AA1                  OBUFDS (Prop_obufds_I_OB)    1.896     8.201 r  video_inst/OBUFDS_red/OB
                         net (fo=0)                   0.000     8.201    tmdsb[1]
    AB1                                                               r  tmdsb[1] (OUT)
  -------------------------------------------------------------------    -------------------

Slack:                    inf
  Source:                 video_inst/inst_dvid/ODDR2_red/C
                            (falling edge-triggered cell ODDR clocked by clk_out2_clk_wiz_0  {rise@0.000ns fall@4.000ns period=8.000ns})
  Destination:            tmds[2]
                            (output port)
  Path Group:             (none)
  Path Type:              Max at Slow Process Corner
  Data Path Delay:        2.369ns  (logic 2.368ns (99.958%)  route 0.001ns (0.042%))
  Logic Levels:           1  (OBUFDS=1)
  Clock Uncertainty:      0.166ns  ((TSJ^2 + DJ^2)^1/2) / 2 + PE
    Total System Jitter     (TSJ):    0.050ns
    Discrete Jitter          (DJ):    0.125ns
    Phase Error              (PE):    0.099ns

    Location             Delay type                Incr(ns)  Path(ns)    Netlist Resource(s)
  -------------------------------------------------------------------    -------------------
                         (clock clk_out2_clk_wiz_0 fall edge)
                                                      4.000     4.000 f  
    BUFGCTRL_X0Y1        BUFG                         0.000     4.000 f  clk_IBUF_BUFG_inst/O
                         net (fo=133, routed)         2.106     6.106    video_inst/mmcm_adv_inst_display_clocks/inst/clk_in1
    MMCME2_ADV_X1Y0      MMCME2_ADV (Prop_mmcme2_adv_CLKIN1_CLKOUT1)
                                                     -4.900     1.207 f  video_inst/mmcm_adv_inst_display_clocks/inst/mmcm_adv_inst/CLKOUT1
                         net (fo=1, routed)           2.697     3.904    video_inst/mmcm_adv_inst_display_clocks/inst/clk_out2_clk_wiz_0
    BUFGCTRL_X0Y0        BUFG (Prop_bufg_I_O)         0.096     4.000 f  video_inst/mmcm_adv_inst_display_clocks/inst/clkout2_buf/O
                         net (fo=44, routed)          1.831     5.831    video_inst/inst_dvid/clk_out2
    OLOGIC_X1Y134        ODDR                                         f  video_inst/inst_dvid/ODDR2_red/C
  -------------------------------------------------------------------    -------------------
    OLOGIC_X1Y134        ODDR (Prop_oddr_C_Q)         0.472     6.303 r  video_inst/inst_dvid/ODDR2_red/Q
                         net (fo=1, routed)           0.001     6.304    video_inst/red_s
    AB3                  OBUFDS (Prop_obufds_I_O)     1.896     8.200 r  video_inst/OBUFDS_green/O
                         net (fo=0)                   0.000     8.200    tmds[2]
    AB3                                                               r  tmds[2] (OUT)
  -------------------------------------------------------------------    -------------------

Slack:                    inf
  Source:                 video_inst/inst_dvid/ODDR2_green/C
                            (falling edge-triggered cell ODDR clocked by clk_out2_clk_wiz_0  {rise@0.000ns fall@4.000ns period=8.000ns})
  Destination:            tmds[1]
                            (output port)
  Path Group:             (none)
  Path Type:              Max at Slow Process Corner
  Data Path Delay:        2.368ns  (logic 2.367ns (99.958%)  route 0.001ns (0.042%))
  Logic Levels:           1  (OBUFDS=1)
  Clock Uncertainty:      0.166ns  ((TSJ^2 + DJ^2)^1/2) / 2 + PE
    Total System Jitter     (TSJ):    0.050ns
    Discrete Jitter          (DJ):    0.125ns
    Phase Error              (PE):    0.099ns

    Location             Delay type                Incr(ns)  Path(ns)    Netlist Resource(s)
  -------------------------------------------------------------------    -------------------
                         (clock clk_out2_clk_wiz_0 fall edge)
                                                      4.000     4.000 f  
    BUFGCTRL_X0Y1        BUFG                         0.000     4.000 f  clk_IBUF_BUFG_inst/O
                         net (fo=133, routed)         2.106     6.106    video_inst/mmcm_adv_inst_display_clocks/inst/clk_in1
    MMCME2_ADV_X1Y0      MMCME2_ADV (Prop_mmcme2_adv_CLKIN1_CLKOUT1)
                                                     -4.900     1.207 f  video_inst/mmcm_adv_inst_display_clocks/inst/mmcm_adv_inst/CLKOUT1
                         net (fo=1, routed)           2.697     3.904    video_inst/mmcm_adv_inst_display_clocks/inst/clk_out2_clk_wiz_0
    BUFGCTRL_X0Y0        BUFG (Prop_bufg_I_O)         0.096     4.000 f  video_inst/mmcm_adv_inst_display_clocks/inst/clkout2_buf/O
                         net (fo=44, routed)          1.832     5.832    video_inst/inst_dvid/clk_out2
    OLOGIC_X1Y136        ODDR                                         f  video_inst/inst_dvid/ODDR2_green/C
  -------------------------------------------------------------------    -------------------
    OLOGIC_X1Y136        ODDR (Prop_oddr_C_Q)         0.472     6.304 r  video_inst/inst_dvid/ODDR2_green/Q
                         net (fo=1, routed)           0.001     6.305    video_inst/green_s
    AA1                  OBUFDS (Prop_obufds_I_O)     1.895     8.200 r  video_inst/OBUFDS_red/O
                         net (fo=0)                   0.000     8.200    tmds[1]
    AA1                                                               r  tmds[1] (OUT)
  -------------------------------------------------------------------    -------------------

Slack:                    inf
  Source:                 video_inst/inst_dvid/ODDR2_blue/C
                            (falling edge-triggered cell ODDR clocked by clk_out2_clk_wiz_0  {rise@0.000ns fall@4.000ns period=8.000ns})
  Destination:            tmdsb[0]
                            (output port)
  Path Group:             (none)
  Path Type:              Max at Slow Process Corner
  Data Path Delay:        2.358ns  (logic 2.357ns (99.958%)  route 0.001ns (0.042%))
  Logic Levels:           1  (OBUFDS=1)
  Clock Uncertainty:      0.166ns  ((TSJ^2 + DJ^2)^1/2) / 2 + PE
    Total System Jitter     (TSJ):    0.050ns
    Discrete Jitter          (DJ):    0.125ns
    Phase Error              (PE):    0.099ns

    Location             Delay type                Incr(ns)  Path(ns)    Netlist Resource(s)
  -------------------------------------------------------------------    -------------------
                         (clock clk_out2_clk_wiz_0 fall edge)
                                                      4.000     4.000 f  
    BUFGCTRL_X0Y1        BUFG                         0.000     4.000 f  clk_IBUF_BUFG_inst/O
                         net (fo=133, routed)         2.106     6.106    video_inst/mmcm_adv_inst_display_clocks/inst/clk_in1
    MMCME2_ADV_X1Y0      MMCME2_ADV (Prop_mmcme2_adv_CLKIN1_CLKOUT1)
                                                     -4.900     1.207 f  video_inst/mmcm_adv_inst_display_clocks/inst/mmcm_adv_inst/CLKOUT1
                         net (fo=1, routed)           2.697     3.904    video_inst/mmcm_adv_inst_display_clocks/inst/clk_out2_clk_wiz_0
    BUFGCTRL_X0Y0        BUFG (Prop_bufg_I_O)         0.096     4.000 f  video_inst/mmcm_adv_inst_display_clocks/inst/clkout2_buf/O
                         net (fo=44, routed)          1.835     5.835    video_inst/inst_dvid/clk_out2
    OLOGIC_X1Y140        ODDR                                         f  video_inst/inst_dvid/ODDR2_blue/C
  -------------------------------------------------------------------    -------------------
    OLOGIC_X1Y140        ODDR (Prop_oddr_C_Q)         0.472     6.307 r  video_inst/inst_dvid/ODDR2_blue/Q
                         net (fo=1, routed)           0.001     6.308    video_inst/blue_s
    W1                   OBUFDS (Prop_obufds_I_OB)    1.885     8.193 r  video_inst/OBUFDS_blue/OB
                         net (fo=0)                   0.000     8.193    tmdsb[0]
    Y1                                                                r  tmdsb[0] (OUT)
  -------------------------------------------------------------------    -------------------

Slack:                    inf
  Source:                 video_inst/inst_dvid/ODDR2_blue/C
                            (falling edge-triggered cell ODDR clocked by clk_out2_clk_wiz_0  {rise@0.000ns fall@4.000ns period=8.000ns})
  Destination:            tmds[0]
                            (output port)
  Path Group:             (none)
  Path Type:              Max at Slow Process Corner
  Data Path Delay:        2.357ns  (logic 2.356ns (99.958%)  route 0.001ns (0.042%))
  Logic Levels:           1  (OBUFDS=1)
  Clock Uncertainty:      0.166ns  ((TSJ^2 + DJ^2)^1/2) / 2 + PE
    Total System Jitter     (TSJ):    0.050ns
    Discrete Jitter          (DJ):    0.125ns
    Phase Error              (PE):    0.099ns

    Location             Delay type                Incr(ns)  Path(ns)    Netlist Resource(s)
  -------------------------------------------------------------------    -------------------
                         (clock clk_out2_clk_wiz_0 fall edge)
                                                      4.000     4.000 f  
    BUFGCTRL_X0Y1        BUFG                         0.000     4.000 f  clk_IBUF_BUFG_inst/O
                         net (fo=133, routed)         2.106     6.106    video_inst/mmcm_adv_inst_display_clocks/inst/clk_in1
    MMCME2_ADV_X1Y0      MMCME2_ADV (Prop_mmcme2_adv_CLKIN1_CLKOUT1)
                                                     -4.900     1.207 f  video_inst/mmcm_adv_inst_display_clocks/inst/mmcm_adv_inst/CLKOUT1
                         net (fo=1, routed)           2.697     3.904    video_inst/mmcm_adv_inst_display_clocks/inst/clk_out2_clk_wiz_0
    BUFGCTRL_X0Y0        BUFG (Prop_bufg_I_O)         0.096     4.000 f  video_inst/mmcm_adv_inst_display_clocks/inst/clkout2_buf/O
                         net (fo=44, routed)          1.835     5.835    video_inst/inst_dvid/clk_out2
    OLOGIC_X1Y140        ODDR                                         f  video_inst/inst_dvid/ODDR2_blue/C
  -------------------------------------------------------------------    -------------------
    OLOGIC_X1Y140        ODDR (Prop_oddr_C_Q)         0.472     6.307 r  video_inst/inst_dvid/ODDR2_blue/Q
                         net (fo=1, routed)           0.001     6.308    video_inst/blue_s
    W1                   OBUFDS (Prop_obufds_I_O)     1.884     8.192 r  video_inst/OBUFDS_blue/O
                         net (fo=0)                   0.000     8.192    tmds[0]
    W1                                                                r  tmds[0] (OUT)
  -------------------------------------------------------------------    -------------------

Slack:                    inf
  Source:                 video_inst/inst_dvid/ODDR2_clock/C
                            (falling edge-triggered cell ODDR clocked by clk_out2_clk_wiz_0  {rise@0.000ns fall@4.000ns period=8.000ns})
  Destination:            tmdsb[3]
                            (output port)
  Path Group:             (none)
  Path Type:              Max at Slow Process Corner
  Data Path Delay:        2.341ns  (logic 2.340ns (99.957%)  route 0.001ns (0.043%))
  Logic Levels:           1  (OBUFDS=1)
  Clock Uncertainty:      0.166ns  ((TSJ^2 + DJ^2)^1/2) / 2 + PE
    Total System Jitter     (TSJ):    0.050ns
    Discrete Jitter          (DJ):    0.125ns
    Phase Error              (PE):    0.099ns

    Location             Delay type                Incr(ns)  Path(ns)    Netlist Resource(s)
  -------------------------------------------------------------------    -------------------
                         (clock clk_out2_clk_wiz_0 fall edge)
                                                      4.000     4.000 f  
    BUFGCTRL_X0Y1        BUFG                         0.000     4.000 f  clk_IBUF_BUFG_inst/O
                         net (fo=133, routed)         2.106     6.106    video_inst/mmcm_adv_inst_display_clocks/inst/clk_in1
    MMCME2_ADV_X1Y0      MMCME2_ADV (Prop_mmcme2_adv_CLKIN1_CLKOUT1)
                                                     -4.900     1.207 f  video_inst/mmcm_adv_inst_display_clocks/inst/mmcm_adv_inst/CLKOUT1
                         net (fo=1, routed)           2.697     3.904    video_inst/mmcm_adv_inst_display_clocks/inst/clk_out2_clk_wiz_0
    BUFGCTRL_X0Y0        BUFG (Prop_bufg_I_O)         0.096     4.000 f  video_inst/mmcm_adv_inst_display_clocks/inst/clkout2_buf/O
                         net (fo=44, routed)          1.838     5.838    video_inst/inst_dvid/clk_out2
    OLOGIC_X1Y148        ODDR                                         f  video_inst/inst_dvid/ODDR2_clock/C
  -------------------------------------------------------------------    -------------------
    OLOGIC_X1Y148        ODDR (Prop_oddr_C_Q)         0.472     6.310 r  video_inst/inst_dvid/ODDR2_clock/Q
                         net (fo=1, routed)           0.001     6.311    video_inst/clock_s
    T1                   OBUFDS (Prop_obufds_I_OB)    1.868     8.179 r  video_inst/OBUFDS_clock/OB
                         net (fo=0)                   0.000     8.179    tmdsb[3]
    U1                                                                r  tmdsb[3] (OUT)
  -------------------------------------------------------------------    -------------------

Slack:                    inf
  Source:                 video_inst/inst_dvid/ODDR2_clock/C
                            (falling edge-triggered cell ODDR clocked by clk_out2_clk_wiz_0  {rise@0.000ns fall@4.000ns period=8.000ns})
  Destination:            tmds[3]
                            (output port)
  Path Group:             (none)
  Path Type:              Max at Slow Process Corner
  Data Path Delay:        2.340ns  (logic 2.339ns (99.957%)  route 0.001ns (0.043%))
  Logic Levels:           1  (OBUFDS=1)
  Clock Uncertainty:      0.166ns  ((TSJ^2 + DJ^2)^1/2) / 2 + PE
    Total System Jitter     (TSJ):    0.050ns
    Discrete Jitter          (DJ):    0.125ns
    Phase Error              (PE):    0.099ns

    Location             Delay type                Incr(ns)  Path(ns)    Netlist Resource(s)
  -------------------------------------------------------------------    -------------------
                         (clock clk_out2_clk_wiz_0 fall edge)
                                                      4.000     4.000 f  
    BUFGCTRL_X0Y1        BUFG                         0.000     4.000 f  clk_IBUF_BUFG_inst/O
                         net (fo=133, routed)         2.106     6.106    video_inst/mmcm_adv_inst_display_clocks/inst/clk_in1
    MMCME2_ADV_X1Y0      MMCME2_ADV (Prop_mmcme2_adv_CLKIN1_CLKOUT1)
                                                     -4.900     1.207 f  video_inst/mmcm_adv_inst_display_clocks/inst/mmcm_adv_inst/CLKOUT1
                         net (fo=1, routed)           2.697     3.904    video_inst/mmcm_adv_inst_display_clocks/inst/clk_out2_clk_wiz_0
    BUFGCTRL_X0Y0        BUFG (Prop_bufg_I_O)         0.096     4.000 f  video_inst/mmcm_adv_inst_display_clocks/inst/clkout2_buf/O
                         net (fo=44, routed)          1.838     5.838    video_inst/inst_dvid/clk_out2
    OLOGIC_X1Y148        ODDR                                         f  video_inst/inst_dvid/ODDR2_clock/C
  -------------------------------------------------------------------    -------------------
    OLOGIC_X1Y148        ODDR (Prop_oddr_C_Q)         0.472     6.310 r  video_inst/inst_dvid/ODDR2_clock/Q
                         net (fo=1, routed)           0.001     6.311    video_inst/clock_s
    T1                   OBUFDS (Prop_obufds_I_O)     1.867     8.178 r  video_inst/OBUFDS_clock/O
                         net (fo=0)                   0.000     8.178    tmds[3]
    T1                                                                r  tmds[3] (OUT)
  -------------------------------------------------------------------    -------------------





Min Delay Paths
--------------------------------------------------------------------------------------
Slack:                    inf
  Source:                 video_inst/inst_dvid/ODDR2_clock/C
                            (rising edge-triggered cell ODDR clocked by clk_out2_clk_wiz_0  {rise@0.000ns fall@4.000ns period=8.000ns})
  Destination:            tmds[3]
                            (output port)
  Path Group:             (none)
  Path Type:              Min at Fast Process Corner
  Data Path Delay:        0.994ns  (logic 0.993ns (99.899%)  route 0.001ns (0.101%))
  Logic Levels:           1  (OBUFDS=1)
  Clock Uncertainty:      0.166ns  ((TSJ^2 + DJ^2)^1/2) / 2 + PE
    Total System Jitter     (TSJ):    0.050ns
    Discrete Jitter          (DJ):    0.125ns
    Phase Error              (PE):    0.099ns

    Location             Delay type                Incr(ns)  Path(ns)    Netlist Resource(s)
  -------------------------------------------------------------------    -------------------
                         (clock clk_out2_clk_wiz_0 rise edge)
                                                      0.000     0.000 r  
    BUFGCTRL_X0Y1        BUFG                         0.000     0.000 r  clk_IBUF_BUFG_inst/O
                         net (fo=133, routed)         0.745     0.745    video_inst/mmcm_adv_inst_display_clocks/inst/clk_in1
    MMCME2_ADV_X1Y0      MMCME2_ADV (Prop_mmcme2_adv_CLKIN1_CLKOUT1)
                                                     -1.683    -0.938 r  video_inst/mmcm_adv_inst_display_clocks/inst/mmcm_adv_inst/CLKOUT1
                         net (fo=1, routed)           0.912    -0.026    video_inst/mmcm_adv_inst_display_clocks/inst/clk_out2_clk_wiz_0
    BUFGCTRL_X0Y0        BUFG (Prop_bufg_I_O)         0.026    -0.000 r  video_inst/mmcm_adv_inst_display_clocks/inst/clkout2_buf/O
                         net (fo=44, routed)          0.640     0.640    video_inst/inst_dvid/clk_out2
    OLOGIC_X1Y148        ODDR                                         r  video_inst/inst_dvid/ODDR2_clock/C
  -------------------------------------------------------------------    -------------------
    OLOGIC_X1Y148        ODDR (Prop_oddr_C_Q)         0.177     0.817 r  video_inst/inst_dvid/ODDR2_clock/Q
                         net (fo=1, routed)           0.001     0.818    video_inst/clock_s
    T1                   OBUFDS (Prop_obufds_I_O)     0.816     1.634 r  video_inst/OBUFDS_clock/O
                         net (fo=0)                   0.000     1.634    tmds[3]
    T1                                                                r  tmds[3] (OUT)
  -------------------------------------------------------------------    -------------------

Slack:                    inf
  Source:                 video_inst/inst_dvid/ODDR2_clock/C
                            (rising edge-triggered cell ODDR clocked by clk_out2_clk_wiz_0  {rise@0.000ns fall@4.000ns period=8.000ns})
  Destination:            tmdsb[3]
                            (output port)
  Path Group:             (none)
  Path Type:              Min at Fast Process Corner
  Data Path Delay:        0.995ns  (logic 0.994ns (99.899%)  route 0.001ns (0.101%))
  Logic Levels:           1  (OBUFDS=1)
  Clock Uncertainty:      0.166ns  ((TSJ^2 + DJ^2)^1/2) / 2 + PE
    Total System Jitter     (TSJ):    0.050ns
    Discrete Jitter          (DJ):    0.125ns
    Phase Error              (PE):    0.099ns

    Location             Delay type                Incr(ns)  Path(ns)    Netlist Resource(s)
  -------------------------------------------------------------------    -------------------
                         (clock clk_out2_clk_wiz_0 rise edge)
                                                      0.000     0.000 r  
    BUFGCTRL_X0Y1        BUFG                         0.000     0.000 r  clk_IBUF_BUFG_inst/O
                         net (fo=133, routed)         0.745     0.745    video_inst/mmcm_adv_inst_display_clocks/inst/clk_in1
    MMCME2_ADV_X1Y0      MMCME2_ADV (Prop_mmcme2_adv_CLKIN1_CLKOUT1)
                                                     -1.683    -0.938 r  video_inst/mmcm_adv_inst_display_clocks/inst/mmcm_adv_inst/CLKOUT1
                         net (fo=1, routed)           0.912    -0.026    video_inst/mmcm_adv_inst_display_clocks/inst/clk_out2_clk_wiz_0
    BUFGCTRL_X0Y0        BUFG (Prop_bufg_I_O)         0.026    -0.000 r  video_inst/mmcm_adv_inst_display_clocks/inst/clkout2_buf/O
                         net (fo=44, routed)          0.640     0.640    video_inst/inst_dvid/clk_out2
    OLOGIC_X1Y148        ODDR                                         r  video_inst/inst_dvid/ODDR2_clock/C
  -------------------------------------------------------------------    -------------------
    OLOGIC_X1Y148        ODDR (Prop_oddr_C_Q)         0.177     0.817 r  video_inst/inst_dvid/ODDR2_clock/Q
                         net (fo=1, routed)           0.001     0.818    video_inst/clock_s
    T1                   OBUFDS (Prop_obufds_I_OB)    0.817     1.635 r  video_inst/OBUFDS_clock/OB
                         net (fo=0)                   0.000     1.635    tmdsb[3]
    U1                                                                r  tmdsb[3] (OUT)
  -------------------------------------------------------------------    -------------------

Slack:                    inf
  Source:                 video_inst/inst_dvid/ODDR2_blue/C
                            (rising edge-triggered cell ODDR clocked by clk_out2_clk_wiz_0  {rise@0.000ns fall@4.000ns period=8.000ns})
  Destination:            tmds[0]
                            (output port)
  Path Group:             (none)
  Path Type:              Min at Fast Process Corner
  Data Path Delay:        1.010ns  (logic 1.009ns (99.901%)  route 0.001ns (0.099%))
  Logic Levels:           1  (OBUFDS=1)
  Clock Uncertainty:      0.166ns  ((TSJ^2 + DJ^2)^1/2) / 2 + PE
    Total System Jitter     (TSJ):    0.050ns
    Discrete Jitter          (DJ):    0.125ns
    Phase Error              (PE):    0.099ns

    Location             Delay type                Incr(ns)  Path(ns)    Netlist Resource(s)
  -------------------------------------------------------------------    -------------------
                         (clock clk_out2_clk_wiz_0 rise edge)
                                                      0.000     0.000 r  
    BUFGCTRL_X0Y1        BUFG                         0.000     0.000 r  clk_IBUF_BUFG_inst/O
                         net (fo=133, routed)         0.745     0.745    video_inst/mmcm_adv_inst_display_clocks/inst/clk_in1
    MMCME2_ADV_X1Y0      MMCME2_ADV (Prop_mmcme2_adv_CLKIN1_CLKOUT1)
                                                     -1.683    -0.938 r  video_inst/mmcm_adv_inst_display_clocks/inst/mmcm_adv_inst/CLKOUT1
                         net (fo=1, routed)           0.912    -0.026    video_inst/mmcm_adv_inst_display_clocks/inst/clk_out2_clk_wiz_0
    BUFGCTRL_X0Y0        BUFG (Prop_bufg_I_O)         0.026    -0.000 r  video_inst/mmcm_adv_inst_display_clocks/inst/clkout2_buf/O
                         net (fo=44, routed)          0.638     0.638    video_inst/inst_dvid/clk_out2
    OLOGIC_X1Y140        ODDR                                         r  video_inst/inst_dvid/ODDR2_blue/C
  -------------------------------------------------------------------    -------------------
    OLOGIC_X1Y140        ODDR (Prop_oddr_C_Q)         0.177     0.815 r  video_inst/inst_dvid/ODDR2_blue/Q
                         net (fo=1, routed)           0.001     0.816    video_inst/blue_s
    W1                   OBUFDS (Prop_obufds_I_O)     0.832     1.648 r  video_inst/OBUFDS_blue/O
                         net (fo=0)                   0.000     1.648    tmds[0]
    W1                                                                r  tmds[0] (OUT)
  -------------------------------------------------------------------    -------------------

Slack:                    inf
  Source:                 video_inst/inst_dvid/ODDR2_blue/C
                            (rising edge-triggered cell ODDR clocked by clk_out2_clk_wiz_0  {rise@0.000ns fall@4.000ns period=8.000ns})
  Destination:            tmdsb[0]
                            (output port)
  Path Group:             (none)
  Path Type:              Min at Fast Process Corner
  Data Path Delay:        1.011ns  (logic 1.010ns (99.901%)  route 0.001ns (0.099%))
  Logic Levels:           1  (OBUFDS=1)
  Clock Uncertainty:      0.166ns  ((TSJ^2 + DJ^2)^1/2) / 2 + PE
    Total System Jitter     (TSJ):    0.050ns
    Discrete Jitter          (DJ):    0.125ns
    Phase Error              (PE):    0.099ns

    Location             Delay type                Incr(ns)  Path(ns)    Netlist Resource(s)
  -------------------------------------------------------------------    -------------------
                         (clock clk_out2_clk_wiz_0 rise edge)
                                                      0.000     0.000 r  
    BUFGCTRL_X0Y1        BUFG                         0.000     0.000 r  clk_IBUF_BUFG_inst/O
                         net (fo=133, routed)         0.745     0.745    video_inst/mmcm_adv_inst_display_clocks/inst/clk_in1
    MMCME2_ADV_X1Y0      MMCME2_ADV (Prop_mmcme2_adv_CLKIN1_CLKOUT1)
                                                     -1.683    -0.938 r  video_inst/mmcm_adv_inst_display_clocks/inst/mmcm_adv_inst/CLKOUT1
                         net (fo=1, routed)           0.912    -0.026    video_inst/mmcm_adv_inst_display_clocks/inst/clk_out2_clk_wiz_0
    BUFGCTRL_X0Y0        BUFG (Prop_bufg_I_O)         0.026    -0.000 r  video_inst/mmcm_adv_inst_display_clocks/inst/clkout2_buf/O
                         net (fo=44, routed)          0.638     0.638    video_inst/inst_dvid/clk_out2
    OLOGIC_X1Y140        ODDR                                         r  video_inst/inst_dvid/ODDR2_blue/C
  -------------------------------------------------------------------    -------------------
    OLOGIC_X1Y140        ODDR (Prop_oddr_C_Q)         0.177     0.815 r  video_inst/inst_dvid/ODDR2_blue/Q
                         net (fo=1, routed)           0.001     0.816    video_inst/blue_s
    W1                   OBUFDS (Prop_obufds_I_OB)    0.833     1.649 r  video_inst/OBUFDS_blue/OB
                         net (fo=0)                   0.000     1.649    tmdsb[0]
    Y1                                                                r  tmdsb[0] (OUT)
  -------------------------------------------------------------------    -------------------

Slack:                    inf
  Source:                 video_inst/inst_dvid/ODDR2_green/C
                            (rising edge-triggered cell ODDR clocked by clk_out2_clk_wiz_0  {rise@0.000ns fall@4.000ns period=8.000ns})
  Destination:            tmds[1]
                            (output port)
  Path Group:             (none)
  Path Type:              Min at Fast Process Corner
  Data Path Delay:        1.022ns  (logic 1.021ns (99.902%)  route 0.001ns (0.098%))
  Logic Levels:           1  (OBUFDS=1)
  Clock Uncertainty:      0.166ns  ((TSJ^2 + DJ^2)^1/2) / 2 + PE
    Total System Jitter     (TSJ):    0.050ns
    Discrete Jitter          (DJ):    0.125ns
    Phase Error              (PE):    0.099ns

    Location             Delay type                Incr(ns)  Path(ns)    Netlist Resource(s)
  -------------------------------------------------------------------    -------------------
                         (clock clk_out2_clk_wiz_0 rise edge)
                                                      0.000     0.000 r  
    BUFGCTRL_X0Y1        BUFG                         0.000     0.000 r  clk_IBUF_BUFG_inst/O
                         net (fo=133, routed)         0.745     0.745    video_inst/mmcm_adv_inst_display_clocks/inst/clk_in1
    MMCME2_ADV_X1Y0      MMCME2_ADV (Prop_mmcme2_adv_CLKIN1_CLKOUT1)
                                                     -1.683    -0.938 r  video_inst/mmcm_adv_inst_display_clocks/inst/mmcm_adv_inst/CLKOUT1
                         net (fo=1, routed)           0.912    -0.026    video_inst/mmcm_adv_inst_display_clocks/inst/clk_out2_clk_wiz_0
    BUFGCTRL_X0Y0        BUFG (Prop_bufg_I_O)         0.026    -0.000 r  video_inst/mmcm_adv_inst_display_clocks/inst/clkout2_buf/O
                         net (fo=44, routed)          0.636     0.636    video_inst/inst_dvid/clk_out2
    OLOGIC_X1Y136        ODDR                                         r  video_inst/inst_dvid/ODDR2_green/C
  -------------------------------------------------------------------    -------------------
    OLOGIC_X1Y136        ODDR (Prop_oddr_C_Q)         0.177     0.813 r  video_inst/inst_dvid/ODDR2_green/Q
                         net (fo=1, routed)           0.001     0.814    video_inst/green_s
    AA1                  OBUFDS (Prop_obufds_I_O)     0.844     1.657 r  video_inst/OBUFDS_red/O
                         net (fo=0)                   0.000     1.657    tmds[1]
    AA1                                                               r  tmds[1] (OUT)
  -------------------------------------------------------------------    -------------------

Slack:                    inf
  Source:                 video_inst/inst_dvid/ODDR2_green/C
                            (rising edge-triggered cell ODDR clocked by clk_out2_clk_wiz_0  {rise@0.000ns fall@4.000ns period=8.000ns})
  Destination:            tmdsb[1]
                            (output port)
  Path Group:             (none)
  Path Type:              Min at Fast Process Corner
  Data Path Delay:        1.023ns  (logic 1.022ns (99.902%)  route 0.001ns (0.098%))
  Logic Levels:           1  (OBUFDS=1)
  Clock Uncertainty:      0.166ns  ((TSJ^2 + DJ^2)^1/2) / 2 + PE
    Total System Jitter     (TSJ):    0.050ns
    Discrete Jitter          (DJ):    0.125ns
    Phase Error              (PE):    0.099ns

    Location             Delay type                Incr(ns)  Path(ns)    Netlist Resource(s)
  -------------------------------------------------------------------    -------------------
                         (clock clk_out2_clk_wiz_0 rise edge)
                                                      0.000     0.000 r  
    BUFGCTRL_X0Y1        BUFG                         0.000     0.000 r  clk_IBUF_BUFG_inst/O
                         net (fo=133, routed)         0.745     0.745    video_inst/mmcm_adv_inst_display_clocks/inst/clk_in1
    MMCME2_ADV_X1Y0      MMCME2_ADV (Prop_mmcme2_adv_CLKIN1_CLKOUT1)
                                                     -1.683    -0.938 r  video_inst/mmcm_adv_inst_display_clocks/inst/mmcm_adv_inst/CLKOUT1
                         net (fo=1, routed)           0.912    -0.026    video_inst/mmcm_adv_inst_display_clocks/inst/clk_out2_clk_wiz_0
    BUFGCTRL_X0Y0        BUFG (Prop_bufg_I_O)         0.026    -0.000 r  video_inst/mmcm_adv_inst_display_clocks/inst/clkout2_buf/O
                         net (fo=44, routed)          0.636     0.636    video_inst/inst_dvid/clk_out2
    OLOGIC_X1Y136        ODDR                                         r  video_inst/inst_dvid/ODDR2_green/C
  -------------------------------------------------------------------    -------------------
    OLOGIC_X1Y136        ODDR (Prop_oddr_C_Q)         0.177     0.813 r  video_inst/inst_dvid/ODDR2_green/Q
                         net (fo=1, routed)           0.001     0.814    video_inst/green_s
    AA1                  OBUFDS (Prop_obufds_I_OB)    0.845     1.658 r  video_inst/OBUFDS_red/OB
                         net (fo=0)                   0.000     1.658    tmdsb[1]
    AB1                                                               r  tmdsb[1] (OUT)
  -------------------------------------------------------------------    -------------------

Slack:                    inf
  Source:                 video_inst/inst_dvid/ODDR2_red/C
                            (rising edge-triggered cell ODDR clocked by clk_out2_clk_wiz_0  {rise@0.000ns fall@4.000ns period=8.000ns})
  Destination:            tmds[2]
                            (output port)
  Path Group:             (none)
  Path Type:              Min at Fast Process Corner
  Data Path Delay:        1.023ns  (logic 1.022ns (99.902%)  route 0.001ns (0.098%))
  Logic Levels:           1  (OBUFDS=1)
  Clock Uncertainty:      0.166ns  ((TSJ^2 + DJ^2)^1/2) / 2 + PE
    Total System Jitter     (TSJ):    0.050ns
    Discrete Jitter          (DJ):    0.125ns
    Phase Error              (PE):    0.099ns

    Location             Delay type                Incr(ns)  Path(ns)    Netlist Resource(s)
  -------------------------------------------------------------------    -------------------
                         (clock clk_out2_clk_wiz_0 rise edge)
                                                      0.000     0.000 r  
    BUFGCTRL_X0Y1        BUFG                         0.000     0.000 r  clk_IBUF_BUFG_inst/O
                         net (fo=133, routed)         0.745     0.745    video_inst/mmcm_adv_inst_display_clocks/inst/clk_in1
    MMCME2_ADV_X1Y0      MMCME2_ADV (Prop_mmcme2_adv_CLKIN1_CLKOUT1)
                                                     -1.683    -0.938 r  video_inst/mmcm_adv_inst_display_clocks/inst/mmcm_adv_inst/CLKOUT1
                         net (fo=1, routed)           0.912    -0.026    video_inst/mmcm_adv_inst_display_clocks/inst/clk_out2_clk_wiz_0
    BUFGCTRL_X0Y0        BUFG (Prop_bufg_I_O)         0.026    -0.000 r  video_inst/mmcm_adv_inst_display_clocks/inst/clkout2_buf/O
                         net (fo=44, routed)          0.636     0.636    video_inst/inst_dvid/clk_out2
    OLOGIC_X1Y134        ODDR                                         r  video_inst/inst_dvid/ODDR2_red/C
  -------------------------------------------------------------------    -------------------
    OLOGIC_X1Y134        ODDR (Prop_oddr_C_Q)         0.177     0.813 r  video_inst/inst_dvid/ODDR2_red/Q
                         net (fo=1, routed)           0.001     0.814    video_inst/red_s
    AB3                  OBUFDS (Prop_obufds_I_O)     0.845     1.659 r  video_inst/OBUFDS_green/O
                         net (fo=0)                   0.000     1.659    tmds[2]
    AB3                                                               r  tmds[2] (OUT)
  -------------------------------------------------------------------    -------------------

Slack:                    inf
  Source:                 video_inst/inst_dvid/ODDR2_red/C
                            (rising edge-triggered cell ODDR clocked by clk_out2_clk_wiz_0  {rise@0.000ns fall@4.000ns period=8.000ns})
  Destination:            tmdsb[2]
                            (output port)
  Path Group:             (none)
  Path Type:              Min at Fast Process Corner
  Data Path Delay:        1.024ns  (logic 1.023ns (99.902%)  route 0.001ns (0.098%))
  Logic Levels:           1  (OBUFDS=1)
  Clock Uncertainty:      0.166ns  ((TSJ^2 + DJ^2)^1/2) / 2 + PE
    Total System Jitter     (TSJ):    0.050ns
    Discrete Jitter          (DJ):    0.125ns
    Phase Error              (PE):    0.099ns

    Location             Delay type                Incr(ns)  Path(ns)    Netlist Resource(s)
  -------------------------------------------------------------------    -------------------
                         (clock clk_out2_clk_wiz_0 rise edge)
                                                      0.000     0.000 r  
    BUFGCTRL_X0Y1        BUFG                         0.000     0.000 r  clk_IBUF_BUFG_inst/O
                         net (fo=133, routed)         0.745     0.745    video_inst/mmcm_adv_inst_display_clocks/inst/clk_in1
    MMCME2_ADV_X1Y0      MMCME2_ADV (Prop_mmcme2_adv_CLKIN1_CLKOUT1)
                                                     -1.683    -0.938 r  video_inst/mmcm_adv_inst_display_clocks/inst/mmcm_adv_inst/CLKOUT1
                         net (fo=1, routed)           0.912    -0.026    video_inst/mmcm_adv_inst_display_clocks/inst/clk_out2_clk_wiz_0
    BUFGCTRL_X0Y0        BUFG (Prop_bufg_I_O)         0.026    -0.000 r  video_inst/mmcm_adv_inst_display_clocks/inst/clkout2_buf/O
                         net (fo=44, routed)          0.636     0.636    video_inst/inst_dvid/clk_out2
    OLOGIC_X1Y134        ODDR                                         r  video_inst/inst_dvid/ODDR2_red/C
  -------------------------------------------------------------------    -------------------
    OLOGIC_X1Y134        ODDR (Prop_oddr_C_Q)         0.177     0.813 r  video_inst/inst_dvid/ODDR2_red/Q
                         net (fo=1, routed)           0.001     0.814    video_inst/red_s
    AB3                  OBUFDS (Prop_obufds_I_OB)    0.846     1.660 r  video_inst/OBUFDS_green/OB
                         net (fo=0)                   0.000     1.660    tmdsb[2]
    AB2                                                               r  tmdsb[2] (OUT)
  -------------------------------------------------------------------    -------------------





--------------------------------------------------------------------------------------
Path Group:  (none)
From Clock:  clkfbout_clk_wiz_0
  To Clock:  

Max Delay             1 Endpoint
Min Delay             1 Endpoint
--------------------------------------------------------------------------------------


Max Delay Paths
--------------------------------------------------------------------------------------
Slack:                    inf
  Source:                 video_inst/mmcm_adv_inst_display_clocks/inst/mmcm_adv_inst/CLKFBOUT
                            (clock source 'clkfbout_clk_wiz_0'  {rise@0.000ns fall@5.000ns period=10.000ns})
  Destination:            video_inst/mmcm_adv_inst_display_clocks/inst/mmcm_adv_inst/CLKFBIN
  Path Group:             (none)
  Path Type:              Max at Slow Process Corner
  Data Path Delay:        4.900ns  (logic 0.096ns (1.959%)  route 4.804ns (98.041%))
  Logic Levels:           1  (BUFG=1)
  Clock Uncertainty:      0.148ns  ((TSJ^2 + DJ^2)^1/2) / 2 + PE
    Total System Jitter     (TSJ):    0.050ns
    Discrete Jitter          (DJ):    0.086ns
    Phase Error              (PE):    0.099ns

    Location             Delay type                Incr(ns)  Path(ns)    Netlist Resource(s)
  -------------------------------------------------------------------    -------------------
                         (clock clkfbout_clk_wiz_0 fall edge)
                                                      5.000     5.000 f  
    BUFGCTRL_X0Y1        BUFG                         0.000     5.000 f  clk_IBUF_BUFG_inst/O
                         net (fo=133, routed)         2.106     7.106    video_inst/mmcm_adv_inst_display_clocks/inst/clk_in1
  -------------------------------------------------------------------    -------------------
    MMCME2_ADV_X1Y0      MMCME2_ADV (Prop_mmcme2_adv_CLKIN1_CLKFBOUT)
                                                     -4.900     2.207 f  video_inst/mmcm_adv_inst_display_clocks/inst/mmcm_adv_inst/CLKFBOUT
                         net (fo=1, routed)           2.697     4.904    video_inst/mmcm_adv_inst_display_clocks/inst/clkfbout_clk_wiz_0
    BUFGCTRL_X0Y4        BUFG (Prop_bufg_I_O)         0.096     5.000 f  video_inst/mmcm_adv_inst_display_clocks/inst/clkf_buf/O
                         net (fo=1, routed)           2.106     7.106    video_inst/mmcm_adv_inst_display_clocks/inst/clkfbout_buf_clk_wiz_0
    MMCME2_ADV_X1Y0      MMCME2_ADV                                   f  video_inst/mmcm_adv_inst_display_clocks/inst/mmcm_adv_inst/CLKFBIN
  -------------------------------------------------------------------    -------------------





Min Delay Paths
--------------------------------------------------------------------------------------
Slack:                    inf
  Source:                 video_inst/mmcm_adv_inst_display_clocks/inst/mmcm_adv_inst/CLKFBOUT
                            (clock source 'clkfbout_clk_wiz_0'  {rise@0.000ns fall@5.000ns period=10.000ns})
  Destination:            video_inst/mmcm_adv_inst_display_clocks/inst/mmcm_adv_inst/CLKFBIN
  Path Group:             (none)
  Path Type:              Min at Fast Process Corner
  Data Path Delay:        1.683ns  (logic 0.026ns (1.545%)  route 1.657ns (98.455%))
  Logic Levels:           1  (BUFG=1)
  Clock Uncertainty:      0.148ns  ((TSJ^2 + DJ^2)^1/2) / 2 + PE
    Total System Jitter     (TSJ):    0.050ns
    Discrete Jitter          (DJ):    0.086ns
    Phase Error              (PE):    0.099ns

    Location             Delay type                Incr(ns)  Path(ns)    Netlist Resource(s)
  -------------------------------------------------------------------    -------------------
                         (clock clkfbout_clk_wiz_0 rise edge)
                                                      0.000     0.000 r  
    BUFGCTRL_X0Y1        BUFG                         0.000     0.000 r  clk_IBUF_BUFG_inst/O
                         net (fo=133, routed)         0.745     0.745    video_inst/mmcm_adv_inst_display_clocks/inst/clk_in1
  -------------------------------------------------------------------    -------------------
    MMCME2_ADV_X1Y0      MMCME2_ADV (Prop_mmcme2_adv_CLKIN1_CLKFBOUT)
                                                     -1.683    -0.938 r  video_inst/mmcm_adv_inst_display_clocks/inst/mmcm_adv_inst/CLKFBOUT
                         net (fo=1, routed)           0.912    -0.026    video_inst/mmcm_adv_inst_display_clocks/inst/clkfbout_clk_wiz_0
    BUFGCTRL_X0Y4        BUFG (Prop_bufg_I_O)         0.026    -0.000 r  video_inst/mmcm_adv_inst_display_clocks/inst/clkf_buf/O
                         net (fo=1, routed)           0.745     0.745    video_inst/mmcm_adv_inst_display_clocks/inst/clkfbout_buf_clk_wiz_0
    MMCME2_ADV_X1Y0      MMCME2_ADV                                   r  video_inst/mmcm_adv_inst_display_clocks/inst/mmcm_adv_inst/CLKFBIN
  -------------------------------------------------------------------    -------------------





--------------------------------------------------------------------------------------
Path Group:  (none)
From Clock:  
  To Clock:  clk_out1_clk_wiz_0

Max Delay            50 Endpoints
Min Delay            50 Endpoints
--------------------------------------------------------------------------------------


Max Delay Paths
--------------------------------------------------------------------------------------
Slack:                    inf
  Source:                 level_selctor_inst/inst_level0/TopHalfMemory/sdp_bl.ramb36_dp_bl.ram36_bl/CLKARDCLK
                            (rising edge-triggered cell RAMB36E1)
  Destination:            video_inst/inst_dvid/TDMS_encoder_red/dc_bias_reg[2]/D
                            (rising edge-triggered cell FDRE clocked by clk_out1_clk_wiz_0  {rise@0.000ns fall@20.000ns period=40.000ns})
  Path Group:             (none)
  Path Type:              Setup (Max at Slow Process Corner)
  Data Path Delay:        7.952ns  (logic 3.414ns (42.932%)  route 4.538ns (57.068%))
  Logic Levels:           5  (LUT2=1 LUT5=1 LUT6=2 RAMB36E1=1)
  Clock Uncertainty:      0.190ns  ((TSJ^2 + DJ^2)^1/2) / 2 + PE
    Total System Jitter     (TSJ):    0.050ns
    Discrete Jitter          (DJ):    0.175ns
    Phase Error              (PE):    0.099ns

    Location             Delay type                Incr(ns)  Path(ns)    Netlist Resource(s)
  -------------------------------------------------------------------    -------------------
    RAMB36_X7Y24         RAMB36E1                     0.000     0.000 r  level_selctor_inst/inst_level0/TopHalfMemory/sdp_bl.ramb36_dp_bl.ram36_bl/CLKARDCLK
    RAMB36_X7Y24         RAMB36E1 (Prop_ramb36e1_CLKARDCLK_DOADO[3])
                                                      2.454     2.454 f  level_selctor_inst/inst_level0/TopHalfMemory/sdp_bl.ramb36_dp_bl.ram36_bl/DOADO[3]
                         net (fo=1, routed)           1.354     3.808    level_selctor_inst/inst_level0/TopHalfMemory/DO[3]
    SLICE_X140Y125       LUT6 (Prop_lut6_I0_O)        0.124     3.932 f  level_selctor_inst/inst_level0/TopHalfMemory/dc_bias[2]_i_7/O
                         net (fo=5, routed)           1.175     5.106    video_inst/Inst_vga_signal_gen/h_counter/encoded_reg[6]_0
    SLICE_X153Y127       LUT5 (Prop_lut5_I1_O)        0.150     5.256 r  video_inst/Inst_vga_signal_gen/h_counter/dc_bias[1]_i_2/O
                         net (fo=8, routed)           1.121     6.378    video_inst/inst_dvid/TDMS_encoder_red/encoded_reg[9]_1
    SLICE_X159Y129       LUT2 (Prop_lut2_I1_O)        0.360     6.738 r  video_inst/inst_dvid/TDMS_encoder_red/dc_bias[3]_i_3__0/O
                         net (fo=4, routed)           0.889     7.626    video_inst/inst_dvid/TDMS_encoder_red/dc_bias_reg[3]_0
    SLICE_X158Y129       LUT6 (Prop_lut6_I4_O)        0.326     7.952 r  video_inst/inst_dvid/TDMS_encoder_red/dc_bias[2]_i_1__0/O
                         net (fo=1, routed)           0.000     7.952    video_inst/inst_dvid/TDMS_encoder_red/dc_bias[2]_i_1__0_n_0
    SLICE_X158Y129       FDRE                                         r  video_inst/inst_dvid/TDMS_encoder_red/dc_bias_reg[2]/D
  -------------------------------------------------------------------    -------------------

                         (clock clk_out1_clk_wiz_0 rise edge)
                                                      0.000     0.000 r  
    BUFGCTRL_X0Y1        BUFG                         0.000     0.000 r  clk_IBUF_BUFG_inst/O
                         net (fo=133, routed)         1.972     1.972    video_inst/mmcm_adv_inst_display_clocks/inst/clk_in1
    MMCME2_ADV_X1Y0      MMCME2_ADV (Prop_mmcme2_adv_CLKIN1_CLKOUT0)
                                                     -4.637    -2.665 r  video_inst/mmcm_adv_inst_display_clocks/inst/mmcm_adv_inst/CLKOUT0
                         net (fo=1, routed)           2.574    -0.091    video_inst/mmcm_adv_inst_display_clocks/inst/clk_out1_clk_wiz_0
    BUFGCTRL_X0Y2        BUFG (Prop_bufg_I_O)         0.091     0.000 r  video_inst/mmcm_adv_inst_display_clocks/inst/clkout1_buf/O
                         net (fo=76, routed)          1.700     1.700    video_inst/inst_dvid/TDMS_encoder_red/clk_out1
    SLICE_X158Y129       FDRE                                         r  video_inst/inst_dvid/TDMS_encoder_red/dc_bias_reg[2]/C

Slack:                    inf
  Source:                 level_selctor_inst/inst_level0/TopHalfMemory/sdp_bl.ramb36_dp_bl.ram36_bl/CLKARDCLK
                            (rising edge-triggered cell RAMB36E1)
  Destination:            video_inst/inst_dvid/TDMS_encoder_blue/dc_bias_reg[2]/D
                            (rising edge-triggered cell FDRE clocked by clk_out1_clk_wiz_0  {rise@0.000ns fall@20.000ns period=40.000ns})
  Path Group:             (none)
  Path Type:              Setup (Max at Slow Process Corner)
  Data Path Delay:        7.676ns  (logic 2.950ns (38.433%)  route 4.726ns (61.567%))
  Logic Levels:           5  (LUT2=1 LUT5=1 LUT6=2 RAMB36E1=1)
  Clock Uncertainty:      0.190ns  ((TSJ^2 + DJ^2)^1/2) / 2 + PE
    Total System Jitter     (TSJ):    0.050ns
    Discrete Jitter          (DJ):    0.175ns
    Phase Error              (PE):    0.099ns

    Location             Delay type                Incr(ns)  Path(ns)    Netlist Resource(s)
  -------------------------------------------------------------------    -------------------
    RAMB36_X7Y24         RAMB36E1                     0.000     0.000 r  level_selctor_inst/inst_level0/TopHalfMemory/sdp_bl.ramb36_dp_bl.ram36_bl/CLKARDCLK
    RAMB36_X7Y24         RAMB36E1 (Prop_ramb36e1_CLKARDCLK_DOADO[3])
                                                      2.454     2.454 f  level_selctor_inst/inst_level0/TopHalfMemory/sdp_bl.ramb36_dp_bl.ram36_bl/DOADO[3]
                         net (fo=1, routed)           1.354     3.808    level_selctor_inst/inst_level0/TopHalfMemory/DO[3]
    SLICE_X140Y125       LUT6 (Prop_lut6_I0_O)        0.124     3.932 f  level_selctor_inst/inst_level0/TopHalfMemory/dc_bias[2]_i_7/O
                         net (fo=5, routed)           1.237     5.168    video_inst/Inst_vga_signal_gen/h_counter/encoded_reg[6]_0
    SLICE_X153Y127       LUT5 (Prop_lut5_I3_O)        0.124     5.292 r  video_inst/Inst_vga_signal_gen/h_counter/dc_bias[1]_i_2__0/O
                         net (fo=12, routed)          1.311     6.603    video_inst/inst_dvid/TDMS_encoder_blue/dc_bias_reg[1]_1
    SLICE_X156Y129       LUT2 (Prop_lut2_I1_O)        0.124     6.727 r  video_inst/inst_dvid/TDMS_encoder_blue/dc_bias[3]_i_2__0/O
                         net (fo=2, routed)           0.824     7.552    video_inst/inst_dvid/TDMS_encoder_blue/dc_bias[3]_i_2__0_n_0
    SLICE_X156Y128       LUT6 (Prop_lut6_I2_O)        0.124     7.676 r  video_inst/inst_dvid/TDMS_encoder_blue/dc_bias[2]_i_1/O
                         net (fo=1, routed)           0.000     7.676    video_inst/inst_dvid/TDMS_encoder_blue/dc_bias[2]_i_1_n_0
    SLICE_X156Y128       FDRE                                         r  video_inst/inst_dvid/TDMS_encoder_blue/dc_bias_reg[2]/D
  -------------------------------------------------------------------    -------------------

                         (clock clk_out1_clk_wiz_0 rise edge)
                                                      0.000     0.000 r  
    BUFGCTRL_X0Y1        BUFG                         0.000     0.000 r  clk_IBUF_BUFG_inst/O
                         net (fo=133, routed)         1.972     1.972    video_inst/mmcm_adv_inst_display_clocks/inst/clk_in1
    MMCME2_ADV_X1Y0      MMCME2_ADV (Prop_mmcme2_adv_CLKIN1_CLKOUT0)
                                                     -4.637    -2.665 r  video_inst/mmcm_adv_inst_display_clocks/inst/mmcm_adv_inst/CLKOUT0
                         net (fo=1, routed)           2.574    -0.091    video_inst/mmcm_adv_inst_display_clocks/inst/clk_out1_clk_wiz_0
    BUFGCTRL_X0Y2        BUFG (Prop_bufg_I_O)         0.091     0.000 r  video_inst/mmcm_adv_inst_display_clocks/inst/clkout1_buf/O
                         net (fo=76, routed)          1.699     1.699    video_inst/inst_dvid/TDMS_encoder_blue/clk_out1
    SLICE_X156Y128       FDRE                                         r  video_inst/inst_dvid/TDMS_encoder_blue/dc_bias_reg[2]/C

Slack:                    inf
  Source:                 level_selctor_inst/inst_level0/TopHalfMemory/sdp_bl.ramb36_dp_bl.ram36_bl/CLKARDCLK
                            (rising edge-triggered cell RAMB36E1)
  Destination:            video_inst/inst_dvid/TDMS_encoder_blue/dc_bias_reg[3]/D
                            (rising edge-triggered cell FDRE clocked by clk_out1_clk_wiz_0  {rise@0.000ns fall@20.000ns period=40.000ns})
  Path Group:             (none)
  Path Type:              Setup (Max at Slow Process Corner)
  Data Path Delay:        7.666ns  (logic 2.950ns (38.479%)  route 4.716ns (61.521%))
  Logic Levels:           5  (LUT2=1 LUT5=1 LUT6=2 RAMB36E1=1)
  Clock Uncertainty:      0.190ns  ((TSJ^2 + DJ^2)^1/2) / 2 + PE
    Total System Jitter     (TSJ):    0.050ns
    Discrete Jitter          (DJ):    0.175ns
    Phase Error              (PE):    0.099ns

    Location             Delay type                Incr(ns)  Path(ns)    Netlist Resource(s)
  -------------------------------------------------------------------    -------------------
    RAMB36_X7Y24         RAMB36E1                     0.000     0.000 r  level_selctor_inst/inst_level0/TopHalfMemory/sdp_bl.ramb36_dp_bl.ram36_bl/CLKARDCLK
    RAMB36_X7Y24         RAMB36E1 (Prop_ramb36e1_CLKARDCLK_DOADO[3])
                                                      2.454     2.454 f  level_selctor_inst/inst_level0/TopHalfMemory/sdp_bl.ramb36_dp_bl.ram36_bl/DOADO[3]
                         net (fo=1, routed)           1.354     3.808    level_selctor_inst/inst_level0/TopHalfMemory/DO[3]
    SLICE_X140Y125       LUT6 (Prop_lut6_I0_O)        0.124     3.932 f  level_selctor_inst/inst_level0/TopHalfMemory/dc_bias[2]_i_7/O
                         net (fo=5, routed)           1.237     5.168    video_inst/Inst_vga_signal_gen/h_counter/encoded_reg[6]_0
    SLICE_X153Y127       LUT5 (Prop_lut5_I3_O)        0.124     5.292 r  video_inst/Inst_vga_signal_gen/h_counter/dc_bias[1]_i_2__0/O
                         net (fo=12, routed)          1.311     6.603    video_inst/inst_dvid/TDMS_encoder_blue/dc_bias_reg[1]_1
    SLICE_X156Y129       LUT2 (Prop_lut2_I1_O)        0.124     6.727 f  video_inst/inst_dvid/TDMS_encoder_blue/dc_bias[3]_i_2__0/O
                         net (fo=2, routed)           0.815     7.542    video_inst/inst_dvid/TDMS_encoder_blue/dc_bias[3]_i_2__0_n_0
    SLICE_X157Y128       LUT6 (Prop_lut6_I0_O)        0.124     7.666 r  video_inst/inst_dvid/TDMS_encoder_blue/dc_bias[3]_i_1/O
                         net (fo=1, routed)           0.000     7.666    video_inst/inst_dvid/TDMS_encoder_blue/dc_bias[3]_i_1_n_0
    SLICE_X157Y128       FDRE                                         r  video_inst/inst_dvid/TDMS_encoder_blue/dc_bias_reg[3]/D
  -------------------------------------------------------------------    -------------------

                         (clock clk_out1_clk_wiz_0 rise edge)
                                                      0.000     0.000 r  
    BUFGCTRL_X0Y1        BUFG                         0.000     0.000 r  clk_IBUF_BUFG_inst/O
                         net (fo=133, routed)         1.972     1.972    video_inst/mmcm_adv_inst_display_clocks/inst/clk_in1
    MMCME2_ADV_X1Y0      MMCME2_ADV (Prop_mmcme2_adv_CLKIN1_CLKOUT0)
                                                     -4.637    -2.665 r  video_inst/mmcm_adv_inst_display_clocks/inst/mmcm_adv_inst/CLKOUT0
                         net (fo=1, routed)           2.574    -0.091    video_inst/mmcm_adv_inst_display_clocks/inst/clk_out1_clk_wiz_0
    BUFGCTRL_X0Y2        BUFG (Prop_bufg_I_O)         0.091     0.000 r  video_inst/mmcm_adv_inst_display_clocks/inst/clkout1_buf/O
                         net (fo=76, routed)          1.699     1.699    video_inst/inst_dvid/TDMS_encoder_blue/clk_out1
    SLICE_X157Y128       FDRE                                         r  video_inst/inst_dvid/TDMS_encoder_blue/dc_bias_reg[3]/C

Slack:                    inf
  Source:                 level_selctor_inst/inst_level0/TopHalfMemory/sdp_bl.ramb36_dp_bl.ram36_bl/CLKARDCLK
                            (rising edge-triggered cell RAMB36E1)
  Destination:            video_inst/inst_dvid/TDMS_encoder_red/encoded_reg[1]/D
                            (rising edge-triggered cell FDRE clocked by clk_out1_clk_wiz_0  {rise@0.000ns fall@20.000ns period=40.000ns})
  Path Group:             (none)
  Path Type:              Setup (Max at Slow Process Corner)
  Data Path Delay:        7.543ns  (logic 3.414ns (45.260%)  route 4.129ns (54.740%))
  Logic Levels:           5  (LUT2=1 LUT3=1 LUT5=1 LUT6=1 RAMB36E1=1)
  Clock Uncertainty:      0.190ns  ((TSJ^2 + DJ^2)^1/2) / 2 + PE
    Total System Jitter     (TSJ):    0.050ns
    Discrete Jitter          (DJ):    0.175ns
    Phase Error              (PE):    0.099ns

    Location             Delay type                Incr(ns)  Path(ns)    Netlist Resource(s)
  -------------------------------------------------------------------    -------------------
    RAMB36_X7Y24         RAMB36E1                     0.000     0.000 r  level_selctor_inst/inst_level0/TopHalfMemory/sdp_bl.ramb36_dp_bl.ram36_bl/CLKARDCLK
    RAMB36_X7Y24         RAMB36E1 (Prop_ramb36e1_CLKARDCLK_DOADO[3])
                                                      2.454     2.454 f  level_selctor_inst/inst_level0/TopHalfMemory/sdp_bl.ramb36_dp_bl.ram36_bl/DOADO[3]
                         net (fo=1, routed)           1.354     3.808    level_selctor_inst/inst_level0/TopHalfMemory/DO[3]
    SLICE_X140Y125       LUT6 (Prop_lut6_I0_O)        0.124     3.932 f  level_selctor_inst/inst_level0/TopHalfMemory/dc_bias[2]_i_7/O
                         net (fo=5, routed)           1.175     5.106    video_inst/Inst_vga_signal_gen/h_counter/encoded_reg[6]_0
    SLICE_X153Y127       LUT5 (Prop_lut5_I1_O)        0.150     5.256 r  video_inst/Inst_vga_signal_gen/h_counter/dc_bias[1]_i_2/O
                         net (fo=8, routed)           1.121     6.378    video_inst/inst_dvid/TDMS_encoder_red/encoded_reg[9]_1
    SLICE_X159Y129       LUT2 (Prop_lut2_I1_O)        0.360     6.738 r  video_inst/inst_dvid/TDMS_encoder_red/dc_bias[3]_i_3__0/O
                         net (fo=4, routed)           0.480     7.217    video_inst/Inst_vga_signal_gen/h_counter/encoded_reg[1]_1
    SLICE_X159Y130       LUT3 (Prop_lut3_I1_O)        0.326     7.543 r  video_inst/Inst_vga_signal_gen/h_counter/encoded[1]_i_1__1/O
                         net (fo=1, routed)           0.000     7.543    video_inst/inst_dvid/TDMS_encoder_red/encoded_reg[2]_0[0]
    SLICE_X159Y130       FDRE                                         r  video_inst/inst_dvid/TDMS_encoder_red/encoded_reg[1]/D
  -------------------------------------------------------------------    -------------------

                         (clock clk_out1_clk_wiz_0 rise edge)
                                                      0.000     0.000 r  
    BUFGCTRL_X0Y1        BUFG                         0.000     0.000 r  clk_IBUF_BUFG_inst/O
                         net (fo=133, routed)         1.972     1.972    video_inst/mmcm_adv_inst_display_clocks/inst/clk_in1
    MMCME2_ADV_X1Y0      MMCME2_ADV (Prop_mmcme2_adv_CLKIN1_CLKOUT0)
                                                     -4.637    -2.665 r  video_inst/mmcm_adv_inst_display_clocks/inst/mmcm_adv_inst/CLKOUT0
                         net (fo=1, routed)           2.574    -0.091    video_inst/mmcm_adv_inst_display_clocks/inst/clk_out1_clk_wiz_0
    BUFGCTRL_X0Y2        BUFG (Prop_bufg_I_O)         0.091     0.000 r  video_inst/mmcm_adv_inst_display_clocks/inst/clkout1_buf/O
                         net (fo=76, routed)          1.700     1.700    video_inst/inst_dvid/TDMS_encoder_red/clk_out1
    SLICE_X159Y130       FDRE                                         r  video_inst/inst_dvid/TDMS_encoder_red/encoded_reg[1]/C

Slack:                    inf
  Source:                 level_selctor_inst/inst_level0/TopHalfMemory/sdp_bl.ramb36_dp_bl.ram36_bl/CLKARDCLK
                            (rising edge-triggered cell RAMB36E1)
  Destination:            video_inst/inst_dvid/TDMS_encoder_red/encoded_reg[2]/D
                            (rising edge-triggered cell FDRE clocked by clk_out1_clk_wiz_0  {rise@0.000ns fall@20.000ns period=40.000ns})
  Path Group:             (none)
  Path Type:              Setup (Max at Slow Process Corner)
  Data Path Delay:        7.537ns  (logic 3.408ns (45.217%)  route 4.129ns (54.783%))
  Logic Levels:           5  (LUT2=1 LUT3=1 LUT5=1 LUT6=1 RAMB36E1=1)
  Clock Uncertainty:      0.190ns  ((TSJ^2 + DJ^2)^1/2) / 2 + PE
    Total System Jitter     (TSJ):    0.050ns
    Discrete Jitter          (DJ):    0.175ns
    Phase Error              (PE):    0.099ns

    Location             Delay type                Incr(ns)  Path(ns)    Netlist Resource(s)
  -------------------------------------------------------------------    -------------------
    RAMB36_X7Y24         RAMB36E1                     0.000     0.000 r  level_selctor_inst/inst_level0/TopHalfMemory/sdp_bl.ramb36_dp_bl.ram36_bl/CLKARDCLK
    RAMB36_X7Y24         RAMB36E1 (Prop_ramb36e1_CLKARDCLK_DOADO[3])
                                                      2.454     2.454 f  level_selctor_inst/inst_level0/TopHalfMemory/sdp_bl.ramb36_dp_bl.ram36_bl/DOADO[3]
                         net (fo=1, routed)           1.354     3.808    level_selctor_inst/inst_level0/TopHalfMemory/DO[3]
    SLICE_X140Y125       LUT6 (Prop_lut6_I0_O)        0.124     3.932 f  level_selctor_inst/inst_level0/TopHalfMemory/dc_bias[2]_i_7/O
                         net (fo=5, routed)           1.175     5.106    video_inst/Inst_vga_signal_gen/h_counter/encoded_reg[6]_0
    SLICE_X153Y127       LUT5 (Prop_lut5_I1_O)        0.150     5.256 r  video_inst/Inst_vga_signal_gen/h_counter/dc_bias[1]_i_2/O
                         net (fo=8, routed)           1.121     6.378    video_inst/inst_dvid/TDMS_encoder_red/encoded_reg[9]_1
    SLICE_X159Y129       LUT2 (Prop_lut2_I1_O)        0.360     6.738 r  video_inst/inst_dvid/TDMS_encoder_red/dc_bias[3]_i_3__0/O
                         net (fo=4, routed)           0.480     7.217    video_inst/Inst_vga_signal_gen/h_counter/encoded_reg[1]_1
    SLICE_X159Y130       LUT3 (Prop_lut3_I1_O)        0.320     7.537 r  video_inst/Inst_vga_signal_gen/h_counter/encoded[2]_i_1__1/O
                         net (fo=1, routed)           0.000     7.537    video_inst/inst_dvid/TDMS_encoder_red/encoded_reg[2]_0[1]
    SLICE_X159Y130       FDRE                                         r  video_inst/inst_dvid/TDMS_encoder_red/encoded_reg[2]/D
  -------------------------------------------------------------------    -------------------

                         (clock clk_out1_clk_wiz_0 rise edge)
                                                      0.000     0.000 r  
    BUFGCTRL_X0Y1        BUFG                         0.000     0.000 r  clk_IBUF_BUFG_inst/O
                         net (fo=133, routed)         1.972     1.972    video_inst/mmcm_adv_inst_display_clocks/inst/clk_in1
    MMCME2_ADV_X1Y0      MMCME2_ADV (Prop_mmcme2_adv_CLKIN1_CLKOUT0)
                                                     -4.637    -2.665 r  video_inst/mmcm_adv_inst_display_clocks/inst/mmcm_adv_inst/CLKOUT0
                         net (fo=1, routed)           2.574    -0.091    video_inst/mmcm_adv_inst_display_clocks/inst/clk_out1_clk_wiz_0
    BUFGCTRL_X0Y2        BUFG (Prop_bufg_I_O)         0.091     0.000 r  video_inst/mmcm_adv_inst_display_clocks/inst/clkout1_buf/O
                         net (fo=76, routed)          1.700     1.700    video_inst/inst_dvid/TDMS_encoder_red/clk_out1
    SLICE_X159Y130       FDRE                                         r  video_inst/inst_dvid/TDMS_encoder_red/encoded_reg[2]/C

Slack:                    inf
  Source:                 level_selctor_inst/inst_level0/TopHalfMemory/sdp_bl.ramb36_dp_bl.ram36_bl/CLKARDCLK
                            (rising edge-triggered cell RAMB36E1)
  Destination:            video_inst/inst_dvid/TDMS_encoder_red/dc_bias_reg[3]/D
                            (rising edge-triggered cell FDRE clocked by clk_out1_clk_wiz_0  {rise@0.000ns fall@20.000ns period=40.000ns})
  Path Group:             (none)
  Path Type:              Setup (Max at Slow Process Corner)
  Data Path Delay:        7.477ns  (logic 3.178ns (42.501%)  route 4.299ns (57.499%))
  Logic Levels:           5  (LUT5=1 LUT6=3 RAMB36E1=1)
  Clock Uncertainty:      0.190ns  ((TSJ^2 + DJ^2)^1/2) / 2 + PE
    Total System Jitter     (TSJ):    0.050ns
    Discrete Jitter          (DJ):    0.175ns
    Phase Error              (PE):    0.099ns

    Location             Delay type                Incr(ns)  Path(ns)    Netlist Resource(s)
  -------------------------------------------------------------------    -------------------
    RAMB36_X7Y24         RAMB36E1                     0.000     0.000 r  level_selctor_inst/inst_level0/TopHalfMemory/sdp_bl.ramb36_dp_bl.ram36_bl/CLKARDCLK
    RAMB36_X7Y24         RAMB36E1 (Prop_ramb36e1_CLKARDCLK_DOADO[3])
                                                      2.454     2.454 f  level_selctor_inst/inst_level0/TopHalfMemory/sdp_bl.ramb36_dp_bl.ram36_bl/DOADO[3]
                         net (fo=1, routed)           1.354     3.808    level_selctor_inst/inst_level0/TopHalfMemory/DO[3]
    SLICE_X140Y125       LUT6 (Prop_lut6_I0_O)        0.124     3.932 f  level_selctor_inst/inst_level0/TopHalfMemory/dc_bias[2]_i_7/O
                         net (fo=5, routed)           1.237     5.168    video_inst/Inst_vga_signal_gen/h_counter/encoded_reg[6]_0
    SLICE_X153Y127       LUT5 (Prop_lut5_I1_O)        0.150     5.318 r  video_inst/Inst_vga_signal_gen/h_counter/dc_bias[2]_i_4/O
                         net (fo=5, routed)           0.864     6.183    video_inst/inst_dvid/TDMS_encoder_red/dc_bias_reg[2]_1
    SLICE_X159Y129       LUT6 (Prop_lut6_I4_O)        0.326     6.509 r  video_inst/inst_dvid/TDMS_encoder_red/dc_bias[3]_i_2/O
                         net (fo=1, routed)           0.845     7.353    video_inst/inst_dvid/TDMS_encoder_red/dc_bias[3]_i_2_n_0
    SLICE_X159Y129       LUT6 (Prop_lut6_I0_O)        0.124     7.477 r  video_inst/inst_dvid/TDMS_encoder_red/dc_bias[3]_i_1__0/O
                         net (fo=1, routed)           0.000     7.477    video_inst/inst_dvid/TDMS_encoder_red/dc_bias[3]_i_1__0_n_0
    SLICE_X159Y129       FDRE                                         r  video_inst/inst_dvid/TDMS_encoder_red/dc_bias_reg[3]/D
  -------------------------------------------------------------------    -------------------

                         (clock clk_out1_clk_wiz_0 rise edge)
                                                      0.000     0.000 r  
    BUFGCTRL_X0Y1        BUFG                         0.000     0.000 r  clk_IBUF_BUFG_inst/O
                         net (fo=133, routed)         1.972     1.972    video_inst/mmcm_adv_inst_display_clocks/inst/clk_in1
    MMCME2_ADV_X1Y0      MMCME2_ADV (Prop_mmcme2_adv_CLKIN1_CLKOUT0)
                                                     -4.637    -2.665 r  video_inst/mmcm_adv_inst_display_clocks/inst/mmcm_adv_inst/CLKOUT0
                         net (fo=1, routed)           2.574    -0.091    video_inst/mmcm_adv_inst_display_clocks/inst/clk_out1_clk_wiz_0
    BUFGCTRL_X0Y2        BUFG (Prop_bufg_I_O)         0.091     0.000 r  video_inst/mmcm_adv_inst_display_clocks/inst/clkout1_buf/O
                         net (fo=76, routed)          1.700     1.700    video_inst/inst_dvid/TDMS_encoder_red/clk_out1
    SLICE_X159Y129       FDRE                                         r  video_inst/inst_dvid/TDMS_encoder_red/dc_bias_reg[3]/C

Slack:                    inf
  Source:                 level_selctor_inst/inst_level0/TopHalfMemory/sdp_bl.ramb36_dp_bl.ram36_bl/CLKARDCLK
                            (rising edge-triggered cell RAMB36E1)
  Destination:            video_inst/inst_dvid/TDMS_encoder_red/encoded_reg[9]/D
                            (rising edge-triggered cell FDRE clocked by clk_out1_clk_wiz_0  {rise@0.000ns fall@20.000ns period=40.000ns})
  Path Group:             (none)
  Path Type:              Setup (Max at Slow Process Corner)
  Data Path Delay:        7.209ns  (logic 3.082ns (42.751%)  route 4.127ns (57.249%))
  Logic Levels:           4  (LUT3=1 LUT5=1 LUT6=1 RAMB36E1=1)
  Clock Uncertainty:      0.190ns  ((TSJ^2 + DJ^2)^1/2) / 2 + PE
    Total System Jitter     (TSJ):    0.050ns
    Discrete Jitter          (DJ):    0.175ns
    Phase Error              (PE):    0.099ns

    Location             Delay type                Incr(ns)  Path(ns)    Netlist Resource(s)
  -------------------------------------------------------------------    -------------------
    RAMB36_X7Y24         RAMB36E1                     0.000     0.000 r  level_selctor_inst/inst_level0/TopHalfMemory/sdp_bl.ramb36_dp_bl.ram36_bl/CLKARDCLK
    RAMB36_X7Y24         RAMB36E1 (Prop_ramb36e1_CLKARDCLK_DOADO[3])
                                                      2.454     2.454 f  level_selctor_inst/inst_level0/TopHalfMemory/sdp_bl.ramb36_dp_bl.ram36_bl/DOADO[3]
                         net (fo=1, routed)           1.354     3.808    level_selctor_inst/inst_level0/TopHalfMemory/DO[3]
    SLICE_X140Y125       LUT6 (Prop_lut6_I0_O)        0.124     3.932 f  level_selctor_inst/inst_level0/TopHalfMemory/dc_bias[2]_i_7/O
                         net (fo=5, routed)           1.175     5.106    video_inst/Inst_vga_signal_gen/h_counter/encoded_reg[6]_0
    SLICE_X153Y127       LUT5 (Prop_lut5_I1_O)        0.150     5.256 r  video_inst/Inst_vga_signal_gen/h_counter/dc_bias[1]_i_2/O
                         net (fo=8, routed)           1.599     6.855    video_inst/inst_dvid/TDMS_encoder_red/encoded_reg[9]_1
    SLICE_X158Y132       LUT3 (Prop_lut3_I2_O)        0.354     7.209 r  video_inst/inst_dvid/TDMS_encoder_red/encoded[9]_i_1/O
                         net (fo=1, routed)           0.000     7.209    video_inst/inst_dvid/TDMS_encoder_red/encoded[9]_i_1_n_0
    SLICE_X158Y132       FDRE                                         r  video_inst/inst_dvid/TDMS_encoder_red/encoded_reg[9]/D
  -------------------------------------------------------------------    -------------------

                         (clock clk_out1_clk_wiz_0 rise edge)
                                                      0.000     0.000 r  
    BUFGCTRL_X0Y1        BUFG                         0.000     0.000 r  clk_IBUF_BUFG_inst/O
                         net (fo=133, routed)         1.972     1.972    video_inst/mmcm_adv_inst_display_clocks/inst/clk_in1
    MMCME2_ADV_X1Y0      MMCME2_ADV (Prop_mmcme2_adv_CLKIN1_CLKOUT0)
                                                     -4.637    -2.665 r  video_inst/mmcm_adv_inst_display_clocks/inst/mmcm_adv_inst/CLKOUT0
                         net (fo=1, routed)           2.574    -0.091    video_inst/mmcm_adv_inst_display_clocks/inst/clk_out1_clk_wiz_0
    BUFGCTRL_X0Y2        BUFG (Prop_bufg_I_O)         0.091     0.000 r  video_inst/mmcm_adv_inst_display_clocks/inst/clkout1_buf/O
                         net (fo=76, routed)          1.703     1.703    video_inst/inst_dvid/TDMS_encoder_red/clk_out1
    SLICE_X158Y132       FDRE                                         r  video_inst/inst_dvid/TDMS_encoder_red/encoded_reg[9]/C

Slack:                    inf
  Source:                 level_selctor_inst/inst_level0/TopHalfMemory/sdp_bl.ramb36_dp_bl.ram36_bl/CLKARDCLK
                            (rising edge-triggered cell RAMB36E1)
  Destination:            video_inst/inst_dvid/TDMS_encoder_blue/encoded_reg[8]/D
                            (rising edge-triggered cell FDRE clocked by clk_out1_clk_wiz_0  {rise@0.000ns fall@20.000ns period=40.000ns})
  Path Group:             (none)
  Path Type:              Setup (Max at Slow Process Corner)
  Data Path Delay:        7.143ns  (logic 2.851ns (39.913%)  route 4.292ns (60.087%))
  Logic Levels:           4  (LUT3=1 LUT5=1 LUT6=1 RAMB36E1=1)
  Clock Uncertainty:      0.190ns  ((TSJ^2 + DJ^2)^1/2) / 2 + PE
    Total System Jitter     (TSJ):    0.050ns
    Discrete Jitter          (DJ):    0.175ns
    Phase Error              (PE):    0.099ns

    Location             Delay type                Incr(ns)  Path(ns)    Netlist Resource(s)
  -------------------------------------------------------------------    -------------------
    RAMB36_X7Y24         RAMB36E1                     0.000     0.000 r  level_selctor_inst/inst_level0/TopHalfMemory/sdp_bl.ramb36_dp_bl.ram36_bl/CLKARDCLK
    RAMB36_X7Y24         RAMB36E1 (Prop_ramb36e1_CLKARDCLK_DOADO[3])
                                                      2.454     2.454 r  level_selctor_inst/inst_level0/TopHalfMemory/sdp_bl.ramb36_dp_bl.ram36_bl/DOADO[3]
                         net (fo=1, routed)           1.354     3.808    level_selctor_inst/inst_level0/TopHalfMemory/DO[3]
    SLICE_X140Y125       LUT6 (Prop_lut6_I0_O)        0.124     3.932 r  level_selctor_inst/inst_level0/TopHalfMemory/dc_bias[2]_i_7/O
                         net (fo=5, routed)           1.237     5.168    video_inst/Inst_vga_signal_gen/h_counter/encoded_reg[6]_0
    SLICE_X153Y127       LUT5 (Prop_lut5_I3_O)        0.124     5.292 f  video_inst/Inst_vga_signal_gen/h_counter/dc_bias[1]_i_2__0/O
                         net (fo=12, routed)          1.311     6.603    video_inst/inst_dvid/TDMS_encoder_blue/dc_bias_reg[1]_1
    SLICE_X156Y129       LUT3 (Prop_lut3_I2_O)        0.149     6.752 r  video_inst/inst_dvid/TDMS_encoder_blue/encoded[8]_i_1/O
                         net (fo=1, routed)           0.391     7.143    video_inst/inst_dvid/TDMS_encoder_blue/encoded[8]_i_1_n_0
    SLICE_X156Y129       FDRE                                         r  video_inst/inst_dvid/TDMS_encoder_blue/encoded_reg[8]/D
  -------------------------------------------------------------------    -------------------

                         (clock clk_out1_clk_wiz_0 rise edge)
                                                      0.000     0.000 r  
    BUFGCTRL_X0Y1        BUFG                         0.000     0.000 r  clk_IBUF_BUFG_inst/O
                         net (fo=133, routed)         1.972     1.972    video_inst/mmcm_adv_inst_display_clocks/inst/clk_in1
    MMCME2_ADV_X1Y0      MMCME2_ADV (Prop_mmcme2_adv_CLKIN1_CLKOUT0)
                                                     -4.637    -2.665 r  video_inst/mmcm_adv_inst_display_clocks/inst/mmcm_adv_inst/CLKOUT0
                         net (fo=1, routed)           2.574    -0.091    video_inst/mmcm_adv_inst_display_clocks/inst/clk_out1_clk_wiz_0
    BUFGCTRL_X0Y2        BUFG (Prop_bufg_I_O)         0.091     0.000 r  video_inst/mmcm_adv_inst_display_clocks/inst/clkout1_buf/O
                         net (fo=76, routed)          1.700     1.700    video_inst/inst_dvid/TDMS_encoder_blue/clk_out1
    SLICE_X156Y129       FDRE                                         r  video_inst/inst_dvid/TDMS_encoder_blue/encoded_reg[8]/C

Slack:                    inf
  Source:                 level_selctor_inst/inst_level0/TopHalfMemory/sdp_bl.ramb36_dp_bl.ram36_bl/CLKARDCLK
                            (rising edge-triggered cell RAMB36E1)
  Destination:            video_inst/inst_dvid/TDMS_encoder_blue/dc_bias_reg[1]/D
                            (rising edge-triggered cell FDRE clocked by clk_out1_clk_wiz_0  {rise@0.000ns fall@20.000ns period=40.000ns})
  Path Group:             (none)
  Path Type:              Setup (Max at Slow Process Corner)
  Data Path Delay:        7.101ns  (logic 2.855ns (40.205%)  route 4.246ns (59.795%))
  Logic Levels:           4  (LUT5=2 LUT6=1 RAMB36E1=1)
  Clock Uncertainty:      0.190ns  ((TSJ^2 + DJ^2)^1/2) / 2 + PE
    Total System Jitter     (TSJ):    0.050ns
    Discrete Jitter          (DJ):    0.175ns
    Phase Error              (PE):    0.099ns

    Location             Delay type                Incr(ns)  Path(ns)    Netlist Resource(s)
  -------------------------------------------------------------------    -------------------
    RAMB36_X7Y24         RAMB36E1                     0.000     0.000 r  level_selctor_inst/inst_level0/TopHalfMemory/sdp_bl.ramb36_dp_bl.ram36_bl/CLKARDCLK
    RAMB36_X7Y24         RAMB36E1 (Prop_ramb36e1_CLKARDCLK_DOADO[3])
                                                      2.454     2.454 f  level_selctor_inst/inst_level0/TopHalfMemory/sdp_bl.ramb36_dp_bl.ram36_bl/DOADO[3]
                         net (fo=1, routed)           1.354     3.808    level_selctor_inst/inst_level0/TopHalfMemory/DO[3]
    SLICE_X140Y125       LUT6 (Prop_lut6_I0_O)        0.124     3.932 f  level_selctor_inst/inst_level0/TopHalfMemory/dc_bias[2]_i_7/O
                         net (fo=5, routed)           1.237     5.168    video_inst/Inst_vga_signal_gen/h_counter/encoded_reg[6]_0
    SLICE_X153Y127       LUT5 (Prop_lut5_I3_O)        0.124     5.292 r  video_inst/Inst_vga_signal_gen/h_counter/dc_bias[1]_i_2__0/O
                         net (fo=12, routed)          1.315     6.608    video_inst/inst_dvid/TDMS_encoder_blue/dc_bias_reg[1]_1
    SLICE_X156Y129       LUT5 (Prop_lut5_I1_O)        0.153     6.761 r  video_inst/inst_dvid/TDMS_encoder_blue/dc_bias[1]_i_1__1/O
                         net (fo=1, routed)           0.340     7.101    video_inst/inst_dvid/TDMS_encoder_blue/dc_bias[1]_i_1__1_n_0
    SLICE_X156Y128       FDRE                                         r  video_inst/inst_dvid/TDMS_encoder_blue/dc_bias_reg[1]/D
  -------------------------------------------------------------------    -------------------

                         (clock clk_out1_clk_wiz_0 rise edge)
                                                      0.000     0.000 r  
    BUFGCTRL_X0Y1        BUFG                         0.000     0.000 r  clk_IBUF_BUFG_inst/O
                         net (fo=133, routed)         1.972     1.972    video_inst/mmcm_adv_inst_display_clocks/inst/clk_in1
    MMCME2_ADV_X1Y0      MMCME2_ADV (Prop_mmcme2_adv_CLKIN1_CLKOUT0)
                                                     -4.637    -2.665 r  video_inst/mmcm_adv_inst_display_clocks/inst/mmcm_adv_inst/CLKOUT0
                         net (fo=1, routed)           2.574    -0.091    video_inst/mmcm_adv_inst_display_clocks/inst/clk_out1_clk_wiz_0
    BUFGCTRL_X0Y2        BUFG (Prop_bufg_I_O)         0.091     0.000 r  video_inst/mmcm_adv_inst_display_clocks/inst/clkout1_buf/O
                         net (fo=76, routed)          1.699     1.699    video_inst/inst_dvid/TDMS_encoder_blue/clk_out1
    SLICE_X156Y128       FDRE                                         r  video_inst/inst_dvid/TDMS_encoder_blue/dc_bias_reg[1]/C

Slack:                    inf
  Source:                 level_selctor_inst/inst_level0/TopHalfMemory/sdp_bl.ramb36_dp_bl.ram36_bl/CLKARDCLK
                            (rising edge-triggered cell RAMB36E1)
  Destination:            video_inst/inst_dvid/TDMS_encoder_red/dc_bias_reg[1]/D
                            (rising edge-triggered cell FDRE clocked by clk_out1_clk_wiz_0  {rise@0.000ns fall@20.000ns period=40.000ns})
  Path Group:             (none)
  Path Type:              Setup (Max at Slow Process Corner)
  Data Path Delay:        6.725ns  (logic 3.060ns (45.505%)  route 3.665ns (54.495%))
  Logic Levels:           4  (LUT5=1 LUT6=2 RAMB36E1=1)
  Clock Uncertainty:      0.190ns  ((TSJ^2 + DJ^2)^1/2) / 2 + PE
    Total System Jitter     (TSJ):    0.050ns
    Discrete Jitter          (DJ):    0.175ns
    Phase Error              (PE):    0.099ns

    Location             Delay type                Incr(ns)  Path(ns)    Netlist Resource(s)
  -------------------------------------------------------------------    -------------------
    RAMB36_X7Y24         RAMB36E1                     0.000     0.000 r  level_selctor_inst/inst_level0/TopHalfMemory/sdp_bl.ramb36_dp_bl.ram36_bl/CLKARDCLK
    RAMB36_X7Y24         RAMB36E1 (Prop_ramb36e1_CLKARDCLK_DOADO[3])
                                                      2.454     2.454 f  level_selctor_inst/inst_level0/TopHalfMemory/sdp_bl.ramb36_dp_bl.ram36_bl/DOADO[3]
                         net (fo=1, routed)           1.354     3.808    level_selctor_inst/inst_level0/TopHalfMemory/DO[3]
    SLICE_X140Y125       LUT6 (Prop_lut6_I0_O)        0.124     3.932 f  level_selctor_inst/inst_level0/TopHalfMemory/dc_bias[2]_i_7/O
                         net (fo=5, routed)           1.175     5.106    video_inst/Inst_vga_signal_gen/h_counter/encoded_reg[6]_0
    SLICE_X153Y127       LUT5 (Prop_lut5_I1_O)        0.150     5.256 r  video_inst/Inst_vga_signal_gen/h_counter/dc_bias[1]_i_2/O
                         net (fo=8, routed)           1.136     6.393    video_inst/Inst_vga_signal_gen/h_counter/processQ_reg[9]_2
    SLICE_X158Y129       LUT6 (Prop_lut6_I5_O)        0.332     6.725 r  video_inst/Inst_vga_signal_gen/h_counter/dc_bias[1]_i_1/O
                         net (fo=1, routed)           0.000     6.725    video_inst/inst_dvid/TDMS_encoder_red/D[0]
    SLICE_X158Y129       FDRE                                         r  video_inst/inst_dvid/TDMS_encoder_red/dc_bias_reg[1]/D
  -------------------------------------------------------------------    -------------------

                         (clock clk_out1_clk_wiz_0 rise edge)
                                                      0.000     0.000 r  
    BUFGCTRL_X0Y1        BUFG                         0.000     0.000 r  clk_IBUF_BUFG_inst/O
                         net (fo=133, routed)         1.972     1.972    video_inst/mmcm_adv_inst_display_clocks/inst/clk_in1
    MMCME2_ADV_X1Y0      MMCME2_ADV (Prop_mmcme2_adv_CLKIN1_CLKOUT0)
                                                     -4.637    -2.665 r  video_inst/mmcm_adv_inst_display_clocks/inst/mmcm_adv_inst/CLKOUT0
                         net (fo=1, routed)           2.574    -0.091    video_inst/mmcm_adv_inst_display_clocks/inst/clk_out1_clk_wiz_0
    BUFGCTRL_X0Y2        BUFG (Prop_bufg_I_O)         0.091     0.000 r  video_inst/mmcm_adv_inst_display_clocks/inst/clkout1_buf/O
                         net (fo=76, routed)          1.700     1.700    video_inst/inst_dvid/TDMS_encoder_red/clk_out1
    SLICE_X158Y129       FDRE                                         r  video_inst/inst_dvid/TDMS_encoder_red/dc_bias_reg[1]/C





Min Delay Paths
--------------------------------------------------------------------------------------
Slack:                    inf
  Source:                 NES_inst/buttons_reg[4]/C
                            (rising edge-triggered cell FDRE)
  Destination:            video_inst/inst_dvid/TDMS_encoder_red/dc_bias_reg[1]/D
                            (rising edge-triggered cell FDRE clocked by clk_out1_clk_wiz_0  {rise@0.000ns fall@20.000ns period=40.000ns})
  Path Group:             (none)
  Path Type:              Hold (Min at Fast Process Corner)
  Data Path Delay:        1.170ns  (logic 0.341ns (29.142%)  route 0.829ns (70.858%))
  Logic Levels:           4  (FDRE=1 LUT5=1 LUT6=2)
  Clock Uncertainty:      0.190ns  ((TSJ^2 + DJ^2)^1/2) / 2 + PE
    Total System Jitter     (TSJ):    0.050ns
    Discrete Jitter          (DJ):    0.175ns
    Phase Error              (PE):    0.099ns

    Location             Delay type                Incr(ns)  Path(ns)    Netlist Resource(s)
  -------------------------------------------------------------------    -------------------
    SLICE_X153Y124       FDRE                         0.000     0.000 r  NES_inst/buttons_reg[4]/C
    SLICE_X153Y124       FDRE (Prop_fdre_C_Q)         0.141     0.141 r  NES_inst/buttons_reg[4]/Q
                         net (fo=2, routed)           0.294     0.435    video_inst/Inst_vga_signal_gen/h_counter/buttons[4]
    SLICE_X153Y124       LUT6 (Prop_lut6_I2_O)        0.045     0.480 f  video_inst/Inst_vga_signal_gen/h_counter/dc_bias[3]_i_7/O
                         net (fo=3, routed)           0.235     0.716    video_inst/Inst_vga_signal_gen/h_counter/dc_bias[3]_i_7_n_0
    SLICE_X153Y127       LUT5 (Prop_lut5_I4_O)        0.048     0.764 r  video_inst/Inst_vga_signal_gen/h_counter/dc_bias[2]_i_4/O
                         net (fo=5, routed)           0.299     1.063    video_inst/Inst_vga_signal_gen/h_counter/processQ_reg[9]_1
    SLICE_X158Y129       LUT6 (Prop_lut6_I0_O)        0.107     1.170 r  video_inst/Inst_vga_signal_gen/h_counter/dc_bias[1]_i_1/O
                         net (fo=1, routed)           0.000     1.170    video_inst/inst_dvid/TDMS_encoder_red/D[0]
    SLICE_X158Y129       FDRE                                         r  video_inst/inst_dvid/TDMS_encoder_red/dc_bias_reg[1]/D
  -------------------------------------------------------------------    -------------------

                         (clock clk_out1_clk_wiz_0 rise edge)
                                                      0.000     0.000 r  
    BUFGCTRL_X0Y1        BUFG                         0.000     0.000 r  clk_IBUF_BUFG_inst/O
                         net (fo=133, routed)         1.022     1.022    video_inst/mmcm_adv_inst_display_clocks/inst/clk_in1
    MMCME2_ADV_X1Y0      MMCME2_ADV (Prop_mmcme2_adv_CLKIN1_CLKOUT0)
                                                     -2.040    -1.018 r  video_inst/mmcm_adv_inst_display_clocks/inst/mmcm_adv_inst/CLKOUT0
                         net (fo=1, routed)           0.989    -0.029    video_inst/mmcm_adv_inst_display_clocks/inst/clk_out1_clk_wiz_0
    BUFGCTRL_X0Y2        BUFG (Prop_bufg_I_O)         0.029    -0.000 r  video_inst/mmcm_adv_inst_display_clocks/inst/clkout1_buf/O
                         net (fo=76, routed)          0.909     0.909    video_inst/inst_dvid/TDMS_encoder_red/clk_out1
    SLICE_X158Y129       FDRE                                         r  video_inst/inst_dvid/TDMS_encoder_red/dc_bias_reg[1]/C

Slack:                    inf
  Source:                 NES_inst/buttons_reg[4]/C
                            (rising edge-triggered cell FDRE)
  Destination:            video_inst/inst_dvid/TDMS_encoder_blue/encoded_reg[1]/D
                            (rising edge-triggered cell FDRE clocked by clk_out1_clk_wiz_0  {rise@0.000ns fall@20.000ns period=40.000ns})
  Path Group:             (none)
  Path Type:              Hold (Min at Fast Process Corner)
  Data Path Delay:        1.203ns  (logic 0.276ns (22.946%)  route 0.927ns (77.054%))
  Logic Levels:           4  (FDRE=1 LUT2=1 LUT4=1 LUT6=1)
  Clock Uncertainty:      0.190ns  ((TSJ^2 + DJ^2)^1/2) / 2 + PE
    Total System Jitter     (TSJ):    0.050ns
    Discrete Jitter          (DJ):    0.175ns
    Phase Error              (PE):    0.099ns

    Location             Delay type                Incr(ns)  Path(ns)    Netlist Resource(s)
  -------------------------------------------------------------------    -------------------
    SLICE_X153Y124       FDRE                         0.000     0.000 r  NES_inst/buttons_reg[4]/C
    SLICE_X153Y124       FDRE (Prop_fdre_C_Q)         0.141     0.141 f  NES_inst/buttons_reg[4]/Q
                         net (fo=2, routed)           0.294     0.435    video_inst/Inst_vga_signal_gen/h_counter/buttons[4]
    SLICE_X153Y124       LUT6 (Prop_lut6_I2_O)        0.045     0.480 r  video_inst/Inst_vga_signal_gen/h_counter/dc_bias[3]_i_7/O
                         net (fo=3, routed)           0.205     0.686    video_inst/Inst_vga_signal_gen/h_counter/dc_bias[3]_i_7_n_0
    SLICE_X153Y127       LUT2 (Prop_lut2_I1_O)        0.045     0.731 f  video_inst/Inst_vga_signal_gen/h_counter/dc_bias[3]_i_4/O
                         net (fo=20, routed)          0.427     1.158    video_inst/Inst_vga_signal_gen/h_counter/buttons_reg[0]_0
    SLICE_X157Y129       LUT4 (Prop_lut4_I3_O)        0.045     1.203 r  video_inst/Inst_vga_signal_gen/h_counter/encoded[1]_i_1__0/O
                         net (fo=1, routed)           0.000     1.203    video_inst/inst_dvid/TDMS_encoder_blue/encoded_reg[6]_0[1]
    SLICE_X157Y129       FDRE                                         r  video_inst/inst_dvid/TDMS_encoder_blue/encoded_reg[1]/D
  -------------------------------------------------------------------    -------------------

                         (clock clk_out1_clk_wiz_0 rise edge)
                                                      0.000     0.000 r  
    BUFGCTRL_X0Y1        BUFG                         0.000     0.000 r  clk_IBUF_BUFG_inst/O
                         net (fo=133, routed)         1.022     1.022    video_inst/mmcm_adv_inst_display_clocks/inst/clk_in1
    MMCME2_ADV_X1Y0      MMCME2_ADV (Prop_mmcme2_adv_CLKIN1_CLKOUT0)
                                                     -2.040    -1.018 r  video_inst/mmcm_adv_inst_display_clocks/inst/mmcm_adv_inst/CLKOUT0
                         net (fo=1, routed)           0.989    -0.029    video_inst/mmcm_adv_inst_display_clocks/inst/clk_out1_clk_wiz_0
    BUFGCTRL_X0Y2        BUFG (Prop_bufg_I_O)         0.029    -0.000 r  video_inst/mmcm_adv_inst_display_clocks/inst/clkout1_buf/O
                         net (fo=76, routed)          0.909     0.909    video_inst/inst_dvid/TDMS_encoder_blue/clk_out1
    SLICE_X157Y129       FDRE                                         r  video_inst/inst_dvid/TDMS_encoder_blue/encoded_reg[1]/C

Slack:                    inf
  Source:                 NES_inst/buttons_reg[4]/C
                            (rising edge-triggered cell FDRE)
  Destination:            video_inst/inst_dvid/TDMS_encoder_blue/encoded_reg[2]/D
                            (rising edge-triggered cell FDRE clocked by clk_out1_clk_wiz_0  {rise@0.000ns fall@20.000ns period=40.000ns})
  Path Group:             (none)
  Path Type:              Hold (Min at Fast Process Corner)
  Data Path Delay:        1.206ns  (logic 0.279ns (23.138%)  route 0.927ns (76.862%))
  Logic Levels:           4  (FDRE=1 LUT2=1 LUT4=1 LUT6=1)
  Clock Uncertainty:      0.190ns  ((TSJ^2 + DJ^2)^1/2) / 2 + PE
    Total System Jitter     (TSJ):    0.050ns
    Discrete Jitter          (DJ):    0.175ns
    Phase Error              (PE):    0.099ns

    Location             Delay type                Incr(ns)  Path(ns)    Netlist Resource(s)
  -------------------------------------------------------------------    -------------------
    SLICE_X153Y124       FDRE                         0.000     0.000 r  NES_inst/buttons_reg[4]/C
    SLICE_X153Y124       FDRE (Prop_fdre_C_Q)         0.141     0.141 f  NES_inst/buttons_reg[4]/Q
                         net (fo=2, routed)           0.294     0.435    video_inst/Inst_vga_signal_gen/h_counter/buttons[4]
    SLICE_X153Y124       LUT6 (Prop_lut6_I2_O)        0.045     0.480 r  video_inst/Inst_vga_signal_gen/h_counter/dc_bias[3]_i_7/O
                         net (fo=3, routed)           0.205     0.686    video_inst/Inst_vga_signal_gen/h_counter/dc_bias[3]_i_7_n_0
    SLICE_X153Y127       LUT2 (Prop_lut2_I1_O)        0.045     0.731 f  video_inst/Inst_vga_signal_gen/h_counter/dc_bias[3]_i_4/O
                         net (fo=20, routed)          0.427     1.158    video_inst/Inst_vga_signal_gen/h_counter/buttons_reg[0]_0
    SLICE_X157Y129       LUT4 (Prop_lut4_I3_O)        0.048     1.206 r  video_inst/Inst_vga_signal_gen/h_counter/encoded[2]_i_1__0/O
                         net (fo=1, routed)           0.000     1.206    video_inst/inst_dvid/TDMS_encoder_blue/encoded_reg[6]_0[2]
    SLICE_X157Y129       FDRE                                         r  video_inst/inst_dvid/TDMS_encoder_blue/encoded_reg[2]/D
  -------------------------------------------------------------------    -------------------

                         (clock clk_out1_clk_wiz_0 rise edge)
                                                      0.000     0.000 r  
    BUFGCTRL_X0Y1        BUFG                         0.000     0.000 r  clk_IBUF_BUFG_inst/O
                         net (fo=133, routed)         1.022     1.022    video_inst/mmcm_adv_inst_display_clocks/inst/clk_in1
    MMCME2_ADV_X1Y0      MMCME2_ADV (Prop_mmcme2_adv_CLKIN1_CLKOUT0)
                                                     -2.040    -1.018 r  video_inst/mmcm_adv_inst_display_clocks/inst/mmcm_adv_inst/CLKOUT0
                         net (fo=1, routed)           0.989    -0.029    video_inst/mmcm_adv_inst_display_clocks/inst/clk_out1_clk_wiz_0
    BUFGCTRL_X0Y2        BUFG (Prop_bufg_I_O)         0.029    -0.000 r  video_inst/mmcm_adv_inst_display_clocks/inst/clkout1_buf/O
                         net (fo=76, routed)          0.909     0.909    video_inst/inst_dvid/TDMS_encoder_blue/clk_out1
    SLICE_X157Y129       FDRE                                         r  video_inst/inst_dvid/TDMS_encoder_blue/encoded_reg[2]/C

Slack:                    inf
  Source:                 NES_inst/buttons_reg[4]/C
                            (rising edge-triggered cell FDRE)
  Destination:            video_inst/inst_dvid/TDMS_encoder_blue/dc_bias_reg[2]/D
                            (rising edge-triggered cell FDRE clocked by clk_out1_clk_wiz_0  {rise@0.000ns fall@20.000ns period=40.000ns})
  Path Group:             (none)
  Path Type:              Hold (Min at Fast Process Corner)
  Data Path Delay:        1.215ns  (logic 0.276ns (22.719%)  route 0.939ns (77.281%))
  Logic Levels:           4  (FDRE=1 LUT2=1 LUT6=2)
  Clock Uncertainty:      0.190ns  ((TSJ^2 + DJ^2)^1/2) / 2 + PE
    Total System Jitter     (TSJ):    0.050ns
    Discrete Jitter          (DJ):    0.175ns
    Phase Error              (PE):    0.099ns

    Location             Delay type                Incr(ns)  Path(ns)    Netlist Resource(s)
  -------------------------------------------------------------------    -------------------
    SLICE_X153Y124       FDRE                         0.000     0.000 r  NES_inst/buttons_reg[4]/C
    SLICE_X153Y124       FDRE (Prop_fdre_C_Q)         0.141     0.141 r  NES_inst/buttons_reg[4]/Q
                         net (fo=2, routed)           0.294     0.435    video_inst/Inst_vga_signal_gen/h_counter/buttons[4]
    SLICE_X153Y124       LUT6 (Prop_lut6_I2_O)        0.045     0.480 f  video_inst/Inst_vga_signal_gen/h_counter/dc_bias[3]_i_7/O
                         net (fo=3, routed)           0.205     0.686    video_inst/Inst_vga_signal_gen/h_counter/dc_bias[3]_i_7_n_0
    SLICE_X153Y127       LUT2 (Prop_lut2_I1_O)        0.045     0.731 r  video_inst/Inst_vga_signal_gen/h_counter/dc_bias[3]_i_4/O
                         net (fo=20, routed)          0.439     1.170    video_inst/inst_dvid/TDMS_encoder_blue/dc_bias_reg[1]_0
    SLICE_X156Y128       LUT6 (Prop_lut6_I4_O)        0.045     1.215 r  video_inst/inst_dvid/TDMS_encoder_blue/dc_bias[2]_i_1/O
                         net (fo=1, routed)           0.000     1.215    video_inst/inst_dvid/TDMS_encoder_blue/dc_bias[2]_i_1_n_0
    SLICE_X156Y128       FDRE                                         r  video_inst/inst_dvid/TDMS_encoder_blue/dc_bias_reg[2]/D
  -------------------------------------------------------------------    -------------------

                         (clock clk_out1_clk_wiz_0 rise edge)
                                                      0.000     0.000 r  
    BUFGCTRL_X0Y1        BUFG                         0.000     0.000 r  clk_IBUF_BUFG_inst/O
                         net (fo=133, routed)         1.022     1.022    video_inst/mmcm_adv_inst_display_clocks/inst/clk_in1
    MMCME2_ADV_X1Y0      MMCME2_ADV (Prop_mmcme2_adv_CLKIN1_CLKOUT0)
                                                     -2.040    -1.018 r  video_inst/mmcm_adv_inst_display_clocks/inst/mmcm_adv_inst/CLKOUT0
                         net (fo=1, routed)           0.989    -0.029    video_inst/mmcm_adv_inst_display_clocks/inst/clk_out1_clk_wiz_0
    BUFGCTRL_X0Y2        BUFG (Prop_bufg_I_O)         0.029    -0.000 r  video_inst/mmcm_adv_inst_display_clocks/inst/clkout1_buf/O
                         net (fo=76, routed)          0.908     0.908    video_inst/inst_dvid/TDMS_encoder_blue/clk_out1
    SLICE_X156Y128       FDRE                                         r  video_inst/inst_dvid/TDMS_encoder_blue/dc_bias_reg[2]/C

Slack:                    inf
  Source:                 NES_inst/buttons_reg[4]/C
                            (rising edge-triggered cell FDRE)
  Destination:            video_inst/inst_dvid/TDMS_encoder_blue/dc_bias_reg[3]/D
                            (rising edge-triggered cell FDRE clocked by clk_out1_clk_wiz_0  {rise@0.000ns fall@20.000ns period=40.000ns})
  Path Group:             (none)
  Path Type:              Hold (Min at Fast Process Corner)
  Data Path Delay:        1.254ns  (logic 0.321ns (25.602%)  route 0.933ns (74.398%))
  Logic Levels:           5  (FDRE=1 LUT5=1 LUT6=3)
  Clock Uncertainty:      0.190ns  ((TSJ^2 + DJ^2)^1/2) / 2 + PE
    Total System Jitter     (TSJ):    0.050ns
    Discrete Jitter          (DJ):    0.175ns
    Phase Error              (PE):    0.099ns

    Location             Delay type                Incr(ns)  Path(ns)    Netlist Resource(s)
  -------------------------------------------------------------------    -------------------
    SLICE_X153Y124       FDRE                         0.000     0.000 r  NES_inst/buttons_reg[4]/C
    SLICE_X153Y124       FDRE (Prop_fdre_C_Q)         0.141     0.141 r  NES_inst/buttons_reg[4]/Q
                         net (fo=2, routed)           0.294     0.435    video_inst/Inst_vga_signal_gen/h_counter/buttons[4]
    SLICE_X153Y124       LUT6 (Prop_lut6_I2_O)        0.045     0.480 f  video_inst/Inst_vga_signal_gen/h_counter/dc_bias[3]_i_7/O
                         net (fo=3, routed)           0.235     0.716    video_inst/Inst_vga_signal_gen/h_counter/dc_bias[3]_i_7_n_0
    SLICE_X153Y127       LUT5 (Prop_lut5_I0_O)        0.045     0.761 r  video_inst/Inst_vga_signal_gen/h_counter/dc_bias[1]_i_2__0/O
                         net (fo=12, routed)          0.352     1.112    video_inst/inst_dvid/TDMS_encoder_blue/dc_bias_reg[1]_1
    SLICE_X157Y128       LUT6 (Prop_lut6_I3_O)        0.045     1.157 r  video_inst/inst_dvid/TDMS_encoder_blue/dc_bias[3]_i_4__0/O
                         net (fo=1, routed)           0.051     1.209    video_inst/inst_dvid/TDMS_encoder_blue/dc_bias[3]_i_4__0_n_0
    SLICE_X157Y128       LUT6 (Prop_lut6_I2_O)        0.045     1.254 r  video_inst/inst_dvid/TDMS_encoder_blue/dc_bias[3]_i_1/O
                         net (fo=1, routed)           0.000     1.254    video_inst/inst_dvid/TDMS_encoder_blue/dc_bias[3]_i_1_n_0
    SLICE_X157Y128       FDRE                                         r  video_inst/inst_dvid/TDMS_encoder_blue/dc_bias_reg[3]/D
  -------------------------------------------------------------------    -------------------

                         (clock clk_out1_clk_wiz_0 rise edge)
                                                      0.000     0.000 r  
    BUFGCTRL_X0Y1        BUFG                         0.000     0.000 r  clk_IBUF_BUFG_inst/O
                         net (fo=133, routed)         1.022     1.022    video_inst/mmcm_adv_inst_display_clocks/inst/clk_in1
    MMCME2_ADV_X1Y0      MMCME2_ADV (Prop_mmcme2_adv_CLKIN1_CLKOUT0)
                                                     -2.040    -1.018 r  video_inst/mmcm_adv_inst_display_clocks/inst/mmcm_adv_inst/CLKOUT0
                         net (fo=1, routed)           0.989    -0.029    video_inst/mmcm_adv_inst_display_clocks/inst/clk_out1_clk_wiz_0
    BUFGCTRL_X0Y2        BUFG (Prop_bufg_I_O)         0.029    -0.000 r  video_inst/mmcm_adv_inst_display_clocks/inst/clkout1_buf/O
                         net (fo=76, routed)          0.908     0.908    video_inst/inst_dvid/TDMS_encoder_blue/clk_out1
    SLICE_X157Y128       FDRE                                         r  video_inst/inst_dvid/TDMS_encoder_blue/dc_bias_reg[3]/C

Slack:                    inf
  Source:                 NES_inst/buttons_reg[4]/C
                            (rising edge-triggered cell FDRE)
  Destination:            video_inst/inst_dvid/TDMS_encoder_red/dc_bias_reg[3]/D
                            (rising edge-triggered cell FDRE clocked by clk_out1_clk_wiz_0  {rise@0.000ns fall@20.000ns period=40.000ns})
  Path Group:             (none)
  Path Type:              Hold (Min at Fast Process Corner)
  Data Path Delay:        1.275ns  (logic 0.276ns (21.652%)  route 0.999ns (78.348%))
  Logic Levels:           4  (FDRE=1 LUT2=1 LUT6=2)
  Clock Uncertainty:      0.190ns  ((TSJ^2 + DJ^2)^1/2) / 2 + PE
    Total System Jitter     (TSJ):    0.050ns
    Discrete Jitter          (DJ):    0.175ns
    Phase Error              (PE):    0.099ns

    Location             Delay type                Incr(ns)  Path(ns)    Netlist Resource(s)
  -------------------------------------------------------------------    -------------------
    SLICE_X153Y124       FDRE                         0.000     0.000 r  NES_inst/buttons_reg[4]/C
    SLICE_X153Y124       FDRE (Prop_fdre_C_Q)         0.141     0.141 f  NES_inst/buttons_reg[4]/Q
                         net (fo=2, routed)           0.294     0.435    video_inst/Inst_vga_signal_gen/h_counter/buttons[4]
    SLICE_X153Y124       LUT6 (Prop_lut6_I2_O)        0.045     0.480 r  video_inst/Inst_vga_signal_gen/h_counter/dc_bias[3]_i_7/O
                         net (fo=3, routed)           0.205     0.686    video_inst/Inst_vga_signal_gen/h_counter/dc_bias[3]_i_7_n_0
    SLICE_X153Y127       LUT2 (Prop_lut2_I1_O)        0.045     0.731 f  video_inst/Inst_vga_signal_gen/h_counter/dc_bias[3]_i_4/O
                         net (fo=20, routed)          0.499     1.230    video_inst/inst_dvid/TDMS_encoder_red/dc_bias_reg[3]_1
    SLICE_X159Y129       LUT6 (Prop_lut6_I4_O)        0.045     1.275 r  video_inst/inst_dvid/TDMS_encoder_red/dc_bias[3]_i_1__0/O
                         net (fo=1, routed)           0.000     1.275    video_inst/inst_dvid/TDMS_encoder_red/dc_bias[3]_i_1__0_n_0
    SLICE_X159Y129       FDRE                                         r  video_inst/inst_dvid/TDMS_encoder_red/dc_bias_reg[3]/D
  -------------------------------------------------------------------    -------------------

                         (clock clk_out1_clk_wiz_0 rise edge)
                                                      0.000     0.000 r  
    BUFGCTRL_X0Y1        BUFG                         0.000     0.000 r  clk_IBUF_BUFG_inst/O
                         net (fo=133, routed)         1.022     1.022    video_inst/mmcm_adv_inst_display_clocks/inst/clk_in1
    MMCME2_ADV_X1Y0      MMCME2_ADV (Prop_mmcme2_adv_CLKIN1_CLKOUT0)
                                                     -2.040    -1.018 r  video_inst/mmcm_adv_inst_display_clocks/inst/mmcm_adv_inst/CLKOUT0
                         net (fo=1, routed)           0.989    -0.029    video_inst/mmcm_adv_inst_display_clocks/inst/clk_out1_clk_wiz_0
    BUFGCTRL_X0Y2        BUFG (Prop_bufg_I_O)         0.029    -0.000 r  video_inst/mmcm_adv_inst_display_clocks/inst/clkout1_buf/O
                         net (fo=76, routed)          0.909     0.909    video_inst/inst_dvid/TDMS_encoder_red/clk_out1
    SLICE_X159Y129       FDRE                                         r  video_inst/inst_dvid/TDMS_encoder_red/dc_bias_reg[3]/C

Slack:                    inf
  Source:                 NES_inst/buttons_reg[4]/C
                            (rising edge-triggered cell FDRE)
  Destination:            video_inst/inst_dvid/TDMS_encoder_blue/encoded_reg[9]/D
                            (rising edge-triggered cell FDRE clocked by clk_out1_clk_wiz_0  {rise@0.000ns fall@20.000ns period=40.000ns})
  Path Group:             (none)
  Path Type:              Hold (Min at Fast Process Corner)
  Data Path Delay:        1.282ns  (logic 0.276ns (21.533%)  route 1.006ns (78.467%))
  Logic Levels:           4  (FDRE=1 LUT5=1 LUT6=2)
  Clock Uncertainty:      0.190ns  ((TSJ^2 + DJ^2)^1/2) / 2 + PE
    Total System Jitter     (TSJ):    0.050ns
    Discrete Jitter          (DJ):    0.175ns
    Phase Error              (PE):    0.099ns

    Location             Delay type                Incr(ns)  Path(ns)    Netlist Resource(s)
  -------------------------------------------------------------------    -------------------
    SLICE_X153Y124       FDRE                         0.000     0.000 r  NES_inst/buttons_reg[4]/C
    SLICE_X153Y124       FDRE (Prop_fdre_C_Q)         0.141     0.141 r  NES_inst/buttons_reg[4]/Q
                         net (fo=2, routed)           0.294     0.435    video_inst/Inst_vga_signal_gen/h_counter/buttons[4]
    SLICE_X153Y124       LUT6 (Prop_lut6_I2_O)        0.045     0.480 f  video_inst/Inst_vga_signal_gen/h_counter/dc_bias[3]_i_7/O
                         net (fo=3, routed)           0.235     0.716    video_inst/Inst_vga_signal_gen/h_counter/dc_bias[3]_i_7_n_0
    SLICE_X153Y127       LUT5 (Prop_lut5_I0_O)        0.045     0.761 r  video_inst/Inst_vga_signal_gen/h_counter/dc_bias[1]_i_2__0/O
                         net (fo=12, routed)          0.476     1.237    video_inst/inst_dvid/TDMS_encoder_blue/dc_bias_reg[1]_1
    SLICE_X157Y129       LUT6 (Prop_lut6_I4_O)        0.045     1.282 r  video_inst/inst_dvid/TDMS_encoder_blue/encoded[9]_i_1/O
                         net (fo=1, routed)           0.000     1.282    video_inst/inst_dvid/TDMS_encoder_blue/encoded[9]_i_1_n_0
    SLICE_X157Y129       FDRE                                         r  video_inst/inst_dvid/TDMS_encoder_blue/encoded_reg[9]/D
  -------------------------------------------------------------------    -------------------

                         (clock clk_out1_clk_wiz_0 rise edge)
                                                      0.000     0.000 r  
    BUFGCTRL_X0Y1        BUFG                         0.000     0.000 r  clk_IBUF_BUFG_inst/O
                         net (fo=133, routed)         1.022     1.022    video_inst/mmcm_adv_inst_display_clocks/inst/clk_in1
    MMCME2_ADV_X1Y0      MMCME2_ADV (Prop_mmcme2_adv_CLKIN1_CLKOUT0)
                                                     -2.040    -1.018 r  video_inst/mmcm_adv_inst_display_clocks/inst/mmcm_adv_inst/CLKOUT0
                         net (fo=1, routed)           0.989    -0.029    video_inst/mmcm_adv_inst_display_clocks/inst/clk_out1_clk_wiz_0
    BUFGCTRL_X0Y2        BUFG (Prop_bufg_I_O)         0.029    -0.000 r  video_inst/mmcm_adv_inst_display_clocks/inst/clkout1_buf/O
                         net (fo=76, routed)          0.909     0.909    video_inst/inst_dvid/TDMS_encoder_blue/clk_out1
    SLICE_X157Y129       FDRE                                         r  video_inst/inst_dvid/TDMS_encoder_blue/encoded_reg[9]/C

Slack:                    inf
  Source:                 NES_inst/buttons_reg[4]/C
                            (rising edge-triggered cell FDRE)
  Destination:            video_inst/inst_dvid/TDMS_encoder_blue/encoded_reg[6]/D
                            (rising edge-triggered cell FDRE clocked by clk_out1_clk_wiz_0  {rise@0.000ns fall@20.000ns period=40.000ns})
  Path Group:             (none)
  Path Type:              Hold (Min at Fast Process Corner)
  Data Path Delay:        1.290ns  (logic 0.276ns (21.393%)  route 1.014ns (78.607%))
  Logic Levels:           4  (FDRE=1 LUT5=1 LUT6=2)
  Clock Uncertainty:      0.190ns  ((TSJ^2 + DJ^2)^1/2) / 2 + PE
    Total System Jitter     (TSJ):    0.050ns
    Discrete Jitter          (DJ):    0.175ns
    Phase Error              (PE):    0.099ns

    Location             Delay type                Incr(ns)  Path(ns)    Netlist Resource(s)
  -------------------------------------------------------------------    -------------------
    SLICE_X153Y124       FDRE                         0.000     0.000 r  NES_inst/buttons_reg[4]/C
    SLICE_X153Y124       FDRE (Prop_fdre_C_Q)         0.141     0.141 r  NES_inst/buttons_reg[4]/Q
                         net (fo=2, routed)           0.294     0.435    video_inst/Inst_vga_signal_gen/h_counter/buttons[4]
    SLICE_X153Y124       LUT6 (Prop_lut6_I2_O)        0.045     0.480 f  video_inst/Inst_vga_signal_gen/h_counter/dc_bias[3]_i_7/O
                         net (fo=3, routed)           0.235     0.716    video_inst/Inst_vga_signal_gen/h_counter/dc_bias[3]_i_7_n_0
    SLICE_X153Y127       LUT5 (Prop_lut5_I0_O)        0.045     0.761 r  video_inst/Inst_vga_signal_gen/h_counter/dc_bias[1]_i_2__0/O
                         net (fo=12, routed)          0.484     1.245    video_inst/Inst_vga_signal_gen/h_counter/buttons_reg[4]
    SLICE_X156Y129       LUT6 (Prop_lut6_I3_O)        0.045     1.290 r  video_inst/Inst_vga_signal_gen/h_counter/encoded[6]_i_1/O
                         net (fo=1, routed)           0.000     1.290    video_inst/inst_dvid/TDMS_encoder_blue/encoded_reg[6]_0[3]
    SLICE_X156Y129       FDRE                                         r  video_inst/inst_dvid/TDMS_encoder_blue/encoded_reg[6]/D
  -------------------------------------------------------------------    -------------------

                         (clock clk_out1_clk_wiz_0 rise edge)
                                                      0.000     0.000 r  
    BUFGCTRL_X0Y1        BUFG                         0.000     0.000 r  clk_IBUF_BUFG_inst/O
                         net (fo=133, routed)         1.022     1.022    video_inst/mmcm_adv_inst_display_clocks/inst/clk_in1
    MMCME2_ADV_X1Y0      MMCME2_ADV (Prop_mmcme2_adv_CLKIN1_CLKOUT0)
                                                     -2.040    -1.018 r  video_inst/mmcm_adv_inst_display_clocks/inst/mmcm_adv_inst/CLKOUT0
                         net (fo=1, routed)           0.989    -0.029    video_inst/mmcm_adv_inst_display_clocks/inst/clk_out1_clk_wiz_0
    BUFGCTRL_X0Y2        BUFG (Prop_bufg_I_O)         0.029    -0.000 r  video_inst/mmcm_adv_inst_display_clocks/inst/clkout1_buf/O
                         net (fo=76, routed)          0.909     0.909    video_inst/inst_dvid/TDMS_encoder_blue/clk_out1
    SLICE_X156Y129       FDRE                                         r  video_inst/inst_dvid/TDMS_encoder_blue/encoded_reg[6]/C

Slack:                    inf
  Source:                 NES_inst/buttons_reg[4]/C
                            (rising edge-triggered cell FDRE)
  Destination:            video_inst/inst_dvid/TDMS_encoder_red/encoded_reg[1]/D
                            (rising edge-triggered cell FDRE clocked by clk_out1_clk_wiz_0  {rise@0.000ns fall@20.000ns period=40.000ns})
  Path Group:             (none)
  Path Type:              Hold (Min at Fast Process Corner)
  Data Path Delay:        1.302ns  (logic 0.341ns (26.187%)  route 0.961ns (73.813%))
  Logic Levels:           4  (FDRE=1 LUT3=1 LUT5=1 LUT6=1)
  Clock Uncertainty:      0.190ns  ((TSJ^2 + DJ^2)^1/2) / 2 + PE
    Total System Jitter     (TSJ):    0.050ns
    Discrete Jitter          (DJ):    0.175ns
    Phase Error              (PE):    0.099ns

    Location             Delay type                Incr(ns)  Path(ns)    Netlist Resource(s)
  -------------------------------------------------------------------    -------------------
    SLICE_X153Y124       FDRE                         0.000     0.000 r  NES_inst/buttons_reg[4]/C
    SLICE_X153Y124       FDRE (Prop_fdre_C_Q)         0.141     0.141 r  NES_inst/buttons_reg[4]/Q
                         net (fo=2, routed)           0.294     0.435    video_inst/Inst_vga_signal_gen/h_counter/buttons[4]
    SLICE_X153Y124       LUT6 (Prop_lut6_I2_O)        0.045     0.480 f  video_inst/Inst_vga_signal_gen/h_counter/dc_bias[3]_i_7/O
                         net (fo=3, routed)           0.235     0.716    video_inst/Inst_vga_signal_gen/h_counter/dc_bias[3]_i_7_n_0
    SLICE_X153Y127       LUT5 (Prop_lut5_I4_O)        0.048     0.764 r  video_inst/Inst_vga_signal_gen/h_counter/dc_bias[2]_i_4/O
                         net (fo=5, routed)           0.432     1.195    video_inst/Inst_vga_signal_gen/h_counter/processQ_reg[9]_1
    SLICE_X159Y130       LUT3 (Prop_lut3_I2_O)        0.107     1.302 r  video_inst/Inst_vga_signal_gen/h_counter/encoded[1]_i_1__1/O
                         net (fo=1, routed)           0.000     1.302    video_inst/inst_dvid/TDMS_encoder_red/encoded_reg[2]_0[0]
    SLICE_X159Y130       FDRE                                         r  video_inst/inst_dvid/TDMS_encoder_red/encoded_reg[1]/D
  -------------------------------------------------------------------    -------------------

                         (clock clk_out1_clk_wiz_0 rise edge)
                                                      0.000     0.000 r  
    BUFGCTRL_X0Y1        BUFG                         0.000     0.000 r  clk_IBUF_BUFG_inst/O
                         net (fo=133, routed)         1.022     1.022    video_inst/mmcm_adv_inst_display_clocks/inst/clk_in1
    MMCME2_ADV_X1Y0      MMCME2_ADV (Prop_mmcme2_adv_CLKIN1_CLKOUT0)
                                                     -2.040    -1.018 r  video_inst/mmcm_adv_inst_display_clocks/inst/mmcm_adv_inst/CLKOUT0
                         net (fo=1, routed)           0.989    -0.029    video_inst/mmcm_adv_inst_display_clocks/inst/clk_out1_clk_wiz_0
    BUFGCTRL_X0Y2        BUFG (Prop_bufg_I_O)         0.029    -0.000 r  video_inst/mmcm_adv_inst_display_clocks/inst/clkout1_buf/O
                         net (fo=76, routed)          0.910     0.910    video_inst/inst_dvid/TDMS_encoder_red/clk_out1
    SLICE_X159Y130       FDRE                                         r  video_inst/inst_dvid/TDMS_encoder_red/encoded_reg[1]/C

Slack:                    inf
  Source:                 NES_inst/buttons_reg[4]/C
                            (rising edge-triggered cell FDRE)
  Destination:            video_inst/inst_dvid/TDMS_encoder_red/encoded_reg[2]/D
                            (rising edge-triggered cell FDRE clocked by clk_out1_clk_wiz_0  {rise@0.000ns fall@20.000ns period=40.000ns})
  Path Group:             (none)
  Path Type:              Hold (Min at Fast Process Corner)
  Data Path Delay:        1.303ns  (logic 0.342ns (26.244%)  route 0.961ns (73.756%))
  Logic Levels:           4  (FDRE=1 LUT3=1 LUT5=1 LUT6=1)
  Clock Uncertainty:      0.190ns  ((TSJ^2 + DJ^2)^1/2) / 2 + PE
    Total System Jitter     (TSJ):    0.050ns
    Discrete Jitter          (DJ):    0.175ns
    Phase Error              (PE):    0.099ns

    Location             Delay type                Incr(ns)  Path(ns)    Netlist Resource(s)
  -------------------------------------------------------------------    -------------------
    SLICE_X153Y124       FDRE                         0.000     0.000 r  NES_inst/buttons_reg[4]/C
    SLICE_X153Y124       FDRE (Prop_fdre_C_Q)         0.141     0.141 r  NES_inst/buttons_reg[4]/Q
                         net (fo=2, routed)           0.294     0.435    video_inst/Inst_vga_signal_gen/h_counter/buttons[4]
    SLICE_X153Y124       LUT6 (Prop_lut6_I2_O)        0.045     0.480 f  video_inst/Inst_vga_signal_gen/h_counter/dc_bias[3]_i_7/O
                         net (fo=3, routed)           0.235     0.716    video_inst/Inst_vga_signal_gen/h_counter/dc_bias[3]_i_7_n_0
    SLICE_X153Y127       LUT5 (Prop_lut5_I4_O)        0.048     0.764 r  video_inst/Inst_vga_signal_gen/h_counter/dc_bias[2]_i_4/O
                         net (fo=5, routed)           0.432     1.195    video_inst/Inst_vga_signal_gen/h_counter/processQ_reg[9]_1
    SLICE_X159Y130       LUT3 (Prop_lut3_I2_O)        0.108     1.303 r  video_inst/Inst_vga_signal_gen/h_counter/encoded[2]_i_1__1/O
                         net (fo=1, routed)           0.000     1.303    video_inst/inst_dvid/TDMS_encoder_red/encoded_reg[2]_0[1]
    SLICE_X159Y130       FDRE                                         r  video_inst/inst_dvid/TDMS_encoder_red/encoded_reg[2]/D
  -------------------------------------------------------------------    -------------------

                         (clock clk_out1_clk_wiz_0 rise edge)
                                                      0.000     0.000 r  
    BUFGCTRL_X0Y1        BUFG                         0.000     0.000 r  clk_IBUF_BUFG_inst/O
                         net (fo=133, routed)         1.022     1.022    video_inst/mmcm_adv_inst_display_clocks/inst/clk_in1
    MMCME2_ADV_X1Y0      MMCME2_ADV (Prop_mmcme2_adv_CLKIN1_CLKOUT0)
                                                     -2.040    -1.018 r  video_inst/mmcm_adv_inst_display_clocks/inst/mmcm_adv_inst/CLKOUT0
                         net (fo=1, routed)           0.989    -0.029    video_inst/mmcm_adv_inst_display_clocks/inst/clk_out1_clk_wiz_0
    BUFGCTRL_X0Y2        BUFG (Prop_bufg_I_O)         0.029    -0.000 r  video_inst/mmcm_adv_inst_display_clocks/inst/clkout1_buf/O
                         net (fo=76, routed)          0.910     0.910    video_inst/inst_dvid/TDMS_encoder_red/clk_out1
    SLICE_X159Y130       FDRE                                         r  video_inst/inst_dvid/TDMS_encoder_red/encoded_reg[2]/C





