Copyright 1986-2022 Xilinx, Inc. All Rights Reserved. Copyright 2022-2024 Advanced Micro Devices, Inc. All Rights Reserved.
---------------------------------------------------------------------------------------------------------------------------------------------------------------------------------------------------------
| Tool Version : Vivado v.2024.2 (win64) Build 5239630 Fri Nov 08 22:35:27 MST 2024
| Date         : Tue Apr  7 09:21:53 2026
| Host         : C27-5CG3121G96 running 64-bit major release  (build 9200)
| Command      : report_timing_summary -max_paths 10 -report_unconstrained -file Lab4_timing_summary_routed.rpt -pb Lab4_timing_summary_routed.pb -rpx Lab4_timing_summary_routed.rpx -warn_on_violation
| Design       : Lab4
| Device       : 7a200t-sbg484
| Speed File   : -1  PRODUCTION 1.23 2018-06-13
| Design State : Routed
---------------------------------------------------------------------------------------------------------------------------------------------------------------------------------------------------------

Timing Summary Report

------------------------------------------------------------------------------------------------
| Timer Settings
| --------------
------------------------------------------------------------------------------------------------

  Enable Multi Corner Analysis               :  Yes
  Enable Pessimism Removal                   :  Yes
  Pessimism Removal Resolution               :  Nearest Common Node
  Enable Input Delay Default Clock           :  No
  Enable Preset / Clear Arcs                 :  No
  Disable Flight Delays                      :  No
  Ignore I/O Paths                           :  No
  Timing Early Launch at Borrowing Latches   :  No
  Borrow Time for Max Delay Exceptions       :  Yes
  Merge Timing Exceptions                    :  Yes
  Inter-SLR Compensation                     :  Conservative

  Corner  Analyze    Analyze    
  Name    Max Paths  Min Paths  
  ------  ---------  ---------  
  Slow    Yes        Yes        
  Fast    Yes        Yes        


------------------------------------------------------------------------------------------------
| Report Methodology
| ------------------
------------------------------------------------------------------------------------------------

Rule       Severity          Description                                        Violations  
---------  ----------------  -------------------------------------------------  ----------  
TIMING-17  Critical Warning  Non-clocked sequential cell                        71          
TIMING-27  Critical Warning  Invalid primary clock on hierarchical pin          1           
LUTAR-1    Warning           LUT drives async reset alert                       3           
TIMING-20  Warning           Non-clocked latch                                  3           
XDCC-2     Warning           Scoped Non-Timing constraint/property overwritten  1           
LATCH-1    Advisory          Existing latches in the design                     1           

Note: This report is based on the most recent report_methodology run and may not be up-to-date. Run report_methodology on the current design for the latest report.



check_timing report

Table of Contents
-----------------
1. checking no_clock (80)
2. checking constant_clock (0)
3. checking pulse_width_clock (0)
4. checking unconstrained_internal_endpoints (268)
5. checking no_input_delay (9)
6. checking no_output_delay (5)
7. checking multiple_clock (0)
8. checking generated_clocks (0)
9. checking loops (0)
10. checking partial_input_delay (0)
11. checking partial_output_delay (0)
12. checking latch_loops (0)

1. checking no_clock (80)
-------------------------
 There are 71 register/latch pins with no clock driven by root clock pin: clk (HIGH)

 There is 1 register/latch pin with no clock driven by root clock pin: Audio_Codec/ready_sig_reg/Q (HIGH)

 There are 2 register/latch pins with no clock driven by root clock pin: CU/state_reg[0]/Q (HIGH)

 There are 3 register/latch pins with no clock driven by root clock pin: CU/state_reg[1]/Q (HIGH)

 There are 3 register/latch pins with no clock driven by root clock pin: CU/state_reg[2]/Q (HIGH)


2. checking constant_clock (0)
------------------------------
 There are 0 register/latch pins with constant_clock.


3. checking pulse_width_clock (0)
---------------------------------
 There are 0 register/latch pins which need pulse_width check


4. checking unconstrained_internal_endpoints (268)
--------------------------------------------------
 There are 268 pins that are not constrained for maximum delay. (HIGH)

 There are 0 pins that are not constrained for maximum delay due to constant clock.


5. checking no_input_delay (9)
------------------------------
 There are 9 input ports with no input delay specified. (HIGH)

 There are 0 input ports with no input delay but user has a false path constraint.


6. checking no_output_delay (5)
-------------------------------
 There are 5 ports with no output delay specified. (HIGH)

 There are 0 ports with no output delay but user has a false path constraint

 There are 0 ports with no output delay but with a timing clock defined on it or propagating through it


7. checking multiple_clock (0)
------------------------------
 There are 0 register/latch pins with multiple clocks.


8. checking generated_clocks (0)
--------------------------------
 There are 0 generated clocks that are not connected to a clock source.


9. checking loops (0)
---------------------
 There are 0 combinational loops in the design.


10. checking partial_input_delay (0)
------------------------------------
 There are 0 input ports with partial input delay specified.


11. checking partial_output_delay (0)
-------------------------------------
 There are 0 ports with partial output delay specified.


12. checking latch_loops (0)
----------------------------
 There are 0 combinational latch loops in the design through latch input



------------------------------------------------------------------------------------------------
| Design Timing Summary
| ---------------------
------------------------------------------------------------------------------------------------

    WNS(ns)      TNS(ns)  TNS Failing Endpoints  TNS Total Endpoints      WHS(ns)      THS(ns)  THS Failing Endpoints  THS Total Endpoints     WPWS(ns)     TPWS(ns)  TPWS Failing Endpoints  TPWS Total Endpoints  
    -------      -------  ---------------------  -------------------      -------      -------  ---------------------  -------------------     --------     --------  ----------------------  --------------------  
     14.996        0.000                      0                  204        0.179        0.000                      0                  204        3.000        0.000                       0                   123  


All user specified timing constraints are met.


------------------------------------------------------------------------------------------------
| Clock Summary
| -------------
------------------------------------------------------------------------------------------------

Clock                                             Waveform(ns)       Period(ns)      Frequency(MHz)
-----                                             ------------       ----------      --------------
Audio_Codec/audiocodec_master_clock/inst/clk_in1  {0.000 5.000}      10.000          100.000         
  clk_out1_clk_wiz_0                              {0.000 40.687}     81.375          12.289          
  clk_out2_clk_wiz_0                              {0.000 10.000}     20.000          50.000          
  clkfbout_clk_wiz_0                              {0.000 5.000}      10.000          100.000         


------------------------------------------------------------------------------------------------
| Intra Clock Table
| -----------------
------------------------------------------------------------------------------------------------

Clock                                                 WNS(ns)      TNS(ns)  TNS Failing Endpoints  TNS Total Endpoints      WHS(ns)      THS(ns)  THS Failing Endpoints  THS Total Endpoints     WPWS(ns)     TPWS(ns)  TPWS Failing Endpoints  TPWS Total Endpoints  
-----                                                 -------      -------  ---------------------  -------------------      -------      -------  ---------------------  -------------------     --------     --------  ----------------------  --------------------  
Audio_Codec/audiocodec_master_clock/inst/clk_in1                                                                                                                                                    3.000        0.000                       0                     1  
  clk_out1_clk_wiz_0                                                                                                                                                                               79.220        0.000                       0                     2  
  clk_out2_clk_wiz_0                                   14.996        0.000                      0                  204        0.179        0.000                      0                  204        9.500        0.000                       0                   117  
  clkfbout_clk_wiz_0                                                                                                                                                                                7.845        0.000                       0                     3  


------------------------------------------------------------------------------------------------
| Inter Clock Table
| -----------------
------------------------------------------------------------------------------------------------

From Clock    To Clock          WNS(ns)      TNS(ns)  TNS Failing Endpoints  TNS Total Endpoints      WHS(ns)      THS(ns)  THS Failing Endpoints  THS Total Endpoints  
----------    --------          -------      -------  ---------------------  -------------------      -------      -------  ---------------------  -------------------  


------------------------------------------------------------------------------------------------
| Other Path Groups Table
| -----------------------
------------------------------------------------------------------------------------------------

Path Group    From Clock    To Clock          WNS(ns)      TNS(ns)  TNS Failing Endpoints  TNS Total Endpoints      WHS(ns)      THS(ns)  THS Failing Endpoints  THS Total Endpoints  
----------    ----------    --------          -------      -------  ---------------------  -------------------      -------      -------  ---------------------  -------------------  


------------------------------------------------------------------------------------------------
| User Ignored Path Table
| -----------------------
------------------------------------------------------------------------------------------------

Path Group    From Clock    To Clock    
----------    ----------    --------    


------------------------------------------------------------------------------------------------
| Unconstrained Path Table
| ------------------------
------------------------------------------------------------------------------------------------

Path Group          From Clock          To Clock          
----------          ----------          --------          
(none)                                                      
(none)              clk_out1_clk_wiz_0                      
(none)              clk_out2_clk_wiz_0                      
(none)              clkfbout_clk_wiz_0                      
(none)                                  clk_out2_clk_wiz_0  


------------------------------------------------------------------------------------------------
| Timing Details
| --------------
------------------------------------------------------------------------------------------------


---------------------------------------------------------------------------------------------------
From Clock:  Audio_Codec/audiocodec_master_clock/inst/clk_in1
  To Clock:  Audio_Codec/audiocodec_master_clock/inst/clk_in1

Setup :           NA  Failing Endpoints,  Worst Slack           NA  ,  Total Violation           NA
Hold  :           NA  Failing Endpoints,  Worst Slack           NA  ,  Total Violation           NA
PW    :            0  Failing Endpoints,  Worst Slack        3.000ns,  Total Violation        0.000ns
---------------------------------------------------------------------------------------------------


Pulse Width Checks
--------------------------------------------------------------------------------------
Clock Name:         Audio_Codec/audiocodec_master_clock/inst/clk_in1
Waveform(ns):       { 0.000 5.000 }
Period(ns):         10.000
Sources:            { Audio_Codec/audiocodec_master_clock/inst/clk_in1 }

Check Type        Corner  Lib Pin            Reference Pin  Required(ns)  Actual(ns)  Slack(ns)  Location         Pin
Min Period        n/a     MMCME2_ADV/CLKIN1  n/a            1.249         10.000      8.751      MMCME2_ADV_X1Y0  Audio_Codec/audiocodec_master_clock/inst/mmcm_adv_inst/CLKIN1
Max Period        n/a     MMCME2_ADV/CLKIN1  n/a            100.000       10.000      90.000     MMCME2_ADV_X1Y0  Audio_Codec/audiocodec_master_clock/inst/mmcm_adv_inst/CLKIN1
Low Pulse Width   Slow    MMCME2_ADV/CLKIN1  n/a            2.000         5.000       3.000      MMCME2_ADV_X1Y0  Audio_Codec/audiocodec_master_clock/inst/mmcm_adv_inst/CLKIN1
Low Pulse Width   Fast    MMCME2_ADV/CLKIN1  n/a            2.000         5.000       3.000      MMCME2_ADV_X1Y0  Audio_Codec/audiocodec_master_clock/inst/mmcm_adv_inst/CLKIN1
High Pulse Width  Slow    MMCME2_ADV/CLKIN1  n/a            2.000         5.000       3.000      MMCME2_ADV_X1Y0  Audio_Codec/audiocodec_master_clock/inst/mmcm_adv_inst/CLKIN1
High Pulse Width  Fast    MMCME2_ADV/CLKIN1  n/a            2.000         5.000       3.000      MMCME2_ADV_X1Y0  Audio_Codec/audiocodec_master_clock/inst/mmcm_adv_inst/CLKIN1



---------------------------------------------------------------------------------------------------
From Clock:  clk_out1_clk_wiz_0
  To Clock:  clk_out1_clk_wiz_0

Setup :           NA  Failing Endpoints,  Worst Slack           NA  ,  Total Violation           NA
Hold  :           NA  Failing Endpoints,  Worst Slack           NA  ,  Total Violation           NA
PW    :            0  Failing Endpoints,  Worst Slack       79.220ns,  Total Violation        0.000ns
---------------------------------------------------------------------------------------------------


Pulse Width Checks
--------------------------------------------------------------------------------------
Clock Name:         clk_out1_clk_wiz_0
Waveform(ns):       { 0.000 40.688 }
Period(ns):         81.375
Sources:            { Audio_Codec/audiocodec_master_clock/inst/mmcm_adv_inst/CLKOUT0 }

Check Type  Corner  Lib Pin             Reference Pin  Required(ns)  Actual(ns)  Slack(ns)  Location         Pin
Min Period  n/a     BUFG/I              n/a            2.155         81.375      79.220     BUFGCTRL_X0Y0    Audio_Codec/audiocodec_master_clock/inst/clkout1_buf/I
Min Period  n/a     MMCME2_ADV/CLKOUT0  n/a            1.249         81.375      80.126     MMCME2_ADV_X1Y0  Audio_Codec/audiocodec_master_clock/inst/mmcm_adv_inst/CLKOUT0
Max Period  n/a     MMCME2_ADV/CLKOUT0  n/a            213.360       81.375      131.985    MMCME2_ADV_X1Y0  Audio_Codec/audiocodec_master_clock/inst/mmcm_adv_inst/CLKOUT0



---------------------------------------------------------------------------------------------------
From Clock:  clk_out2_clk_wiz_0
  To Clock:  clk_out2_clk_wiz_0

Setup :            0  Failing Endpoints,  Worst Slack       14.996ns,  Total Violation        0.000ns
Hold  :            0  Failing Endpoints,  Worst Slack        0.179ns,  Total Violation        0.000ns
PW    :            0  Failing Endpoints,  Worst Slack        9.500ns,  Total Violation        0.000ns
---------------------------------------------------------------------------------------------------


Max Delay Paths
--------------------------------------------------------------------------------------
Slack (MET) :             14.996ns  (required time - arrival time)
  Source:                 Audio_Codec/initialize_audio/twi_controller/sclCnt_reg[1]/C
                            (rising edge-triggered cell FDSE clocked by clk_out2_clk_wiz_0  {rise@0.000ns fall@10.000ns period=20.000ns})
  Destination:            Audio_Codec/initialize_audio/twi_controller/dataByte_reg[5]/CE
                            (rising edge-triggered cell FDRE clocked by clk_out2_clk_wiz_0  {rise@0.000ns fall@10.000ns period=20.000ns})
  Path Group:             clk_out2_clk_wiz_0
  Path Type:              Setup (Max at Slow Process Corner)
  Requirement:            20.000ns  (clk_out2_clk_wiz_0 rise@20.000ns - clk_out2_clk_wiz_0 rise@0.000ns)
  Data Path Delay:        4.683ns  (logic 1.525ns (32.562%)  route 3.158ns (67.438%))
  Logic Levels:           4  (LUT2=1 LUT4=2 LUT6=1)
  Clock Path Skew:        -0.032ns (DCD - SCD + CPR)
    Destination Clock Delay (DCD):    1.700ns = ( 21.700 - 20.000 ) 
    Source Clock Delay      (SCD):    1.821ns
    Clock Pessimism Removal (CPR):    0.089ns
  Clock Uncertainty:      0.084ns  ((TSJ^2 + DJ^2)^1/2) / 2 + PE
    Total System Jitter     (TSJ):    0.071ns
    Discrete Jitter          (DJ):    0.152ns
    Phase Error              (PE):    0.000ns

    Location             Delay type                Incr(ns)  Path(ns)    Netlist Resource(s)
  -------------------------------------------------------------------    -------------------
                         (clock clk_out2_clk_wiz_0 rise edge)
                                                      0.000     0.000 r  
    BUFGCTRL_X0Y2        BUFG                         0.000     0.000 r  clk_IBUF_BUFG_inst/O
                         net (fo=73, routed)          2.106     2.106    Audio_Codec/audiocodec_master_clock/inst/clk_in1
    MMCME2_ADV_X1Y0      MMCME2_ADV (Prop_mmcme2_adv_CLKIN1_CLKOUT1)
                                                     -4.900    -2.793 r  Audio_Codec/audiocodec_master_clock/inst/mmcm_adv_inst/CLKOUT1
                         net (fo=1, routed)           2.697    -0.096    Audio_Codec/audiocodec_master_clock/inst/clk_out2_clk_wiz_0
    BUFGCTRL_X0Y1        BUFG (Prop_bufg_I_O)         0.096    -0.000 r  Audio_Codec/audiocodec_master_clock/inst/clkout2_buf/O
                         net (fo=115, routed)         1.821     1.821    Audio_Codec/initialize_audio/twi_controller/clk_out2
    SLICE_X159Y117       FDSE                                         r  Audio_Codec/initialize_audio/twi_controller/sclCnt_reg[1]/C
  -------------------------------------------------------------------    -------------------
    SLICE_X159Y117       FDSE (Prop_fdse_C_Q)         0.419     2.240 f  Audio_Codec/initialize_audio/twi_controller/sclCnt_reg[1]/Q
                         net (fo=6, routed)           0.857     3.098    Audio_Codec/initialize_audio/twi_controller/sclCnt_reg[1]
    SLICE_X160Y117       LUT4 (Prop_lut4_I2_O)        0.327     3.425 f  Audio_Codec/initialize_audio/twi_controller/sclCnt[6]_i_4/O
                         net (fo=2, routed)           0.288     3.712    Audio_Codec/initialize_audio/twi_controller/sclCnt[6]_i_4_n_0
    SLICE_X160Y117       LUT4 (Prop_lut4_I0_O)        0.328     4.040 r  Audio_Codec/initialize_audio/twi_controller/subState[1]_i_2/O
                         net (fo=12, routed)          1.046     5.086    Audio_Codec/initialize_audio/twi_controller/subState[1]_i_2_n_0
    SLICE_X158Y119       LUT6 (Prop_lut6_I3_O)        0.327     5.413 r  Audio_Codec/initialize_audio/twi_controller/dataByte[7]_i_4/O
                         net (fo=4, routed)           0.293     5.706    Audio_Codec/initialize_audio/twi_controller/dataByte0
    SLICE_X157Y119       LUT2 (Prop_lut2_I1_O)        0.124     5.830 r  Audio_Codec/initialize_audio/twi_controller/dataByte[7]_i_1/O
                         net (fo=8, routed)           0.675     6.505    Audio_Codec/initialize_audio/twi_controller/dataByte[7]_i_1_n_0
    SLICE_X157Y120       FDRE                                         r  Audio_Codec/initialize_audio/twi_controller/dataByte_reg[5]/CE
  -------------------------------------------------------------------    -------------------

                         (clock clk_out2_clk_wiz_0 rise edge)
                                                     20.000    20.000 r  
    BUFGCTRL_X0Y2        BUFG                         0.000    20.000 r  clk_IBUF_BUFG_inst/O
                         net (fo=73, routed)          1.972    21.972    Audio_Codec/audiocodec_master_clock/inst/clk_in1
    MMCME2_ADV_X1Y0      MMCME2_ADV (Prop_mmcme2_adv_CLKIN1_CLKOUT1)
                                                     -4.637    17.335 r  Audio_Codec/audiocodec_master_clock/inst/mmcm_adv_inst/CLKOUT1
                         net (fo=1, routed)           2.574    19.909    Audio_Codec/audiocodec_master_clock/inst/clk_out2_clk_wiz_0
    BUFGCTRL_X0Y1        BUFG (Prop_bufg_I_O)         0.091    20.000 r  Audio_Codec/audiocodec_master_clock/inst/clkout2_buf/O
                         net (fo=115, routed)         1.700    21.700    Audio_Codec/initialize_audio/twi_controller/clk_out2
    SLICE_X157Y120       FDRE                                         r  Audio_Codec/initialize_audio/twi_controller/dataByte_reg[5]/C
                         clock pessimism              0.089    21.789    
                         clock uncertainty           -0.084    21.706    
    SLICE_X157Y120       FDRE (Setup_fdre_C_CE)      -0.205    21.501    Audio_Codec/initialize_audio/twi_controller/dataByte_reg[5]
  -------------------------------------------------------------------
                         required time                         21.501    
                         arrival time                          -6.505    
  -------------------------------------------------------------------
                         slack                                 14.996    

Slack (MET) :             14.996ns  (required time - arrival time)
  Source:                 Audio_Codec/initialize_audio/twi_controller/sclCnt_reg[1]/C
                            (rising edge-triggered cell FDSE clocked by clk_out2_clk_wiz_0  {rise@0.000ns fall@10.000ns period=20.000ns})
  Destination:            Audio_Codec/initialize_audio/twi_controller/dataByte_reg[6]/CE
                            (rising edge-triggered cell FDRE clocked by clk_out2_clk_wiz_0  {rise@0.000ns fall@10.000ns period=20.000ns})
  Path Group:             clk_out2_clk_wiz_0
  Path Type:              Setup (Max at Slow Process Corner)
  Requirement:            20.000ns  (clk_out2_clk_wiz_0 rise@20.000ns - clk_out2_clk_wiz_0 rise@0.000ns)
  Data Path Delay:        4.683ns  (logic 1.525ns (32.562%)  route 3.158ns (67.438%))
  Logic Levels:           4  (LUT2=1 LUT4=2 LUT6=1)
  Clock Path Skew:        -0.032ns (DCD - SCD + CPR)
    Destination Clock Delay (DCD):    1.700ns = ( 21.700 - 20.000 ) 
    Source Clock Delay      (SCD):    1.821ns
    Clock Pessimism Removal (CPR):    0.089ns
  Clock Uncertainty:      0.084ns  ((TSJ^2 + DJ^2)^1/2) / 2 + PE
    Total System Jitter     (TSJ):    0.071ns
    Discrete Jitter          (DJ):    0.152ns
    Phase Error              (PE):    0.000ns

    Location             Delay type                Incr(ns)  Path(ns)    Netlist Resource(s)
  -------------------------------------------------------------------    -------------------
                         (clock clk_out2_clk_wiz_0 rise edge)
                                                      0.000     0.000 r  
    BUFGCTRL_X0Y2        BUFG                         0.000     0.000 r  clk_IBUF_BUFG_inst/O
                         net (fo=73, routed)          2.106     2.106    Audio_Codec/audiocodec_master_clock/inst/clk_in1
    MMCME2_ADV_X1Y0      MMCME2_ADV (Prop_mmcme2_adv_CLKIN1_CLKOUT1)
                                                     -4.900    -2.793 r  Audio_Codec/audiocodec_master_clock/inst/mmcm_adv_inst/CLKOUT1
                         net (fo=1, routed)           2.697    -0.096    Audio_Codec/audiocodec_master_clock/inst/clk_out2_clk_wiz_0
    BUFGCTRL_X0Y1        BUFG (Prop_bufg_I_O)         0.096    -0.000 r  Audio_Codec/audiocodec_master_clock/inst/clkout2_buf/O
                         net (fo=115, routed)         1.821     1.821    Audio_Codec/initialize_audio/twi_controller/clk_out2
    SLICE_X159Y117       FDSE                                         r  Audio_Codec/initialize_audio/twi_controller/sclCnt_reg[1]/C
  -------------------------------------------------------------------    -------------------
    SLICE_X159Y117       FDSE (Prop_fdse_C_Q)         0.419     2.240 f  Audio_Codec/initialize_audio/twi_controller/sclCnt_reg[1]/Q
                         net (fo=6, routed)           0.857     3.098    Audio_Codec/initialize_audio/twi_controller/sclCnt_reg[1]
    SLICE_X160Y117       LUT4 (Prop_lut4_I2_O)        0.327     3.425 f  Audio_Codec/initialize_audio/twi_controller/sclCnt[6]_i_4/O
                         net (fo=2, routed)           0.288     3.712    Audio_Codec/initialize_audio/twi_controller/sclCnt[6]_i_4_n_0
    SLICE_X160Y117       LUT4 (Prop_lut4_I0_O)        0.328     4.040 r  Audio_Codec/initialize_audio/twi_controller/subState[1]_i_2/O
                         net (fo=12, routed)          1.046     5.086    Audio_Codec/initialize_audio/twi_controller/subState[1]_i_2_n_0
    SLICE_X158Y119       LUT6 (Prop_lut6_I3_O)        0.327     5.413 r  Audio_Codec/initialize_audio/twi_controller/dataByte[7]_i_4/O
                         net (fo=4, routed)           0.293     5.706    Audio_Codec/initialize_audio/twi_controller/dataByte0
    SLICE_X157Y119       LUT2 (Prop_lut2_I1_O)        0.124     5.830 r  Audio_Codec/initialize_audio/twi_controller/dataByte[7]_i_1/O
                         net (fo=8, routed)           0.675     6.505    Audio_Codec/initialize_audio/twi_controller/dataByte[7]_i_1_n_0
    SLICE_X157Y120       FDRE                                         r  Audio_Codec/initialize_audio/twi_controller/dataByte_reg[6]/CE
  -------------------------------------------------------------------    -------------------

                         (clock clk_out2_clk_wiz_0 rise edge)
                                                     20.000    20.000 r  
    BUFGCTRL_X0Y2        BUFG                         0.000    20.000 r  clk_IBUF_BUFG_inst/O
                         net (fo=73, routed)          1.972    21.972    Audio_Codec/audiocodec_master_clock/inst/clk_in1
    MMCME2_ADV_X1Y0      MMCME2_ADV (Prop_mmcme2_adv_CLKIN1_CLKOUT1)
                                                     -4.637    17.335 r  Audio_Codec/audiocodec_master_clock/inst/mmcm_adv_inst/CLKOUT1
                         net (fo=1, routed)           2.574    19.909    Audio_Codec/audiocodec_master_clock/inst/clk_out2_clk_wiz_0
    BUFGCTRL_X0Y1        BUFG (Prop_bufg_I_O)         0.091    20.000 r  Audio_Codec/audiocodec_master_clock/inst/clkout2_buf/O
                         net (fo=115, routed)         1.700    21.700    Audio_Codec/initialize_audio/twi_controller/clk_out2
    SLICE_X157Y120       FDRE                                         r  Audio_Codec/initialize_audio/twi_controller/dataByte_reg[6]/C
                         clock pessimism              0.089    21.789    
                         clock uncertainty           -0.084    21.706    
    SLICE_X157Y120       FDRE (Setup_fdre_C_CE)      -0.205    21.501    Audio_Codec/initialize_audio/twi_controller/dataByte_reg[6]
  -------------------------------------------------------------------
                         required time                         21.501    
                         arrival time                          -6.505    
  -------------------------------------------------------------------
                         slack                                 14.996    

Slack (MET) :             15.051ns  (required time - arrival time)
  Source:                 Audio_Codec/initialize_audio/delaycnt_reg[5]/C
                            (rising edge-triggered cell FDRE clocked by clk_out2_clk_wiz_0  {rise@0.000ns fall@10.000ns period=20.000ns})
  Destination:            Audio_Codec/initialize_audio/state_reg[2]/CE
                            (rising edge-triggered cell FDSE clocked by clk_out2_clk_wiz_0  {rise@0.000ns fall@10.000ns period=20.000ns})
  Path Group:             clk_out2_clk_wiz_0
  Path Type:              Setup (Max at Slow Process Corner)
  Requirement:            20.000ns  (clk_out2_clk_wiz_0 rise@20.000ns - clk_out2_clk_wiz_0 rise@0.000ns)
  Data Path Delay:        4.630ns  (logic 1.188ns (25.659%)  route 3.442ns (74.341%))
  Logic Levels:           4  (LUT4=2 LUT5=1 LUT6=1)
  Clock Path Skew:        -0.030ns (DCD - SCD + CPR)
    Destination Clock Delay (DCD):    1.699ns = ( 21.699 - 20.000 ) 
    Source Clock Delay      (SCD):    1.818ns
    Clock Pessimism Removal (CPR):    0.089ns
  Clock Uncertainty:      0.084ns  ((TSJ^2 + DJ^2)^1/2) / 2 + PE
    Total System Jitter     (TSJ):    0.071ns
    Discrete Jitter          (DJ):    0.152ns
    Phase Error              (PE):    0.000ns

    Location             Delay type                Incr(ns)  Path(ns)    Netlist Resource(s)
  -------------------------------------------------------------------    -------------------
                         (clock clk_out2_clk_wiz_0 rise edge)
                                                      0.000     0.000 r  
    BUFGCTRL_X0Y2        BUFG                         0.000     0.000 r  clk_IBUF_BUFG_inst/O
                         net (fo=73, routed)          2.106     2.106    Audio_Codec/audiocodec_master_clock/inst/clk_in1
    MMCME2_ADV_X1Y0      MMCME2_ADV (Prop_mmcme2_adv_CLKIN1_CLKOUT1)
                                                     -4.900    -2.793 r  Audio_Codec/audiocodec_master_clock/inst/mmcm_adv_inst/CLKOUT1
                         net (fo=1, routed)           2.697    -0.096    Audio_Codec/audiocodec_master_clock/inst/clk_out2_clk_wiz_0
    BUFGCTRL_X0Y1        BUFG (Prop_bufg_I_O)         0.096    -0.000 r  Audio_Codec/audiocodec_master_clock/inst/clkout2_buf/O
                         net (fo=115, routed)         1.818     1.818    Audio_Codec/initialize_audio/clk_out2
    SLICE_X156Y119       FDRE                                         r  Audio_Codec/initialize_audio/delaycnt_reg[5]/C
  -------------------------------------------------------------------    -------------------
    SLICE_X156Y119       FDRE (Prop_fdre_C_Q)         0.456     2.274 f  Audio_Codec/initialize_audio/delaycnt_reg[5]/Q
                         net (fo=3, routed)           0.824     3.098    Audio_Codec/initialize_audio/delaycnt[5]
    SLICE_X157Y118       LUT4 (Prop_lut4_I1_O)        0.124     3.222 f  Audio_Codec/initialize_audio/state[3]_i_12/O
                         net (fo=2, routed)           0.792     4.014    Audio_Codec/initialize_audio/state[3]_i_12_n_0
    SLICE_X157Y122       LUT5 (Prop_lut5_I4_O)        0.152     4.166 f  Audio_Codec/initialize_audio/state[3]_i_7/O
                         net (fo=1, routed)           0.812     4.978    Audio_Codec/initialize_audio/state[3]_i_7_n_0
    SLICE_X157Y123       LUT4 (Prop_lut4_I2_O)        0.332     5.310 f  Audio_Codec/initialize_audio/state[3]_i_3/O
                         net (fo=4, routed)           0.490     5.800    Audio_Codec/initialize_audio/twi_controller/initEn_reg
    SLICE_X158Y121       LUT6 (Prop_lut6_I5_O)        0.124     5.924 r  Audio_Codec/initialize_audio/twi_controller/state[3]_i_1/O
                         net (fo=4, routed)           0.524     6.448    Audio_Codec/initialize_audio/twi_controller_n_9
    SLICE_X157Y121       FDSE                                         r  Audio_Codec/initialize_audio/state_reg[2]/CE
  -------------------------------------------------------------------    -------------------

                         (clock clk_out2_clk_wiz_0 rise edge)
                                                     20.000    20.000 r  
    BUFGCTRL_X0Y2        BUFG                         0.000    20.000 r  clk_IBUF_BUFG_inst/O
                         net (fo=73, routed)          1.972    21.972    Audio_Codec/audiocodec_master_clock/inst/clk_in1
    MMCME2_ADV_X1Y0      MMCME2_ADV (Prop_mmcme2_adv_CLKIN1_CLKOUT1)
                                                     -4.637    17.335 r  Audio_Codec/audiocodec_master_clock/inst/mmcm_adv_inst/CLKOUT1
                         net (fo=1, routed)           2.574    19.909    Audio_Codec/audiocodec_master_clock/inst/clk_out2_clk_wiz_0
    BUFGCTRL_X0Y1        BUFG (Prop_bufg_I_O)         0.091    20.000 r  Audio_Codec/audiocodec_master_clock/inst/clkout2_buf/O
                         net (fo=115, routed)         1.699    21.699    Audio_Codec/initialize_audio/clk_out2
    SLICE_X157Y121       FDSE                                         r  Audio_Codec/initialize_audio/state_reg[2]/C
                         clock pessimism              0.089    21.788    
                         clock uncertainty           -0.084    21.705    
    SLICE_X157Y121       FDSE (Setup_fdse_C_CE)      -0.205    21.500    Audio_Codec/initialize_audio/state_reg[2]
  -------------------------------------------------------------------
                         required time                         21.500    
                         arrival time                          -6.448    
  -------------------------------------------------------------------
                         slack                                 15.051    

Slack (MET) :             15.130ns  (required time - arrival time)
  Source:                 Audio_Codec/initialize_audio/twi_controller/sclCnt_reg[1]/C
                            (rising edge-triggered cell FDSE clocked by clk_out2_clk_wiz_0  {rise@0.000ns fall@10.000ns period=20.000ns})
  Destination:            Audio_Codec/initialize_audio/twi_controller/dataByte_reg[0]/CE
                            (rising edge-triggered cell FDRE clocked by clk_out2_clk_wiz_0  {rise@0.000ns fall@10.000ns period=20.000ns})
  Path Group:             clk_out2_clk_wiz_0
  Path Type:              Setup (Max at Slow Process Corner)
  Requirement:            20.000ns  (clk_out2_clk_wiz_0 rise@20.000ns - clk_out2_clk_wiz_0 rise@0.000ns)
  Data Path Delay:        4.550ns  (logic 1.525ns (33.519%)  route 3.025ns (66.481%))
  Logic Levels:           4  (LUT2=1 LUT4=2 LUT6=1)
  Clock Path Skew:        -0.032ns (DCD - SCD + CPR)
    Destination Clock Delay (DCD):    1.700ns = ( 21.700 - 20.000 ) 
    Source Clock Delay      (SCD):    1.821ns
    Clock Pessimism Removal (CPR):    0.089ns
  Clock Uncertainty:      0.084ns  ((TSJ^2 + DJ^2)^1/2) / 2 + PE
    Total System Jitter     (TSJ):    0.071ns
    Discrete Jitter          (DJ):    0.152ns
    Phase Error              (PE):    0.000ns

    Location             Delay type                Incr(ns)  Path(ns)    Netlist Resource(s)
  -------------------------------------------------------------------    -------------------
                         (clock clk_out2_clk_wiz_0 rise edge)
                                                      0.000     0.000 r  
    BUFGCTRL_X0Y2        BUFG                         0.000     0.000 r  clk_IBUF_BUFG_inst/O
                         net (fo=73, routed)          2.106     2.106    Audio_Codec/audiocodec_master_clock/inst/clk_in1
    MMCME2_ADV_X1Y0      MMCME2_ADV (Prop_mmcme2_adv_CLKIN1_CLKOUT1)
                                                     -4.900    -2.793 r  Audio_Codec/audiocodec_master_clock/inst/mmcm_adv_inst/CLKOUT1
                         net (fo=1, routed)           2.697    -0.096    Audio_Codec/audiocodec_master_clock/inst/clk_out2_clk_wiz_0
    BUFGCTRL_X0Y1        BUFG (Prop_bufg_I_O)         0.096    -0.000 r  Audio_Codec/audiocodec_master_clock/inst/clkout2_buf/O
                         net (fo=115, routed)         1.821     1.821    Audio_Codec/initialize_audio/twi_controller/clk_out2
    SLICE_X159Y117       FDSE                                         r  Audio_Codec/initialize_audio/twi_controller/sclCnt_reg[1]/C
  -------------------------------------------------------------------    -------------------
    SLICE_X159Y117       FDSE (Prop_fdse_C_Q)         0.419     2.240 f  Audio_Codec/initialize_audio/twi_controller/sclCnt_reg[1]/Q
                         net (fo=6, routed)           0.857     3.098    Audio_Codec/initialize_audio/twi_controller/sclCnt_reg[1]
    SLICE_X160Y117       LUT4 (Prop_lut4_I2_O)        0.327     3.425 f  Audio_Codec/initialize_audio/twi_controller/sclCnt[6]_i_4/O
                         net (fo=2, routed)           0.288     3.712    Audio_Codec/initialize_audio/twi_controller/sclCnt[6]_i_4_n_0
    SLICE_X160Y117       LUT4 (Prop_lut4_I0_O)        0.328     4.040 r  Audio_Codec/initialize_audio/twi_controller/subState[1]_i_2/O
                         net (fo=12, routed)          1.046     5.086    Audio_Codec/initialize_audio/twi_controller/subState[1]_i_2_n_0
    SLICE_X158Y119       LUT6 (Prop_lut6_I3_O)        0.327     5.413 r  Audio_Codec/initialize_audio/twi_controller/dataByte[7]_i_4/O
                         net (fo=4, routed)           0.293     5.706    Audio_Codec/initialize_audio/twi_controller/dataByte0
    SLICE_X157Y119       LUT2 (Prop_lut2_I1_O)        0.124     5.830 r  Audio_Codec/initialize_audio/twi_controller/dataByte[7]_i_1/O
                         net (fo=8, routed)           0.541     6.371    Audio_Codec/initialize_audio/twi_controller/dataByte[7]_i_1_n_0
    SLICE_X159Y120       FDRE                                         r  Audio_Codec/initialize_audio/twi_controller/dataByte_reg[0]/CE
  -------------------------------------------------------------------    -------------------

                         (clock clk_out2_clk_wiz_0 rise edge)
                                                     20.000    20.000 r  
    BUFGCTRL_X0Y2        BUFG                         0.000    20.000 r  clk_IBUF_BUFG_inst/O
                         net (fo=73, routed)          1.972    21.972    Audio_Codec/audiocodec_master_clock/inst/clk_in1
    MMCME2_ADV_X1Y0      MMCME2_ADV (Prop_mmcme2_adv_CLKIN1_CLKOUT1)
                                                     -4.637    17.335 r  Audio_Codec/audiocodec_master_clock/inst/mmcm_adv_inst/CLKOUT1
                         net (fo=1, routed)           2.574    19.909    Audio_Codec/audiocodec_master_clock/inst/clk_out2_clk_wiz_0
    BUFGCTRL_X0Y1        BUFG (Prop_bufg_I_O)         0.091    20.000 r  Audio_Codec/audiocodec_master_clock/inst/clkout2_buf/O
                         net (fo=115, routed)         1.700    21.700    Audio_Codec/initialize_audio/twi_controller/clk_out2
    SLICE_X159Y120       FDRE                                         r  Audio_Codec/initialize_audio/twi_controller/dataByte_reg[0]/C
                         clock pessimism              0.089    21.789    
                         clock uncertainty           -0.084    21.706    
    SLICE_X159Y120       FDRE (Setup_fdre_C_CE)      -0.205    21.501    Audio_Codec/initialize_audio/twi_controller/dataByte_reg[0]
  -------------------------------------------------------------------
                         required time                         21.501    
                         arrival time                          -6.371    
  -------------------------------------------------------------------
                         slack                                 15.130    

Slack (MET) :             15.130ns  (required time - arrival time)
  Source:                 Audio_Codec/initialize_audio/twi_controller/sclCnt_reg[1]/C
                            (rising edge-triggered cell FDSE clocked by clk_out2_clk_wiz_0  {rise@0.000ns fall@10.000ns period=20.000ns})
  Destination:            Audio_Codec/initialize_audio/twi_controller/dataByte_reg[1]/CE
                            (rising edge-triggered cell FDRE clocked by clk_out2_clk_wiz_0  {rise@0.000ns fall@10.000ns period=20.000ns})
  Path Group:             clk_out2_clk_wiz_0
  Path Type:              Setup (Max at Slow Process Corner)
  Requirement:            20.000ns  (clk_out2_clk_wiz_0 rise@20.000ns - clk_out2_clk_wiz_0 rise@0.000ns)
  Data Path Delay:        4.550ns  (logic 1.525ns (33.519%)  route 3.025ns (66.481%))
  Logic Levels:           4  (LUT2=1 LUT4=2 LUT6=1)
  Clock Path Skew:        -0.032ns (DCD - SCD + CPR)
    Destination Clock Delay (DCD):    1.700ns = ( 21.700 - 20.000 ) 
    Source Clock Delay      (SCD):    1.821ns
    Clock Pessimism Removal (CPR):    0.089ns
  Clock Uncertainty:      0.084ns  ((TSJ^2 + DJ^2)^1/2) / 2 + PE
    Total System Jitter     (TSJ):    0.071ns
    Discrete Jitter          (DJ):    0.152ns
    Phase Error              (PE):    0.000ns

    Location             Delay type                Incr(ns)  Path(ns)    Netlist Resource(s)
  -------------------------------------------------------------------    -------------------
                         (clock clk_out2_clk_wiz_0 rise edge)
                                                      0.000     0.000 r  
    BUFGCTRL_X0Y2        BUFG                         0.000     0.000 r  clk_IBUF_BUFG_inst/O
                         net (fo=73, routed)          2.106     2.106    Audio_Codec/audiocodec_master_clock/inst/clk_in1
    MMCME2_ADV_X1Y0      MMCME2_ADV (Prop_mmcme2_adv_CLKIN1_CLKOUT1)
                                                     -4.900    -2.793 r  Audio_Codec/audiocodec_master_clock/inst/mmcm_adv_inst/CLKOUT1
                         net (fo=1, routed)           2.697    -0.096    Audio_Codec/audiocodec_master_clock/inst/clk_out2_clk_wiz_0
    BUFGCTRL_X0Y1        BUFG (Prop_bufg_I_O)         0.096    -0.000 r  Audio_Codec/audiocodec_master_clock/inst/clkout2_buf/O
                         net (fo=115, routed)         1.821     1.821    Audio_Codec/initialize_audio/twi_controller/clk_out2
    SLICE_X159Y117       FDSE                                         r  Audio_Codec/initialize_audio/twi_controller/sclCnt_reg[1]/C
  -------------------------------------------------------------------    -------------------
    SLICE_X159Y117       FDSE (Prop_fdse_C_Q)         0.419     2.240 f  Audio_Codec/initialize_audio/twi_controller/sclCnt_reg[1]/Q
                         net (fo=6, routed)           0.857     3.098    Audio_Codec/initialize_audio/twi_controller/sclCnt_reg[1]
    SLICE_X160Y117       LUT4 (Prop_lut4_I2_O)        0.327     3.425 f  Audio_Codec/initialize_audio/twi_controller/sclCnt[6]_i_4/O
                         net (fo=2, routed)           0.288     3.712    Audio_Codec/initialize_audio/twi_controller/sclCnt[6]_i_4_n_0
    SLICE_X160Y117       LUT4 (Prop_lut4_I0_O)        0.328     4.040 r  Audio_Codec/initialize_audio/twi_controller/subState[1]_i_2/O
                         net (fo=12, routed)          1.046     5.086    Audio_Codec/initialize_audio/twi_controller/subState[1]_i_2_n_0
    SLICE_X158Y119       LUT6 (Prop_lut6_I3_O)        0.327     5.413 r  Audio_Codec/initialize_audio/twi_controller/dataByte[7]_i_4/O
                         net (fo=4, routed)           0.293     5.706    Audio_Codec/initialize_audio/twi_controller/dataByte0
    SLICE_X157Y119       LUT2 (Prop_lut2_I1_O)        0.124     5.830 r  Audio_Codec/initialize_audio/twi_controller/dataByte[7]_i_1/O
                         net (fo=8, routed)           0.541     6.371    Audio_Codec/initialize_audio/twi_controller/dataByte[7]_i_1_n_0
    SLICE_X159Y120       FDRE                                         r  Audio_Codec/initialize_audio/twi_controller/dataByte_reg[1]/CE
  -------------------------------------------------------------------    -------------------

                         (clock clk_out2_clk_wiz_0 rise edge)
                                                     20.000    20.000 r  
    BUFGCTRL_X0Y2        BUFG                         0.000    20.000 r  clk_IBUF_BUFG_inst/O
                         net (fo=73, routed)          1.972    21.972    Audio_Codec/audiocodec_master_clock/inst/clk_in1
    MMCME2_ADV_X1Y0      MMCME2_ADV (Prop_mmcme2_adv_CLKIN1_CLKOUT1)
                                                     -4.637    17.335 r  Audio_Codec/audiocodec_master_clock/inst/mmcm_adv_inst/CLKOUT1
                         net (fo=1, routed)           2.574    19.909    Audio_Codec/audiocodec_master_clock/inst/clk_out2_clk_wiz_0
    BUFGCTRL_X0Y1        BUFG (Prop_bufg_I_O)         0.091    20.000 r  Audio_Codec/audiocodec_master_clock/inst/clkout2_buf/O
                         net (fo=115, routed)         1.700    21.700    Audio_Codec/initialize_audio/twi_controller/clk_out2
    SLICE_X159Y120       FDRE                                         r  Audio_Codec/initialize_audio/twi_controller/dataByte_reg[1]/C
                         clock pessimism              0.089    21.789    
                         clock uncertainty           -0.084    21.706    
    SLICE_X159Y120       FDRE (Setup_fdre_C_CE)      -0.205    21.501    Audio_Codec/initialize_audio/twi_controller/dataByte_reg[1]
  -------------------------------------------------------------------
                         required time                         21.501    
                         arrival time                          -6.371    
  -------------------------------------------------------------------
                         slack                                 15.130    

Slack (MET) :             15.130ns  (required time - arrival time)
  Source:                 Audio_Codec/initialize_audio/twi_controller/sclCnt_reg[1]/C
                            (rising edge-triggered cell FDSE clocked by clk_out2_clk_wiz_0  {rise@0.000ns fall@10.000ns period=20.000ns})
  Destination:            Audio_Codec/initialize_audio/twi_controller/dataByte_reg[2]/CE
                            (rising edge-triggered cell FDRE clocked by clk_out2_clk_wiz_0  {rise@0.000ns fall@10.000ns period=20.000ns})
  Path Group:             clk_out2_clk_wiz_0
  Path Type:              Setup (Max at Slow Process Corner)
  Requirement:            20.000ns  (clk_out2_clk_wiz_0 rise@20.000ns - clk_out2_clk_wiz_0 rise@0.000ns)
  Data Path Delay:        4.550ns  (logic 1.525ns (33.519%)  route 3.025ns (66.481%))
  Logic Levels:           4  (LUT2=1 LUT4=2 LUT6=1)
  Clock Path Skew:        -0.032ns (DCD - SCD + CPR)
    Destination Clock Delay (DCD):    1.700ns = ( 21.700 - 20.000 ) 
    Source Clock Delay      (SCD):    1.821ns
    Clock Pessimism Removal (CPR):    0.089ns
  Clock Uncertainty:      0.084ns  ((TSJ^2 + DJ^2)^1/2) / 2 + PE
    Total System Jitter     (TSJ):    0.071ns
    Discrete Jitter          (DJ):    0.152ns
    Phase Error              (PE):    0.000ns

    Location             Delay type                Incr(ns)  Path(ns)    Netlist Resource(s)
  -------------------------------------------------------------------    -------------------
                         (clock clk_out2_clk_wiz_0 rise edge)
                                                      0.000     0.000 r  
    BUFGCTRL_X0Y2        BUFG                         0.000     0.000 r  clk_IBUF_BUFG_inst/O
                         net (fo=73, routed)          2.106     2.106    Audio_Codec/audiocodec_master_clock/inst/clk_in1
    MMCME2_ADV_X1Y0      MMCME2_ADV (Prop_mmcme2_adv_CLKIN1_CLKOUT1)
                                                     -4.900    -2.793 r  Audio_Codec/audiocodec_master_clock/inst/mmcm_adv_inst/CLKOUT1
                         net (fo=1, routed)           2.697    -0.096    Audio_Codec/audiocodec_master_clock/inst/clk_out2_clk_wiz_0
    BUFGCTRL_X0Y1        BUFG (Prop_bufg_I_O)         0.096    -0.000 r  Audio_Codec/audiocodec_master_clock/inst/clkout2_buf/O
                         net (fo=115, routed)         1.821     1.821    Audio_Codec/initialize_audio/twi_controller/clk_out2
    SLICE_X159Y117       FDSE                                         r  Audio_Codec/initialize_audio/twi_controller/sclCnt_reg[1]/C
  -------------------------------------------------------------------    -------------------
    SLICE_X159Y117       FDSE (Prop_fdse_C_Q)         0.419     2.240 f  Audio_Codec/initialize_audio/twi_controller/sclCnt_reg[1]/Q
                         net (fo=6, routed)           0.857     3.098    Audio_Codec/initialize_audio/twi_controller/sclCnt_reg[1]
    SLICE_X160Y117       LUT4 (Prop_lut4_I2_O)        0.327     3.425 f  Audio_Codec/initialize_audio/twi_controller/sclCnt[6]_i_4/O
                         net (fo=2, routed)           0.288     3.712    Audio_Codec/initialize_audio/twi_controller/sclCnt[6]_i_4_n_0
    SLICE_X160Y117       LUT4 (Prop_lut4_I0_O)        0.328     4.040 r  Audio_Codec/initialize_audio/twi_controller/subState[1]_i_2/O
                         net (fo=12, routed)          1.046     5.086    Audio_Codec/initialize_audio/twi_controller/subState[1]_i_2_n_0
    SLICE_X158Y119       LUT6 (Prop_lut6_I3_O)        0.327     5.413 r  Audio_Codec/initialize_audio/twi_controller/dataByte[7]_i_4/O
                         net (fo=4, routed)           0.293     5.706    Audio_Codec/initialize_audio/twi_controller/dataByte0
    SLICE_X157Y119       LUT2 (Prop_lut2_I1_O)        0.124     5.830 r  Audio_Codec/initialize_audio/twi_controller/dataByte[7]_i_1/O
                         net (fo=8, routed)           0.541     6.371    Audio_Codec/initialize_audio/twi_controller/dataByte[7]_i_1_n_0
    SLICE_X159Y120       FDRE                                         r  Audio_Codec/initialize_audio/twi_controller/dataByte_reg[2]/CE
  -------------------------------------------------------------------    -------------------

                         (clock clk_out2_clk_wiz_0 rise edge)
                                                     20.000    20.000 r  
    BUFGCTRL_X0Y2        BUFG                         0.000    20.000 r  clk_IBUF_BUFG_inst/O
                         net (fo=73, routed)          1.972    21.972    Audio_Codec/audiocodec_master_clock/inst/clk_in1
    MMCME2_ADV_X1Y0      MMCME2_ADV (Prop_mmcme2_adv_CLKIN1_CLKOUT1)
                                                     -4.637    17.335 r  Audio_Codec/audiocodec_master_clock/inst/mmcm_adv_inst/CLKOUT1
                         net (fo=1, routed)           2.574    19.909    Audio_Codec/audiocodec_master_clock/inst/clk_out2_clk_wiz_0
    BUFGCTRL_X0Y1        BUFG (Prop_bufg_I_O)         0.091    20.000 r  Audio_Codec/audiocodec_master_clock/inst/clkout2_buf/O
                         net (fo=115, routed)         1.700    21.700    Audio_Codec/initialize_audio/twi_controller/clk_out2
    SLICE_X159Y120       FDRE                                         r  Audio_Codec/initialize_audio/twi_controller/dataByte_reg[2]/C
                         clock pessimism              0.089    21.789    
                         clock uncertainty           -0.084    21.706    
    SLICE_X159Y120       FDRE (Setup_fdre_C_CE)      -0.205    21.501    Audio_Codec/initialize_audio/twi_controller/dataByte_reg[2]
  -------------------------------------------------------------------
                         required time                         21.501    
                         arrival time                          -6.371    
  -------------------------------------------------------------------
                         slack                                 15.130    

Slack (MET) :             15.130ns  (required time - arrival time)
  Source:                 Audio_Codec/initialize_audio/twi_controller/sclCnt_reg[1]/C
                            (rising edge-triggered cell FDSE clocked by clk_out2_clk_wiz_0  {rise@0.000ns fall@10.000ns period=20.000ns})
  Destination:            Audio_Codec/initialize_audio/twi_controller/dataByte_reg[7]/CE
                            (rising edge-triggered cell FDRE clocked by clk_out2_clk_wiz_0  {rise@0.000ns fall@10.000ns period=20.000ns})
  Path Group:             clk_out2_clk_wiz_0
  Path Type:              Setup (Max at Slow Process Corner)
  Requirement:            20.000ns  (clk_out2_clk_wiz_0 rise@20.000ns - clk_out2_clk_wiz_0 rise@0.000ns)
  Data Path Delay:        4.550ns  (logic 1.525ns (33.519%)  route 3.025ns (66.481%))
  Logic Levels:           4  (LUT2=1 LUT4=2 LUT6=1)
  Clock Path Skew:        -0.032ns (DCD - SCD + CPR)
    Destination Clock Delay (DCD):    1.700ns = ( 21.700 - 20.000 ) 
    Source Clock Delay      (SCD):    1.821ns
    Clock Pessimism Removal (CPR):    0.089ns
  Clock Uncertainty:      0.084ns  ((TSJ^2 + DJ^2)^1/2) / 2 + PE
    Total System Jitter     (TSJ):    0.071ns
    Discrete Jitter          (DJ):    0.152ns
    Phase Error              (PE):    0.000ns

    Location             Delay type                Incr(ns)  Path(ns)    Netlist Resource(s)
  -------------------------------------------------------------------    -------------------
                         (clock clk_out2_clk_wiz_0 rise edge)
                                                      0.000     0.000 r  
    BUFGCTRL_X0Y2        BUFG                         0.000     0.000 r  clk_IBUF_BUFG_inst/O
                         net (fo=73, routed)          2.106     2.106    Audio_Codec/audiocodec_master_clock/inst/clk_in1
    MMCME2_ADV_X1Y0      MMCME2_ADV (Prop_mmcme2_adv_CLKIN1_CLKOUT1)
                                                     -4.900    -2.793 r  Audio_Codec/audiocodec_master_clock/inst/mmcm_adv_inst/CLKOUT1
                         net (fo=1, routed)           2.697    -0.096    Audio_Codec/audiocodec_master_clock/inst/clk_out2_clk_wiz_0
    BUFGCTRL_X0Y1        BUFG (Prop_bufg_I_O)         0.096    -0.000 r  Audio_Codec/audiocodec_master_clock/inst/clkout2_buf/O
                         net (fo=115, routed)         1.821     1.821    Audio_Codec/initialize_audio/twi_controller/clk_out2
    SLICE_X159Y117       FDSE                                         r  Audio_Codec/initialize_audio/twi_controller/sclCnt_reg[1]/C
  -------------------------------------------------------------------    -------------------
    SLICE_X159Y117       FDSE (Prop_fdse_C_Q)         0.419     2.240 f  Audio_Codec/initialize_audio/twi_controller/sclCnt_reg[1]/Q
                         net (fo=6, routed)           0.857     3.098    Audio_Codec/initialize_audio/twi_controller/sclCnt_reg[1]
    SLICE_X160Y117       LUT4 (Prop_lut4_I2_O)        0.327     3.425 f  Audio_Codec/initialize_audio/twi_controller/sclCnt[6]_i_4/O
                         net (fo=2, routed)           0.288     3.712    Audio_Codec/initialize_audio/twi_controller/sclCnt[6]_i_4_n_0
    SLICE_X160Y117       LUT4 (Prop_lut4_I0_O)        0.328     4.040 r  Audio_Codec/initialize_audio/twi_controller/subState[1]_i_2/O
                         net (fo=12, routed)          1.046     5.086    Audio_Codec/initialize_audio/twi_controller/subState[1]_i_2_n_0
    SLICE_X158Y119       LUT6 (Prop_lut6_I3_O)        0.327     5.413 r  Audio_Codec/initialize_audio/twi_controller/dataByte[7]_i_4/O
                         net (fo=4, routed)           0.293     5.706    Audio_Codec/initialize_audio/twi_controller/dataByte0
    SLICE_X157Y119       LUT2 (Prop_lut2_I1_O)        0.124     5.830 r  Audio_Codec/initialize_audio/twi_controller/dataByte[7]_i_1/O
                         net (fo=8, routed)           0.541     6.371    Audio_Codec/initialize_audio/twi_controller/dataByte[7]_i_1_n_0
    SLICE_X159Y120       FDRE                                         r  Audio_Codec/initialize_audio/twi_controller/dataByte_reg[7]/CE
  -------------------------------------------------------------------    -------------------

                         (clock clk_out2_clk_wiz_0 rise edge)
                                                     20.000    20.000 r  
    BUFGCTRL_X0Y2        BUFG                         0.000    20.000 r  clk_IBUF_BUFG_inst/O
                         net (fo=73, routed)          1.972    21.972    Audio_Codec/audiocodec_master_clock/inst/clk_in1
    MMCME2_ADV_X1Y0      MMCME2_ADV (Prop_mmcme2_adv_CLKIN1_CLKOUT1)
                                                     -4.637    17.335 r  Audio_Codec/audiocodec_master_clock/inst/mmcm_adv_inst/CLKOUT1
                         net (fo=1, routed)           2.574    19.909    Audio_Codec/audiocodec_master_clock/inst/clk_out2_clk_wiz_0
    BUFGCTRL_X0Y1        BUFG (Prop_bufg_I_O)         0.091    20.000 r  Audio_Codec/audiocodec_master_clock/inst/clkout2_buf/O
                         net (fo=115, routed)         1.700    21.700    Audio_Codec/initialize_audio/twi_controller/clk_out2
    SLICE_X159Y120       FDRE                                         r  Audio_Codec/initialize_audio/twi_controller/dataByte_reg[7]/C
                         clock pessimism              0.089    21.789    
                         clock uncertainty           -0.084    21.706    
    SLICE_X159Y120       FDRE (Setup_fdre_C_CE)      -0.205    21.501    Audio_Codec/initialize_audio/twi_controller/dataByte_reg[7]
  -------------------------------------------------------------------
                         required time                         21.501    
                         arrival time                          -6.371    
  -------------------------------------------------------------------
                         slack                                 15.130    

Slack (MET) :             15.220ns  (required time - arrival time)
  Source:                 Audio_Codec/initialize_audio/delaycnt_reg[5]/C
                            (rising edge-triggered cell FDRE clocked by clk_out2_clk_wiz_0  {rise@0.000ns fall@10.000ns period=20.000ns})
  Destination:            Audio_Codec/initialize_audio/state_reg[0]/CE
                            (rising edge-triggered cell FDRE clocked by clk_out2_clk_wiz_0  {rise@0.000ns fall@10.000ns period=20.000ns})
  Path Group:             clk_out2_clk_wiz_0
  Path Type:              Setup (Max at Slow Process Corner)
  Requirement:            20.000ns  (clk_out2_clk_wiz_0 rise@20.000ns - clk_out2_clk_wiz_0 rise@0.000ns)
  Data Path Delay:        4.497ns  (logic 1.188ns (26.417%)  route 3.309ns (73.583%))
  Logic Levels:           4  (LUT4=2 LUT5=1 LUT6=1)
  Clock Path Skew:        -0.030ns (DCD - SCD + CPR)
    Destination Clock Delay (DCD):    1.699ns = ( 21.699 - 20.000 ) 
    Source Clock Delay      (SCD):    1.818ns
    Clock Pessimism Removal (CPR):    0.089ns
  Clock Uncertainty:      0.084ns  ((TSJ^2 + DJ^2)^1/2) / 2 + PE
    Total System Jitter     (TSJ):    0.071ns
    Discrete Jitter          (DJ):    0.152ns
    Phase Error              (PE):    0.000ns

    Location             Delay type                Incr(ns)  Path(ns)    Netlist Resource(s)
  -------------------------------------------------------------------    -------------------
                         (clock clk_out2_clk_wiz_0 rise edge)
                                                      0.000     0.000 r  
    BUFGCTRL_X0Y2        BUFG                         0.000     0.000 r  clk_IBUF_BUFG_inst/O
                         net (fo=73, routed)          2.106     2.106    Audio_Codec/audiocodec_master_clock/inst/clk_in1
    MMCME2_ADV_X1Y0      MMCME2_ADV (Prop_mmcme2_adv_CLKIN1_CLKOUT1)
                                                     -4.900    -2.793 r  Audio_Codec/audiocodec_master_clock/inst/mmcm_adv_inst/CLKOUT1
                         net (fo=1, routed)           2.697    -0.096    Audio_Codec/audiocodec_master_clock/inst/clk_out2_clk_wiz_0
    BUFGCTRL_X0Y1        BUFG (Prop_bufg_I_O)         0.096    -0.000 r  Audio_Codec/audiocodec_master_clock/inst/clkout2_buf/O
                         net (fo=115, routed)         1.818     1.818    Audio_Codec/initialize_audio/clk_out2
    SLICE_X156Y119       FDRE                                         r  Audio_Codec/initialize_audio/delaycnt_reg[5]/C
  -------------------------------------------------------------------    -------------------
    SLICE_X156Y119       FDRE (Prop_fdre_C_Q)         0.456     2.274 f  Audio_Codec/initialize_audio/delaycnt_reg[5]/Q
                         net (fo=3, routed)           0.824     3.098    Audio_Codec/initialize_audio/delaycnt[5]
    SLICE_X157Y118       LUT4 (Prop_lut4_I1_O)        0.124     3.222 f  Audio_Codec/initialize_audio/state[3]_i_12/O
                         net (fo=2, routed)           0.792     4.014    Audio_Codec/initialize_audio/state[3]_i_12_n_0
    SLICE_X157Y122       LUT5 (Prop_lut5_I4_O)        0.152     4.166 f  Audio_Codec/initialize_audio/state[3]_i_7/O
                         net (fo=1, routed)           0.812     4.978    Audio_Codec/initialize_audio/state[3]_i_7_n_0
    SLICE_X157Y123       LUT4 (Prop_lut4_I2_O)        0.332     5.310 f  Audio_Codec/initialize_audio/state[3]_i_3/O
                         net (fo=4, routed)           0.490     5.800    Audio_Codec/initialize_audio/twi_controller/initEn_reg
    SLICE_X158Y121       LUT6 (Prop_lut6_I5_O)        0.124     5.924 r  Audio_Codec/initialize_audio/twi_controller/state[3]_i_1/O
                         net (fo=4, routed)           0.391     6.315    Audio_Codec/initialize_audio/twi_controller_n_9
    SLICE_X158Y121       FDRE                                         r  Audio_Codec/initialize_audio/state_reg[0]/CE
  -------------------------------------------------------------------    -------------------

                         (clock clk_out2_clk_wiz_0 rise edge)
                                                     20.000    20.000 r  
    BUFGCTRL_X0Y2        BUFG                         0.000    20.000 r  clk_IBUF_BUFG_inst/O
                         net (fo=73, routed)          1.972    21.972    Audio_Codec/audiocodec_master_clock/inst/clk_in1
    MMCME2_ADV_X1Y0      MMCME2_ADV (Prop_mmcme2_adv_CLKIN1_CLKOUT1)
                                                     -4.637    17.335 r  Audio_Codec/audiocodec_master_clock/inst/mmcm_adv_inst/CLKOUT1
                         net (fo=1, routed)           2.574    19.909    Audio_Codec/audiocodec_master_clock/inst/clk_out2_clk_wiz_0
    BUFGCTRL_X0Y1        BUFG (Prop_bufg_I_O)         0.091    20.000 r  Audio_Codec/audiocodec_master_clock/inst/clkout2_buf/O
                         net (fo=115, routed)         1.699    21.699    Audio_Codec/initialize_audio/clk_out2
    SLICE_X158Y121       FDRE                                         r  Audio_Codec/initialize_audio/state_reg[0]/C
                         clock pessimism              0.089    21.788    
                         clock uncertainty           -0.084    21.705    
    SLICE_X158Y121       FDRE (Setup_fdre_C_CE)      -0.169    21.536    Audio_Codec/initialize_audio/state_reg[0]
  -------------------------------------------------------------------
                         required time                         21.536    
                         arrival time                          -6.315    
  -------------------------------------------------------------------
                         slack                                 15.220    

Slack (MET) :             15.220ns  (required time - arrival time)
  Source:                 Audio_Codec/initialize_audio/delaycnt_reg[5]/C
                            (rising edge-triggered cell FDRE clocked by clk_out2_clk_wiz_0  {rise@0.000ns fall@10.000ns period=20.000ns})
  Destination:            Audio_Codec/initialize_audio/state_reg[1]/CE
                            (rising edge-triggered cell FDSE clocked by clk_out2_clk_wiz_0  {rise@0.000ns fall@10.000ns period=20.000ns})
  Path Group:             clk_out2_clk_wiz_0
  Path Type:              Setup (Max at Slow Process Corner)
  Requirement:            20.000ns  (clk_out2_clk_wiz_0 rise@20.000ns - clk_out2_clk_wiz_0 rise@0.000ns)
  Data Path Delay:        4.497ns  (logic 1.188ns (26.417%)  route 3.309ns (73.583%))
  Logic Levels:           4  (LUT4=2 LUT5=1 LUT6=1)
  Clock Path Skew:        -0.030ns (DCD - SCD + CPR)
    Destination Clock Delay (DCD):    1.699ns = ( 21.699 - 20.000 ) 
    Source Clock Delay      (SCD):    1.818ns
    Clock Pessimism Removal (CPR):    0.089ns
  Clock Uncertainty:      0.084ns  ((TSJ^2 + DJ^2)^1/2) / 2 + PE
    Total System Jitter     (TSJ):    0.071ns
    Discrete Jitter          (DJ):    0.152ns
    Phase Error              (PE):    0.000ns

    Location             Delay type                Incr(ns)  Path(ns)    Netlist Resource(s)
  -------------------------------------------------------------------    -------------------
                         (clock clk_out2_clk_wiz_0 rise edge)
                                                      0.000     0.000 r  
    BUFGCTRL_X0Y2        BUFG                         0.000     0.000 r  clk_IBUF_BUFG_inst/O
                         net (fo=73, routed)          2.106     2.106    Audio_Codec/audiocodec_master_clock/inst/clk_in1
    MMCME2_ADV_X1Y0      MMCME2_ADV (Prop_mmcme2_adv_CLKIN1_CLKOUT1)
                                                     -4.900    -2.793 r  Audio_Codec/audiocodec_master_clock/inst/mmcm_adv_inst/CLKOUT1
                         net (fo=1, routed)           2.697    -0.096    Audio_Codec/audiocodec_master_clock/inst/clk_out2_clk_wiz_0
    BUFGCTRL_X0Y1        BUFG (Prop_bufg_I_O)         0.096    -0.000 r  Audio_Codec/audiocodec_master_clock/inst/clkout2_buf/O
                         net (fo=115, routed)         1.818     1.818    Audio_Codec/initialize_audio/clk_out2
    SLICE_X156Y119       FDRE                                         r  Audio_Codec/initialize_audio/delaycnt_reg[5]/C
  -------------------------------------------------------------------    -------------------
    SLICE_X156Y119       FDRE (Prop_fdre_C_Q)         0.456     2.274 f  Audio_Codec/initialize_audio/delaycnt_reg[5]/Q
                         net (fo=3, routed)           0.824     3.098    Audio_Codec/initialize_audio/delaycnt[5]
    SLICE_X157Y118       LUT4 (Prop_lut4_I1_O)        0.124     3.222 f  Audio_Codec/initialize_audio/state[3]_i_12/O
                         net (fo=2, routed)           0.792     4.014    Audio_Codec/initialize_audio/state[3]_i_12_n_0
    SLICE_X157Y122       LUT5 (Prop_lut5_I4_O)        0.152     4.166 f  Audio_Codec/initialize_audio/state[3]_i_7/O
                         net (fo=1, routed)           0.812     4.978    Audio_Codec/initialize_audio/state[3]_i_7_n_0
    SLICE_X157Y123       LUT4 (Prop_lut4_I2_O)        0.332     5.310 f  Audio_Codec/initialize_audio/state[3]_i_3/O
                         net (fo=4, routed)           0.490     5.800    Audio_Codec/initialize_audio/twi_controller/initEn_reg
    SLICE_X158Y121       LUT6 (Prop_lut6_I5_O)        0.124     5.924 r  Audio_Codec/initialize_audio/twi_controller/state[3]_i_1/O
                         net (fo=4, routed)           0.391     6.315    Audio_Codec/initialize_audio/twi_controller_n_9
    SLICE_X158Y121       FDSE                                         r  Audio_Codec/initialize_audio/state_reg[1]/CE
  -------------------------------------------------------------------    -------------------

                         (clock clk_out2_clk_wiz_0 rise edge)
                                                     20.000    20.000 r  
    BUFGCTRL_X0Y2        BUFG                         0.000    20.000 r  clk_IBUF_BUFG_inst/O
                         net (fo=73, routed)          1.972    21.972    Audio_Codec/audiocodec_master_clock/inst/clk_in1
    MMCME2_ADV_X1Y0      MMCME2_ADV (Prop_mmcme2_adv_CLKIN1_CLKOUT1)
                                                     -4.637    17.335 r  Audio_Codec/audiocodec_master_clock/inst/mmcm_adv_inst/CLKOUT1
                         net (fo=1, routed)           2.574    19.909    Audio_Codec/audiocodec_master_clock/inst/clk_out2_clk_wiz_0
    BUFGCTRL_X0Y1        BUFG (Prop_bufg_I_O)         0.091    20.000 r  Audio_Codec/audiocodec_master_clock/inst/clkout2_buf/O
                         net (fo=115, routed)         1.699    21.699    Audio_Codec/initialize_audio/clk_out2
    SLICE_X158Y121       FDSE                                         r  Audio_Codec/initialize_audio/state_reg[1]/C
                         clock pessimism              0.089    21.788    
                         clock uncertainty           -0.084    21.705    
    SLICE_X158Y121       FDSE (Setup_fdse_C_CE)      -0.169    21.536    Audio_Codec/initialize_audio/state_reg[1]
  -------------------------------------------------------------------
                         required time                         21.536    
                         arrival time                          -6.315    
  -------------------------------------------------------------------
                         slack                                 15.220    

Slack (MET) :             15.220ns  (required time - arrival time)
  Source:                 Audio_Codec/initialize_audio/delaycnt_reg[5]/C
                            (rising edge-triggered cell FDRE clocked by clk_out2_clk_wiz_0  {rise@0.000ns fall@10.000ns period=20.000ns})
  Destination:            Audio_Codec/initialize_audio/state_reg[3]/CE
                            (rising edge-triggered cell FDRE clocked by clk_out2_clk_wiz_0  {rise@0.000ns fall@10.000ns period=20.000ns})
  Path Group:             clk_out2_clk_wiz_0
  Path Type:              Setup (Max at Slow Process Corner)
  Requirement:            20.000ns  (clk_out2_clk_wiz_0 rise@20.000ns - clk_out2_clk_wiz_0 rise@0.000ns)
  Data Path Delay:        4.497ns  (logic 1.188ns (26.417%)  route 3.309ns (73.583%))
  Logic Levels:           4  (LUT4=2 LUT5=1 LUT6=1)
  Clock Path Skew:        -0.030ns (DCD - SCD + CPR)
    Destination Clock Delay (DCD):    1.699ns = ( 21.699 - 20.000 ) 
    Source Clock Delay      (SCD):    1.818ns
    Clock Pessimism Removal (CPR):    0.089ns
  Clock Uncertainty:      0.084ns  ((TSJ^2 + DJ^2)^1/2) / 2 + PE
    Total System Jitter     (TSJ):    0.071ns
    Discrete Jitter          (DJ):    0.152ns
    Phase Error              (PE):    0.000ns

    Location             Delay type                Incr(ns)  Path(ns)    Netlist Resource(s)
  -------------------------------------------------------------------    -------------------
                         (clock clk_out2_clk_wiz_0 rise edge)
                                                      0.000     0.000 r  
    BUFGCTRL_X0Y2        BUFG                         0.000     0.000 r  clk_IBUF_BUFG_inst/O
                         net (fo=73, routed)          2.106     2.106    Audio_Codec/audiocodec_master_clock/inst/clk_in1
    MMCME2_ADV_X1Y0      MMCME2_ADV (Prop_mmcme2_adv_CLKIN1_CLKOUT1)
                                                     -4.900    -2.793 r  Audio_Codec/audiocodec_master_clock/inst/mmcm_adv_inst/CLKOUT1
                         net (fo=1, routed)           2.697    -0.096    Audio_Codec/audiocodec_master_clock/inst/clk_out2_clk_wiz_0
    BUFGCTRL_X0Y1        BUFG (Prop_bufg_I_O)         0.096    -0.000 r  Audio_Codec/audiocodec_master_clock/inst/clkout2_buf/O
                         net (fo=115, routed)         1.818     1.818    Audio_Codec/initialize_audio/clk_out2
    SLICE_X156Y119       FDRE                                         r  Audio_Codec/initialize_audio/delaycnt_reg[5]/C
  -------------------------------------------------------------------    -------------------
    SLICE_X156Y119       FDRE (Prop_fdre_C_Q)         0.456     2.274 f  Audio_Codec/initialize_audio/delaycnt_reg[5]/Q
                         net (fo=3, routed)           0.824     3.098    Audio_Codec/initialize_audio/delaycnt[5]
    SLICE_X157Y118       LUT4 (Prop_lut4_I1_O)        0.124     3.222 f  Audio_Codec/initialize_audio/state[3]_i_12/O
                         net (fo=2, routed)           0.792     4.014    Audio_Codec/initialize_audio/state[3]_i_12_n_0
    SLICE_X157Y122       LUT5 (Prop_lut5_I4_O)        0.152     4.166 f  Audio_Codec/initialize_audio/state[3]_i_7/O
                         net (fo=1, routed)           0.812     4.978    Audio_Codec/initialize_audio/state[3]_i_7_n_0
    SLICE_X157Y123       LUT4 (Prop_lut4_I2_O)        0.332     5.310 f  Audio_Codec/initialize_audio/state[3]_i_3/O
                         net (fo=4, routed)           0.490     5.800    Audio_Codec/initialize_audio/twi_controller/initEn_reg
    SLICE_X158Y121       LUT6 (Prop_lut6_I5_O)        0.124     5.924 r  Audio_Codec/initialize_audio/twi_controller/state[3]_i_1/O
                         net (fo=4, routed)           0.391     6.315    Audio_Codec/initialize_audio/twi_controller_n_9
    SLICE_X158Y121       FDRE                                         r  Audio_Codec/initialize_audio/state_reg[3]/CE
  -------------------------------------------------------------------    -------------------

                         (clock clk_out2_clk_wiz_0 rise edge)
                                                     20.000    20.000 r  
    BUFGCTRL_X0Y2        BUFG                         0.000    20.000 r  clk_IBUF_BUFG_inst/O
                         net (fo=73, routed)          1.972    21.972    Audio_Codec/audiocodec_master_clock/inst/clk_in1
    MMCME2_ADV_X1Y0      MMCME2_ADV (Prop_mmcme2_adv_CLKIN1_CLKOUT1)
                                                     -4.637    17.335 r  Audio_Codec/audiocodec_master_clock/inst/mmcm_adv_inst/CLKOUT1
                         net (fo=1, routed)           2.574    19.909    Audio_Codec/audiocodec_master_clock/inst/clk_out2_clk_wiz_0
    BUFGCTRL_X0Y1        BUFG (Prop_bufg_I_O)         0.091    20.000 r  Audio_Codec/audiocodec_master_clock/inst/clkout2_buf/O
                         net (fo=115, routed)         1.699    21.699    Audio_Codec/initialize_audio/clk_out2
    SLICE_X158Y121       FDRE                                         r  Audio_Codec/initialize_audio/state_reg[3]/C
                         clock pessimism              0.089    21.788    
                         clock uncertainty           -0.084    21.705    
    SLICE_X158Y121       FDRE (Setup_fdre_C_CE)      -0.169    21.536    Audio_Codec/initialize_audio/state_reg[3]
  -------------------------------------------------------------------
                         required time                         21.536    
                         arrival time                          -6.315    
  -------------------------------------------------------------------
                         slack                                 15.220    





Min Delay Paths
--------------------------------------------------------------------------------------
Slack (MET) :             0.179ns  (arrival time - required time)
  Source:                 Audio_Codec/initialize_audio/initWord_reg[11]/C
                            (rising edge-triggered cell FDRE clocked by clk_out2_clk_wiz_0  {rise@0.000ns fall@10.000ns period=20.000ns})
  Destination:            Audio_Codec/initialize_audio/data_i_reg[3]/D
                            (rising edge-triggered cell FDRE clocked by clk_out2_clk_wiz_0  {rise@0.000ns fall@10.000ns period=20.000ns})
  Path Group:             clk_out2_clk_wiz_0
  Path Type:              Hold (Min at Fast Process Corner)
  Requirement:            0.000ns  (clk_out2_clk_wiz_0 rise@0.000ns - clk_out2_clk_wiz_0 rise@0.000ns)
  Data Path Delay:        0.284ns  (logic 0.186ns (65.524%)  route 0.098ns (34.476%))
  Logic Levels:           1  (LUT6=1)
  Clock Path Skew:        0.013ns (DCD - SCD - CPR)
    Destination Clock Delay (DCD):    0.908ns
    Source Clock Delay      (SCD):    0.638ns
    Clock Pessimism Removal (CPR):    0.257ns

    Location             Delay type                Incr(ns)  Path(ns)    Netlist Resource(s)
  -------------------------------------------------------------------    -------------------
                         (clock clk_out2_clk_wiz_0 rise edge)
                                                      0.000     0.000 r  
    BUFGCTRL_X0Y2        BUFG                         0.000     0.000 r  clk_IBUF_BUFG_inst/O
                         net (fo=73, routed)          0.745     0.745    Audio_Codec/audiocodec_master_clock/inst/clk_in1
    MMCME2_ADV_X1Y0      MMCME2_ADV (Prop_mmcme2_adv_CLKIN1_CLKOUT1)
                                                     -1.683    -0.938 r  Audio_Codec/audiocodec_master_clock/inst/mmcm_adv_inst/CLKOUT1
                         net (fo=1, routed)           0.912    -0.026    Audio_Codec/audiocodec_master_clock/inst/clk_out2_clk_wiz_0
    BUFGCTRL_X0Y1        BUFG (Prop_bufg_I_O)         0.026    -0.000 r  Audio_Codec/audiocodec_master_clock/inst/clkout2_buf/O
                         net (fo=115, routed)         0.638     0.638    Audio_Codec/initialize_audio/clk_out2
    SLICE_X161Y122       FDRE                                         r  Audio_Codec/initialize_audio/initWord_reg[11]/C
  -------------------------------------------------------------------    -------------------
    SLICE_X161Y122       FDRE (Prop_fdre_C_Q)         0.141     0.779 r  Audio_Codec/initialize_audio/initWord_reg[11]/Q
                         net (fo=1, routed)           0.098     0.876    Audio_Codec/initialize_audio/data2[3]
    SLICE_X160Y122       LUT6 (Prop_lut6_I0_O)        0.045     0.921 r  Audio_Codec/initialize_audio/data_i[3]_i_1/O
                         net (fo=1, routed)           0.000     0.921    Audio_Codec/initialize_audio/data_i[3]_i_1_n_0
    SLICE_X160Y122       FDRE                                         r  Audio_Codec/initialize_audio/data_i_reg[3]/D
  -------------------------------------------------------------------    -------------------

                         (clock clk_out2_clk_wiz_0 rise edge)
                                                      0.000     0.000 r  
    BUFGCTRL_X0Y2        BUFG                         0.000     0.000 r  clk_IBUF_BUFG_inst/O
                         net (fo=73, routed)          1.022     1.022    Audio_Codec/audiocodec_master_clock/inst/clk_in1
    MMCME2_ADV_X1Y0      MMCME2_ADV (Prop_mmcme2_adv_CLKIN1_CLKOUT1)
                                                     -2.040    -1.018 r  Audio_Codec/audiocodec_master_clock/inst/mmcm_adv_inst/CLKOUT1
                         net (fo=1, routed)           0.989    -0.029    Audio_Codec/audiocodec_master_clock/inst/clk_out2_clk_wiz_0
    BUFGCTRL_X0Y1        BUFG (Prop_bufg_I_O)         0.029    -0.000 r  Audio_Codec/audiocodec_master_clock/inst/clkout2_buf/O
                         net (fo=115, routed)         0.908     0.908    Audio_Codec/initialize_audio/clk_out2
    SLICE_X160Y122       FDRE                                         r  Audio_Codec/initialize_audio/data_i_reg[3]/C
                         clock pessimism             -0.257     0.651    
    SLICE_X160Y122       FDRE (Hold_fdre_C_D)         0.092     0.743    Audio_Codec/initialize_audio/data_i_reg[3]
  -------------------------------------------------------------------
                         required time                         -0.743    
                         arrival time                           0.921    
  -------------------------------------------------------------------
                         slack                                  0.179    

Slack (MET) :             0.180ns  (arrival time - required time)
  Source:                 Audio_Codec/initialize_audio/data_i_reg[4]/C
                            (rising edge-triggered cell FDRE clocked by clk_out2_clk_wiz_0  {rise@0.000ns fall@10.000ns period=20.000ns})
  Destination:            Audio_Codec/initialize_audio/twi_controller/dataByte_reg[4]/D
                            (rising edge-triggered cell FDRE clocked by clk_out2_clk_wiz_0  {rise@0.000ns fall@10.000ns period=20.000ns})
  Path Group:             clk_out2_clk_wiz_0
  Path Type:              Hold (Min at Fast Process Corner)
  Requirement:            0.000ns  (clk_out2_clk_wiz_0 rise@0.000ns - clk_out2_clk_wiz_0 rise@0.000ns)
  Data Path Delay:        0.338ns  (logic 0.186ns (54.998%)  route 0.152ns (45.002%))
  Logic Levels:           1  (LUT4=1)
  Clock Path Skew:        0.037ns (DCD - SCD - CPR)
    Destination Clock Delay (DCD):    0.909ns
    Source Clock Delay      (SCD):    0.638ns
    Clock Pessimism Removal (CPR):    0.234ns

    Location             Delay type                Incr(ns)  Path(ns)    Netlist Resource(s)
  -------------------------------------------------------------------    -------------------
                         (clock clk_out2_clk_wiz_0 rise edge)
                                                      0.000     0.000 r  
    BUFGCTRL_X0Y2        BUFG                         0.000     0.000 r  clk_IBUF_BUFG_inst/O
                         net (fo=73, routed)          0.745     0.745    Audio_Codec/audiocodec_master_clock/inst/clk_in1
    MMCME2_ADV_X1Y0      MMCME2_ADV (Prop_mmcme2_adv_CLKIN1_CLKOUT1)
                                                     -1.683    -0.938 r  Audio_Codec/audiocodec_master_clock/inst/mmcm_adv_inst/CLKOUT1
                         net (fo=1, routed)           0.912    -0.026    Audio_Codec/audiocodec_master_clock/inst/clk_out2_clk_wiz_0
    BUFGCTRL_X0Y1        BUFG (Prop_bufg_I_O)         0.026    -0.000 r  Audio_Codec/audiocodec_master_clock/inst/clkout2_buf/O
                         net (fo=115, routed)         0.638     0.638    Audio_Codec/initialize_audio/clk_out2
    SLICE_X160Y121       FDRE                                         r  Audio_Codec/initialize_audio/data_i_reg[4]/C
  -------------------------------------------------------------------    -------------------
    SLICE_X160Y121       FDRE (Prop_fdre_C_Q)         0.141     0.779 r  Audio_Codec/initialize_audio/data_i_reg[4]/Q
                         net (fo=1, routed)           0.152     0.931    Audio_Codec/initialize_audio/twi_controller/data_i[4]
    SLICE_X158Y120       LUT4 (Prop_lut4_I2_O)        0.045     0.976 r  Audio_Codec/initialize_audio/twi_controller/dataByte[4]_i_1/O
                         net (fo=1, routed)           0.000     0.976    Audio_Codec/initialize_audio/twi_controller/dataByte[4]_i_1_n_0
    SLICE_X158Y120       FDRE                                         r  Audio_Codec/initialize_audio/twi_controller/dataByte_reg[4]/D
  -------------------------------------------------------------------    -------------------

                         (clock clk_out2_clk_wiz_0 rise edge)
                                                      0.000     0.000 r  
    BUFGCTRL_X0Y2        BUFG                         0.000     0.000 r  clk_IBUF_BUFG_inst/O
                         net (fo=73, routed)          1.022     1.022    Audio_Codec/audiocodec_master_clock/inst/clk_in1
    MMCME2_ADV_X1Y0      MMCME2_ADV (Prop_mmcme2_adv_CLKIN1_CLKOUT1)
                                                     -2.040    -1.018 r  Audio_Codec/audiocodec_master_clock/inst/mmcm_adv_inst/CLKOUT1
                         net (fo=1, routed)           0.989    -0.029    Audio_Codec/audiocodec_master_clock/inst/clk_out2_clk_wiz_0
    BUFGCTRL_X0Y1        BUFG (Prop_bufg_I_O)         0.029    -0.000 r  Audio_Codec/audiocodec_master_clock/inst/clkout2_buf/O
                         net (fo=115, routed)         0.909     0.909    Audio_Codec/initialize_audio/twi_controller/clk_out2
    SLICE_X158Y120       FDRE                                         r  Audio_Codec/initialize_audio/twi_controller/dataByte_reg[4]/C
                         clock pessimism             -0.234     0.675    
    SLICE_X158Y120       FDRE (Hold_fdre_C_D)         0.121     0.796    Audio_Codec/initialize_audio/twi_controller/dataByte_reg[4]
  -------------------------------------------------------------------
                         required time                         -0.796    
                         arrival time                           0.976    
  -------------------------------------------------------------------
                         slack                                  0.180    

Slack (MET) :             0.191ns  (arrival time - required time)
  Source:                 Audio_Codec/initialize_audio/twi_controller/dataByte_reg[2]/C
                            (rising edge-triggered cell FDRE clocked by clk_out2_clk_wiz_0  {rise@0.000ns fall@10.000ns period=20.000ns})
  Destination:            Audio_Codec/initialize_audio/twi_controller/dataByte_reg[3]/D
                            (rising edge-triggered cell FDRE clocked by clk_out2_clk_wiz_0  {rise@0.000ns fall@10.000ns period=20.000ns})
  Path Group:             clk_out2_clk_wiz_0
  Path Type:              Hold (Min at Fast Process Corner)
  Requirement:            0.000ns  (clk_out2_clk_wiz_0 rise@0.000ns - clk_out2_clk_wiz_0 rise@0.000ns)
  Data Path Delay:        0.325ns  (logic 0.186ns (57.212%)  route 0.139ns (42.788%))
  Logic Levels:           1  (LUT4=1)
  Clock Path Skew:        0.013ns (DCD - SCD - CPR)
    Destination Clock Delay (DCD):    0.909ns
    Source Clock Delay      (SCD):    0.638ns
    Clock Pessimism Removal (CPR):    0.258ns

    Location             Delay type                Incr(ns)  Path(ns)    Netlist Resource(s)
  -------------------------------------------------------------------    -------------------
                         (clock clk_out2_clk_wiz_0 rise edge)
                                                      0.000     0.000 r  
    BUFGCTRL_X0Y2        BUFG                         0.000     0.000 r  clk_IBUF_BUFG_inst/O
                         net (fo=73, routed)          0.745     0.745    Audio_Codec/audiocodec_master_clock/inst/clk_in1
    MMCME2_ADV_X1Y0      MMCME2_ADV (Prop_mmcme2_adv_CLKIN1_CLKOUT1)
                                                     -1.683    -0.938 r  Audio_Codec/audiocodec_master_clock/inst/mmcm_adv_inst/CLKOUT1
                         net (fo=1, routed)           0.912    -0.026    Audio_Codec/audiocodec_master_clock/inst/clk_out2_clk_wiz_0
    BUFGCTRL_X0Y1        BUFG (Prop_bufg_I_O)         0.026    -0.000 r  Audio_Codec/audiocodec_master_clock/inst/clkout2_buf/O
                         net (fo=115, routed)         0.638     0.638    Audio_Codec/initialize_audio/twi_controller/clk_out2
    SLICE_X159Y120       FDRE                                         r  Audio_Codec/initialize_audio/twi_controller/dataByte_reg[2]/C
  -------------------------------------------------------------------    -------------------
    SLICE_X159Y120       FDRE (Prop_fdre_C_Q)         0.141     0.779 r  Audio_Codec/initialize_audio/twi_controller/dataByte_reg[2]/Q
                         net (fo=1, routed)           0.139     0.918    Audio_Codec/initialize_audio/twi_controller/dataByte[2]
    SLICE_X158Y120       LUT4 (Prop_lut4_I0_O)        0.045     0.963 r  Audio_Codec/initialize_audio/twi_controller/dataByte[3]_i_1/O
                         net (fo=1, routed)           0.000     0.963    Audio_Codec/initialize_audio/twi_controller/dataByte[3]_i_1_n_0
    SLICE_X158Y120       FDRE                                         r  Audio_Codec/initialize_audio/twi_controller/dataByte_reg[3]/D
  -------------------------------------------------------------------    -------------------

                         (clock clk_out2_clk_wiz_0 rise edge)
                                                      0.000     0.000 r  
    BUFGCTRL_X0Y2        BUFG                         0.000     0.000 r  clk_IBUF_BUFG_inst/O
                         net (fo=73, routed)          1.022     1.022    Audio_Codec/audiocodec_master_clock/inst/clk_in1
    MMCME2_ADV_X1Y0      MMCME2_ADV (Prop_mmcme2_adv_CLKIN1_CLKOUT1)
                                                     -2.040    -1.018 r  Audio_Codec/audiocodec_master_clock/inst/mmcm_adv_inst/CLKOUT1
                         net (fo=1, routed)           0.989    -0.029    Audio_Codec/audiocodec_master_clock/inst/clk_out2_clk_wiz_0
    BUFGCTRL_X0Y1        BUFG (Prop_bufg_I_O)         0.029    -0.000 r  Audio_Codec/audiocodec_master_clock/inst/clkout2_buf/O
                         net (fo=115, routed)         0.909     0.909    Audio_Codec/initialize_audio/twi_controller/clk_out2
    SLICE_X158Y120       FDRE                                         r  Audio_Codec/initialize_audio/twi_controller/dataByte_reg[3]/C
                         clock pessimism             -0.258     0.651    
    SLICE_X158Y120       FDRE (Hold_fdre_C_D)         0.121     0.772    Audio_Codec/initialize_audio/twi_controller/dataByte_reg[3]
  -------------------------------------------------------------------
                         required time                         -0.772    
                         arrival time                           0.963    
  -------------------------------------------------------------------
                         slack                                  0.191    

Slack (MET) :             0.198ns  (arrival time - required time)
  Source:                 Audio_Codec/initialize_audio/initA_reg[2]/C
                            (rising edge-triggered cell FDRE clocked by clk_out2_clk_wiz_0  {rise@0.000ns fall@10.000ns period=20.000ns})
  Destination:            Audio_Codec/initialize_audio/initWord_reg[12]/D
                            (rising edge-triggered cell FDRE clocked by clk_out2_clk_wiz_0  {rise@0.000ns fall@10.000ns period=20.000ns})
  Path Group:             clk_out2_clk_wiz_0
  Path Type:              Hold (Min at Fast Process Corner)
  Requirement:            0.000ns  (clk_out2_clk_wiz_0 rise@0.000ns - clk_out2_clk_wiz_0 rise@0.000ns)
  Data Path Delay:        0.331ns  (logic 0.186ns (56.247%)  route 0.145ns (43.753%))
  Logic Levels:           1  (LUT6=1)
  Clock Path Skew:        0.013ns (DCD - SCD - CPR)
    Destination Clock Delay (DCD):    0.909ns
    Source Clock Delay      (SCD):    0.638ns
    Clock Pessimism Removal (CPR):    0.258ns

    Location             Delay type                Incr(ns)  Path(ns)    Netlist Resource(s)
  -------------------------------------------------------------------    -------------------
                         (clock clk_out2_clk_wiz_0 rise edge)
                                                      0.000     0.000 r  
    BUFGCTRL_X0Y2        BUFG                         0.000     0.000 r  clk_IBUF_BUFG_inst/O
                         net (fo=73, routed)          0.745     0.745    Audio_Codec/audiocodec_master_clock/inst/clk_in1
    MMCME2_ADV_X1Y0      MMCME2_ADV (Prop_mmcme2_adv_CLKIN1_CLKOUT1)
                                                     -1.683    -0.938 r  Audio_Codec/audiocodec_master_clock/inst/mmcm_adv_inst/CLKOUT1
                         net (fo=1, routed)           0.912    -0.026    Audio_Codec/audiocodec_master_clock/inst/clk_out2_clk_wiz_0
    BUFGCTRL_X0Y1        BUFG (Prop_bufg_I_O)         0.026    -0.000 r  Audio_Codec/audiocodec_master_clock/inst/clkout2_buf/O
                         net (fo=115, routed)         0.638     0.638    Audio_Codec/initialize_audio/clk_out2
    SLICE_X163Y121       FDRE                                         r  Audio_Codec/initialize_audio/initA_reg[2]/C
  -------------------------------------------------------------------    -------------------
    SLICE_X163Y121       FDRE (Prop_fdre_C_Q)         0.141     0.779 r  Audio_Codec/initialize_audio/initA_reg[2]/Q
                         net (fo=21, routed)          0.145     0.923    Audio_Codec/initialize_audio/initA_reg[2]
    SLICE_X162Y121       LUT6 (Prop_lut6_I1_O)        0.045     0.968 r  Audio_Codec/initialize_audio/initWord[12]_i_1/O
                         net (fo=1, routed)           0.000     0.968    Audio_Codec/initialize_audio/initWord[12]_i_1_n_0
    SLICE_X162Y121       FDRE                                         r  Audio_Codec/initialize_audio/initWord_reg[12]/D
  -------------------------------------------------------------------    -------------------

                         (clock clk_out2_clk_wiz_0 rise edge)
                                                      0.000     0.000 r  
    BUFGCTRL_X0Y2        BUFG                         0.000     0.000 r  clk_IBUF_BUFG_inst/O
                         net (fo=73, routed)          1.022     1.022    Audio_Codec/audiocodec_master_clock/inst/clk_in1
    MMCME2_ADV_X1Y0      MMCME2_ADV (Prop_mmcme2_adv_CLKIN1_CLKOUT1)
                                                     -2.040    -1.018 r  Audio_Codec/audiocodec_master_clock/inst/mmcm_adv_inst/CLKOUT1
                         net (fo=1, routed)           0.989    -0.029    Audio_Codec/audiocodec_master_clock/inst/clk_out2_clk_wiz_0
    BUFGCTRL_X0Y1        BUFG (Prop_bufg_I_O)         0.029    -0.000 r  Audio_Codec/audiocodec_master_clock/inst/clkout2_buf/O
                         net (fo=115, routed)         0.909     0.909    Audio_Codec/initialize_audio/clk_out2
    SLICE_X162Y121       FDRE                                         r  Audio_Codec/initialize_audio/initWord_reg[12]/C
                         clock pessimism             -0.258     0.651    
    SLICE_X162Y121       FDRE (Hold_fdre_C_D)         0.120     0.771    Audio_Codec/initialize_audio/initWord_reg[12]
  -------------------------------------------------------------------
                         required time                         -0.771    
                         arrival time                           0.968    
  -------------------------------------------------------------------
                         slack                                  0.198    

Slack (MET) :             0.201ns  (arrival time - required time)
  Source:                 Audio_Codec/initialize_audio/initA_reg[2]/C
                            (rising edge-triggered cell FDRE clocked by clk_out2_clk_wiz_0  {rise@0.000ns fall@10.000ns period=20.000ns})
  Destination:            Audio_Codec/initialize_audio/initWord_reg[23]/D
                            (rising edge-triggered cell FDRE clocked by clk_out2_clk_wiz_0  {rise@0.000ns fall@10.000ns period=20.000ns})
  Path Group:             clk_out2_clk_wiz_0
  Path Type:              Hold (Min at Fast Process Corner)
  Requirement:            0.000ns  (clk_out2_clk_wiz_0 rise@0.000ns - clk_out2_clk_wiz_0 rise@0.000ns)
  Data Path Delay:        0.335ns  (logic 0.186ns (55.575%)  route 0.149ns (44.425%))
  Logic Levels:           1  (LUT6=1)
  Clock Path Skew:        0.013ns (DCD - SCD - CPR)
    Destination Clock Delay (DCD):    0.909ns
    Source Clock Delay      (SCD):    0.638ns
    Clock Pessimism Removal (CPR):    0.258ns

    Location             Delay type                Incr(ns)  Path(ns)    Netlist Resource(s)
  -------------------------------------------------------------------    -------------------
                         (clock clk_out2_clk_wiz_0 rise edge)
                                                      0.000     0.000 r  
    BUFGCTRL_X0Y2        BUFG                         0.000     0.000 r  clk_IBUF_BUFG_inst/O
                         net (fo=73, routed)          0.745     0.745    Audio_Codec/audiocodec_master_clock/inst/clk_in1
    MMCME2_ADV_X1Y0      MMCME2_ADV (Prop_mmcme2_adv_CLKIN1_CLKOUT1)
                                                     -1.683    -0.938 r  Audio_Codec/audiocodec_master_clock/inst/mmcm_adv_inst/CLKOUT1
                         net (fo=1, routed)           0.912    -0.026    Audio_Codec/audiocodec_master_clock/inst/clk_out2_clk_wiz_0
    BUFGCTRL_X0Y1        BUFG (Prop_bufg_I_O)         0.026    -0.000 r  Audio_Codec/audiocodec_master_clock/inst/clkout2_buf/O
                         net (fo=115, routed)         0.638     0.638    Audio_Codec/initialize_audio/clk_out2
    SLICE_X163Y121       FDRE                                         r  Audio_Codec/initialize_audio/initA_reg[2]/C
  -------------------------------------------------------------------    -------------------
    SLICE_X163Y121       FDRE (Prop_fdre_C_Q)         0.141     0.779 r  Audio_Codec/initialize_audio/initA_reg[2]/Q
                         net (fo=21, routed)          0.149     0.927    Audio_Codec/initialize_audio/initA_reg[2]
    SLICE_X162Y121       LUT6 (Prop_lut6_I3_O)        0.045     0.972 r  Audio_Codec/initialize_audio/initWord[23]_i_1/O
                         net (fo=1, routed)           0.000     0.972    Audio_Codec/initialize_audio/initWord[23]_i_1_n_0
    SLICE_X162Y121       FDRE                                         r  Audio_Codec/initialize_audio/initWord_reg[23]/D
  -------------------------------------------------------------------    -------------------

                         (clock clk_out2_clk_wiz_0 rise edge)
                                                      0.000     0.000 r  
    BUFGCTRL_X0Y2        BUFG                         0.000     0.000 r  clk_IBUF_BUFG_inst/O
                         net (fo=73, routed)          1.022     1.022    Audio_Codec/audiocodec_master_clock/inst/clk_in1
    MMCME2_ADV_X1Y0      MMCME2_ADV (Prop_mmcme2_adv_CLKIN1_CLKOUT1)
                                                     -2.040    -1.018 r  Audio_Codec/audiocodec_master_clock/inst/mmcm_adv_inst/CLKOUT1
                         net (fo=1, routed)           0.989    -0.029    Audio_Codec/audiocodec_master_clock/inst/clk_out2_clk_wiz_0
    BUFGCTRL_X0Y1        BUFG (Prop_bufg_I_O)         0.029    -0.000 r  Audio_Codec/audiocodec_master_clock/inst/clkout2_buf/O
                         net (fo=115, routed)         0.909     0.909    Audio_Codec/initialize_audio/clk_out2
    SLICE_X162Y121       FDRE                                         r  Audio_Codec/initialize_audio/initWord_reg[23]/C
                         clock pessimism             -0.258     0.651    
    SLICE_X162Y121       FDRE (Hold_fdre_C_D)         0.121     0.772    Audio_Codec/initialize_audio/initWord_reg[23]
  -------------------------------------------------------------------
                         required time                         -0.772    
                         arrival time                           0.972    
  -------------------------------------------------------------------
                         slack                                  0.201    

Slack (MET) :             0.202ns  (arrival time - required time)
  Source:                 Audio_Codec/initialize_audio/initWord_reg[18]/C
                            (rising edge-triggered cell FDRE clocked by clk_out2_clk_wiz_0  {rise@0.000ns fall@10.000ns period=20.000ns})
  Destination:            Audio_Codec/initialize_audio/data_i_reg[2]/D
                            (rising edge-triggered cell FDRE clocked by clk_out2_clk_wiz_0  {rise@0.000ns fall@10.000ns period=20.000ns})
  Path Group:             clk_out2_clk_wiz_0
  Path Type:              Hold (Min at Fast Process Corner)
  Requirement:            0.000ns  (clk_out2_clk_wiz_0 rise@0.000ns - clk_out2_clk_wiz_0 rise@0.000ns)
  Data Path Delay:        0.308ns  (logic 0.186ns (60.470%)  route 0.122ns (39.530%))
  Logic Levels:           1  (LUT6=1)
  Clock Path Skew:        0.015ns (DCD - SCD - CPR)
    Destination Clock Delay (DCD):    0.908ns
    Source Clock Delay      (SCD):    0.636ns
    Clock Pessimism Removal (CPR):    0.257ns

    Location             Delay type                Incr(ns)  Path(ns)    Netlist Resource(s)
  -------------------------------------------------------------------    -------------------
                         (clock clk_out2_clk_wiz_0 rise edge)
                                                      0.000     0.000 r  
    BUFGCTRL_X0Y2        BUFG                         0.000     0.000 r  clk_IBUF_BUFG_inst/O
                         net (fo=73, routed)          0.745     0.745    Audio_Codec/audiocodec_master_clock/inst/clk_in1
    MMCME2_ADV_X1Y0      MMCME2_ADV (Prop_mmcme2_adv_CLKIN1_CLKOUT1)
                                                     -1.683    -0.938 r  Audio_Codec/audiocodec_master_clock/inst/mmcm_adv_inst/CLKOUT1
                         net (fo=1, routed)           0.912    -0.026    Audio_Codec/audiocodec_master_clock/inst/clk_out2_clk_wiz_0
    BUFGCTRL_X0Y1        BUFG (Prop_bufg_I_O)         0.026    -0.000 r  Audio_Codec/audiocodec_master_clock/inst/clkout2_buf/O
                         net (fo=115, routed)         0.636     0.636    Audio_Codec/initialize_audio/clk_out2
    SLICE_X161Y123       FDRE                                         r  Audio_Codec/initialize_audio/initWord_reg[18]/C
  -------------------------------------------------------------------    -------------------
    SLICE_X161Y123       FDRE (Prop_fdre_C_Q)         0.141     0.777 r  Audio_Codec/initialize_audio/initWord_reg[18]/Q
                         net (fo=2, routed)           0.122     0.898    Audio_Codec/initialize_audio/data1[2]
    SLICE_X160Y122       LUT6 (Prop_lut6_I1_O)        0.045     0.943 r  Audio_Codec/initialize_audio/data_i[2]_i_1/O
                         net (fo=1, routed)           0.000     0.943    Audio_Codec/initialize_audio/data_i[2]_i_1_n_0
    SLICE_X160Y122       FDRE                                         r  Audio_Codec/initialize_audio/data_i_reg[2]/D
  -------------------------------------------------------------------    -------------------

                         (clock clk_out2_clk_wiz_0 rise edge)
                                                      0.000     0.000 r  
    BUFGCTRL_X0Y2        BUFG                         0.000     0.000 r  clk_IBUF_BUFG_inst/O
                         net (fo=73, routed)          1.022     1.022    Audio_Codec/audiocodec_master_clock/inst/clk_in1
    MMCME2_ADV_X1Y0      MMCME2_ADV (Prop_mmcme2_adv_CLKIN1_CLKOUT1)
                                                     -2.040    -1.018 r  Audio_Codec/audiocodec_master_clock/inst/mmcm_adv_inst/CLKOUT1
                         net (fo=1, routed)           0.989    -0.029    Audio_Codec/audiocodec_master_clock/inst/clk_out2_clk_wiz_0
    BUFGCTRL_X0Y1        BUFG (Prop_bufg_I_O)         0.029    -0.000 r  Audio_Codec/audiocodec_master_clock/inst/clkout2_buf/O
                         net (fo=115, routed)         0.908     0.908    Audio_Codec/initialize_audio/clk_out2
    SLICE_X160Y122       FDRE                                         r  Audio_Codec/initialize_audio/data_i_reg[2]/C
                         clock pessimism             -0.257     0.651    
    SLICE_X160Y122       FDRE (Hold_fdre_C_D)         0.091     0.742    Audio_Codec/initialize_audio/data_i_reg[2]
  -------------------------------------------------------------------
                         required time                         -0.742    
                         arrival time                           0.943    
  -------------------------------------------------------------------
                         slack                                  0.202    

Slack (MET) :             0.207ns  (arrival time - required time)
  Source:                 Audio_Codec/initialize_audio/initWord_reg[9]/C
                            (rising edge-triggered cell FDRE clocked by clk_out2_clk_wiz_0  {rise@0.000ns fall@10.000ns period=20.000ns})
  Destination:            Audio_Codec/initialize_audio/data_i_reg[1]/D
                            (rising edge-triggered cell FDRE clocked by clk_out2_clk_wiz_0  {rise@0.000ns fall@10.000ns period=20.000ns})
  Path Group:             clk_out2_clk_wiz_0
  Path Type:              Hold (Min at Fast Process Corner)
  Requirement:            0.000ns  (clk_out2_clk_wiz_0 rise@0.000ns - clk_out2_clk_wiz_0 rise@0.000ns)
  Data Path Delay:        0.313ns  (logic 0.209ns (66.869%)  route 0.104ns (33.131%))
  Logic Levels:           1  (LUT6=1)
  Clock Path Skew:        0.014ns (DCD - SCD - CPR)
    Destination Clock Delay (DCD):    0.909ns
    Source Clock Delay      (SCD):    0.638ns
    Clock Pessimism Removal (CPR):    0.257ns

    Location             Delay type                Incr(ns)  Path(ns)    Netlist Resource(s)
  -------------------------------------------------------------------    -------------------
                         (clock clk_out2_clk_wiz_0 rise edge)
                                                      0.000     0.000 r  
    BUFGCTRL_X0Y2        BUFG                         0.000     0.000 r  clk_IBUF_BUFG_inst/O
                         net (fo=73, routed)          0.745     0.745    Audio_Codec/audiocodec_master_clock/inst/clk_in1
    MMCME2_ADV_X1Y0      MMCME2_ADV (Prop_mmcme2_adv_CLKIN1_CLKOUT1)
                                                     -1.683    -0.938 r  Audio_Codec/audiocodec_master_clock/inst/mmcm_adv_inst/CLKOUT1
                         net (fo=1, routed)           0.912    -0.026    Audio_Codec/audiocodec_master_clock/inst/clk_out2_clk_wiz_0
    BUFGCTRL_X0Y1        BUFG (Prop_bufg_I_O)         0.026    -0.000 r  Audio_Codec/audiocodec_master_clock/inst/clkout2_buf/O
                         net (fo=115, routed)         0.638     0.638    Audio_Codec/initialize_audio/clk_out2
    SLICE_X162Y121       FDRE                                         r  Audio_Codec/initialize_audio/initWord_reg[9]/C
  -------------------------------------------------------------------    -------------------
    SLICE_X162Y121       FDRE (Prop_fdre_C_Q)         0.164     0.802 r  Audio_Codec/initialize_audio/initWord_reg[9]/Q
                         net (fo=1, routed)           0.104     0.905    Audio_Codec/initialize_audio/data2[1]
    SLICE_X160Y121       LUT6 (Prop_lut6_I0_O)        0.045     0.950 r  Audio_Codec/initialize_audio/data_i[1]_i_1/O
                         net (fo=1, routed)           0.000     0.950    Audio_Codec/initialize_audio/data_i[1]_i_1_n_0
    SLICE_X160Y121       FDRE                                         r  Audio_Codec/initialize_audio/data_i_reg[1]/D
  -------------------------------------------------------------------    -------------------

                         (clock clk_out2_clk_wiz_0 rise edge)
                                                      0.000     0.000 r  
    BUFGCTRL_X0Y2        BUFG                         0.000     0.000 r  clk_IBUF_BUFG_inst/O
                         net (fo=73, routed)          1.022     1.022    Audio_Codec/audiocodec_master_clock/inst/clk_in1
    MMCME2_ADV_X1Y0      MMCME2_ADV (Prop_mmcme2_adv_CLKIN1_CLKOUT1)
                                                     -2.040    -1.018 r  Audio_Codec/audiocodec_master_clock/inst/mmcm_adv_inst/CLKOUT1
                         net (fo=1, routed)           0.989    -0.029    Audio_Codec/audiocodec_master_clock/inst/clk_out2_clk_wiz_0
    BUFGCTRL_X0Y1        BUFG (Prop_bufg_I_O)         0.029    -0.000 r  Audio_Codec/audiocodec_master_clock/inst/clkout2_buf/O
                         net (fo=115, routed)         0.909     0.909    Audio_Codec/initialize_audio/clk_out2
    SLICE_X160Y121       FDRE                                         r  Audio_Codec/initialize_audio/data_i_reg[1]/C
                         clock pessimism             -0.257     0.652    
    SLICE_X160Y121       FDRE (Hold_fdre_C_D)         0.092     0.744    Audio_Codec/initialize_audio/data_i_reg[1]
  -------------------------------------------------------------------
                         required time                         -0.744    
                         arrival time                           0.950    
  -------------------------------------------------------------------
                         slack                                  0.207    

Slack (MET) :             0.207ns  (arrival time - required time)
  Source:                 Audio_Codec/initialize_audio/twi_controller/sclCnt_reg[0]/C
                            (rising edge-triggered cell FDSE clocked by clk_out2_clk_wiz_0  {rise@0.000ns fall@10.000ns period=20.000ns})
  Destination:            Audio_Codec/initialize_audio/twi_controller/sclCnt_reg[5]/D
                            (rising edge-triggered cell FDRE clocked by clk_out2_clk_wiz_0  {rise@0.000ns fall@10.000ns period=20.000ns})
  Path Group:             clk_out2_clk_wiz_0
  Path Type:              Hold (Min at Fast Process Corner)
  Requirement:            0.000ns  (clk_out2_clk_wiz_0 rise@0.000ns - clk_out2_clk_wiz_0 rise@0.000ns)
  Data Path Delay:        0.337ns  (logic 0.186ns (55.182%)  route 0.151ns (44.818%))
  Logic Levels:           1  (LUT6=1)
  Clock Path Skew:        0.038ns (DCD - SCD - CPR)
    Destination Clock Delay (DCD):    0.913ns
    Source Clock Delay      (SCD):    0.641ns
    Clock Pessimism Removal (CPR):    0.234ns

    Location             Delay type                Incr(ns)  Path(ns)    Netlist Resource(s)
  -------------------------------------------------------------------    -------------------
                         (clock clk_out2_clk_wiz_0 rise edge)
                                                      0.000     0.000 r  
    BUFGCTRL_X0Y2        BUFG                         0.000     0.000 r  clk_IBUF_BUFG_inst/O
                         net (fo=73, routed)          0.745     0.745    Audio_Codec/audiocodec_master_clock/inst/clk_in1
    MMCME2_ADV_X1Y0      MMCME2_ADV (Prop_mmcme2_adv_CLKIN1_CLKOUT1)
                                                     -1.683    -0.938 r  Audio_Codec/audiocodec_master_clock/inst/mmcm_adv_inst/CLKOUT1
                         net (fo=1, routed)           0.912    -0.026    Audio_Codec/audiocodec_master_clock/inst/clk_out2_clk_wiz_0
    BUFGCTRL_X0Y1        BUFG (Prop_bufg_I_O)         0.026    -0.000 r  Audio_Codec/audiocodec_master_clock/inst/clkout2_buf/O
                         net (fo=115, routed)         0.641     0.641    Audio_Codec/initialize_audio/twi_controller/clk_out2
    SLICE_X159Y117       FDSE                                         r  Audio_Codec/initialize_audio/twi_controller/sclCnt_reg[0]/C
  -------------------------------------------------------------------    -------------------
    SLICE_X159Y117       FDSE (Prop_fdse_C_Q)         0.141     0.782 r  Audio_Codec/initialize_audio/twi_controller/sclCnt_reg[0]/Q
                         net (fo=7, routed)           0.151     0.933    Audio_Codec/initialize_audio/twi_controller/sclCnt_reg[0]
    SLICE_X160Y117       LUT6 (Prop_lut6_I2_O)        0.045     0.978 r  Audio_Codec/initialize_audio/twi_controller/sclCnt[5]_i_1/O
                         net (fo=1, routed)           0.000     0.978    Audio_Codec/initialize_audio/twi_controller/sclCnt0[5]
    SLICE_X160Y117       FDRE                                         r  Audio_Codec/initialize_audio/twi_controller/sclCnt_reg[5]/D
  -------------------------------------------------------------------    -------------------

                         (clock clk_out2_clk_wiz_0 rise edge)
                                                      0.000     0.000 r  
    BUFGCTRL_X0Y2        BUFG                         0.000     0.000 r  clk_IBUF_BUFG_inst/O
                         net (fo=73, routed)          1.022     1.022    Audio_Codec/audiocodec_master_clock/inst/clk_in1
    MMCME2_ADV_X1Y0      MMCME2_ADV (Prop_mmcme2_adv_CLKIN1_CLKOUT1)
                                                     -2.040    -1.018 r  Audio_Codec/audiocodec_master_clock/inst/mmcm_adv_inst/CLKOUT1
                         net (fo=1, routed)           0.989    -0.029    Audio_Codec/audiocodec_master_clock/inst/clk_out2_clk_wiz_0
    BUFGCTRL_X0Y1        BUFG (Prop_bufg_I_O)         0.029    -0.000 r  Audio_Codec/audiocodec_master_clock/inst/clkout2_buf/O
                         net (fo=115, routed)         0.913     0.913    Audio_Codec/initialize_audio/twi_controller/clk_out2
    SLICE_X160Y117       FDRE                                         r  Audio_Codec/initialize_audio/twi_controller/sclCnt_reg[5]/C
                         clock pessimism             -0.234     0.679    
    SLICE_X160Y117       FDRE (Hold_fdre_C_D)         0.092     0.771    Audio_Codec/initialize_audio/twi_controller/sclCnt_reg[5]
  -------------------------------------------------------------------
                         required time                         -0.771    
                         arrival time                           0.978    
  -------------------------------------------------------------------
                         slack                                  0.207    

Slack (MET) :             0.222ns  (arrival time - required time)
  Source:                 Audio_Codec/initialize_audio/data_i_reg[7]/C
                            (rising edge-triggered cell FDRE clocked by clk_out2_clk_wiz_0  {rise@0.000ns fall@10.000ns period=20.000ns})
  Destination:            Audio_Codec/initialize_audio/twi_controller/dataByte_reg[7]/D
                            (rising edge-triggered cell FDRE clocked by clk_out2_clk_wiz_0  {rise@0.000ns fall@10.000ns period=20.000ns})
  Path Group:             clk_out2_clk_wiz_0
  Path Type:              Hold (Min at Fast Process Corner)
  Requirement:            0.000ns  (clk_out2_clk_wiz_0 rise@0.000ns - clk_out2_clk_wiz_0 rise@0.000ns)
  Data Path Delay:        0.351ns  (logic 0.186ns (52.939%)  route 0.165ns (47.061%))
  Logic Levels:           1  (LUT4=1)
  Clock Path Skew:        0.037ns (DCD - SCD - CPR)
    Destination Clock Delay (DCD):    0.909ns
    Source Clock Delay      (SCD):    0.638ns
    Clock Pessimism Removal (CPR):    0.234ns

    Location             Delay type                Incr(ns)  Path(ns)    Netlist Resource(s)
  -------------------------------------------------------------------    -------------------
                         (clock clk_out2_clk_wiz_0 rise edge)
                                                      0.000     0.000 r  
    BUFGCTRL_X0Y2        BUFG                         0.000     0.000 r  clk_IBUF_BUFG_inst/O
                         net (fo=73, routed)          0.745     0.745    Audio_Codec/audiocodec_master_clock/inst/clk_in1
    MMCME2_ADV_X1Y0      MMCME2_ADV (Prop_mmcme2_adv_CLKIN1_CLKOUT1)
                                                     -1.683    -0.938 r  Audio_Codec/audiocodec_master_clock/inst/mmcm_adv_inst/CLKOUT1
                         net (fo=1, routed)           0.912    -0.026    Audio_Codec/audiocodec_master_clock/inst/clk_out2_clk_wiz_0
    BUFGCTRL_X0Y1        BUFG (Prop_bufg_I_O)         0.026    -0.000 r  Audio_Codec/audiocodec_master_clock/inst/clkout2_buf/O
                         net (fo=115, routed)         0.638     0.638    Audio_Codec/initialize_audio/clk_out2
    SLICE_X160Y121       FDRE                                         r  Audio_Codec/initialize_audio/data_i_reg[7]/C
  -------------------------------------------------------------------    -------------------
    SLICE_X160Y121       FDRE (Prop_fdre_C_Q)         0.141     0.779 r  Audio_Codec/initialize_audio/data_i_reg[7]/Q
                         net (fo=1, routed)           0.165     0.944    Audio_Codec/initialize_audio/twi_controller/data_i[7]
    SLICE_X159Y120       LUT4 (Prop_lut4_I2_O)        0.045     0.989 r  Audio_Codec/initialize_audio/twi_controller/dataByte[7]_i_2/O
                         net (fo=1, routed)           0.000     0.989    Audio_Codec/initialize_audio/twi_controller/dataByte[7]_i_2_n_0
    SLICE_X159Y120       FDRE                                         r  Audio_Codec/initialize_audio/twi_controller/dataByte_reg[7]/D
  -------------------------------------------------------------------    -------------------

                         (clock clk_out2_clk_wiz_0 rise edge)
                                                      0.000     0.000 r  
    BUFGCTRL_X0Y2        BUFG                         0.000     0.000 r  clk_IBUF_BUFG_inst/O
                         net (fo=73, routed)          1.022     1.022    Audio_Codec/audiocodec_master_clock/inst/clk_in1
    MMCME2_ADV_X1Y0      MMCME2_ADV (Prop_mmcme2_adv_CLKIN1_CLKOUT1)
                                                     -2.040    -1.018 r  Audio_Codec/audiocodec_master_clock/inst/mmcm_adv_inst/CLKOUT1
                         net (fo=1, routed)           0.989    -0.029    Audio_Codec/audiocodec_master_clock/inst/clk_out2_clk_wiz_0
    BUFGCTRL_X0Y1        BUFG (Prop_bufg_I_O)         0.029    -0.000 r  Audio_Codec/audiocodec_master_clock/inst/clkout2_buf/O
                         net (fo=115, routed)         0.909     0.909    Audio_Codec/initialize_audio/twi_controller/clk_out2
    SLICE_X159Y120       FDRE                                         r  Audio_Codec/initialize_audio/twi_controller/dataByte_reg[7]/C
                         clock pessimism             -0.234     0.675    
    SLICE_X159Y120       FDRE (Hold_fdre_C_D)         0.092     0.767    Audio_Codec/initialize_audio/twi_controller/dataByte_reg[7]
  -------------------------------------------------------------------
                         required time                         -0.767    
                         arrival time                           0.989    
  -------------------------------------------------------------------
                         slack                                  0.222    

Slack (MET) :             0.232ns  (arrival time - required time)
  Source:                 Audio_Codec/initialize_audio/twi_controller/subState_reg[1]/C
                            (rising edge-triggered cell FDRE clocked by clk_out2_clk_wiz_0  {rise@0.000ns fall@10.000ns period=20.000ns})
  Destination:            Audio_Codec/initialize_audio/twi_controller/rScl_reg/D
                            (rising edge-triggered cell FDRE clocked by clk_out2_clk_wiz_0  {rise@0.000ns fall@10.000ns period=20.000ns})
  Path Group:             clk_out2_clk_wiz_0
  Path Type:              Hold (Min at Fast Process Corner)
  Requirement:            0.000ns  (clk_out2_clk_wiz_0 rise@0.000ns - clk_out2_clk_wiz_0 rise@0.000ns)
  Data Path Delay:        0.365ns  (logic 0.186ns (50.926%)  route 0.179ns (49.074%))
  Logic Levels:           1  (LUT4=1)
  Clock Path Skew:        0.013ns (DCD - SCD - CPR)
    Destination Clock Delay (DCD):    0.911ns
    Source Clock Delay      (SCD):    0.641ns
    Clock Pessimism Removal (CPR):    0.257ns

    Location             Delay type                Incr(ns)  Path(ns)    Netlist Resource(s)
  -------------------------------------------------------------------    -------------------
                         (clock clk_out2_clk_wiz_0 rise edge)
                                                      0.000     0.000 r  
    BUFGCTRL_X0Y2        BUFG                         0.000     0.000 r  clk_IBUF_BUFG_inst/O
                         net (fo=73, routed)          0.745     0.745    Audio_Codec/audiocodec_master_clock/inst/clk_in1
    MMCME2_ADV_X1Y0      MMCME2_ADV (Prop_mmcme2_adv_CLKIN1_CLKOUT1)
                                                     -1.683    -0.938 r  Audio_Codec/audiocodec_master_clock/inst/mmcm_adv_inst/CLKOUT1
                         net (fo=1, routed)           0.912    -0.026    Audio_Codec/audiocodec_master_clock/inst/clk_out2_clk_wiz_0
    BUFGCTRL_X0Y1        BUFG (Prop_bufg_I_O)         0.026    -0.000 r  Audio_Codec/audiocodec_master_clock/inst/clkout2_buf/O
                         net (fo=115, routed)         0.641     0.641    Audio_Codec/initialize_audio/twi_controller/clk_out2
    SLICE_X161Y118       FDRE                                         r  Audio_Codec/initialize_audio/twi_controller/subState_reg[1]/C
  -------------------------------------------------------------------    -------------------
    SLICE_X161Y118       FDRE (Prop_fdre_C_Q)         0.141     0.782 r  Audio_Codec/initialize_audio/twi_controller/subState_reg[1]/Q
                         net (fo=13, routed)          0.179     0.961    Audio_Codec/initialize_audio/twi_controller/subState_reg_n_0_[1]
    SLICE_X162Y119       LUT4 (Prop_lut4_I1_O)        0.045     1.006 r  Audio_Codec/initialize_audio/twi_controller/rScl_i_1/O
                         net (fo=1, routed)           0.000     1.006    Audio_Codec/initialize_audio/twi_controller/rScl_i_1_n_0
    SLICE_X162Y119       FDRE                                         r  Audio_Codec/initialize_audio/twi_controller/rScl_reg/D
  -------------------------------------------------------------------    -------------------

                         (clock clk_out2_clk_wiz_0 rise edge)
                                                      0.000     0.000 r  
    BUFGCTRL_X0Y2        BUFG                         0.000     0.000 r  clk_IBUF_BUFG_inst/O
                         net (fo=73, routed)          1.022     1.022    Audio_Codec/audiocodec_master_clock/inst/clk_in1
    MMCME2_ADV_X1Y0      MMCME2_ADV (Prop_mmcme2_adv_CLKIN1_CLKOUT1)
                                                     -2.040    -1.018 r  Audio_Codec/audiocodec_master_clock/inst/mmcm_adv_inst/CLKOUT1
                         net (fo=1, routed)           0.989    -0.029    Audio_Codec/audiocodec_master_clock/inst/clk_out2_clk_wiz_0
    BUFGCTRL_X0Y1        BUFG (Prop_bufg_I_O)         0.029    -0.000 r  Audio_Codec/audiocodec_master_clock/inst/clkout2_buf/O
                         net (fo=115, routed)         0.911     0.911    Audio_Codec/initialize_audio/twi_controller/clk_out2
    SLICE_X162Y119       FDRE                                         r  Audio_Codec/initialize_audio/twi_controller/rScl_reg/C
                         clock pessimism             -0.257     0.654    
    SLICE_X162Y119       FDRE (Hold_fdre_C_D)         0.120     0.774    Audio_Codec/initialize_audio/twi_controller/rScl_reg
  -------------------------------------------------------------------
                         required time                         -0.774    
                         arrival time                           1.006    
  -------------------------------------------------------------------
                         slack                                  0.232    





Pulse Width Checks
--------------------------------------------------------------------------------------
Clock Name:         clk_out2_clk_wiz_0
Waveform(ns):       { 0.000 10.000 }
Period(ns):         20.000
Sources:            { Audio_Codec/audiocodec_master_clock/inst/mmcm_adv_inst/CLKOUT1 }

Check Type        Corner  Lib Pin             Reference Pin  Required(ns)  Actual(ns)  Slack(ns)  Location         Pin
Min Period        n/a     BUFG/I              n/a            2.155         20.000      17.845     BUFGCTRL_X0Y1    Audio_Codec/audiocodec_master_clock/inst/clkout2_buf/I
Min Period        n/a     MMCME2_ADV/CLKOUT1  n/a            1.249         20.000      18.751     MMCME2_ADV_X1Y0  Audio_Codec/audiocodec_master_clock/inst/mmcm_adv_inst/CLKOUT1
Min Period        n/a     FDRE/C              n/a            1.000         20.000      19.000     SLICE_X160Y122   Audio_Codec/initialize_audio/data_i_reg[0]/C
Min Period        n/a     FDRE/C              n/a            1.000         20.000      19.000     SLICE_X160Y121   Audio_Codec/initialize_audio/data_i_reg[1]/C
Min Period        n/a     FDRE/C              n/a            1.000         20.000      19.000     SLICE_X160Y122   Audio_Codec/initialize_audio/data_i_reg[2]/C
Min Period        n/a     FDRE/C              n/a            1.000         20.000      19.000     SLICE_X160Y122   Audio_Codec/initialize_audio/data_i_reg[3]/C
Min Period        n/a     FDRE/C              n/a            1.000         20.000      19.000     SLICE_X160Y121   Audio_Codec/initialize_audio/data_i_reg[4]/C
Min Period        n/a     FDRE/C              n/a            1.000         20.000      19.000     SLICE_X160Y122   Audio_Codec/initialize_audio/data_i_reg[5]/C
Min Period        n/a     FDRE/C              n/a            1.000         20.000      19.000     SLICE_X160Y121   Audio_Codec/initialize_audio/data_i_reg[6]/C
Min Period        n/a     FDRE/C              n/a            1.000         20.000      19.000     SLICE_X160Y121   Audio_Codec/initialize_audio/data_i_reg[7]/C
Max Period        n/a     MMCME2_ADV/CLKOUT1  n/a            213.360       20.000      193.360    MMCME2_ADV_X1Y0  Audio_Codec/audiocodec_master_clock/inst/mmcm_adv_inst/CLKOUT1
Low Pulse Width   Slow    FDRE/C              n/a            0.500         10.000      9.500      SLICE_X160Y122   Audio_Codec/initialize_audio/data_i_reg[0]/C
Low Pulse Width   Fast    FDRE/C              n/a            0.500         10.000      9.500      SLICE_X160Y122   Audio_Codec/initialize_audio/data_i_reg[0]/C
Low Pulse Width   Slow    FDRE/C              n/a            0.500         10.000      9.500      SLICE_X160Y121   Audio_Codec/initialize_audio/data_i_reg[1]/C
Low Pulse Width   Fast    FDRE/C              n/a            0.500         10.000      9.500      SLICE_X160Y121   Audio_Codec/initialize_audio/data_i_reg[1]/C
Low Pulse Width   Slow    FDRE/C              n/a            0.500         10.000      9.500      SLICE_X160Y122   Audio_Codec/initialize_audio/data_i_reg[2]/C
Low Pulse Width   Fast    FDRE/C              n/a            0.500         10.000      9.500      SLICE_X160Y122   Audio_Codec/initialize_audio/data_i_reg[2]/C
Low Pulse Width   Slow    FDRE/C              n/a            0.500         10.000      9.500      SLICE_X160Y122   Audio_Codec/initialize_audio/data_i_reg[3]/C
Low Pulse Width   Fast    FDRE/C              n/a            0.500         10.000      9.500      SLICE_X160Y122   Audio_Codec/initialize_audio/data_i_reg[3]/C
Low Pulse Width   Slow    FDRE/C              n/a            0.500         10.000      9.500      SLICE_X160Y121   Audio_Codec/initialize_audio/data_i_reg[4]/C
Low Pulse Width   Fast    FDRE/C              n/a            0.500         10.000      9.500      SLICE_X160Y121   Audio_Codec/initialize_audio/data_i_reg[4]/C
High Pulse Width  Slow    FDRE/C              n/a            0.500         10.000      9.500      SLICE_X160Y122   Audio_Codec/initialize_audio/data_i_reg[0]/C
High Pulse Width  Fast    FDRE/C              n/a            0.500         10.000      9.500      SLICE_X160Y122   Audio_Codec/initialize_audio/data_i_reg[0]/C
High Pulse Width  Slow    FDRE/C              n/a            0.500         10.000      9.500      SLICE_X160Y121   Audio_Codec/initialize_audio/data_i_reg[1]/C
High Pulse Width  Fast    FDRE/C              n/a            0.500         10.000      9.500      SLICE_X160Y121   Audio_Codec/initialize_audio/data_i_reg[1]/C
High Pulse Width  Slow    FDRE/C              n/a            0.500         10.000      9.500      SLICE_X160Y122   Audio_Codec/initialize_audio/data_i_reg[2]/C
High Pulse Width  Fast    FDRE/C              n/a            0.500         10.000      9.500      SLICE_X160Y122   Audio_Codec/initialize_audio/data_i_reg[2]/C
High Pulse Width  Slow    FDRE/C              n/a            0.500         10.000      9.500      SLICE_X160Y122   Audio_Codec/initialize_audio/data_i_reg[3]/C
High Pulse Width  Fast    FDRE/C              n/a            0.500         10.000      9.500      SLICE_X160Y122   Audio_Codec/initialize_audio/data_i_reg[3]/C
High Pulse Width  Slow    FDRE/C              n/a            0.500         10.000      9.500      SLICE_X160Y121   Audio_Codec/initialize_audio/data_i_reg[4]/C
High Pulse Width  Fast    FDRE/C              n/a            0.500         10.000      9.500      SLICE_X160Y121   Audio_Codec/initialize_audio/data_i_reg[4]/C



---------------------------------------------------------------------------------------------------
From Clock:  clkfbout_clk_wiz_0
  To Clock:  clkfbout_clk_wiz_0

Setup :           NA  Failing Endpoints,  Worst Slack           NA  ,  Total Violation           NA
Hold  :           NA  Failing Endpoints,  Worst Slack           NA  ,  Total Violation           NA
PW    :            0  Failing Endpoints,  Worst Slack        7.845ns,  Total Violation        0.000ns
---------------------------------------------------------------------------------------------------


Pulse Width Checks
--------------------------------------------------------------------------------------
Clock Name:         clkfbout_clk_wiz_0
Waveform(ns):       { 0.000 5.000 }
Period(ns):         10.000
Sources:            { Audio_Codec/audiocodec_master_clock/inst/mmcm_adv_inst/CLKFBOUT }

Check Type  Corner  Lib Pin              Reference Pin  Required(ns)  Actual(ns)  Slack(ns)  Location         Pin
Min Period  n/a     BUFG/I               n/a            2.155         10.000      7.845      BUFGCTRL_X0Y3    Audio_Codec/audiocodec_master_clock/inst/clkf_buf/I
Min Period  n/a     MMCME2_ADV/CLKFBOUT  n/a            1.249         10.000      8.751      MMCME2_ADV_X1Y0  Audio_Codec/audiocodec_master_clock/inst/mmcm_adv_inst/CLKFBOUT
Min Period  n/a     MMCME2_ADV/CLKFBIN   n/a            1.249         10.000      8.751      MMCME2_ADV_X1Y0  Audio_Codec/audiocodec_master_clock/inst/mmcm_adv_inst/CLKFBIN
Max Period  n/a     MMCME2_ADV/CLKFBIN   n/a            100.000       10.000      90.000     MMCME2_ADV_X1Y0  Audio_Codec/audiocodec_master_clock/inst/mmcm_adv_inst/CLKFBIN
Max Period  n/a     MMCME2_ADV/CLKFBOUT  n/a            213.360       10.000      203.360    MMCME2_ADV_X1Y0  Audio_Codec/audiocodec_master_clock/inst/mmcm_adv_inst/CLKFBOUT



--------------------------------------------------------------------------------------
Path Group:  (none)
From Clock:  
  To Clock:  

Max Delay           271 Endpoints
Min Delay           271 Endpoints
--------------------------------------------------------------------------------------


Max Delay Paths
--------------------------------------------------------------------------------------
Slack:                    inf
  Source:                 btn[0]
                            (input port)
  Destination:            DP/Interpolate_inst/base_plus_delta_x_offset/B[7]
  Path Group:             (none)
  Path Type:              Max at Slow Process Corner
  Data Path Delay:        13.434ns  (logic 2.041ns (15.196%)  route 11.393ns (84.804%))
  Logic Levels:           4  (CARRY4=2 IBUF=1 LUT5=1)

    Location             Delay type                Incr(ns)  Path(ns)    Netlist Resource(s)
  -------------------------------------------------------------------    -------------------
    F15                                               0.000     0.000 r  btn[0] (IN)
                         net (fo=0)                   0.000     0.000    btn[0]
    F15                  IBUF (Prop_ibuf_I_O)         1.069     1.069 r  btn_IBUF[0]_inst/O
                         net (fo=22, routed)         10.823    11.892    DP/IndexOffsetReg_inst/btn_IBUF[0]
    SLICE_X152Y115       LUT5 (Prop_lut5_I3_O)        0.124    12.016 r  DP/IndexOffsetReg_inst/index_offset_reg0_carry_i_3/O
                         net (fo=1, routed)           0.000    12.016    DP/IndexOffsetReg_inst/index_offset_reg0_carry_i_3_n_0
    SLICE_X152Y115       CARRY4 (Prop_carry4_S[1]_CO[3])
                                                      0.533    12.549 r  DP/IndexOffsetReg_inst/index_offset_reg0_carry/CO[3]
                         net (fo=1, routed)           0.000    12.549    DP/IndexOffsetReg_inst/index_offset_reg0_carry_n_0
    SLICE_X152Y116       CARRY4 (Prop_carry4_CI_O[3])
                                                      0.315    12.864 r  DP/IndexOffsetReg_inst/index_offset_reg0_carry__0/O[3]
                         net (fo=1, routed)           0.570    13.434    DP/Interpolate_inst/B[7]
    DSP48_X8Y46          DSP48E1                                      r  DP/Interpolate_inst/base_plus_delta_x_offset/B[7]
  -------------------------------------------------------------------    -------------------

Slack:                    inf
  Source:                 btn[0]
                            (input port)
  Destination:            DP/Interpolate_inst/base_plus_delta_x_offset/B[5]
  Path Group:             (none)
  Path Type:              Max at Slow Process Corner
  Data Path Delay:        13.396ns  (logic 2.049ns (15.299%)  route 11.347ns (84.701%))
  Logic Levels:           4  (CARRY4=2 IBUF=1 LUT5=1)

    Location             Delay type                Incr(ns)  Path(ns)    Netlist Resource(s)
  -------------------------------------------------------------------    -------------------
    F15                                               0.000     0.000 r  btn[0] (IN)
                         net (fo=0)                   0.000     0.000    btn[0]
    F15                  IBUF (Prop_ibuf_I_O)         1.069     1.069 r  btn_IBUF[0]_inst/O
                         net (fo=22, routed)         10.823    11.892    DP/IndexOffsetReg_inst/btn_IBUF[0]
    SLICE_X152Y115       LUT5 (Prop_lut5_I3_O)        0.124    12.016 r  DP/IndexOffsetReg_inst/index_offset_reg0_carry_i_3/O
                         net (fo=1, routed)           0.000    12.016    DP/IndexOffsetReg_inst/index_offset_reg0_carry_i_3_n_0
    SLICE_X152Y115       CARRY4 (Prop_carry4_S[1]_CO[3])
                                                      0.533    12.549 r  DP/IndexOffsetReg_inst/index_offset_reg0_carry/CO[3]
                         net (fo=1, routed)           0.000    12.549    DP/IndexOffsetReg_inst/index_offset_reg0_carry_n_0
    SLICE_X152Y116       CARRY4 (Prop_carry4_CI_O[1])
                                                      0.323    12.872 r  DP/IndexOffsetReg_inst/index_offset_reg0_carry__0/O[1]
                         net (fo=1, routed)           0.524    13.396    DP/Interpolate_inst/B[5]
    DSP48_X8Y46          DSP48E1                                      r  DP/Interpolate_inst/base_plus_delta_x_offset/B[5]
  -------------------------------------------------------------------    -------------------

Slack:                    inf
  Source:                 btn[0]
                            (input port)
  Destination:            DP/Interpolate_inst/base_plus_delta_x_offset/B[6]
  Path Group:             (none)
  Path Type:              Max at Slow Process Corner
  Data Path Delay:        13.359ns  (logic 1.965ns (14.712%)  route 11.394ns (85.288%))
  Logic Levels:           4  (CARRY4=2 IBUF=1 LUT5=1)

    Location             Delay type                Incr(ns)  Path(ns)    Netlist Resource(s)
  -------------------------------------------------------------------    -------------------
    F15                                               0.000     0.000 r  btn[0] (IN)
                         net (fo=0)                   0.000     0.000    btn[0]
    F15                  IBUF (Prop_ibuf_I_O)         1.069     1.069 r  btn_IBUF[0]_inst/O
                         net (fo=22, routed)         10.823    11.892    DP/IndexOffsetReg_inst/btn_IBUF[0]
    SLICE_X152Y115       LUT5 (Prop_lut5_I3_O)        0.124    12.016 r  DP/IndexOffsetReg_inst/index_offset_reg0_carry_i_3/O
                         net (fo=1, routed)           0.000    12.016    DP/IndexOffsetReg_inst/index_offset_reg0_carry_i_3_n_0
    SLICE_X152Y115       CARRY4 (Prop_carry4_S[1]_CO[3])
                                                      0.533    12.549 r  DP/IndexOffsetReg_inst/index_offset_reg0_carry/CO[3]
                         net (fo=1, routed)           0.000    12.549    DP/IndexOffsetReg_inst/index_offset_reg0_carry_n_0
    SLICE_X152Y116       CARRY4 (Prop_carry4_CI_O[2])
                                                      0.239    12.788 r  DP/IndexOffsetReg_inst/index_offset_reg0_carry__0/O[2]
                         net (fo=1, routed)           0.570    13.359    DP/Interpolate_inst/B[6]
    DSP48_X8Y46          DSP48E1                                      r  DP/Interpolate_inst/base_plus_delta_x_offset/B[6]
  -------------------------------------------------------------------    -------------------

Slack:                    inf
  Source:                 btn[0]
                            (input port)
  Destination:            DP/Interpolate_inst/base_plus_delta_x_offset/B[4]
  Path Group:             (none)
  Path Type:              Max at Slow Process Corner
  Data Path Delay:        13.316ns  (logic 1.945ns (14.610%)  route 11.370ns (85.390%))
  Logic Levels:           4  (CARRY4=2 IBUF=1 LUT5=1)

    Location             Delay type                Incr(ns)  Path(ns)    Netlist Resource(s)
  -------------------------------------------------------------------    -------------------
    F15                                               0.000     0.000 r  btn[0] (IN)
                         net (fo=0)                   0.000     0.000    btn[0]
    F15                  IBUF (Prop_ibuf_I_O)         1.069     1.069 r  btn_IBUF[0]_inst/O
                         net (fo=22, routed)         10.823    11.892    DP/IndexOffsetReg_inst/btn_IBUF[0]
    SLICE_X152Y115       LUT5 (Prop_lut5_I3_O)        0.124    12.016 r  DP/IndexOffsetReg_inst/index_offset_reg0_carry_i_3/O
                         net (fo=1, routed)           0.000    12.016    DP/IndexOffsetReg_inst/index_offset_reg0_carry_i_3_n_0
    SLICE_X152Y115       CARRY4 (Prop_carry4_S[1]_CO[3])
                                                      0.533    12.549 r  DP/IndexOffsetReg_inst/index_offset_reg0_carry/CO[3]
                         net (fo=1, routed)           0.000    12.549    DP/IndexOffsetReg_inst/index_offset_reg0_carry_n_0
    SLICE_X152Y116       CARRY4 (Prop_carry4_CI_O[0])
                                                      0.219    12.768 r  DP/IndexOffsetReg_inst/index_offset_reg0_carry__0/O[0]
                         net (fo=1, routed)           0.547    13.316    DP/Interpolate_inst/B[4]
    DSP48_X8Y46          DSP48E1                                      r  DP/Interpolate_inst/base_plus_delta_x_offset/B[4]
  -------------------------------------------------------------------    -------------------

Slack:                    inf
  Source:                 btn[0]
                            (input port)
  Destination:            DP/Interpolate_inst/base_plus_delta_x_offset/B[2]
  Path Group:             (none)
  Path Type:              Max at Slow Process Corner
  Data Path Delay:        13.165ns  (logic 1.771ns (13.456%)  route 11.394ns (86.544%))
  Logic Levels:           3  (CARRY4=1 IBUF=1 LUT5=1)

    Location             Delay type                Incr(ns)  Path(ns)    Netlist Resource(s)
  -------------------------------------------------------------------    -------------------
    F15                                               0.000     0.000 r  btn[0] (IN)
                         net (fo=0)                   0.000     0.000    btn[0]
    F15                  IBUF (Prop_ibuf_I_O)         1.069     1.069 r  btn_IBUF[0]_inst/O
                         net (fo=22, routed)         10.823    11.892    DP/IndexOffsetReg_inst/btn_IBUF[0]
    SLICE_X152Y115       LUT5 (Prop_lut5_I3_O)        0.124    12.016 r  DP/IndexOffsetReg_inst/index_offset_reg0_carry_i_3/O
                         net (fo=1, routed)           0.000    12.016    DP/IndexOffsetReg_inst/index_offset_reg0_carry_i_3_n_0
    SLICE_X152Y115       CARRY4 (Prop_carry4_S[1]_O[2])
                                                      0.578    12.594 r  DP/IndexOffsetReg_inst/index_offset_reg0_carry/O[2]
                         net (fo=1, routed)           0.570    13.165    DP/Interpolate_inst/B[2]
    DSP48_X8Y46          DSP48E1                                      r  DP/Interpolate_inst/base_plus_delta_x_offset/B[2]
  -------------------------------------------------------------------    -------------------

Slack:                    inf
  Source:                 btn[0]
                            (input port)
  Destination:            DP/Interpolate_inst/base_plus_delta_x_offset/B[3]
  Path Group:             (none)
  Path Type:              Max at Slow Process Corner
  Data Path Delay:        13.040ns  (logic 1.836ns (14.083%)  route 11.203ns (85.917%))
  Logic Levels:           3  (CARRY4=1 IBUF=1 LUT5=1)

    Location             Delay type                Incr(ns)  Path(ns)    Netlist Resource(s)
  -------------------------------------------------------------------    -------------------
    F15                                               0.000     0.000 r  btn[0] (IN)
                         net (fo=0)                   0.000     0.000    btn[0]
    F15                  IBUF (Prop_ibuf_I_O)         1.069     1.069 r  btn_IBUF[0]_inst/O
                         net (fo=22, routed)         10.823    11.892    DP/IndexOffsetReg_inst/btn_IBUF[0]
    SLICE_X152Y115       LUT5 (Prop_lut5_I3_O)        0.124    12.016 r  DP/IndexOffsetReg_inst/index_offset_reg0_carry_i_3/O
                         net (fo=1, routed)           0.000    12.016    DP/IndexOffsetReg_inst/index_offset_reg0_carry_i_3_n_0
    SLICE_X152Y115       CARRY4 (Prop_carry4_S[1]_O[3])
                                                      0.643    12.659 r  DP/IndexOffsetReg_inst/index_offset_reg0_carry/O[3]
                         net (fo=1, routed)           0.380    13.040    DP/Interpolate_inst/B[3]
    DSP48_X8Y46          DSP48E1                                      r  DP/Interpolate_inst/base_plus_delta_x_offset/B[3]
  -------------------------------------------------------------------    -------------------

Slack:                    inf
  Source:                 btn[0]
                            (input port)
  Destination:            DP/Interpolate_inst/base_plus_delta_x_offset/B[1]
  Path Group:             (none)
  Path Type:              Max at Slow Process Corner
  Data Path Delay:        13.024ns  (logic 1.620ns (12.441%)  route 11.404ns (87.559%))
  Logic Levels:           3  (CARRY4=1 IBUF=1 LUT5=1)

    Location             Delay type                Incr(ns)  Path(ns)    Netlist Resource(s)
  -------------------------------------------------------------------    -------------------
    F15                                               0.000     0.000 r  btn[0] (IN)
                         net (fo=0)                   0.000     0.000    btn[0]
    F15                  IBUF (Prop_ibuf_I_O)         1.069     1.069 r  btn_IBUF[0]_inst/O
                         net (fo=22, routed)         10.833    11.902    DP/IndexOffsetReg_inst/btn_IBUF[0]
    SLICE_X152Y115       LUT5 (Prop_lut5_I1_O)        0.124    12.026 r  DP/IndexOffsetReg_inst/index_offset_reg0_carry_i_4/O
                         net (fo=1, routed)           0.000    12.026    DP/IndexOffsetReg_inst/index_offset_reg0_carry_i_4_n_0
    SLICE_X152Y115       CARRY4 (Prop_carry4_S[0]_O[1])
                                                      0.427    12.453 r  DP/IndexOffsetReg_inst/index_offset_reg0_carry/O[1]
                         net (fo=1, routed)           0.571    13.024    DP/Interpolate_inst/B[1]
    DSP48_X8Y46          DSP48E1                                      r  DP/Interpolate_inst/base_plus_delta_x_offset/B[1]
  -------------------------------------------------------------------    -------------------

Slack:                    inf
  Source:                 btn[0]
                            (input port)
  Destination:            DP/IndexOffsetReg_inst/index_offset_reg_reg[13]/D
  Path Group:             (none)
  Path Type:              Max at Slow Process Corner
  Data Path Delay:        12.913ns  (logic 2.305ns (17.853%)  route 10.608ns (82.147%))
  Logic Levels:           6  (CARRY4=4 IBUF=1 LUT5=1)

    Location             Delay type                Incr(ns)  Path(ns)    Netlist Resource(s)
  -------------------------------------------------------------------    -------------------
    F15                                               0.000     0.000 r  btn[0] (IN)
                         net (fo=0)                   0.000     0.000    btn[0]
    F15                  IBUF (Prop_ibuf_I_O)         1.069     1.069 r  btn_IBUF[0]_inst/O
                         net (fo=22, routed)         10.608    11.677    DP/IndexOffsetReg_inst/btn_IBUF[0]
    SLICE_X153Y115       LUT5 (Prop_lut5_I2_O)        0.124    11.801 r  DP/IndexOffsetReg_inst/index_offset_reg[0]_i_5/O
                         net (fo=1, routed)           0.000    11.801    DP/IndexOffsetReg_inst/index_offset_reg[0]_i_5_n_0
    SLICE_X153Y115       CARRY4 (Prop_carry4_S[1]_CO[3])
                                                      0.550    12.351 r  DP/IndexOffsetReg_inst/index_offset_reg_reg[0]_i_1/CO[3]
                         net (fo=1, routed)           0.000    12.351    DP/IndexOffsetReg_inst/index_offset_reg_reg[0]_i_1_n_0
    SLICE_X153Y116       CARRY4 (Prop_carry4_CI_CO[3])
                                                      0.114    12.465 r  DP/IndexOffsetReg_inst/index_offset_reg_reg[4]_i_1/CO[3]
                         net (fo=1, routed)           0.000    12.465    DP/IndexOffsetReg_inst/index_offset_reg_reg[4]_i_1_n_0
    SLICE_X153Y117       CARRY4 (Prop_carry4_CI_CO[3])
                                                      0.114    12.579 r  DP/IndexOffsetReg_inst/index_offset_reg_reg[8]_i_1/CO[3]
                         net (fo=1, routed)           0.000    12.579    DP/IndexOffsetReg_inst/index_offset_reg_reg[8]_i_1_n_0
    SLICE_X153Y118       CARRY4 (Prop_carry4_CI_O[1])
                                                      0.334    12.913 r  DP/IndexOffsetReg_inst/index_offset_reg_reg[12]_i_1/O[1]
                         net (fo=1, routed)           0.000    12.913    DP/IndexOffsetReg_inst/index_offset_reg_reg[12]_i_1_n_6
    SLICE_X153Y118       FDRE                                         r  DP/IndexOffsetReg_inst/index_offset_reg_reg[13]/D
  -------------------------------------------------------------------    -------------------

Slack:                    inf
  Source:                 btn[0]
                            (input port)
  Destination:            DP/IndexOffsetReg_inst/index_offset_reg_reg[15]/D
  Path Group:             (none)
  Path Type:              Max at Slow Process Corner
  Data Path Delay:        12.892ns  (logic 2.284ns (17.720%)  route 10.608ns (82.280%))
  Logic Levels:           6  (CARRY4=4 IBUF=1 LUT5=1)

    Location             Delay type                Incr(ns)  Path(ns)    Netlist Resource(s)
  -------------------------------------------------------------------    -------------------
    F15                                               0.000     0.000 r  btn[0] (IN)
                         net (fo=0)                   0.000     0.000    btn[0]
    F15                  IBUF (Prop_ibuf_I_O)         1.069     1.069 r  btn_IBUF[0]_inst/O
                         net (fo=22, routed)         10.608    11.677    DP/IndexOffsetReg_inst/btn_IBUF[0]
    SLICE_X153Y115       LUT5 (Prop_lut5_I2_O)        0.124    11.801 r  DP/IndexOffsetReg_inst/index_offset_reg[0]_i_5/O
                         net (fo=1, routed)           0.000    11.801    DP/IndexOffsetReg_inst/index_offset_reg[0]_i_5_n_0
    SLICE_X153Y115       CARRY4 (Prop_carry4_S[1]_CO[3])
                                                      0.550    12.351 r  DP/IndexOffsetReg_inst/index_offset_reg_reg[0]_i_1/CO[3]
                         net (fo=1, routed)           0.000    12.351    DP/IndexOffsetReg_inst/index_offset_reg_reg[0]_i_1_n_0
    SLICE_X153Y116       CARRY4 (Prop_carry4_CI_CO[3])
                                                      0.114    12.465 r  DP/IndexOffsetReg_inst/index_offset_reg_reg[4]_i_1/CO[3]
                         net (fo=1, routed)           0.000    12.465    DP/IndexOffsetReg_inst/index_offset_reg_reg[4]_i_1_n_0
    SLICE_X153Y117       CARRY4 (Prop_carry4_CI_CO[3])
                                                      0.114    12.579 r  DP/IndexOffsetReg_inst/index_offset_reg_reg[8]_i_1/CO[3]
                         net (fo=1, routed)           0.000    12.579    DP/IndexOffsetReg_inst/index_offset_reg_reg[8]_i_1_n_0
    SLICE_X153Y118       CARRY4 (Prop_carry4_CI_O[3])
                                                      0.313    12.892 r  DP/IndexOffsetReg_inst/index_offset_reg_reg[12]_i_1/O[3]
                         net (fo=1, routed)           0.000    12.892    DP/IndexOffsetReg_inst/index_offset_reg_reg[12]_i_1_n_4
    SLICE_X153Y118       FDRE                                         r  DP/IndexOffsetReg_inst/index_offset_reg_reg[15]/D
  -------------------------------------------------------------------    -------------------

Slack:                    inf
  Source:                 btn[0]
                            (input port)
  Destination:            DP/IndexOffsetReg_inst/index_offset_reg_reg[14]/D
  Path Group:             (none)
  Path Type:              Max at Slow Process Corner
  Data Path Delay:        12.818ns  (logic 2.210ns (17.245%)  route 10.608ns (82.755%))
  Logic Levels:           6  (CARRY4=4 IBUF=1 LUT5=1)

    Location             Delay type                Incr(ns)  Path(ns)    Netlist Resource(s)
  -------------------------------------------------------------------    -------------------
    F15                                               0.000     0.000 r  btn[0] (IN)
                         net (fo=0)                   0.000     0.000    btn[0]
    F15                  IBUF (Prop_ibuf_I_O)         1.069     1.069 r  btn_IBUF[0]_inst/O
                         net (fo=22, routed)         10.608    11.677    DP/IndexOffsetReg_inst/btn_IBUF[0]
    SLICE_X153Y115       LUT5 (Prop_lut5_I2_O)        0.124    11.801 r  DP/IndexOffsetReg_inst/index_offset_reg[0]_i_5/O
                         net (fo=1, routed)           0.000    11.801    DP/IndexOffsetReg_inst/index_offset_reg[0]_i_5_n_0
    SLICE_X153Y115       CARRY4 (Prop_carry4_S[1]_CO[3])
                                                      0.550    12.351 r  DP/IndexOffsetReg_inst/index_offset_reg_reg[0]_i_1/CO[3]
                         net (fo=1, routed)           0.000    12.351    DP/IndexOffsetReg_inst/index_offset_reg_reg[0]_i_1_n_0
    SLICE_X153Y116       CARRY4 (Prop_carry4_CI_CO[3])
                                                      0.114    12.465 r  DP/IndexOffsetReg_inst/index_offset_reg_reg[4]_i_1/CO[3]
                         net (fo=1, routed)           0.000    12.465    DP/IndexOffsetReg_inst/index_offset_reg_reg[4]_i_1_n_0
    SLICE_X153Y117       CARRY4 (Prop_carry4_CI_CO[3])
                                                      0.114    12.579 r  DP/IndexOffsetReg_inst/index_offset_reg_reg[8]_i_1/CO[3]
                         net (fo=1, routed)           0.000    12.579    DP/IndexOffsetReg_inst/index_offset_reg_reg[8]_i_1_n_0
    SLICE_X153Y118       CARRY4 (Prop_carry4_CI_O[2])
                                                      0.239    12.818 r  DP/IndexOffsetReg_inst/index_offset_reg_reg[12]_i_1/O[2]
                         net (fo=1, routed)           0.000    12.818    DP/IndexOffsetReg_inst/index_offset_reg_reg[12]_i_1_n_5
    SLICE_X153Y118       FDRE                                         r  DP/IndexOffsetReg_inst/index_offset_reg_reg[14]/D
  -------------------------------------------------------------------    -------------------





Min Delay Paths
--------------------------------------------------------------------------------------
Slack:                    inf
  Source:                 DP/BaseAndNextReg_inst/base_reg_reg[3]/C
                            (rising edge-triggered cell FDRE)
  Destination:            Audio_Codec/audio_inout/Data_Out_int_reg[18]/D
  Path Group:             (none)
  Path Type:              Min at Fast Process Corner
  Data Path Delay:        0.240ns  (logic 0.186ns (77.466%)  route 0.054ns (22.534%))
  Logic Levels:           2  (FDRE=1 LUT5=1)

    Location             Delay type                Incr(ns)  Path(ns)    Netlist Resource(s)
  -------------------------------------------------------------------    -------------------
    SLICE_X155Y115       FDRE                         0.000     0.000 r  DP/BaseAndNextReg_inst/base_reg_reg[3]/C
    SLICE_X155Y115       FDRE (Prop_fdre_C_Q)         0.141     0.141 r  DP/BaseAndNextReg_inst/base_reg_reg[3]/Q
                         net (fo=1, routed)           0.054     0.195    Audio_Codec/audio_inout/A[2]
    SLICE_X154Y115       LUT5 (Prop_lut5_I4_O)        0.045     0.240 r  Audio_Codec/audio_inout/Data_Out_int[18]_i_1/O
                         net (fo=1, routed)           0.000     0.240    Audio_Codec/audio_inout/Data_Out_int[18]_i_1_n_0
    SLICE_X154Y115       FDRE                                         r  Audio_Codec/audio_inout/Data_Out_int_reg[18]/D
  -------------------------------------------------------------------    -------------------

Slack:                    inf
  Source:                 DP/BaseAndNextReg_inst/base_reg_reg[5]/C
                            (rising edge-triggered cell FDRE)
  Destination:            Audio_Codec/audio_inout/Data_Out_int_reg[20]/D
  Path Group:             (none)
  Path Type:              Min at Fast Process Corner
  Data Path Delay:        0.240ns  (logic 0.186ns (77.466%)  route 0.054ns (22.534%))
  Logic Levels:           2  (FDRE=1 LUT5=1)

    Location             Delay type                Incr(ns)  Path(ns)    Netlist Resource(s)
  -------------------------------------------------------------------    -------------------
    SLICE_X151Y116       FDRE                         0.000     0.000 r  DP/BaseAndNextReg_inst/base_reg_reg[5]/C
    SLICE_X151Y116       FDRE (Prop_fdre_C_Q)         0.141     0.141 r  DP/BaseAndNextReg_inst/base_reg_reg[5]/Q
                         net (fo=1, routed)           0.054     0.195    Audio_Codec/audio_inout/A[4]
    SLICE_X150Y116       LUT5 (Prop_lut5_I4_O)        0.045     0.240 r  Audio_Codec/audio_inout/Data_Out_int[20]_i_1/O
                         net (fo=1, routed)           0.000     0.240    Audio_Codec/audio_inout/Data_Out_int[20]_i_1_n_0
    SLICE_X150Y116       FDRE                                         r  Audio_Codec/audio_inout/Data_Out_int_reg[20]/D
  -------------------------------------------------------------------    -------------------

Slack:                    inf
  Source:                 DP/BaseAndNextReg_inst/base_reg_reg[13]/C
                            (rising edge-triggered cell FDRE)
  Destination:            Audio_Codec/audio_inout/Data_Out_int_reg[28]/D
  Path Group:             (none)
  Path Type:              Min at Fast Process Corner
  Data Path Delay:        0.240ns  (logic 0.186ns (77.466%)  route 0.054ns (22.534%))
  Logic Levels:           2  (FDRE=1 LUT5=1)

    Location             Delay type                Incr(ns)  Path(ns)    Netlist Resource(s)
  -------------------------------------------------------------------    -------------------
    SLICE_X153Y119       FDRE                         0.000     0.000 r  DP/BaseAndNextReg_inst/base_reg_reg[13]/C
    SLICE_X153Y119       FDRE (Prop_fdre_C_Q)         0.141     0.141 r  DP/BaseAndNextReg_inst/base_reg_reg[13]/Q
                         net (fo=1, routed)           0.054     0.195    Audio_Codec/audio_inout/A[12]
    SLICE_X152Y119       LUT5 (Prop_lut5_I4_O)        0.045     0.240 r  Audio_Codec/audio_inout/Data_Out_int[28]_i_1/O
                         net (fo=1, routed)           0.000     0.240    Audio_Codec/audio_inout/Data_Out_int[28]_i_1_n_0
    SLICE_X152Y119       FDRE                                         r  Audio_Codec/audio_inout/Data_Out_int_reg[28]/D
  -------------------------------------------------------------------    -------------------

Slack:                    inf
  Source:                 DP/BaseAndNextReg_inst/base_reg_reg[12]/C
                            (rising edge-triggered cell FDRE)
  Destination:            Audio_Codec/audio_inout/Data_Out_int_reg[27]/D
  Path Group:             (none)
  Path Type:              Min at Fast Process Corner
  Data Path Delay:        0.277ns  (logic 0.186ns (67.123%)  route 0.091ns (32.877%))
  Logic Levels:           2  (FDRE=1 LUT5=1)

    Location             Delay type                Incr(ns)  Path(ns)    Netlist Resource(s)
  -------------------------------------------------------------------    -------------------
    SLICE_X153Y119       FDRE                         0.000     0.000 r  DP/BaseAndNextReg_inst/base_reg_reg[12]/C
    SLICE_X153Y119       FDRE (Prop_fdre_C_Q)         0.141     0.141 r  DP/BaseAndNextReg_inst/base_reg_reg[12]/Q
                         net (fo=1, routed)           0.091     0.232    Audio_Codec/audio_inout/A[11]
    SLICE_X152Y119       LUT5 (Prop_lut5_I4_O)        0.045     0.277 r  Audio_Codec/audio_inout/Data_Out_int[27]_i_1/O
                         net (fo=1, routed)           0.000     0.277    Audio_Codec/audio_inout/Data_Out_int[27]_i_1_n_0
    SLICE_X152Y119       FDRE                                         r  Audio_Codec/audio_inout/Data_Out_int_reg[27]/D
  -------------------------------------------------------------------    -------------------

Slack:                    inf
  Source:                 Audio_Codec/ac_lrclk_count_reg[1]/C
                            (rising edge-triggered cell FDRE)
  Destination:            Audio_Codec/ac_lrclk_count_reg[2]/D
  Path Group:             (none)
  Path Type:              Min at Fast Process Corner
  Data Path Delay:        0.302ns  (logic 0.227ns (75.183%)  route 0.075ns (24.817%))
  Logic Levels:           2  (FDRE=1 LUT6=1)

    Location             Delay type                Incr(ns)  Path(ns)    Netlist Resource(s)
  -------------------------------------------------------------------    -------------------
    SLICE_X156Y117       FDRE                         0.000     0.000 r  Audio_Codec/ac_lrclk_count_reg[1]/C
    SLICE_X156Y117       FDRE (Prop_fdre_C_Q)         0.128     0.128 r  Audio_Codec/ac_lrclk_count_reg[1]/Q
                         net (fo=3, routed)           0.075     0.203    Audio_Codec/ac_lrclk_count[1]
    SLICE_X156Y117       LUT6 (Prop_lut6_I4_O)        0.099     0.302 r  Audio_Codec/ac_lrclk_count[2]_i_1/O
                         net (fo=1, routed)           0.000     0.302    Audio_Codec/ac_lrclk_count[2]_i_1_n_0
    SLICE_X156Y117       FDRE                                         r  Audio_Codec/ac_lrclk_count_reg[2]/D
  -------------------------------------------------------------------    -------------------

Slack:                    inf
  Source:                 Audio_Codec/ac_lrclk_sig_prev_reg/C
                            (rising edge-triggered cell FDRE)
  Destination:            Audio_Codec/ac_lrclk_count_reg[0]/D
  Path Group:             (none)
  Path Type:              Min at Fast Process Corner
  Data Path Delay:        0.305ns  (logic 0.186ns (60.969%)  route 0.119ns (39.031%))
  Logic Levels:           2  (FDRE=1 LUT4=1)

    Location             Delay type                Incr(ns)  Path(ns)    Netlist Resource(s)
  -------------------------------------------------------------------    -------------------
    SLICE_X157Y117       FDRE                         0.000     0.000 r  Audio_Codec/ac_lrclk_sig_prev_reg/C
    SLICE_X157Y117       FDRE (Prop_fdre_C_Q)         0.141     0.141 r  Audio_Codec/ac_lrclk_sig_prev_reg/Q
                         net (fo=5, routed)           0.119     0.260    Audio_Codec/ac_lrclk_sig_prev_reg_n_0
    SLICE_X156Y117       LUT4 (Prop_lut4_I1_O)        0.045     0.305 r  Audio_Codec/ac_lrclk_count[0]_i_1/O
                         net (fo=1, routed)           0.000     0.305    Audio_Codec/ac_lrclk_count[0]_i_1_n_0
    SLICE_X156Y117       FDRE                                         r  Audio_Codec/ac_lrclk_count_reg[0]/D
  -------------------------------------------------------------------    -------------------

Slack:                    inf
  Source:                 Audio_Codec/ac_lrclk_sig_prev_reg/C
                            (rising edge-triggered cell FDRE)
  Destination:            Audio_Codec/ac_lrclk_count_reg[1]/D
  Path Group:             (none)
  Path Type:              Min at Fast Process Corner
  Data Path Delay:        0.308ns  (logic 0.189ns (61.349%)  route 0.119ns (38.651%))
  Logic Levels:           2  (FDRE=1 LUT5=1)

    Location             Delay type                Incr(ns)  Path(ns)    Netlist Resource(s)
  -------------------------------------------------------------------    -------------------
    SLICE_X157Y117       FDRE                         0.000     0.000 r  Audio_Codec/ac_lrclk_sig_prev_reg/C
    SLICE_X157Y117       FDRE (Prop_fdre_C_Q)         0.141     0.141 r  Audio_Codec/ac_lrclk_sig_prev_reg/Q
                         net (fo=5, routed)           0.119     0.260    Audio_Codec/ac_lrclk_sig_prev_reg_n_0
    SLICE_X156Y117       LUT5 (Prop_lut5_I1_O)        0.048     0.308 r  Audio_Codec/ac_lrclk_count[1]_i_1/O
                         net (fo=1, routed)           0.000     0.308    Audio_Codec/ac_lrclk_count[1]_i_1_n_0
    SLICE_X156Y117       FDRE                                         r  Audio_Codec/ac_lrclk_count_reg[1]/D
  -------------------------------------------------------------------    -------------------

Slack:                    inf
  Source:                 DP/BaseAndNextReg_inst/base_reg_reg[14]/C
                            (rising edge-triggered cell FDRE)
  Destination:            Audio_Codec/audio_inout/Data_Out_int_reg[29]/D
  Path Group:             (none)
  Path Type:              Min at Fast Process Corner
  Data Path Delay:        0.308ns  (logic 0.186ns (60.369%)  route 0.122ns (39.631%))
  Logic Levels:           2  (FDRE=1 LUT5=1)

    Location             Delay type                Incr(ns)  Path(ns)    Netlist Resource(s)
  -------------------------------------------------------------------    -------------------
    SLICE_X153Y119       FDRE                         0.000     0.000 r  DP/BaseAndNextReg_inst/base_reg_reg[14]/C
    SLICE_X153Y119       FDRE (Prop_fdre_C_Q)         0.141     0.141 r  DP/BaseAndNextReg_inst/base_reg_reg[14]/Q
                         net (fo=1, routed)           0.122     0.263    Audio_Codec/audio_inout/A[13]
    SLICE_X152Y119       LUT5 (Prop_lut5_I4_O)        0.045     0.308 r  Audio_Codec/audio_inout/Data_Out_int[29]_i_1/O
                         net (fo=1, routed)           0.000     0.308    Audio_Codec/audio_inout/Data_Out_int[29]_i_1_n_0
    SLICE_X152Y119       FDRE                                         r  Audio_Codec/audio_inout/Data_Out_int_reg[29]/D
  -------------------------------------------------------------------    -------------------

Slack:                    inf
  Source:                 DP/BaseAndNextReg_inst/base_reg_reg[15]/C
                            (rising edge-triggered cell FDRE)
  Destination:            Audio_Codec/audio_inout/Data_Out_int_reg[30]/D
  Path Group:             (none)
  Path Type:              Min at Fast Process Corner
  Data Path Delay:        0.325ns  (logic 0.209ns (64.226%)  route 0.116ns (35.774%))
  Logic Levels:           2  (FDRE=1 LUT5=1)

    Location             Delay type                Incr(ns)  Path(ns)    Netlist Resource(s)
  -------------------------------------------------------------------    -------------------
    SLICE_X152Y118       FDRE                         0.000     0.000 r  DP/BaseAndNextReg_inst/base_reg_reg[15]/C
    SLICE_X152Y118       FDRE (Prop_fdre_C_Q)         0.164     0.164 r  DP/BaseAndNextReg_inst/base_reg_reg[15]/Q
                         net (fo=1, routed)           0.116     0.280    Audio_Codec/audio_inout/A[14]
    SLICE_X152Y120       LUT5 (Prop_lut5_I4_O)        0.045     0.325 r  Audio_Codec/audio_inout/Data_Out_int[30]_i_1/O
                         net (fo=1, routed)           0.000     0.325    Audio_Codec/audio_inout/Data_Out_int[30]_i_1_n_0
    SLICE_X152Y120       FDRE                                         r  Audio_Codec/audio_inout/Data_Out_int_reg[30]/D
  -------------------------------------------------------------------    -------------------

Slack:                    inf
  Source:                 DP/BaseAndNextReg_inst/base_reg_reg[2]/C
                            (rising edge-triggered cell FDRE)
  Destination:            Audio_Codec/audio_inout/Data_Out_int_reg[17]/D
  Path Group:             (none)
  Path Type:              Min at Fast Process Corner
  Data Path Delay:        0.326ns  (logic 0.186ns (57.037%)  route 0.140ns (42.963%))
  Logic Levels:           2  (FDRE=1 LUT5=1)

    Location             Delay type                Incr(ns)  Path(ns)    Netlist Resource(s)
  -------------------------------------------------------------------    -------------------
    SLICE_X155Y115       FDRE                         0.000     0.000 r  DP/BaseAndNextReg_inst/base_reg_reg[2]/C
    SLICE_X155Y115       FDRE (Prop_fdre_C_Q)         0.141     0.141 r  DP/BaseAndNextReg_inst/base_reg_reg[2]/Q
                         net (fo=1, routed)           0.140     0.281    Audio_Codec/audio_inout/A[1]
    SLICE_X154Y115       LUT5 (Prop_lut5_I4_O)        0.045     0.326 r  Audio_Codec/audio_inout/Data_Out_int[17]_i_1/O
                         net (fo=1, routed)           0.000     0.326    Audio_Codec/audio_inout/Data_Out_int[17]_i_1_n_0
    SLICE_X154Y115       FDRE                                         r  Audio_Codec/audio_inout/Data_Out_int_reg[17]/D
  -------------------------------------------------------------------    -------------------





--------------------------------------------------------------------------------------
Path Group:  (none)
From Clock:  clk_out1_clk_wiz_0
  To Clock:  

Max Delay             1 Endpoint
Min Delay             1 Endpoint
--------------------------------------------------------------------------------------


Max Delay Paths
--------------------------------------------------------------------------------------
Slack:                    inf
  Source:                 Audio_Codec/audiocodec_master_clock/inst/mmcm_adv_inst/CLKOUT0
                            (clock source 'clk_out1_clk_wiz_0'  {rise@0.000ns fall@40.688ns period=81.375ns})
  Destination:            ac_mclk
                            (output port)
  Path Group:             (none)
  Path Type:              Max at Slow Process Corner
  Data Path Delay:        9.455ns  (logic 3.632ns (38.418%)  route 5.823ns (61.582%))
  Logic Levels:           2  (BUFG=1 OBUF=1)
  Clock Uncertainty:      0.202ns  ((TSJ^2 + DJ^2)^1/2) / 2 + PE
    Total System Jitter     (TSJ):    0.050ns
    Discrete Jitter          (DJ):    0.201ns
    Phase Error              (PE):    0.099ns

    Location             Delay type                Incr(ns)  Path(ns)    Netlist Resource(s)
  -------------------------------------------------------------------    -------------------
                         (clock clk_out1_clk_wiz_0 fall edge)
                                                     40.688    40.688 f  
    BUFGCTRL_X0Y2        BUFG                         0.000    40.688 f  clk_IBUF_BUFG_inst/O
                         net (fo=73, routed)          2.106    42.794    Audio_Codec/audiocodec_master_clock/inst/clk_in1
  -------------------------------------------------------------------    -------------------
    MMCME2_ADV_X1Y0      MMCME2_ADV (Prop_mmcme2_adv_CLKIN1_CLKOUT0)
                                                     -4.900    37.894 f  Audio_Codec/audiocodec_master_clock/inst/mmcm_adv_inst/CLKOUT0
                         net (fo=1, routed)           2.697    40.591    Audio_Codec/audiocodec_master_clock/inst/clk_out1_clk_wiz_0
    BUFGCTRL_X0Y0        BUFG (Prop_bufg_I_O)         0.096    40.688 f  Audio_Codec/audiocodec_master_clock/inst/clkout1_buf/O
                         net (fo=1, routed)           3.125    43.813    ac_mclk_OBUF
    U6                   OBUF (Prop_obuf_I_O)         3.536    47.349 f  ac_mclk_OBUF_inst/O
                         net (fo=0)                   0.000    47.349    ac_mclk
    U6                                                                f  ac_mclk (OUT)
  -------------------------------------------------------------------    -------------------





Min Delay Paths
--------------------------------------------------------------------------------------
Slack:                    inf
  Source:                 Audio_Codec/audiocodec_master_clock/inst/mmcm_adv_inst/CLKOUT0
                            (clock source 'clk_out1_clk_wiz_0'  {rise@0.000ns fall@40.688ns period=81.375ns})
  Destination:            ac_mclk
                            (output port)
  Path Group:             (none)
  Path Type:              Min at Fast Process Corner
  Data Path Delay:        2.971ns  (logic 1.263ns (42.516%)  route 1.708ns (57.484%))
  Logic Levels:           2  (BUFG=1 OBUF=1)
  Clock Uncertainty:      0.202ns  ((TSJ^2 + DJ^2)^1/2) / 2 + PE
    Total System Jitter     (TSJ):    0.050ns
    Discrete Jitter          (DJ):    0.201ns
    Phase Error              (PE):    0.099ns

    Location             Delay type                Incr(ns)  Path(ns)    Netlist Resource(s)
  -------------------------------------------------------------------    -------------------
                         (clock clk_out1_clk_wiz_0 rise edge)
                                                      0.000     0.000 r  
    BUFGCTRL_X0Y2        BUFG                         0.000     0.000 r  clk_IBUF_BUFG_inst/O
                         net (fo=73, routed)          0.745     0.745    Audio_Codec/audiocodec_master_clock/inst/clk_in1
  -------------------------------------------------------------------    -------------------
    MMCME2_ADV_X1Y0      MMCME2_ADV (Prop_mmcme2_adv_CLKIN1_CLKOUT0)
                                                     -1.683    -0.938 r  Audio_Codec/audiocodec_master_clock/inst/mmcm_adv_inst/CLKOUT0
                         net (fo=1, routed)           0.912    -0.026    Audio_Codec/audiocodec_master_clock/inst/clk_out1_clk_wiz_0
    BUFGCTRL_X0Y0        BUFG (Prop_bufg_I_O)         0.026    -0.000 r  Audio_Codec/audiocodec_master_clock/inst/clkout1_buf/O
                         net (fo=1, routed)           0.796     0.796    ac_mclk_OBUF
    U6                   OBUF (Prop_obuf_I_O)         1.237     2.034 r  ac_mclk_OBUF_inst/O
                         net (fo=0)                   0.000     2.034    ac_mclk
    U6                                                                r  ac_mclk (OUT)
  -------------------------------------------------------------------    -------------------





--------------------------------------------------------------------------------------
Path Group:  (none)
From Clock:  clk_out2_clk_wiz_0
  To Clock:  

Max Delay             2 Endpoints
Min Delay             2 Endpoints
--------------------------------------------------------------------------------------


Max Delay Paths
--------------------------------------------------------------------------------------
Slack:                    inf
  Source:                 Audio_Codec/initialize_audio/twi_controller/rSda_reg/C
                            (rising edge-triggered cell FDRE clocked by clk_out2_clk_wiz_0  {rise@0.000ns fall@10.000ns period=20.000ns})
  Destination:            sda
                            (output port)
  Path Group:             (none)
  Path Type:              Max at Slow Process Corner
  Data Path Delay:        5.857ns  (logic 4.066ns (69.420%)  route 1.791ns (30.580%))
  Logic Levels:           1  (OBUFT=1)
  Clock Uncertainty:      0.178ns  ((TSJ^2 + DJ^2)^1/2) / 2 + PE
    Total System Jitter     (TSJ):    0.050ns
    Discrete Jitter          (DJ):    0.152ns
    Phase Error              (PE):    0.099ns

    Location             Delay type                Incr(ns)  Path(ns)    Netlist Resource(s)
  -------------------------------------------------------------------    -------------------
                         (clock clk_out2_clk_wiz_0 rise edge)
                                                      0.000     0.000 r  
    BUFGCTRL_X0Y2        BUFG                         0.000     0.000 r  clk_IBUF_BUFG_inst/O
                         net (fo=73, routed)          2.106     2.106    Audio_Codec/audiocodec_master_clock/inst/clk_in1
    MMCME2_ADV_X1Y0      MMCME2_ADV (Prop_mmcme2_adv_CLKIN1_CLKOUT1)
                                                     -4.900    -2.793 r  Audio_Codec/audiocodec_master_clock/inst/mmcm_adv_inst/CLKOUT1
                         net (fo=1, routed)           2.697    -0.096    Audio_Codec/audiocodec_master_clock/inst/clk_out2_clk_wiz_0
    BUFGCTRL_X0Y1        BUFG (Prop_bufg_I_O)         0.096    -0.000 r  Audio_Codec/audiocodec_master_clock/inst/clkout2_buf/O
                         net (fo=115, routed)         1.820     1.820    Audio_Codec/initialize_audio/twi_controller/clk_out2
    SLICE_X162Y119       FDRE                                         r  Audio_Codec/initialize_audio/twi_controller/rSda_reg/C
  -------------------------------------------------------------------    -------------------
    SLICE_X162Y119       FDRE (Prop_fdre_C_Q)         0.518     2.338 f  Audio_Codec/initialize_audio/twi_controller/rSda_reg/Q
                         net (fo=3, routed)           1.791     4.129    sda_IOBUF_inst/T
    V5                   OBUFT (TriStatE_obuft_T_O)
                                                      3.548     7.677 r  sda_IOBUF_inst/OBUFT/O
                         net (fo=1, unset)            0.000     7.677    sda
    V5                                                                r  sda (INOUT)
  -------------------------------------------------------------------    -------------------

Slack:                    inf
  Source:                 Audio_Codec/initialize_audio/twi_controller/rScl_reg/C
                            (rising edge-triggered cell FDRE clocked by clk_out2_clk_wiz_0  {rise@0.000ns fall@10.000ns period=20.000ns})
  Destination:            scl
                            (output port)
  Path Group:             (none)
  Path Type:              Max at Slow Process Corner
  Data Path Delay:        5.725ns  (logic 4.083ns (71.313%)  route 1.642ns (28.687%))
  Logic Levels:           1  (OBUFT=1)
  Clock Uncertainty:      0.178ns  ((TSJ^2 + DJ^2)^1/2) / 2 + PE
    Total System Jitter     (TSJ):    0.050ns
    Discrete Jitter          (DJ):    0.152ns
    Phase Error              (PE):    0.099ns

    Location             Delay type                Incr(ns)  Path(ns)    Netlist Resource(s)
  -------------------------------------------------------------------    -------------------
                         (clock clk_out2_clk_wiz_0 rise edge)
                                                      0.000     0.000 r  
    BUFGCTRL_X0Y2        BUFG                         0.000     0.000 r  clk_IBUF_BUFG_inst/O
                         net (fo=73, routed)          2.106     2.106    Audio_Codec/audiocodec_master_clock/inst/clk_in1
    MMCME2_ADV_X1Y0      MMCME2_ADV (Prop_mmcme2_adv_CLKIN1_CLKOUT1)
                                                     -4.900    -2.793 r  Audio_Codec/audiocodec_master_clock/inst/mmcm_adv_inst/CLKOUT1
                         net (fo=1, routed)           2.697    -0.096    Audio_Codec/audiocodec_master_clock/inst/clk_out2_clk_wiz_0
    BUFGCTRL_X0Y1        BUFG (Prop_bufg_I_O)         0.096    -0.000 r  Audio_Codec/audiocodec_master_clock/inst/clkout2_buf/O
                         net (fo=115, routed)         1.820     1.820    Audio_Codec/initialize_audio/twi_controller/clk_out2
    SLICE_X162Y119       FDRE                                         r  Audio_Codec/initialize_audio/twi_controller/rScl_reg/C
  -------------------------------------------------------------------    -------------------
    SLICE_X162Y119       FDRE (Prop_fdre_C_Q)         0.518     2.338 f  Audio_Codec/initialize_audio/twi_controller/rScl_reg/Q
                         net (fo=3, routed)           1.642     3.981    scl_IOBUF_inst/T
    W5                   OBUFT (TriStatE_obuft_T_O)
                                                      3.565     7.546 r  scl_IOBUF_inst/OBUFT/O
                         net (fo=1, unset)            0.000     7.546    scl
    W5                                                                r  scl (INOUT)
  -------------------------------------------------------------------    -------------------





Min Delay Paths
--------------------------------------------------------------------------------------
Slack:                    inf
  Source:                 Audio_Codec/initialize_audio/twi_controller/rScl_reg/C
                            (rising edge-triggered cell FDRE clocked by clk_out2_clk_wiz_0  {rise@0.000ns fall@10.000ns period=20.000ns})
  Destination:            scl
                            (output port)
  Path Group:             (none)
  Path Type:              Min at Fast Process Corner
  Data Path Delay:        1.585ns  (logic 0.988ns (62.317%)  route 0.597ns (37.683%))
  Logic Levels:           1  (OBUFT=1)
  Clock Uncertainty:      0.178ns  ((TSJ^2 + DJ^2)^1/2) / 2 + PE
    Total System Jitter     (TSJ):    0.050ns
    Discrete Jitter          (DJ):    0.152ns
    Phase Error              (PE):    0.099ns

    Location             Delay type                Incr(ns)  Path(ns)    Netlist Resource(s)
  -------------------------------------------------------------------    -------------------
                         (clock clk_out2_clk_wiz_0 rise edge)
                                                      0.000     0.000 r  
    BUFGCTRL_X0Y2        BUFG                         0.000     0.000 r  clk_IBUF_BUFG_inst/O
                         net (fo=73, routed)          0.745     0.745    Audio_Codec/audiocodec_master_clock/inst/clk_in1
    MMCME2_ADV_X1Y0      MMCME2_ADV (Prop_mmcme2_adv_CLKIN1_CLKOUT1)
                                                     -1.683    -0.938 r  Audio_Codec/audiocodec_master_clock/inst/mmcm_adv_inst/CLKOUT1
                         net (fo=1, routed)           0.912    -0.026    Audio_Codec/audiocodec_master_clock/inst/clk_out2_clk_wiz_0
    BUFGCTRL_X0Y1        BUFG (Prop_bufg_I_O)         0.026    -0.000 r  Audio_Codec/audiocodec_master_clock/inst/clkout2_buf/O
                         net (fo=115, routed)         0.640     0.640    Audio_Codec/initialize_audio/twi_controller/clk_out2
    SLICE_X162Y119       FDRE                                         r  Audio_Codec/initialize_audio/twi_controller/rScl_reg/C
  -------------------------------------------------------------------    -------------------
    SLICE_X162Y119       FDRE (Prop_fdre_C_Q)         0.164     0.804 r  Audio_Codec/initialize_audio/twi_controller/rScl_reg/Q
                         net (fo=3, routed)           0.597     1.401    scl_IOBUF_inst/T
    W5                   OBUFT (TriStatD_obuft_T_O)
                                                      0.824     2.225 r  scl_IOBUF_inst/OBUFT/O
                         net (fo=1, unset)            0.000     2.225    scl
    W5                                                                r  scl (INOUT)
  -------------------------------------------------------------------    -------------------

Slack:                    inf
  Source:                 Audio_Codec/initialize_audio/twi_controller/rSda_reg/C
                            (rising edge-triggered cell FDRE clocked by clk_out2_clk_wiz_0  {rise@0.000ns fall@10.000ns period=20.000ns})
  Destination:            sda
                            (output port)
  Path Group:             (none)
  Path Type:              Min at Fast Process Corner
  Data Path Delay:        1.644ns  (logic 0.988ns (60.095%)  route 0.656ns (39.905%))
  Logic Levels:           1  (OBUFT=1)
  Clock Uncertainty:      0.178ns  ((TSJ^2 + DJ^2)^1/2) / 2 + PE
    Total System Jitter     (TSJ):    0.050ns
    Discrete Jitter          (DJ):    0.152ns
    Phase Error              (PE):    0.099ns

    Location             Delay type                Incr(ns)  Path(ns)    Netlist Resource(s)
  -------------------------------------------------------------------    -------------------
                         (clock clk_out2_clk_wiz_0 rise edge)
                                                      0.000     0.000 r  
    BUFGCTRL_X0Y2        BUFG                         0.000     0.000 r  clk_IBUF_BUFG_inst/O
                         net (fo=73, routed)          0.745     0.745    Audio_Codec/audiocodec_master_clock/inst/clk_in1
    MMCME2_ADV_X1Y0      MMCME2_ADV (Prop_mmcme2_adv_CLKIN1_CLKOUT1)
                                                     -1.683    -0.938 r  Audio_Codec/audiocodec_master_clock/inst/mmcm_adv_inst/CLKOUT1
                         net (fo=1, routed)           0.912    -0.026    Audio_Codec/audiocodec_master_clock/inst/clk_out2_clk_wiz_0
    BUFGCTRL_X0Y1        BUFG (Prop_bufg_I_O)         0.026    -0.000 r  Audio_Codec/audiocodec_master_clock/inst/clkout2_buf/O
                         net (fo=115, routed)         0.640     0.640    Audio_Codec/initialize_audio/twi_controller/clk_out2
    SLICE_X162Y119       FDRE                                         r  Audio_Codec/initialize_audio/twi_controller/rSda_reg/C
  -------------------------------------------------------------------    -------------------
    SLICE_X162Y119       FDRE (Prop_fdre_C_Q)         0.164     0.804 r  Audio_Codec/initialize_audio/twi_controller/rSda_reg/Q
                         net (fo=3, routed)           0.656     1.460    sda_IOBUF_inst/T
    V5                   OBUFT (TriStatD_obuft_T_O)
                                                      0.824     2.284 r  sda_IOBUF_inst/OBUFT/O
                         net (fo=1, unset)            0.000     2.284    sda
    V5                                                                r  sda (INOUT)
  -------------------------------------------------------------------    -------------------





--------------------------------------------------------------------------------------
Path Group:  (none)
From Clock:  clkfbout_clk_wiz_0
  To Clock:  

Max Delay             1 Endpoint
Min Delay             1 Endpoint
--------------------------------------------------------------------------------------


Max Delay Paths
--------------------------------------------------------------------------------------
Slack:                    inf
  Source:                 Audio_Codec/audiocodec_master_clock/inst/mmcm_adv_inst/CLKFBOUT
                            (clock source 'clkfbout_clk_wiz_0'  {rise@0.000ns fall@5.000ns period=10.000ns})
  Destination:            Audio_Codec/audiocodec_master_clock/inst/mmcm_adv_inst/CLKFBIN
  Path Group:             (none)
  Path Type:              Max at Slow Process Corner
  Data Path Delay:        4.900ns  (logic 0.096ns (1.959%)  route 4.804ns (98.041%))
  Logic Levels:           1  (BUFG=1)
  Clock Uncertainty:      0.148ns  ((TSJ^2 + DJ^2)^1/2) / 2 + PE
    Total System Jitter     (TSJ):    0.050ns
    Discrete Jitter          (DJ):    0.086ns
    Phase Error              (PE):    0.099ns

    Location             Delay type                Incr(ns)  Path(ns)    Netlist Resource(s)
  -------------------------------------------------------------------    -------------------
                         (clock clkfbout_clk_wiz_0 fall edge)
                                                      5.000     5.000 f  
    BUFGCTRL_X0Y2        BUFG                         0.000     5.000 f  clk_IBUF_BUFG_inst/O
                         net (fo=73, routed)          2.106     7.106    Audio_Codec/audiocodec_master_clock/inst/clk_in1
  -------------------------------------------------------------------    -------------------
    MMCME2_ADV_X1Y0      MMCME2_ADV (Prop_mmcme2_adv_CLKIN1_CLKFBOUT)
                                                     -4.900     2.207 f  Audio_Codec/audiocodec_master_clock/inst/mmcm_adv_inst/CLKFBOUT
                         net (fo=1, routed)           2.697     4.904    Audio_Codec/audiocodec_master_clock/inst/clkfbout_clk_wiz_0
    BUFGCTRL_X0Y3        BUFG (Prop_bufg_I_O)         0.096     5.000 f  Audio_Codec/audiocodec_master_clock/inst/clkf_buf/O
                         net (fo=1, routed)           2.106     7.106    Audio_Codec/audiocodec_master_clock/inst/clkfbout_buf_clk_wiz_0
    MMCME2_ADV_X1Y0      MMCME2_ADV                                   f  Audio_Codec/audiocodec_master_clock/inst/mmcm_adv_inst/CLKFBIN
  -------------------------------------------------------------------    -------------------





Min Delay Paths
--------------------------------------------------------------------------------------
Slack:                    inf
  Source:                 Audio_Codec/audiocodec_master_clock/inst/mmcm_adv_inst/CLKFBOUT
                            (clock source 'clkfbout_clk_wiz_0'  {rise@0.000ns fall@5.000ns period=10.000ns})
  Destination:            Audio_Codec/audiocodec_master_clock/inst/mmcm_adv_inst/CLKFBIN
  Path Group:             (none)
  Path Type:              Min at Fast Process Corner
  Data Path Delay:        1.683ns  (logic 0.026ns (1.545%)  route 1.657ns (98.455%))
  Logic Levels:           1  (BUFG=1)
  Clock Uncertainty:      0.148ns  ((TSJ^2 + DJ^2)^1/2) / 2 + PE
    Total System Jitter     (TSJ):    0.050ns
    Discrete Jitter          (DJ):    0.086ns
    Phase Error              (PE):    0.099ns

    Location             Delay type                Incr(ns)  Path(ns)    Netlist Resource(s)
  -------------------------------------------------------------------    -------------------
                         (clock clkfbout_clk_wiz_0 rise edge)
                                                      0.000     0.000 r  
    BUFGCTRL_X0Y2        BUFG                         0.000     0.000 r  clk_IBUF_BUFG_inst/O
                         net (fo=73, routed)          0.745     0.745    Audio_Codec/audiocodec_master_clock/inst/clk_in1
  -------------------------------------------------------------------    -------------------
    MMCME2_ADV_X1Y0      MMCME2_ADV (Prop_mmcme2_adv_CLKIN1_CLKFBOUT)
                                                     -1.683    -0.938 r  Audio_Codec/audiocodec_master_clock/inst/mmcm_adv_inst/CLKFBOUT
                         net (fo=1, routed)           0.912    -0.026    Audio_Codec/audiocodec_master_clock/inst/clkfbout_clk_wiz_0
    BUFGCTRL_X0Y3        BUFG (Prop_bufg_I_O)         0.026    -0.000 r  Audio_Codec/audiocodec_master_clock/inst/clkf_buf/O
                         net (fo=1, routed)           0.745     0.745    Audio_Codec/audiocodec_master_clock/inst/clkfbout_buf_clk_wiz_0
    MMCME2_ADV_X1Y0      MMCME2_ADV                                   r  Audio_Codec/audiocodec_master_clock/inst/mmcm_adv_inst/CLKFBIN
  -------------------------------------------------------------------    -------------------





--------------------------------------------------------------------------------------
Path Group:  (none)
From Clock:  
  To Clock:  clk_out2_clk_wiz_0

Max Delay            34 Endpoints
Min Delay            34 Endpoints
--------------------------------------------------------------------------------------


Max Delay Paths
--------------------------------------------------------------------------------------
Slack:                    inf
  Source:                 reset_n
                            (input port)
  Destination:            Audio_Codec/initialize_audio/initA_reg[5]/R
                            (rising edge-triggered cell FDRE clocked by clk_out2_clk_wiz_0  {rise@0.000ns fall@10.000ns period=20.000ns})
  Path Group:             (none)
  Path Type:              Setup (Max at Slow Process Corner)
  Data Path Delay:        7.586ns  (logic 1.216ns (16.027%)  route 6.370ns (83.973%))
  Logic Levels:           2  (IBUF=1 LUT1=1)
  Clock Path Skew:        1.698ns (DCD - SCD + CPR)
    Destination Clock Delay (DCD):    1.698ns
    Source Clock Delay      (SCD):    0.000ns
    Clock Pessimism Removal (CPR):    0.000ns
  Clock Uncertainty:      0.178ns  ((TSJ^2 + DJ^2)^1/2) / 2 + PE
    Total System Jitter     (TSJ):    0.050ns
    Discrete Jitter          (DJ):    0.152ns
    Phase Error              (PE):    0.099ns

    Location             Delay type                Incr(ns)  Path(ns)    Netlist Resource(s)
  -------------------------------------------------------------------    -------------------
    G4                                                0.000     0.000 f  reset_n (IN)
                         net (fo=0)                   0.000     0.000    reset_n
    G4                   IBUF (Prop_ibuf_I_O)         1.062     1.062 f  reset_n_IBUF_inst/O
                         net (fo=25, routed)          4.379     5.440    Audio_Codec/initialize_audio/reset_n_IBUF
    SLICE_X155Y118       LUT1 (Prop_lut1_I0_O)        0.154     5.594 r  Audio_Codec/initialize_audio/state[2]_i_1/O
                         net (fo=20, routed)          1.992     7.586    Audio_Codec/initialize_audio/SR[0]
    SLICE_X162Y123       FDRE                                         r  Audio_Codec/initialize_audio/initA_reg[5]/R
  -------------------------------------------------------------------    -------------------

                         (clock clk_out2_clk_wiz_0 rise edge)
                                                      0.000     0.000 r  
    BUFGCTRL_X0Y2        BUFG                         0.000     0.000 r  clk_IBUF_BUFG_inst/O
                         net (fo=73, routed)          1.972     1.972    Audio_Codec/audiocodec_master_clock/inst/clk_in1
    MMCME2_ADV_X1Y0      MMCME2_ADV (Prop_mmcme2_adv_CLKIN1_CLKOUT1)
                                                     -4.637    -2.665 r  Audio_Codec/audiocodec_master_clock/inst/mmcm_adv_inst/CLKOUT1
                         net (fo=1, routed)           2.574    -0.091    Audio_Codec/audiocodec_master_clock/inst/clk_out2_clk_wiz_0
    BUFGCTRL_X0Y1        BUFG (Prop_bufg_I_O)         0.091     0.000 r  Audio_Codec/audiocodec_master_clock/inst/clkout2_buf/O
                         net (fo=115, routed)         1.698     1.698    Audio_Codec/initialize_audio/clk_out2
    SLICE_X162Y123       FDRE                                         r  Audio_Codec/initialize_audio/initA_reg[5]/C

Slack:                    inf
  Source:                 reset_n
                            (input port)
  Destination:            Audio_Codec/initialize_audio/delayEn_reg/R
                            (rising edge-triggered cell FDRE clocked by clk_out2_clk_wiz_0  {rise@0.000ns fall@10.000ns period=20.000ns})
  Path Group:             (none)
  Path Type:              Setup (Max at Slow Process Corner)
  Data Path Delay:        7.550ns  (logic 1.216ns (16.102%)  route 6.334ns (83.898%))
  Logic Levels:           2  (IBUF=1 LUT1=1)
  Clock Path Skew:        1.696ns (DCD - SCD + CPR)
    Destination Clock Delay (DCD):    1.696ns
    Source Clock Delay      (SCD):    0.000ns
    Clock Pessimism Removal (CPR):    0.000ns
  Clock Uncertainty:      0.178ns  ((TSJ^2 + DJ^2)^1/2) / 2 + PE
    Total System Jitter     (TSJ):    0.050ns
    Discrete Jitter          (DJ):    0.152ns
    Phase Error              (PE):    0.099ns

    Location             Delay type                Incr(ns)  Path(ns)    Netlist Resource(s)
  -------------------------------------------------------------------    -------------------
    G4                                                0.000     0.000 f  reset_n (IN)
                         net (fo=0)                   0.000     0.000    reset_n
    G4                   IBUF (Prop_ibuf_I_O)         1.062     1.062 f  reset_n_IBUF_inst/O
                         net (fo=25, routed)          4.379     5.440    Audio_Codec/initialize_audio/reset_n_IBUF
    SLICE_X155Y118       LUT1 (Prop_lut1_I0_O)        0.154     5.594 r  Audio_Codec/initialize_audio/state[2]_i_1/O
                         net (fo=20, routed)          1.956     7.550    Audio_Codec/initialize_audio/SR[0]
    SLICE_X158Y123       FDRE                                         r  Audio_Codec/initialize_audio/delayEn_reg/R
  -------------------------------------------------------------------    -------------------

                         (clock clk_out2_clk_wiz_0 rise edge)
                                                      0.000     0.000 r  
    BUFGCTRL_X0Y2        BUFG                         0.000     0.000 r  clk_IBUF_BUFG_inst/O
                         net (fo=73, routed)          1.972     1.972    Audio_Codec/audiocodec_master_clock/inst/clk_in1
    MMCME2_ADV_X1Y0      MMCME2_ADV (Prop_mmcme2_adv_CLKIN1_CLKOUT1)
                                                     -4.637    -2.665 r  Audio_Codec/audiocodec_master_clock/inst/mmcm_adv_inst/CLKOUT1
                         net (fo=1, routed)           2.574    -0.091    Audio_Codec/audiocodec_master_clock/inst/clk_out2_clk_wiz_0
    BUFGCTRL_X0Y1        BUFG (Prop_bufg_I_O)         0.091     0.000 r  Audio_Codec/audiocodec_master_clock/inst/clkout2_buf/O
                         net (fo=115, routed)         1.696     1.696    Audio_Codec/initialize_audio/clk_out2
    SLICE_X158Y123       FDRE                                         r  Audio_Codec/initialize_audio/delayEn_reg/C

Slack:                    inf
  Source:                 reset_n
                            (input port)
  Destination:            Audio_Codec/initialize_audio/initA_reg[0]/R
                            (rising edge-triggered cell FDRE clocked by clk_out2_clk_wiz_0  {rise@0.000ns fall@10.000ns period=20.000ns})
  Path Group:             (none)
  Path Type:              Setup (Max at Slow Process Corner)
  Data Path Delay:        7.321ns  (logic 1.216ns (16.607%)  route 6.105ns (83.393%))
  Logic Levels:           2  (IBUF=1 LUT1=1)
  Clock Path Skew:        1.697ns (DCD - SCD + CPR)
    Destination Clock Delay (DCD):    1.697ns
    Source Clock Delay      (SCD):    0.000ns
    Clock Pessimism Removal (CPR):    0.000ns
  Clock Uncertainty:      0.178ns  ((TSJ^2 + DJ^2)^1/2) / 2 + PE
    Total System Jitter     (TSJ):    0.050ns
    Discrete Jitter          (DJ):    0.152ns
    Phase Error              (PE):    0.099ns

    Location             Delay type                Incr(ns)  Path(ns)    Netlist Resource(s)
  -------------------------------------------------------------------    -------------------
    G4                                                0.000     0.000 f  reset_n (IN)
                         net (fo=0)                   0.000     0.000    reset_n
    G4                   IBUF (Prop_ibuf_I_O)         1.062     1.062 f  reset_n_IBUF_inst/O
                         net (fo=25, routed)          4.379     5.440    Audio_Codec/initialize_audio/reset_n_IBUF
    SLICE_X155Y118       LUT1 (Prop_lut1_I0_O)        0.154     5.594 r  Audio_Codec/initialize_audio/state[2]_i_1/O
                         net (fo=20, routed)          1.727     7.321    Audio_Codec/initialize_audio/SR[0]
    SLICE_X159Y122       FDRE                                         r  Audio_Codec/initialize_audio/initA_reg[0]/R
  -------------------------------------------------------------------    -------------------

                         (clock clk_out2_clk_wiz_0 rise edge)
                                                      0.000     0.000 r  
    BUFGCTRL_X0Y2        BUFG                         0.000     0.000 r  clk_IBUF_BUFG_inst/O
                         net (fo=73, routed)          1.972     1.972    Audio_Codec/audiocodec_master_clock/inst/clk_in1
    MMCME2_ADV_X1Y0      MMCME2_ADV (Prop_mmcme2_adv_CLKIN1_CLKOUT1)
                                                     -4.637    -2.665 r  Audio_Codec/audiocodec_master_clock/inst/mmcm_adv_inst/CLKOUT1
                         net (fo=1, routed)           2.574    -0.091    Audio_Codec/audiocodec_master_clock/inst/clk_out2_clk_wiz_0
    BUFGCTRL_X0Y1        BUFG (Prop_bufg_I_O)         0.091     0.000 r  Audio_Codec/audiocodec_master_clock/inst/clkout2_buf/O
                         net (fo=115, routed)         1.697     1.697    Audio_Codec/initialize_audio/clk_out2
    SLICE_X159Y122       FDRE                                         r  Audio_Codec/initialize_audio/initA_reg[0]/C

Slack:                    inf
  Source:                 reset_n
                            (input port)
  Destination:            Audio_Codec/initialize_audio/initA_reg[4]/R
                            (rising edge-triggered cell FDRE clocked by clk_out2_clk_wiz_0  {rise@0.000ns fall@10.000ns period=20.000ns})
  Path Group:             (none)
  Path Type:              Setup (Max at Slow Process Corner)
  Data Path Delay:        7.321ns  (logic 1.216ns (16.607%)  route 6.105ns (83.393%))
  Logic Levels:           2  (IBUF=1 LUT1=1)
  Clock Path Skew:        1.697ns (DCD - SCD + CPR)
    Destination Clock Delay (DCD):    1.697ns
    Source Clock Delay      (SCD):    0.000ns
    Clock Pessimism Removal (CPR):    0.000ns
  Clock Uncertainty:      0.178ns  ((TSJ^2 + DJ^2)^1/2) / 2 + PE
    Total System Jitter     (TSJ):    0.050ns
    Discrete Jitter          (DJ):    0.152ns
    Phase Error              (PE):    0.099ns

    Location             Delay type                Incr(ns)  Path(ns)    Netlist Resource(s)
  -------------------------------------------------------------------    -------------------
    G4                                                0.000     0.000 f  reset_n (IN)
                         net (fo=0)                   0.000     0.000    reset_n
    G4                   IBUF (Prop_ibuf_I_O)         1.062     1.062 f  reset_n_IBUF_inst/O
                         net (fo=25, routed)          4.379     5.440    Audio_Codec/initialize_audio/reset_n_IBUF
    SLICE_X155Y118       LUT1 (Prop_lut1_I0_O)        0.154     5.594 r  Audio_Codec/initialize_audio/state[2]_i_1/O
                         net (fo=20, routed)          1.727     7.321    Audio_Codec/initialize_audio/SR[0]
    SLICE_X159Y122       FDRE                                         r  Audio_Codec/initialize_audio/initA_reg[4]/R
  -------------------------------------------------------------------    -------------------

                         (clock clk_out2_clk_wiz_0 rise edge)
                                                      0.000     0.000 r  
    BUFGCTRL_X0Y2        BUFG                         0.000     0.000 r  clk_IBUF_BUFG_inst/O
                         net (fo=73, routed)          1.972     1.972    Audio_Codec/audiocodec_master_clock/inst/clk_in1
    MMCME2_ADV_X1Y0      MMCME2_ADV (Prop_mmcme2_adv_CLKIN1_CLKOUT1)
                                                     -4.637    -2.665 r  Audio_Codec/audiocodec_master_clock/inst/mmcm_adv_inst/CLKOUT1
                         net (fo=1, routed)           2.574    -0.091    Audio_Codec/audiocodec_master_clock/inst/clk_out2_clk_wiz_0
    BUFGCTRL_X0Y1        BUFG (Prop_bufg_I_O)         0.091     0.000 r  Audio_Codec/audiocodec_master_clock/inst/clkout2_buf/O
                         net (fo=115, routed)         1.697     1.697    Audio_Codec/initialize_audio/clk_out2
    SLICE_X159Y122       FDRE                                         r  Audio_Codec/initialize_audio/initA_reg[4]/C

Slack:                    inf
  Source:                 reset_n
                            (input port)
  Destination:            Audio_Codec/initialize_audio/initA_reg[2]/R
                            (rising edge-triggered cell FDRE clocked by clk_out2_clk_wiz_0  {rise@0.000ns fall@10.000ns period=20.000ns})
  Path Group:             (none)
  Path Type:              Setup (Max at Slow Process Corner)
  Data Path Delay:        7.307ns  (logic 1.216ns (16.639%)  route 6.091ns (83.361%))
  Logic Levels:           2  (IBUF=1 LUT1=1)
  Clock Path Skew:        1.701ns (DCD - SCD + CPR)
    Destination Clock Delay (DCD):    1.701ns
    Source Clock Delay      (SCD):    0.000ns
    Clock Pessimism Removal (CPR):    0.000ns
  Clock Uncertainty:      0.178ns  ((TSJ^2 + DJ^2)^1/2) / 2 + PE
    Total System Jitter     (TSJ):    0.050ns
    Discrete Jitter          (DJ):    0.152ns
    Phase Error              (PE):    0.099ns

    Location             Delay type                Incr(ns)  Path(ns)    Netlist Resource(s)
  -------------------------------------------------------------------    -------------------
    G4                                                0.000     0.000 f  reset_n (IN)
                         net (fo=0)                   0.000     0.000    reset_n
    G4                   IBUF (Prop_ibuf_I_O)         1.062     1.062 f  reset_n_IBUF_inst/O
                         net (fo=25, routed)          4.379     5.440    Audio_Codec/initialize_audio/reset_n_IBUF
    SLICE_X155Y118       LUT1 (Prop_lut1_I0_O)        0.154     5.594 r  Audio_Codec/initialize_audio/state[2]_i_1/O
                         net (fo=20, routed)          1.712     7.307    Audio_Codec/initialize_audio/SR[0]
    SLICE_X163Y121       FDRE                                         r  Audio_Codec/initialize_audio/initA_reg[2]/R
  -------------------------------------------------------------------    -------------------

                         (clock clk_out2_clk_wiz_0 rise edge)
                                                      0.000     0.000 r  
    BUFGCTRL_X0Y2        BUFG                         0.000     0.000 r  clk_IBUF_BUFG_inst/O
                         net (fo=73, routed)          1.972     1.972    Audio_Codec/audiocodec_master_clock/inst/clk_in1
    MMCME2_ADV_X1Y0      MMCME2_ADV (Prop_mmcme2_adv_CLKIN1_CLKOUT1)
                                                     -4.637    -2.665 r  Audio_Codec/audiocodec_master_clock/inst/mmcm_adv_inst/CLKOUT1
                         net (fo=1, routed)           2.574    -0.091    Audio_Codec/audiocodec_master_clock/inst/clk_out2_clk_wiz_0
    BUFGCTRL_X0Y1        BUFG (Prop_bufg_I_O)         0.091     0.000 r  Audio_Codec/audiocodec_master_clock/inst/clkout2_buf/O
                         net (fo=115, routed)         1.701     1.701    Audio_Codec/initialize_audio/clk_out2
    SLICE_X163Y121       FDRE                                         r  Audio_Codec/initialize_audio/initA_reg[2]/C

Slack:                    inf
  Source:                 reset_n
                            (input port)
  Destination:            Audio_Codec/initialize_audio/initA_reg[3]/R
                            (rising edge-triggered cell FDRE clocked by clk_out2_clk_wiz_0  {rise@0.000ns fall@10.000ns period=20.000ns})
  Path Group:             (none)
  Path Type:              Setup (Max at Slow Process Corner)
  Data Path Delay:        7.307ns  (logic 1.216ns (16.639%)  route 6.091ns (83.361%))
  Logic Levels:           2  (IBUF=1 LUT1=1)
  Clock Path Skew:        1.701ns (DCD - SCD + CPR)
    Destination Clock Delay (DCD):    1.701ns
    Source Clock Delay      (SCD):    0.000ns
    Clock Pessimism Removal (CPR):    0.000ns
  Clock Uncertainty:      0.178ns  ((TSJ^2 + DJ^2)^1/2) / 2 + PE
    Total System Jitter     (TSJ):    0.050ns
    Discrete Jitter          (DJ):    0.152ns
    Phase Error              (PE):    0.099ns

    Location             Delay type                Incr(ns)  Path(ns)    Netlist Resource(s)
  -------------------------------------------------------------------    -------------------
    G4                                                0.000     0.000 f  reset_n (IN)
                         net (fo=0)                   0.000     0.000    reset_n
    G4                   IBUF (Prop_ibuf_I_O)         1.062     1.062 f  reset_n_IBUF_inst/O
                         net (fo=25, routed)          4.379     5.440    Audio_Codec/initialize_audio/reset_n_IBUF
    SLICE_X155Y118       LUT1 (Prop_lut1_I0_O)        0.154     5.594 r  Audio_Codec/initialize_audio/state[2]_i_1/O
                         net (fo=20, routed)          1.712     7.307    Audio_Codec/initialize_audio/SR[0]
    SLICE_X163Y121       FDRE                                         r  Audio_Codec/initialize_audio/initA_reg[3]/R
  -------------------------------------------------------------------    -------------------

                         (clock clk_out2_clk_wiz_0 rise edge)
                                                      0.000     0.000 r  
    BUFGCTRL_X0Y2        BUFG                         0.000     0.000 r  clk_IBUF_BUFG_inst/O
                         net (fo=73, routed)          1.972     1.972    Audio_Codec/audiocodec_master_clock/inst/clk_in1
    MMCME2_ADV_X1Y0      MMCME2_ADV (Prop_mmcme2_adv_CLKIN1_CLKOUT1)
                                                     -4.637    -2.665 r  Audio_Codec/audiocodec_master_clock/inst/mmcm_adv_inst/CLKOUT1
                         net (fo=1, routed)           2.574    -0.091    Audio_Codec/audiocodec_master_clock/inst/clk_out2_clk_wiz_0
    BUFGCTRL_X0Y1        BUFG (Prop_bufg_I_O)         0.091     0.000 r  Audio_Codec/audiocodec_master_clock/inst/clkout2_buf/O
                         net (fo=115, routed)         1.701     1.701    Audio_Codec/initialize_audio/clk_out2
    SLICE_X163Y121       FDRE                                         r  Audio_Codec/initialize_audio/initA_reg[3]/C

Slack:                    inf
  Source:                 reset_n
                            (input port)
  Destination:            Audio_Codec/initialize_audio/state_reg[0]/R
                            (rising edge-triggered cell FDRE clocked by clk_out2_clk_wiz_0  {rise@0.000ns fall@10.000ns period=20.000ns})
  Path Group:             (none)
  Path Type:              Setup (Max at Slow Process Corner)
  Data Path Delay:        7.021ns  (logic 1.216ns (17.315%)  route 5.806ns (82.685%))
  Logic Levels:           2  (IBUF=1 LUT1=1)
  Clock Path Skew:        1.699ns (DCD - SCD + CPR)
    Destination Clock Delay (DCD):    1.699ns
    Source Clock Delay      (SCD):    0.000ns
    Clock Pessimism Removal (CPR):    0.000ns
  Clock Uncertainty:      0.178ns  ((TSJ^2 + DJ^2)^1/2) / 2 + PE
    Total System Jitter     (TSJ):    0.050ns
    Discrete Jitter          (DJ):    0.152ns
    Phase Error              (PE):    0.099ns

    Location             Delay type                Incr(ns)  Path(ns)    Netlist Resource(s)
  -------------------------------------------------------------------    -------------------
    G4                                                0.000     0.000 f  reset_n (IN)
                         net (fo=0)                   0.000     0.000    reset_n
    G4                   IBUF (Prop_ibuf_I_O)         1.062     1.062 f  reset_n_IBUF_inst/O
                         net (fo=25, routed)          4.379     5.440    Audio_Codec/initialize_audio/reset_n_IBUF
    SLICE_X155Y118       LUT1 (Prop_lut1_I0_O)        0.154     5.594 r  Audio_Codec/initialize_audio/state[2]_i_1/O
                         net (fo=20, routed)          1.427     7.021    Audio_Codec/initialize_audio/SR[0]
    SLICE_X158Y121       FDRE                                         r  Audio_Codec/initialize_audio/state_reg[0]/R
  -------------------------------------------------------------------    -------------------

                         (clock clk_out2_clk_wiz_0 rise edge)
                                                      0.000     0.000 r  
    BUFGCTRL_X0Y2        BUFG                         0.000     0.000 r  clk_IBUF_BUFG_inst/O
                         net (fo=73, routed)          1.972     1.972    Audio_Codec/audiocodec_master_clock/inst/clk_in1
    MMCME2_ADV_X1Y0      MMCME2_ADV (Prop_mmcme2_adv_CLKIN1_CLKOUT1)
                                                     -4.637    -2.665 r  Audio_Codec/audiocodec_master_clock/inst/mmcm_adv_inst/CLKOUT1
                         net (fo=1, routed)           2.574    -0.091    Audio_Codec/audiocodec_master_clock/inst/clk_out2_clk_wiz_0
    BUFGCTRL_X0Y1        BUFG (Prop_bufg_I_O)         0.091     0.000 r  Audio_Codec/audiocodec_master_clock/inst/clkout2_buf/O
                         net (fo=115, routed)         1.699     1.699    Audio_Codec/initialize_audio/clk_out2
    SLICE_X158Y121       FDRE                                         r  Audio_Codec/initialize_audio/state_reg[0]/C

Slack:                    inf
  Source:                 reset_n
                            (input port)
  Destination:            Audio_Codec/initialize_audio/state_reg[1]/S
                            (rising edge-triggered cell FDSE clocked by clk_out2_clk_wiz_0  {rise@0.000ns fall@10.000ns period=20.000ns})
  Path Group:             (none)
  Path Type:              Setup (Max at Slow Process Corner)
  Data Path Delay:        7.021ns  (logic 1.216ns (17.315%)  route 5.806ns (82.685%))
  Logic Levels:           2  (IBUF=1 LUT1=1)
  Clock Path Skew:        1.699ns (DCD - SCD + CPR)
    Destination Clock Delay (DCD):    1.699ns
    Source Clock Delay      (SCD):    0.000ns
    Clock Pessimism Removal (CPR):    0.000ns
  Clock Uncertainty:      0.178ns  ((TSJ^2 + DJ^2)^1/2) / 2 + PE
    Total System Jitter     (TSJ):    0.050ns
    Discrete Jitter          (DJ):    0.152ns
    Phase Error              (PE):    0.099ns

    Location             Delay type                Incr(ns)  Path(ns)    Netlist Resource(s)
  -------------------------------------------------------------------    -------------------
    G4                                                0.000     0.000 f  reset_n (IN)
                         net (fo=0)                   0.000     0.000    reset_n
    G4                   IBUF (Prop_ibuf_I_O)         1.062     1.062 f  reset_n_IBUF_inst/O
                         net (fo=25, routed)          4.379     5.440    Audio_Codec/initialize_audio/reset_n_IBUF
    SLICE_X155Y118       LUT1 (Prop_lut1_I0_O)        0.154     5.594 r  Audio_Codec/initialize_audio/state[2]_i_1/O
                         net (fo=20, routed)          1.427     7.021    Audio_Codec/initialize_audio/SR[0]
    SLICE_X158Y121       FDSE                                         r  Audio_Codec/initialize_audio/state_reg[1]/S
  -------------------------------------------------------------------    -------------------

                         (clock clk_out2_clk_wiz_0 rise edge)
                                                      0.000     0.000 r  
    BUFGCTRL_X0Y2        BUFG                         0.000     0.000 r  clk_IBUF_BUFG_inst/O
                         net (fo=73, routed)          1.972     1.972    Audio_Codec/audiocodec_master_clock/inst/clk_in1
    MMCME2_ADV_X1Y0      MMCME2_ADV (Prop_mmcme2_adv_CLKIN1_CLKOUT1)
                                                     -4.637    -2.665 r  Audio_Codec/audiocodec_master_clock/inst/mmcm_adv_inst/CLKOUT1
                         net (fo=1, routed)           2.574    -0.091    Audio_Codec/audiocodec_master_clock/inst/clk_out2_clk_wiz_0
    BUFGCTRL_X0Y1        BUFG (Prop_bufg_I_O)         0.091     0.000 r  Audio_Codec/audiocodec_master_clock/inst/clkout2_buf/O
                         net (fo=115, routed)         1.699     1.699    Audio_Codec/initialize_audio/clk_out2
    SLICE_X158Y121       FDSE                                         r  Audio_Codec/initialize_audio/state_reg[1]/C

Slack:                    inf
  Source:                 reset_n
                            (input port)
  Destination:            Audio_Codec/initialize_audio/state_reg[3]/R
                            (rising edge-triggered cell FDRE clocked by clk_out2_clk_wiz_0  {rise@0.000ns fall@10.000ns period=20.000ns})
  Path Group:             (none)
  Path Type:              Setup (Max at Slow Process Corner)
  Data Path Delay:        7.021ns  (logic 1.216ns (17.315%)  route 5.806ns (82.685%))
  Logic Levels:           2  (IBUF=1 LUT1=1)
  Clock Path Skew:        1.699ns (DCD - SCD + CPR)
    Destination Clock Delay (DCD):    1.699ns
    Source Clock Delay      (SCD):    0.000ns
    Clock Pessimism Removal (CPR):    0.000ns
  Clock Uncertainty:      0.178ns  ((TSJ^2 + DJ^2)^1/2) / 2 + PE
    Total System Jitter     (TSJ):    0.050ns
    Discrete Jitter          (DJ):    0.152ns
    Phase Error              (PE):    0.099ns

    Location             Delay type                Incr(ns)  Path(ns)    Netlist Resource(s)
  -------------------------------------------------------------------    -------------------
    G4                                                0.000     0.000 f  reset_n (IN)
                         net (fo=0)                   0.000     0.000    reset_n
    G4                   IBUF (Prop_ibuf_I_O)         1.062     1.062 f  reset_n_IBUF_inst/O
                         net (fo=25, routed)          4.379     5.440    Audio_Codec/initialize_audio/reset_n_IBUF
    SLICE_X155Y118       LUT1 (Prop_lut1_I0_O)        0.154     5.594 r  Audio_Codec/initialize_audio/state[2]_i_1/O
                         net (fo=20, routed)          1.427     7.021    Audio_Codec/initialize_audio/SR[0]
    SLICE_X158Y121       FDRE                                         r  Audio_Codec/initialize_audio/state_reg[3]/R
  -------------------------------------------------------------------    -------------------

                         (clock clk_out2_clk_wiz_0 rise edge)
                                                      0.000     0.000 r  
    BUFGCTRL_X0Y2        BUFG                         0.000     0.000 r  clk_IBUF_BUFG_inst/O
                         net (fo=73, routed)          1.972     1.972    Audio_Codec/audiocodec_master_clock/inst/clk_in1
    MMCME2_ADV_X1Y0      MMCME2_ADV (Prop_mmcme2_adv_CLKIN1_CLKOUT1)
                                                     -4.637    -2.665 r  Audio_Codec/audiocodec_master_clock/inst/mmcm_adv_inst/CLKOUT1
                         net (fo=1, routed)           2.574    -0.091    Audio_Codec/audiocodec_master_clock/inst/clk_out2_clk_wiz_0
    BUFGCTRL_X0Y1        BUFG (Prop_bufg_I_O)         0.091     0.000 r  Audio_Codec/audiocodec_master_clock/inst/clkout2_buf/O
                         net (fo=115, routed)         1.699     1.699    Audio_Codec/initialize_audio/clk_out2
    SLICE_X158Y121       FDRE                                         r  Audio_Codec/initialize_audio/state_reg[3]/C

Slack:                    inf
  Source:                 reset_n
                            (input port)
  Destination:            Audio_Codec/initialize_audio/state_reg[2]/S
                            (rising edge-triggered cell FDSE clocked by clk_out2_clk_wiz_0  {rise@0.000ns fall@10.000ns period=20.000ns})
  Path Group:             (none)
  Path Type:              Setup (Max at Slow Process Corner)
  Data Path Delay:        6.715ns  (logic 1.216ns (18.105%)  route 5.499ns (81.895%))
  Logic Levels:           2  (IBUF=1 LUT1=1)
  Clock Path Skew:        1.699ns (DCD - SCD + CPR)
    Destination Clock Delay (DCD):    1.699ns
    Source Clock Delay      (SCD):    0.000ns
    Clock Pessimism Removal (CPR):    0.000ns
  Clock Uncertainty:      0.178ns  ((TSJ^2 + DJ^2)^1/2) / 2 + PE
    Total System Jitter     (TSJ):    0.050ns
    Discrete Jitter          (DJ):    0.152ns
    Phase Error              (PE):    0.099ns

    Location             Delay type                Incr(ns)  Path(ns)    Netlist Resource(s)
  -------------------------------------------------------------------    -------------------
    G4                                                0.000     0.000 f  reset_n (IN)
                         net (fo=0)                   0.000     0.000    reset_n
    G4                   IBUF (Prop_ibuf_I_O)         1.062     1.062 f  reset_n_IBUF_inst/O
                         net (fo=25, routed)          4.379     5.440    Audio_Codec/initialize_audio/reset_n_IBUF
    SLICE_X155Y118       LUT1 (Prop_lut1_I0_O)        0.154     5.594 r  Audio_Codec/initialize_audio/state[2]_i_1/O
                         net (fo=20, routed)          1.121     6.715    Audio_Codec/initialize_audio/SR[0]
    SLICE_X157Y121       FDSE                                         r  Audio_Codec/initialize_audio/state_reg[2]/S
  -------------------------------------------------------------------    -------------------

                         (clock clk_out2_clk_wiz_0 rise edge)
                                                      0.000     0.000 r  
    BUFGCTRL_X0Y2        BUFG                         0.000     0.000 r  clk_IBUF_BUFG_inst/O
                         net (fo=73, routed)          1.972     1.972    Audio_Codec/audiocodec_master_clock/inst/clk_in1
    MMCME2_ADV_X1Y0      MMCME2_ADV (Prop_mmcme2_adv_CLKIN1_CLKOUT1)
                                                     -4.637    -2.665 r  Audio_Codec/audiocodec_master_clock/inst/mmcm_adv_inst/CLKOUT1
                         net (fo=1, routed)           2.574    -0.091    Audio_Codec/audiocodec_master_clock/inst/clk_out2_clk_wiz_0
    BUFGCTRL_X0Y1        BUFG (Prop_bufg_I_O)         0.091     0.000 r  Audio_Codec/audiocodec_master_clock/inst/clkout2_buf/O
                         net (fo=115, routed)         1.699     1.699    Audio_Codec/initialize_audio/clk_out2
    SLICE_X157Y121       FDSE                                         r  Audio_Codec/initialize_audio/state_reg[2]/C





Min Delay Paths
--------------------------------------------------------------------------------------
Slack:                    inf
  Source:                 sda
                            (input port)
  Destination:            Audio_Codec/initialize_audio/twi_controller/dSda_reg/D
                            (rising edge-triggered cell FDRE clocked by clk_out2_clk_wiz_0  {rise@0.000ns fall@10.000ns period=20.000ns})
  Path Group:             (none)
  Path Type:              Hold (Min at Fast Process Corner)
  Data Path Delay:        0.585ns  (logic 0.246ns (41.963%)  route 0.340ns (58.037%))
  Logic Levels:           1  (IBUF=1)
  Clock Path Skew:        0.912ns (DCD - SCD - CPR)
    Destination Clock Delay (DCD):    0.912ns
    Source Clock Delay      (SCD):    0.000ns
    Clock Pessimism Removal (CPR):    -0.000ns

    Location             Delay type                Incr(ns)  Path(ns)    Netlist Resource(s)
  -------------------------------------------------------------------    -------------------
    V5                                                0.000     0.000 r  sda (INOUT)
                         net (fo=1, unset)            0.000     0.000    sda_IOBUF_inst/IO
    V5                   IBUF (Prop_ibuf_I_O)         0.246     0.246 r  sda_IOBUF_inst/IBUF/O
                         net (fo=1, routed)           0.340     0.585    Audio_Codec/initialize_audio/twi_controller/sda_IBUF
    SLICE_X162Y118       FDRE                                         r  Audio_Codec/initialize_audio/twi_controller/dSda_reg/D
  -------------------------------------------------------------------    -------------------

                         (clock clk_out2_clk_wiz_0 rise edge)
                                                      0.000     0.000 r  
    BUFGCTRL_X0Y2        BUFG                         0.000     0.000 r  clk_IBUF_BUFG_inst/O
                         net (fo=73, routed)          1.022     1.022    Audio_Codec/audiocodec_master_clock/inst/clk_in1
    MMCME2_ADV_X1Y0      MMCME2_ADV (Prop_mmcme2_adv_CLKIN1_CLKOUT1)
                                                     -2.040    -1.018 r  Audio_Codec/audiocodec_master_clock/inst/mmcm_adv_inst/CLKOUT1
                         net (fo=1, routed)           0.989    -0.029    Audio_Codec/audiocodec_master_clock/inst/clk_out2_clk_wiz_0
    BUFGCTRL_X0Y1        BUFG (Prop_bufg_I_O)         0.029    -0.000 r  Audio_Codec/audiocodec_master_clock/inst/clkout2_buf/O
                         net (fo=115, routed)         0.912     0.912    Audio_Codec/initialize_audio/twi_controller/clk_out2
    SLICE_X162Y118       FDRE                                         r  Audio_Codec/initialize_audio/twi_controller/dSda_reg/C

Slack:                    inf
  Source:                 scl
                            (input port)
  Destination:            Audio_Codec/initialize_audio/twi_controller/dScl_reg/D
                            (rising edge-triggered cell FDRE clocked by clk_out2_clk_wiz_0  {rise@0.000ns fall@10.000ns period=20.000ns})
  Path Group:             (none)
  Path Type:              Hold (Min at Fast Process Corner)
  Data Path Delay:        0.612ns  (logic 0.263ns (42.894%)  route 0.350ns (57.106%))
  Logic Levels:           1  (IBUF=1)
  Clock Path Skew:        0.912ns (DCD - SCD - CPR)
    Destination Clock Delay (DCD):    0.912ns
    Source Clock Delay      (SCD):    0.000ns
    Clock Pessimism Removal (CPR):    -0.000ns

    Location             Delay type                Incr(ns)  Path(ns)    Netlist Resource(s)
  -------------------------------------------------------------------    -------------------
    W5                                                0.000     0.000 r  scl (INOUT)
                         net (fo=1, unset)            0.000     0.000    scl_IOBUF_inst/IO
    W5                   IBUF (Prop_ibuf_I_O)         0.263     0.263 r  scl_IOBUF_inst/IBUF/O
                         net (fo=1, routed)           0.350     0.612    Audio_Codec/initialize_audio/twi_controller/scl_IBUF
    SLICE_X162Y118       FDRE                                         r  Audio_Codec/initialize_audio/twi_controller/dScl_reg/D
  -------------------------------------------------------------------    -------------------

                         (clock clk_out2_clk_wiz_0 rise edge)
                                                      0.000     0.000 r  
    BUFGCTRL_X0Y2        BUFG                         0.000     0.000 r  clk_IBUF_BUFG_inst/O
                         net (fo=73, routed)          1.022     1.022    Audio_Codec/audiocodec_master_clock/inst/clk_in1
    MMCME2_ADV_X1Y0      MMCME2_ADV (Prop_mmcme2_adv_CLKIN1_CLKOUT1)
                                                     -2.040    -1.018 r  Audio_Codec/audiocodec_master_clock/inst/mmcm_adv_inst/CLKOUT1
                         net (fo=1, routed)           0.989    -0.029    Audio_Codec/audiocodec_master_clock/inst/clk_out2_clk_wiz_0
    BUFGCTRL_X0Y1        BUFG (Prop_bufg_I_O)         0.029    -0.000 r  Audio_Codec/audiocodec_master_clock/inst/clkout2_buf/O
                         net (fo=115, routed)         0.912     0.912    Audio_Codec/initialize_audio/twi_controller/clk_out2
    SLICE_X162Y118       FDRE                                         r  Audio_Codec/initialize_audio/twi_controller/dScl_reg/C

Slack:                    inf
  Source:                 reset_n
                            (input port)
  Destination:            Audio_Codec/initialize_audio/data_i_reg[0]/CE
                            (rising edge-triggered cell FDRE clocked by clk_out2_clk_wiz_0  {rise@0.000ns fall@10.000ns period=20.000ns})
  Path Group:             (none)
  Path Type:              Hold (Min at Fast Process Corner)
  Data Path Delay:        1.432ns  (logic 0.186ns (12.984%)  route 1.246ns (87.016%))
  Logic Levels:           1  (IBUF=1)
  Clock Path Skew:        0.908ns (DCD - SCD - CPR)
    Destination Clock Delay (DCD):    0.908ns
    Source Clock Delay      (SCD):    0.000ns
    Clock Pessimism Removal (CPR):    -0.000ns

    Location             Delay type                Incr(ns)  Path(ns)    Netlist Resource(s)
  -------------------------------------------------------------------    -------------------
    G4                                                0.000     0.000 r  reset_n (IN)
                         net (fo=0)                   0.000     0.000    reset_n
    G4                   IBUF (Prop_ibuf_I_O)         0.186     0.186 r  reset_n_IBUF_inst/O
                         net (fo=25, routed)          1.246     1.432    Audio_Codec/initialize_audio/reset_n_IBUF
    SLICE_X160Y122       FDRE                                         r  Audio_Codec/initialize_audio/data_i_reg[0]/CE
  -------------------------------------------------------------------    -------------------

                         (clock clk_out2_clk_wiz_0 rise edge)
                                                      0.000     0.000 r  
    BUFGCTRL_X0Y2        BUFG                         0.000     0.000 r  clk_IBUF_BUFG_inst/O
                         net (fo=73, routed)          1.022     1.022    Audio_Codec/audiocodec_master_clock/inst/clk_in1
    MMCME2_ADV_X1Y0      MMCME2_ADV (Prop_mmcme2_adv_CLKIN1_CLKOUT1)
                                                     -2.040    -1.018 r  Audio_Codec/audiocodec_master_clock/inst/mmcm_adv_inst/CLKOUT1
                         net (fo=1, routed)           0.989    -0.029    Audio_Codec/audiocodec_master_clock/inst/clk_out2_clk_wiz_0
    BUFGCTRL_X0Y1        BUFG (Prop_bufg_I_O)         0.029    -0.000 r  Audio_Codec/audiocodec_master_clock/inst/clkout2_buf/O
                         net (fo=115, routed)         0.908     0.908    Audio_Codec/initialize_audio/clk_out2
    SLICE_X160Y122       FDRE                                         r  Audio_Codec/initialize_audio/data_i_reg[0]/C

Slack:                    inf
  Source:                 reset_n
                            (input port)
  Destination:            Audio_Codec/initialize_audio/data_i_reg[2]/CE
                            (rising edge-triggered cell FDRE clocked by clk_out2_clk_wiz_0  {rise@0.000ns fall@10.000ns period=20.000ns})
  Path Group:             (none)
  Path Type:              Hold (Min at Fast Process Corner)
  Data Path Delay:        1.432ns  (logic 0.186ns (12.984%)  route 1.246ns (87.016%))
  Logic Levels:           1  (IBUF=1)
  Clock Path Skew:        0.908ns (DCD - SCD - CPR)
    Destination Clock Delay (DCD):    0.908ns
    Source Clock Delay      (SCD):    0.000ns
    Clock Pessimism Removal (CPR):    -0.000ns

    Location             Delay type                Incr(ns)  Path(ns)    Netlist Resource(s)
  -------------------------------------------------------------------    -------------------
    G4                                                0.000     0.000 r  reset_n (IN)
                         net (fo=0)                   0.000     0.000    reset_n
    G4                   IBUF (Prop_ibuf_I_O)         0.186     0.186 r  reset_n_IBUF_inst/O
                         net (fo=25, routed)          1.246     1.432    Audio_Codec/initialize_audio/reset_n_IBUF
    SLICE_X160Y122       FDRE                                         r  Audio_Codec/initialize_audio/data_i_reg[2]/CE
  -------------------------------------------------------------------    -------------------

                         (clock clk_out2_clk_wiz_0 rise edge)
                                                      0.000     0.000 r  
    BUFGCTRL_X0Y2        BUFG                         0.000     0.000 r  clk_IBUF_BUFG_inst/O
                         net (fo=73, routed)          1.022     1.022    Audio_Codec/audiocodec_master_clock/inst/clk_in1
    MMCME2_ADV_X1Y0      MMCME2_ADV (Prop_mmcme2_adv_CLKIN1_CLKOUT1)
                                                     -2.040    -1.018 r  Audio_Codec/audiocodec_master_clock/inst/mmcm_adv_inst/CLKOUT1
                         net (fo=1, routed)           0.989    -0.029    Audio_Codec/audiocodec_master_clock/inst/clk_out2_clk_wiz_0
    BUFGCTRL_X0Y1        BUFG (Prop_bufg_I_O)         0.029    -0.000 r  Audio_Codec/audiocodec_master_clock/inst/clkout2_buf/O
                         net (fo=115, routed)         0.908     0.908    Audio_Codec/initialize_audio/clk_out2
    SLICE_X160Y122       FDRE                                         r  Audio_Codec/initialize_audio/data_i_reg[2]/C

Slack:                    inf
  Source:                 reset_n
                            (input port)
  Destination:            Audio_Codec/initialize_audio/data_i_reg[3]/CE
                            (rising edge-triggered cell FDRE clocked by clk_out2_clk_wiz_0  {rise@0.000ns fall@10.000ns period=20.000ns})
  Path Group:             (none)
  Path Type:              Hold (Min at Fast Process Corner)
  Data Path Delay:        1.432ns  (logic 0.186ns (12.984%)  route 1.246ns (87.016%))
  Logic Levels:           1  (IBUF=1)
  Clock Path Skew:        0.908ns (DCD - SCD - CPR)
    Destination Clock Delay (DCD):    0.908ns
    Source Clock Delay      (SCD):    0.000ns
    Clock Pessimism Removal (CPR):    -0.000ns

    Location             Delay type                Incr(ns)  Path(ns)    Netlist Resource(s)
  -------------------------------------------------------------------    -------------------
    G4                                                0.000     0.000 r  reset_n (IN)
                         net (fo=0)                   0.000     0.000    reset_n
    G4                   IBUF (Prop_ibuf_I_O)         0.186     0.186 r  reset_n_IBUF_inst/O
                         net (fo=25, routed)          1.246     1.432    Audio_Codec/initialize_audio/reset_n_IBUF
    SLICE_X160Y122       FDRE                                         r  Audio_Codec/initialize_audio/data_i_reg[3]/CE
  -------------------------------------------------------------------    -------------------

                         (clock clk_out2_clk_wiz_0 rise edge)
                                                      0.000     0.000 r  
    BUFGCTRL_X0Y2        BUFG                         0.000     0.000 r  clk_IBUF_BUFG_inst/O
                         net (fo=73, routed)          1.022     1.022    Audio_Codec/audiocodec_master_clock/inst/clk_in1
    MMCME2_ADV_X1Y0      MMCME2_ADV (Prop_mmcme2_adv_CLKIN1_CLKOUT1)
                                                     -2.040    -1.018 r  Audio_Codec/audiocodec_master_clock/inst/mmcm_adv_inst/CLKOUT1
                         net (fo=1, routed)           0.989    -0.029    Audio_Codec/audiocodec_master_clock/inst/clk_out2_clk_wiz_0
    BUFGCTRL_X0Y1        BUFG (Prop_bufg_I_O)         0.029    -0.000 r  Audio_Codec/audiocodec_master_clock/inst/clkout2_buf/O
                         net (fo=115, routed)         0.908     0.908    Audio_Codec/initialize_audio/clk_out2
    SLICE_X160Y122       FDRE                                         r  Audio_Codec/initialize_audio/data_i_reg[3]/C

Slack:                    inf
  Source:                 reset_n
                            (input port)
  Destination:            Audio_Codec/initialize_audio/data_i_reg[5]/CE
                            (rising edge-triggered cell FDRE clocked by clk_out2_clk_wiz_0  {rise@0.000ns fall@10.000ns period=20.000ns})
  Path Group:             (none)
  Path Type:              Hold (Min at Fast Process Corner)
  Data Path Delay:        1.432ns  (logic 0.186ns (12.984%)  route 1.246ns (87.016%))
  Logic Levels:           1  (IBUF=1)
  Clock Path Skew:        0.908ns (DCD - SCD - CPR)
    Destination Clock Delay (DCD):    0.908ns
    Source Clock Delay      (SCD):    0.000ns
    Clock Pessimism Removal (CPR):    -0.000ns

    Location             Delay type                Incr(ns)  Path(ns)    Netlist Resource(s)
  -------------------------------------------------------------------    -------------------
    G4                                                0.000     0.000 r  reset_n (IN)
                         net (fo=0)                   0.000     0.000    reset_n
    G4                   IBUF (Prop_ibuf_I_O)         0.186     0.186 r  reset_n_IBUF_inst/O
                         net (fo=25, routed)          1.246     1.432    Audio_Codec/initialize_audio/reset_n_IBUF
    SLICE_X160Y122       FDRE                                         r  Audio_Codec/initialize_audio/data_i_reg[5]/CE
  -------------------------------------------------------------------    -------------------

                         (clock clk_out2_clk_wiz_0 rise edge)
                                                      0.000     0.000 r  
    BUFGCTRL_X0Y2        BUFG                         0.000     0.000 r  clk_IBUF_BUFG_inst/O
                         net (fo=73, routed)          1.022     1.022    Audio_Codec/audiocodec_master_clock/inst/clk_in1
    MMCME2_ADV_X1Y0      MMCME2_ADV (Prop_mmcme2_adv_CLKIN1_CLKOUT1)
                                                     -2.040    -1.018 r  Audio_Codec/audiocodec_master_clock/inst/mmcm_adv_inst/CLKOUT1
                         net (fo=1, routed)           0.989    -0.029    Audio_Codec/audiocodec_master_clock/inst/clk_out2_clk_wiz_0
    BUFGCTRL_X0Y1        BUFG (Prop_bufg_I_O)         0.029    -0.000 r  Audio_Codec/audiocodec_master_clock/inst/clkout2_buf/O
                         net (fo=115, routed)         0.908     0.908    Audio_Codec/initialize_audio/clk_out2
    SLICE_X160Y122       FDRE                                         r  Audio_Codec/initialize_audio/data_i_reg[5]/C

Slack:                    inf
  Source:                 reset_n
                            (input port)
  Destination:            Audio_Codec/initialize_audio/msg_reg/CE
                            (rising edge-triggered cell FDRE clocked by clk_out2_clk_wiz_0  {rise@0.000ns fall@10.000ns period=20.000ns})
  Path Group:             (none)
  Path Type:              Hold (Min at Fast Process Corner)
  Data Path Delay:        1.521ns  (logic 0.186ns (12.222%)  route 1.335ns (87.778%))
  Logic Levels:           1  (IBUF=1)
  Clock Path Skew:        0.910ns (DCD - SCD - CPR)
    Destination Clock Delay (DCD):    0.910ns
    Source Clock Delay      (SCD):    0.000ns
    Clock Pessimism Removal (CPR):    -0.000ns

    Location             Delay type                Incr(ns)  Path(ns)    Netlist Resource(s)
  -------------------------------------------------------------------    -------------------
    G4                                                0.000     0.000 r  reset_n (IN)
                         net (fo=0)                   0.000     0.000    reset_n
    G4                   IBUF (Prop_ibuf_I_O)         0.186     0.186 r  reset_n_IBUF_inst/O
                         net (fo=25, routed)          1.335     1.521    Audio_Codec/initialize_audio/reset_n_IBUF
    SLICE_X160Y120       FDRE                                         r  Audio_Codec/initialize_audio/msg_reg/CE
  -------------------------------------------------------------------    -------------------

                         (clock clk_out2_clk_wiz_0 rise edge)
                                                      0.000     0.000 r  
    BUFGCTRL_X0Y2        BUFG                         0.000     0.000 r  clk_IBUF_BUFG_inst/O
                         net (fo=73, routed)          1.022     1.022    Audio_Codec/audiocodec_master_clock/inst/clk_in1
    MMCME2_ADV_X1Y0      MMCME2_ADV (Prop_mmcme2_adv_CLKIN1_CLKOUT1)
                                                     -2.040    -1.018 r  Audio_Codec/audiocodec_master_clock/inst/mmcm_adv_inst/CLKOUT1
                         net (fo=1, routed)           0.989    -0.029    Audio_Codec/audiocodec_master_clock/inst/clk_out2_clk_wiz_0
    BUFGCTRL_X0Y1        BUFG (Prop_bufg_I_O)         0.029    -0.000 r  Audio_Codec/audiocodec_master_clock/inst/clkout2_buf/O
                         net (fo=115, routed)         0.910     0.910    Audio_Codec/initialize_audio/clk_out2
    SLICE_X160Y120       FDRE                                         r  Audio_Codec/initialize_audio/msg_reg/C

Slack:                    inf
  Source:                 reset_n
                            (input port)
  Destination:            Audio_Codec/initialize_audio/stb_reg/CE
                            (rising edge-triggered cell FDRE clocked by clk_out2_clk_wiz_0  {rise@0.000ns fall@10.000ns period=20.000ns})
  Path Group:             (none)
  Path Type:              Hold (Min at Fast Process Corner)
  Data Path Delay:        1.521ns  (logic 0.186ns (12.222%)  route 1.335ns (87.778%))
  Logic Levels:           1  (IBUF=1)
  Clock Path Skew:        0.910ns (DCD - SCD - CPR)
    Destination Clock Delay (DCD):    0.910ns
    Source Clock Delay      (SCD):    0.000ns
    Clock Pessimism Removal (CPR):    -0.000ns

    Location             Delay type                Incr(ns)  Path(ns)    Netlist Resource(s)
  -------------------------------------------------------------------    -------------------
    G4                                                0.000     0.000 r  reset_n (IN)
                         net (fo=0)                   0.000     0.000    reset_n
    G4                   IBUF (Prop_ibuf_I_O)         0.186     0.186 r  reset_n_IBUF_inst/O
                         net (fo=25, routed)          1.335     1.521    Audio_Codec/initialize_audio/reset_n_IBUF
    SLICE_X160Y120       FDRE                                         r  Audio_Codec/initialize_audio/stb_reg/CE
  -------------------------------------------------------------------    -------------------

                         (clock clk_out2_clk_wiz_0 rise edge)
                                                      0.000     0.000 r  
    BUFGCTRL_X0Y2        BUFG                         0.000     0.000 r  clk_IBUF_BUFG_inst/O
                         net (fo=73, routed)          1.022     1.022    Audio_Codec/audiocodec_master_clock/inst/clk_in1
    MMCME2_ADV_X1Y0      MMCME2_ADV (Prop_mmcme2_adv_CLKIN1_CLKOUT1)
                                                     -2.040    -1.018 r  Audio_Codec/audiocodec_master_clock/inst/mmcm_adv_inst/CLKOUT1
                         net (fo=1, routed)           0.989    -0.029    Audio_Codec/audiocodec_master_clock/inst/clk_out2_clk_wiz_0
    BUFGCTRL_X0Y1        BUFG (Prop_bufg_I_O)         0.029    -0.000 r  Audio_Codec/audiocodec_master_clock/inst/clkout2_buf/O
                         net (fo=115, routed)         0.910     0.910    Audio_Codec/initialize_audio/clk_out2
    SLICE_X160Y120       FDRE                                         r  Audio_Codec/initialize_audio/stb_reg/C

Slack:                    inf
  Source:                 reset_n
                            (input port)
  Destination:            Audio_Codec/initialize_audio/initA_reg[6]/D
                            (rising edge-triggered cell FDRE clocked by clk_out2_clk_wiz_0  {rise@0.000ns fall@10.000ns period=20.000ns})
  Path Group:             (none)
  Path Type:              Hold (Min at Fast Process Corner)
  Data Path Delay:        1.575ns  (logic 0.231ns (14.661%)  route 1.344ns (85.339%))
  Logic Levels:           2  (IBUF=1 LUT5=1)
  Clock Path Skew:        0.906ns (DCD - SCD - CPR)
    Destination Clock Delay (DCD):    0.906ns
    Source Clock Delay      (SCD):    0.000ns
    Clock Pessimism Removal (CPR):    -0.000ns

    Location             Delay type                Incr(ns)  Path(ns)    Netlist Resource(s)
  -------------------------------------------------------------------    -------------------
    G4                                                0.000     0.000 r  reset_n (IN)
                         net (fo=0)                   0.000     0.000    reset_n
    G4                   IBUF (Prop_ibuf_I_O)         0.186     0.186 r  reset_n_IBUF_inst/O
                         net (fo=25, routed)          1.344     1.530    Audio_Codec/initialize_audio/twi_controller/reset_n_IBUF
    SLICE_X160Y123       LUT5 (Prop_lut5_I4_O)        0.045     1.575 r  Audio_Codec/initialize_audio/twi_controller/initA[6]_i_1/O
                         net (fo=1, routed)           0.000     1.575    Audio_Codec/initialize_audio/twi_controller_n_14
    SLICE_X160Y123       FDRE                                         r  Audio_Codec/initialize_audio/initA_reg[6]/D
  -------------------------------------------------------------------    -------------------

                         (clock clk_out2_clk_wiz_0 rise edge)
                                                      0.000     0.000 r  
    BUFGCTRL_X0Y2        BUFG                         0.000     0.000 r  clk_IBUF_BUFG_inst/O
                         net (fo=73, routed)          1.022     1.022    Audio_Codec/audiocodec_master_clock/inst/clk_in1
    MMCME2_ADV_X1Y0      MMCME2_ADV (Prop_mmcme2_adv_CLKIN1_CLKOUT1)
                                                     -2.040    -1.018 r  Audio_Codec/audiocodec_master_clock/inst/mmcm_adv_inst/CLKOUT1
                         net (fo=1, routed)           0.989    -0.029    Audio_Codec/audiocodec_master_clock/inst/clk_out2_clk_wiz_0
    BUFGCTRL_X0Y1        BUFG (Prop_bufg_I_O)         0.029    -0.000 r  Audio_Codec/audiocodec_master_clock/inst/clkout2_buf/O
                         net (fo=115, routed)         0.906     0.906    Audio_Codec/initialize_audio/clk_out2
    SLICE_X160Y123       FDRE                                         r  Audio_Codec/initialize_audio/initA_reg[6]/C

Slack:                    inf
  Source:                 reset_n
                            (input port)
  Destination:            Audio_Codec/initialize_audio/data_i_reg[0]/R
                            (rising edge-triggered cell FDRE clocked by clk_out2_clk_wiz_0  {rise@0.000ns fall@10.000ns period=20.000ns})
  Path Group:             (none)
  Path Type:              Hold (Min at Fast Process Corner)
  Data Path Delay:        1.638ns  (logic 0.235ns (14.341%)  route 1.403ns (85.659%))
  Logic Levels:           2  (IBUF=1 LUT5=1)
  Clock Path Skew:        0.908ns (DCD - SCD - CPR)
    Destination Clock Delay (DCD):    0.908ns
    Source Clock Delay      (SCD):    0.000ns
    Clock Pessimism Removal (CPR):    -0.000ns

    Location             Delay type                Incr(ns)  Path(ns)    Netlist Resource(s)
  -------------------------------------------------------------------    -------------------
    G4                                                0.000     0.000 r  reset_n (IN)
                         net (fo=0)                   0.000     0.000    reset_n
    G4                   IBUF (Prop_ibuf_I_O)         0.186     0.186 r  reset_n_IBUF_inst/O
                         net (fo=25, routed)          1.275     1.461    Audio_Codec/initialize_audio/reset_n_IBUF
    SLICE_X159Y122       LUT5 (Prop_lut5_I0_O)        0.049     1.510 r  Audio_Codec/initialize_audio/data_i[5]_i_1/O
                         net (fo=4, routed)           0.128     1.638    Audio_Codec/initialize_audio/data_i[5]_i_1_n_0
    SLICE_X160Y122       FDRE                                         r  Audio_Codec/initialize_audio/data_i_reg[0]/R
  -------------------------------------------------------------------    -------------------

                         (clock clk_out2_clk_wiz_0 rise edge)
                                                      0.000     0.000 r  
    BUFGCTRL_X0Y2        BUFG                         0.000     0.000 r  clk_IBUF_BUFG_inst/O
                         net (fo=73, routed)          1.022     1.022    Audio_Codec/audiocodec_master_clock/inst/clk_in1
    MMCME2_ADV_X1Y0      MMCME2_ADV (Prop_mmcme2_adv_CLKIN1_CLKOUT1)
                                                     -2.040    -1.018 r  Audio_Codec/audiocodec_master_clock/inst/mmcm_adv_inst/CLKOUT1
                         net (fo=1, routed)           0.989    -0.029    Audio_Codec/audiocodec_master_clock/inst/clk_out2_clk_wiz_0
    BUFGCTRL_X0Y1        BUFG (Prop_bufg_I_O)         0.029    -0.000 r  Audio_Codec/audiocodec_master_clock/inst/clkout2_buf/O
                         net (fo=115, routed)         0.908     0.908    Audio_Codec/initialize_audio/clk_out2
    SLICE_X160Y122       FDRE                                         r  Audio_Codec/initialize_audio/data_i_reg[0]/C





