Copyright 1986-2022 Xilinx, Inc. All Rights Reserved. Copyright 2022-2024 Advanced Micro Devices, Inc. All Rights Reserved.
---------------------------------------------------------------------------------------------------------------------------------------------------------------------------------------------------------
| Tool Version : Vivado v.2024.2 (win64) Build 5239630 Fri Nov 08 22:35:27 MST 2024
| Date         : Tue Feb 17 08:26:22 2026
| Host         : C27-5CG3121G96 running 64-bit major release  (build 9200)
| Command      : report_timing_summary -max_paths 10 -report_unconstrained -file lab2_timing_summary_routed.rpt -pb lab2_timing_summary_routed.pb -rpx lab2_timing_summary_routed.rpx -warn_on_violation
| Design       : lab2
| Device       : 7a200t-sbg484
| Speed File   : -1  PRODUCTION 1.23 2018-06-13
| Design State : Routed
---------------------------------------------------------------------------------------------------------------------------------------------------------------------------------------------------------

Timing Summary Report

------------------------------------------------------------------------------------------------
| Timer Settings
| --------------
------------------------------------------------------------------------------------------------

  Enable Multi Corner Analysis               :  Yes
  Enable Pessimism Removal                   :  Yes
  Pessimism Removal Resolution               :  Nearest Common Node
  Enable Input Delay Default Clock           :  No
  Enable Preset / Clear Arcs                 :  No
  Disable Flight Delays                      :  No
  Ignore I/O Paths                           :  No
  Timing Early Launch at Borrowing Latches   :  No
  Borrow Time for Max Delay Exceptions       :  Yes
  Merge Timing Exceptions                    :  Yes
  Inter-SLR Compensation                     :  Conservative

  Corner  Analyze    Analyze    
  Name    Max Paths  Min Paths  
  ------  ---------  ---------  
  Slow    Yes        Yes        
  Fast    Yes        Yes        


------------------------------------------------------------------------------------------------
| Report Methodology
| ------------------
------------------------------------------------------------------------------------------------

Rule       Severity          Description                                        Violations  
---------  ----------------  -------------------------------------------------  ----------  
TIMING-17  Critical Warning  Non-clocked sequential cell                        332         
TIMING-27  Critical Warning  Invalid primary clock on hierarchical pin          2           
SYNTH-6    Warning           Timing of a RAM block might be sub-optimal         1           
XDCC-2     Warning           Scoped Non-Timing constraint/property overwritten  1           

Note: This report is based on the most recent report_methodology run and may not be up-to-date. Run report_methodology on the current design for the latest report.



check_timing report

Table of Contents
-----------------
1. checking no_clock (332)
2. checking constant_clock (0)
3. checking pulse_width_clock (0)
4. checking unconstrained_internal_endpoints (907)
5. checking no_input_delay (12)
6. checking no_output_delay (14)
7. checking multiple_clock (0)
8. checking generated_clocks (0)
9. checking loops (0)
10. checking partial_input_delay (0)
11. checking partial_output_delay (0)
12. checking latch_loops (0)

1. checking no_clock (332)
--------------------------
 There are 332 register/latch pins with no clock driven by root clock pin: clk (HIGH)


2. checking constant_clock (0)
------------------------------
 There are 0 register/latch pins with constant_clock.


3. checking pulse_width_clock (0)
---------------------------------
 There are 0 register/latch pins which need pulse_width check


4. checking unconstrained_internal_endpoints (907)
--------------------------------------------------
 There are 907 pins that are not constrained for maximum delay. (HIGH)

 There are 0 pins that are not constrained for maximum delay due to constant clock.


5. checking no_input_delay (12)
-------------------------------
 There are 12 input ports with no input delay specified. (HIGH)

 There are 0 input ports with no input delay but user has a false path constraint.


6. checking no_output_delay (14)
--------------------------------
 There are 14 ports with no output delay specified. (HIGH)

 There are 0 ports with no output delay but user has a false path constraint

 There are 0 ports with no output delay but with a timing clock defined on it or propagating through it


7. checking multiple_clock (0)
------------------------------
 There are 0 register/latch pins with multiple clocks.


8. checking generated_clocks (0)
--------------------------------
 There are 0 generated clocks that are not connected to a clock source.


9. checking loops (0)
---------------------
 There are 0 combinational loops in the design.


10. checking partial_input_delay (0)
------------------------------------
 There are 0 input ports with partial input delay specified.


11. checking partial_output_delay (0)
-------------------------------------
 There are 0 ports with partial output delay specified.


12. checking latch_loops (0)
----------------------------
 There are 0 combinational latch loops in the design through latch input



------------------------------------------------------------------------------------------------
| Design Timing Summary
| ---------------------
------------------------------------------------------------------------------------------------

    WNS(ns)      TNS(ns)  TNS Failing Endpoints  TNS Total Endpoints      WHS(ns)      THS(ns)  THS Failing Endpoints  THS Total Endpoints     WPWS(ns)     TPWS(ns)  TPWS Failing Endpoints  TPWS Total Endpoints  
    -------      -------  ---------------------  -------------------      -------      -------  ---------------------  -------------------     --------     --------  ----------------------  --------------------  
      3.849        0.000                      0                  392        0.108        0.000                      0                  392        3.000        0.000                       0                   242  


All user specified timing constraints are met.


------------------------------------------------------------------------------------------------
| Clock Summary
| -------------
------------------------------------------------------------------------------------------------

Clock                                                          Waveform(ns)         Period(ns)      Frequency(MHz)
-----                                                          ------------         ----------      --------------
datapath/Audio_Codec/audiocodec_master_clock/inst/clk_in1      {0.000 5.000}        10.000          100.000         
  clk_out1_clk_wiz_1                                           {0.000 40.687}       81.375          12.289          
  clk_out2_clk_wiz_1                                           {0.000 10.000}       20.000          50.000          
  clkfbout_clk_wiz_1                                           {0.000 5.000}        10.000          100.000         
datapath/video_inst/mmcm_adv_inst_display_clocks/inst/clk_in1  {0.000 5.000}        10.000          100.000         
  clk_out1_clk_wiz_0                                           {0.000 20.000}       40.000          25.000          
  clk_out2_clk_wiz_0                                           {0.000 4.000}        8.000           125.000         
  clkfbout_clk_wiz_0                                           {0.000 5.000}        10.000          100.000         


------------------------------------------------------------------------------------------------
| Intra Clock Table
| -----------------
------------------------------------------------------------------------------------------------

Clock                                                              WNS(ns)      TNS(ns)  TNS Failing Endpoints  TNS Total Endpoints      WHS(ns)      THS(ns)  THS Failing Endpoints  THS Total Endpoints     WPWS(ns)     TPWS(ns)  TPWS Failing Endpoints  TPWS Total Endpoints  
-----                                                              -------      -------  ---------------------  -------------------      -------      -------  ---------------------  -------------------     --------     --------  ----------------------  --------------------  
datapath/Audio_Codec/audiocodec_master_clock/inst/clk_in1                                                                                                                                                        3.000        0.000                       0                     1  
  clk_out1_clk_wiz_1                                                                                                                                                                                            79.220        0.000                       0                     2  
  clk_out2_clk_wiz_1                                                14.332        0.000                      0                  211        0.154        0.000                      0                  211        9.500        0.000                       0                   117  
  clkfbout_clk_wiz_1                                                                                                                                                                                             7.845        0.000                       0                     3  
datapath/video_inst/mmcm_adv_inst_display_clocks/inst/clk_in1                                                                                                                                                    3.000        0.000                       0                     1  
  clk_out1_clk_wiz_0                                                27.700        0.000                      0                  122        0.174        0.000                      0                  122       19.500        0.000                       0                    69  
  clk_out2_clk_wiz_0                                                 3.849        0.000                      0                   53        0.196        0.000                      0                   53        3.500        0.000                       0                    46  
  clkfbout_clk_wiz_0                                                                                                                                                                                             7.845        0.000                       0                     3  


------------------------------------------------------------------------------------------------
| Inter Clock Table
| -----------------
------------------------------------------------------------------------------------------------

From Clock          To Clock                WNS(ns)      TNS(ns)  TNS Failing Endpoints  TNS Total Endpoints      WHS(ns)      THS(ns)  THS Failing Endpoints  THS Total Endpoints  
----------          --------                -------      -------  ---------------------  -------------------      -------      -------  ---------------------  -------------------  
clk_out1_clk_wiz_0  clk_out2_clk_wiz_0        4.890        0.000                      0                   30        0.108        0.000                      0                   30  


------------------------------------------------------------------------------------------------
| Other Path Groups Table
| -----------------------
------------------------------------------------------------------------------------------------

Path Group    From Clock    To Clock          WNS(ns)      TNS(ns)  TNS Failing Endpoints  TNS Total Endpoints      WHS(ns)      THS(ns)  THS Failing Endpoints  THS Total Endpoints  
----------    ----------    --------          -------      -------  ---------------------  -------------------      -------      -------  ---------------------  -------------------  


------------------------------------------------------------------------------------------------
| User Ignored Path Table
| -----------------------
------------------------------------------------------------------------------------------------

Path Group    From Clock    To Clock    
----------    ----------    --------    


------------------------------------------------------------------------------------------------
| Unconstrained Path Table
| ------------------------
------------------------------------------------------------------------------------------------

Path Group          From Clock          To Clock          
----------          ----------          --------          
(none)                                                      
(none)              clk_out1_clk_wiz_0                      
(none)              clk_out1_clk_wiz_1                      
(none)              clk_out2_clk_wiz_0                      
(none)              clk_out2_clk_wiz_1                      
(none)              clkfbout_clk_wiz_0                      
(none)              clkfbout_clk_wiz_1                      
(none)                                  clk_out1_clk_wiz_0  
(none)                                  clk_out2_clk_wiz_1  


------------------------------------------------------------------------------------------------
| Timing Details
| --------------
------------------------------------------------------------------------------------------------


---------------------------------------------------------------------------------------------------
From Clock:  datapath/Audio_Codec/audiocodec_master_clock/inst/clk_in1
  To Clock:  datapath/Audio_Codec/audiocodec_master_clock/inst/clk_in1

Setup :           NA  Failing Endpoints,  Worst Slack           NA  ,  Total Violation           NA
Hold  :           NA  Failing Endpoints,  Worst Slack           NA  ,  Total Violation           NA
PW    :            0  Failing Endpoints,  Worst Slack        3.000ns,  Total Violation        0.000ns
---------------------------------------------------------------------------------------------------


Pulse Width Checks
--------------------------------------------------------------------------------------
Clock Name:         datapath/Audio_Codec/audiocodec_master_clock/inst/clk_in1
Waveform(ns):       { 0.000 5.000 }
Period(ns):         10.000
Sources:            { datapath/Audio_Codec/audiocodec_master_clock/inst/clk_in1 }

Check Type        Corner  Lib Pin            Reference Pin  Required(ns)  Actual(ns)  Slack(ns)  Location         Pin
Min Period        n/a     MMCME2_ADV/CLKIN1  n/a            1.249         10.000      8.751      MMCME2_ADV_X0Y2  datapath/Audio_Codec/audiocodec_master_clock/inst/mmcm_adv_inst/CLKIN1
Max Period        n/a     MMCME2_ADV/CLKIN1  n/a            100.000       10.000      90.000     MMCME2_ADV_X0Y2  datapath/Audio_Codec/audiocodec_master_clock/inst/mmcm_adv_inst/CLKIN1
Low Pulse Width   Slow    MMCME2_ADV/CLKIN1  n/a            2.000         5.000       3.000      MMCME2_ADV_X0Y2  datapath/Audio_Codec/audiocodec_master_clock/inst/mmcm_adv_inst/CLKIN1
Low Pulse Width   Fast    MMCME2_ADV/CLKIN1  n/a            2.000         5.000       3.000      MMCME2_ADV_X0Y2  datapath/Audio_Codec/audiocodec_master_clock/inst/mmcm_adv_inst/CLKIN1
High Pulse Width  Slow    MMCME2_ADV/CLKIN1  n/a            2.000         5.000       3.000      MMCME2_ADV_X0Y2  datapath/Audio_Codec/audiocodec_master_clock/inst/mmcm_adv_inst/CLKIN1
High Pulse Width  Fast    MMCME2_ADV/CLKIN1  n/a            2.000         5.000       3.000      MMCME2_ADV_X0Y2  datapath/Audio_Codec/audiocodec_master_clock/inst/mmcm_adv_inst/CLKIN1



---------------------------------------------------------------------------------------------------
From Clock:  clk_out1_clk_wiz_1
  To Clock:  clk_out1_clk_wiz_1

Setup :           NA  Failing Endpoints,  Worst Slack           NA  ,  Total Violation           NA
Hold  :           NA  Failing Endpoints,  Worst Slack           NA  ,  Total Violation           NA
PW    :            0  Failing Endpoints,  Worst Slack       79.220ns,  Total Violation        0.000ns
---------------------------------------------------------------------------------------------------


Pulse Width Checks
--------------------------------------------------------------------------------------
Clock Name:         clk_out1_clk_wiz_1
Waveform(ns):       { 0.000 40.688 }
Period(ns):         81.375
Sources:            { datapath/Audio_Codec/audiocodec_master_clock/inst/mmcm_adv_inst/CLKOUT0 }

Check Type  Corner  Lib Pin             Reference Pin  Required(ns)  Actual(ns)  Slack(ns)  Location         Pin
Min Period  n/a     BUFG/I              n/a            2.155         81.375      79.220     BUFGCTRL_X0Y1    datapath/Audio_Codec/audiocodec_master_clock/inst/clkout1_buf/I
Min Period  n/a     MMCME2_ADV/CLKOUT0  n/a            1.249         81.375      80.126     MMCME2_ADV_X0Y2  datapath/Audio_Codec/audiocodec_master_clock/inst/mmcm_adv_inst/CLKOUT0
Max Period  n/a     MMCME2_ADV/CLKOUT0  n/a            213.360       81.375      131.985    MMCME2_ADV_X0Y2  datapath/Audio_Codec/audiocodec_master_clock/inst/mmcm_adv_inst/CLKOUT0



---------------------------------------------------------------------------------------------------
From Clock:  clk_out2_clk_wiz_1
  To Clock:  clk_out2_clk_wiz_1

Setup :            0  Failing Endpoints,  Worst Slack       14.332ns,  Total Violation        0.000ns
Hold  :            0  Failing Endpoints,  Worst Slack        0.154ns,  Total Violation        0.000ns
PW    :            0  Failing Endpoints,  Worst Slack        9.500ns,  Total Violation        0.000ns
---------------------------------------------------------------------------------------------------


Max Delay Paths
--------------------------------------------------------------------------------------
Slack (MET) :             14.332ns  (required time - arrival time)
  Source:                 datapath/Audio_Codec/initialize_audio/delaycnt_reg[30]/C
                            (rising edge-triggered cell FDRE clocked by clk_out2_clk_wiz_1  {rise@0.000ns fall@10.000ns period=20.000ns})
  Destination:            datapath/Audio_Codec/initialize_audio/initA_reg[2]/CE
                            (rising edge-triggered cell FDRE clocked by clk_out2_clk_wiz_1  {rise@0.000ns fall@10.000ns period=20.000ns})
  Path Group:             clk_out2_clk_wiz_1
  Path Type:              Setup (Max at Slow Process Corner)
  Requirement:            20.000ns  (clk_out2_clk_wiz_1 rise@20.000ns - clk_out2_clk_wiz_1 rise@0.000ns)
  Data Path Delay:        5.357ns  (logic 1.076ns (20.087%)  route 4.281ns (79.913%))
  Logic Levels:           5  (LUT4=2 LUT5=2 LUT6=1)
  Clock Path Skew:        -0.023ns (DCD - SCD + CPR)
    Destination Clock Delay (DCD):    1.699ns = ( 21.699 - 20.000 ) 
    Source Clock Delay      (SCD):    1.816ns
    Clock Pessimism Removal (CPR):    0.094ns
  Clock Uncertainty:      0.084ns  ((TSJ^2 + DJ^2)^1/2) / 2 + PE
    Total System Jitter     (TSJ):    0.071ns
    Discrete Jitter          (DJ):    0.152ns
    Phase Error              (PE):    0.000ns

    Location             Delay type                Incr(ns)  Path(ns)    Netlist Resource(s)
  -------------------------------------------------------------------    -------------------
                         (clock clk_out2_clk_wiz_1 rise edge)
                                                      0.000     0.000 r  
    BUFGCTRL_X0Y2        BUFG                         0.000     0.000 r  clk_IBUF_BUFG_inst/O
                         net (fo=334, routed)         1.761     1.761    datapath/Audio_Codec/audiocodec_master_clock/inst/clk_in1
    MMCME2_ADV_X0Y2      MMCME2_ADV (Prop_mmcme2_adv_CLKIN1_CLKOUT1)
                                                     -3.701    -1.939 r  datapath/Audio_Codec/audiocodec_master_clock/inst/mmcm_adv_inst/CLKOUT1
                         net (fo=1, routed)           1.843    -0.096    datapath/Audio_Codec/audiocodec_master_clock/inst/clk_out2_clk_wiz_1
    BUFGCTRL_X0Y3        BUFG (Prop_bufg_I_O)         0.096    -0.000 r  datapath/Audio_Codec/audiocodec_master_clock/inst/clkout2_buf/O
                         net (fo=115, routed)         1.816     1.816    datapath/Audio_Codec/initialize_audio/clk_out2
    SLICE_X156Y121       FDRE                                         r  datapath/Audio_Codec/initialize_audio/delaycnt_reg[30]/C
  -------------------------------------------------------------------    -------------------
    SLICE_X156Y121       FDRE (Prop_fdre_C_Q)         0.456     2.272 f  datapath/Audio_Codec/initialize_audio/delaycnt_reg[30]/Q
                         net (fo=3, routed)           1.381     3.653    datapath/Audio_Codec/initialize_audio/delaycnt[30]
    SLICE_X157Y115       LUT4 (Prop_lut4_I0_O)        0.124     3.777 f  datapath/Audio_Codec/initialize_audio/state[3]_i_13/O
                         net (fo=1, routed)           0.667     4.444    datapath/Audio_Codec/initialize_audio/state[3]_i_13_n_0
    SLICE_X157Y115       LUT5 (Prop_lut5_I4_O)        0.124     4.568 f  datapath/Audio_Codec/initialize_audio/state[3]_i_8/O
                         net (fo=1, routed)           0.438     5.006    datapath/Audio_Codec/initialize_audio/state[3]_i_8_n_0
    SLICE_X157Y118       LUT4 (Prop_lut4_I3_O)        0.124     5.130 r  datapath/Audio_Codec/initialize_audio/state[3]_i_3/O
                         net (fo=3, routed)           0.776     5.906    datapath/Audio_Codec/initialize_audio/state[3]_i_3_n_0
    SLICE_X159Y118       LUT5 (Prop_lut5_I0_O)        0.124     6.030 r  datapath/Audio_Codec/initialize_audio/initA[6]_i_3/O
                         net (fo=2, routed)           0.321     6.351    datapath/Audio_Codec/initialize_audio/twi_controller/initEn_reg
    SLICE_X160Y118       LUT6 (Prop_lut6_I1_O)        0.124     6.475 r  datapath/Audio_Codec/initialize_audio/twi_controller/initA[6]_i_1/O
                         net (fo=7, routed)           0.698     7.173    datapath/Audio_Codec/initialize_audio/twi_controller_n_8
    SLICE_X159Y121       FDRE                                         r  datapath/Audio_Codec/initialize_audio/initA_reg[2]/CE
  -------------------------------------------------------------------    -------------------

                         (clock clk_out2_clk_wiz_1 rise edge)
                                                     20.000    20.000 r  
    BUFGCTRL_X0Y2        BUFG                         0.000    20.000 r  clk_IBUF_BUFG_inst/O
                         net (fo=334, routed)         1.643    21.643    datapath/Audio_Codec/audiocodec_master_clock/inst/clk_in1
    MMCME2_ADV_X0Y2      MMCME2_ADV (Prop_mmcme2_adv_CLKIN1_CLKOUT1)
                                                     -3.494    18.149 r  datapath/Audio_Codec/audiocodec_master_clock/inst/mmcm_adv_inst/CLKOUT1
                         net (fo=1, routed)           1.760    19.909    datapath/Audio_Codec/audiocodec_master_clock/inst/clk_out2_clk_wiz_1
    BUFGCTRL_X0Y3        BUFG (Prop_bufg_I_O)         0.091    20.000 r  datapath/Audio_Codec/audiocodec_master_clock/inst/clkout2_buf/O
                         net (fo=115, routed)         1.699    21.699    datapath/Audio_Codec/initialize_audio/clk_out2
    SLICE_X159Y121       FDRE                                         r  datapath/Audio_Codec/initialize_audio/initA_reg[2]/C
                         clock pessimism              0.094    21.793    
                         clock uncertainty           -0.084    21.710    
    SLICE_X159Y121       FDRE (Setup_fdre_C_CE)      -0.205    21.505    datapath/Audio_Codec/initialize_audio/initA_reg[2]
  -------------------------------------------------------------------
                         required time                         21.505    
                         arrival time                          -7.173    
  -------------------------------------------------------------------
                         slack                                 14.332    

Slack (MET) :             14.332ns  (required time - arrival time)
  Source:                 datapath/Audio_Codec/initialize_audio/delaycnt_reg[30]/C
                            (rising edge-triggered cell FDRE clocked by clk_out2_clk_wiz_1  {rise@0.000ns fall@10.000ns period=20.000ns})
  Destination:            datapath/Audio_Codec/initialize_audio/initA_reg[5]/CE
                            (rising edge-triggered cell FDRE clocked by clk_out2_clk_wiz_1  {rise@0.000ns fall@10.000ns period=20.000ns})
  Path Group:             clk_out2_clk_wiz_1
  Path Type:              Setup (Max at Slow Process Corner)
  Requirement:            20.000ns  (clk_out2_clk_wiz_1 rise@20.000ns - clk_out2_clk_wiz_1 rise@0.000ns)
  Data Path Delay:        5.357ns  (logic 1.076ns (20.087%)  route 4.281ns (79.913%))
  Logic Levels:           5  (LUT4=2 LUT5=2 LUT6=1)
  Clock Path Skew:        -0.023ns (DCD - SCD + CPR)
    Destination Clock Delay (DCD):    1.699ns = ( 21.699 - 20.000 ) 
    Source Clock Delay      (SCD):    1.816ns
    Clock Pessimism Removal (CPR):    0.094ns
  Clock Uncertainty:      0.084ns  ((TSJ^2 + DJ^2)^1/2) / 2 + PE
    Total System Jitter     (TSJ):    0.071ns
    Discrete Jitter          (DJ):    0.152ns
    Phase Error              (PE):    0.000ns

    Location             Delay type                Incr(ns)  Path(ns)    Netlist Resource(s)
  -------------------------------------------------------------------    -------------------
                         (clock clk_out2_clk_wiz_1 rise edge)
                                                      0.000     0.000 r  
    BUFGCTRL_X0Y2        BUFG                         0.000     0.000 r  clk_IBUF_BUFG_inst/O
                         net (fo=334, routed)         1.761     1.761    datapath/Audio_Codec/audiocodec_master_clock/inst/clk_in1
    MMCME2_ADV_X0Y2      MMCME2_ADV (Prop_mmcme2_adv_CLKIN1_CLKOUT1)
                                                     -3.701    -1.939 r  datapath/Audio_Codec/audiocodec_master_clock/inst/mmcm_adv_inst/CLKOUT1
                         net (fo=1, routed)           1.843    -0.096    datapath/Audio_Codec/audiocodec_master_clock/inst/clk_out2_clk_wiz_1
    BUFGCTRL_X0Y3        BUFG (Prop_bufg_I_O)         0.096    -0.000 r  datapath/Audio_Codec/audiocodec_master_clock/inst/clkout2_buf/O
                         net (fo=115, routed)         1.816     1.816    datapath/Audio_Codec/initialize_audio/clk_out2
    SLICE_X156Y121       FDRE                                         r  datapath/Audio_Codec/initialize_audio/delaycnt_reg[30]/C
  -------------------------------------------------------------------    -------------------
    SLICE_X156Y121       FDRE (Prop_fdre_C_Q)         0.456     2.272 f  datapath/Audio_Codec/initialize_audio/delaycnt_reg[30]/Q
                         net (fo=3, routed)           1.381     3.653    datapath/Audio_Codec/initialize_audio/delaycnt[30]
    SLICE_X157Y115       LUT4 (Prop_lut4_I0_O)        0.124     3.777 f  datapath/Audio_Codec/initialize_audio/state[3]_i_13/O
                         net (fo=1, routed)           0.667     4.444    datapath/Audio_Codec/initialize_audio/state[3]_i_13_n_0
    SLICE_X157Y115       LUT5 (Prop_lut5_I4_O)        0.124     4.568 f  datapath/Audio_Codec/initialize_audio/state[3]_i_8/O
                         net (fo=1, routed)           0.438     5.006    datapath/Audio_Codec/initialize_audio/state[3]_i_8_n_0
    SLICE_X157Y118       LUT4 (Prop_lut4_I3_O)        0.124     5.130 r  datapath/Audio_Codec/initialize_audio/state[3]_i_3/O
                         net (fo=3, routed)           0.776     5.906    datapath/Audio_Codec/initialize_audio/state[3]_i_3_n_0
    SLICE_X159Y118       LUT5 (Prop_lut5_I0_O)        0.124     6.030 r  datapath/Audio_Codec/initialize_audio/initA[6]_i_3/O
                         net (fo=2, routed)           0.321     6.351    datapath/Audio_Codec/initialize_audio/twi_controller/initEn_reg
    SLICE_X160Y118       LUT6 (Prop_lut6_I1_O)        0.124     6.475 r  datapath/Audio_Codec/initialize_audio/twi_controller/initA[6]_i_1/O
                         net (fo=7, routed)           0.698     7.173    datapath/Audio_Codec/initialize_audio/twi_controller_n_8
    SLICE_X159Y121       FDRE                                         r  datapath/Audio_Codec/initialize_audio/initA_reg[5]/CE
  -------------------------------------------------------------------    -------------------

                         (clock clk_out2_clk_wiz_1 rise edge)
                                                     20.000    20.000 r  
    BUFGCTRL_X0Y2        BUFG                         0.000    20.000 r  clk_IBUF_BUFG_inst/O
                         net (fo=334, routed)         1.643    21.643    datapath/Audio_Codec/audiocodec_master_clock/inst/clk_in1
    MMCME2_ADV_X0Y2      MMCME2_ADV (Prop_mmcme2_adv_CLKIN1_CLKOUT1)
                                                     -3.494    18.149 r  datapath/Audio_Codec/audiocodec_master_clock/inst/mmcm_adv_inst/CLKOUT1
                         net (fo=1, routed)           1.760    19.909    datapath/Audio_Codec/audiocodec_master_clock/inst/clk_out2_clk_wiz_1
    BUFGCTRL_X0Y3        BUFG (Prop_bufg_I_O)         0.091    20.000 r  datapath/Audio_Codec/audiocodec_master_clock/inst/clkout2_buf/O
                         net (fo=115, routed)         1.699    21.699    datapath/Audio_Codec/initialize_audio/clk_out2
    SLICE_X159Y121       FDRE                                         r  datapath/Audio_Codec/initialize_audio/initA_reg[5]/C
                         clock pessimism              0.094    21.793    
                         clock uncertainty           -0.084    21.710    
    SLICE_X159Y121       FDRE (Setup_fdre_C_CE)      -0.205    21.505    datapath/Audio_Codec/initialize_audio/initA_reg[5]
  -------------------------------------------------------------------
                         required time                         21.505    
                         arrival time                          -7.173    
  -------------------------------------------------------------------
                         slack                                 14.332    

Slack (MET) :             14.332ns  (required time - arrival time)
  Source:                 datapath/Audio_Codec/initialize_audio/delaycnt_reg[30]/C
                            (rising edge-triggered cell FDRE clocked by clk_out2_clk_wiz_1  {rise@0.000ns fall@10.000ns period=20.000ns})
  Destination:            datapath/Audio_Codec/initialize_audio/initA_reg[6]/CE
                            (rising edge-triggered cell FDRE clocked by clk_out2_clk_wiz_1  {rise@0.000ns fall@10.000ns period=20.000ns})
  Path Group:             clk_out2_clk_wiz_1
  Path Type:              Setup (Max at Slow Process Corner)
  Requirement:            20.000ns  (clk_out2_clk_wiz_1 rise@20.000ns - clk_out2_clk_wiz_1 rise@0.000ns)
  Data Path Delay:        5.357ns  (logic 1.076ns (20.087%)  route 4.281ns (79.913%))
  Logic Levels:           5  (LUT4=2 LUT5=2 LUT6=1)
  Clock Path Skew:        -0.023ns (DCD - SCD + CPR)
    Destination Clock Delay (DCD):    1.699ns = ( 21.699 - 20.000 ) 
    Source Clock Delay      (SCD):    1.816ns
    Clock Pessimism Removal (CPR):    0.094ns
  Clock Uncertainty:      0.084ns  ((TSJ^2 + DJ^2)^1/2) / 2 + PE
    Total System Jitter     (TSJ):    0.071ns
    Discrete Jitter          (DJ):    0.152ns
    Phase Error              (PE):    0.000ns

    Location             Delay type                Incr(ns)  Path(ns)    Netlist Resource(s)
  -------------------------------------------------------------------    -------------------
                         (clock clk_out2_clk_wiz_1 rise edge)
                                                      0.000     0.000 r  
    BUFGCTRL_X0Y2        BUFG                         0.000     0.000 r  clk_IBUF_BUFG_inst/O
                         net (fo=334, routed)         1.761     1.761    datapath/Audio_Codec/audiocodec_master_clock/inst/clk_in1
    MMCME2_ADV_X0Y2      MMCME2_ADV (Prop_mmcme2_adv_CLKIN1_CLKOUT1)
                                                     -3.701    -1.939 r  datapath/Audio_Codec/audiocodec_master_clock/inst/mmcm_adv_inst/CLKOUT1
                         net (fo=1, routed)           1.843    -0.096    datapath/Audio_Codec/audiocodec_master_clock/inst/clk_out2_clk_wiz_1
    BUFGCTRL_X0Y3        BUFG (Prop_bufg_I_O)         0.096    -0.000 r  datapath/Audio_Codec/audiocodec_master_clock/inst/clkout2_buf/O
                         net (fo=115, routed)         1.816     1.816    datapath/Audio_Codec/initialize_audio/clk_out2
    SLICE_X156Y121       FDRE                                         r  datapath/Audio_Codec/initialize_audio/delaycnt_reg[30]/C
  -------------------------------------------------------------------    -------------------
    SLICE_X156Y121       FDRE (Prop_fdre_C_Q)         0.456     2.272 f  datapath/Audio_Codec/initialize_audio/delaycnt_reg[30]/Q
                         net (fo=3, routed)           1.381     3.653    datapath/Audio_Codec/initialize_audio/delaycnt[30]
    SLICE_X157Y115       LUT4 (Prop_lut4_I0_O)        0.124     3.777 f  datapath/Audio_Codec/initialize_audio/state[3]_i_13/O
                         net (fo=1, routed)           0.667     4.444    datapath/Audio_Codec/initialize_audio/state[3]_i_13_n_0
    SLICE_X157Y115       LUT5 (Prop_lut5_I4_O)        0.124     4.568 f  datapath/Audio_Codec/initialize_audio/state[3]_i_8/O
                         net (fo=1, routed)           0.438     5.006    datapath/Audio_Codec/initialize_audio/state[3]_i_8_n_0
    SLICE_X157Y118       LUT4 (Prop_lut4_I3_O)        0.124     5.130 r  datapath/Audio_Codec/initialize_audio/state[3]_i_3/O
                         net (fo=3, routed)           0.776     5.906    datapath/Audio_Codec/initialize_audio/state[3]_i_3_n_0
    SLICE_X159Y118       LUT5 (Prop_lut5_I0_O)        0.124     6.030 r  datapath/Audio_Codec/initialize_audio/initA[6]_i_3/O
                         net (fo=2, routed)           0.321     6.351    datapath/Audio_Codec/initialize_audio/twi_controller/initEn_reg
    SLICE_X160Y118       LUT6 (Prop_lut6_I1_O)        0.124     6.475 r  datapath/Audio_Codec/initialize_audio/twi_controller/initA[6]_i_1/O
                         net (fo=7, routed)           0.698     7.173    datapath/Audio_Codec/initialize_audio/twi_controller_n_8
    SLICE_X159Y121       FDRE                                         r  datapath/Audio_Codec/initialize_audio/initA_reg[6]/CE
  -------------------------------------------------------------------    -------------------

                         (clock clk_out2_clk_wiz_1 rise edge)
                                                     20.000    20.000 r  
    BUFGCTRL_X0Y2        BUFG                         0.000    20.000 r  clk_IBUF_BUFG_inst/O
                         net (fo=334, routed)         1.643    21.643    datapath/Audio_Codec/audiocodec_master_clock/inst/clk_in1
    MMCME2_ADV_X0Y2      MMCME2_ADV (Prop_mmcme2_adv_CLKIN1_CLKOUT1)
                                                     -3.494    18.149 r  datapath/Audio_Codec/audiocodec_master_clock/inst/mmcm_adv_inst/CLKOUT1
                         net (fo=1, routed)           1.760    19.909    datapath/Audio_Codec/audiocodec_master_clock/inst/clk_out2_clk_wiz_1
    BUFGCTRL_X0Y3        BUFG (Prop_bufg_I_O)         0.091    20.000 r  datapath/Audio_Codec/audiocodec_master_clock/inst/clkout2_buf/O
                         net (fo=115, routed)         1.699    21.699    datapath/Audio_Codec/initialize_audio/clk_out2
    SLICE_X159Y121       FDRE                                         r  datapath/Audio_Codec/initialize_audio/initA_reg[6]/C
                         clock pessimism              0.094    21.793    
                         clock uncertainty           -0.084    21.710    
    SLICE_X159Y121       FDRE (Setup_fdre_C_CE)      -0.205    21.505    datapath/Audio_Codec/initialize_audio/initA_reg[6]
  -------------------------------------------------------------------
                         required time                         21.505    
                         arrival time                          -7.173    
  -------------------------------------------------------------------
                         slack                                 14.332    

Slack (MET) :             14.381ns  (required time - arrival time)
  Source:                 datapath/Audio_Codec/initialize_audio/twi_controller/dScl_reg/C
                            (rising edge-triggered cell FDRE clocked by clk_out2_clk_wiz_1  {rise@0.000ns fall@10.000ns period=20.000ns})
  Destination:            datapath/Audio_Codec/initialize_audio/twi_controller/FSM_gray_state_reg[0]/CE
                            (rising edge-triggered cell FDRE clocked by clk_out2_clk_wiz_1  {rise@0.000ns fall@10.000ns period=20.000ns})
  Path Group:             clk_out2_clk_wiz_1
  Path Type:              Setup (Max at Slow Process Corner)
  Requirement:            20.000ns  (clk_out2_clk_wiz_1 rise@20.000ns - clk_out2_clk_wiz_1 rise@0.000ns)
  Data Path Delay:        5.307ns  (logic 1.269ns (23.912%)  route 4.038ns (76.088%))
  Logic Levels:           5  (LUT3=1 LUT5=1 LUT6=3)
  Clock Path Skew:        -0.023ns (DCD - SCD + CPR)
    Destination Clock Delay (DCD):    1.706ns = ( 21.706 - 20.000 ) 
    Source Clock Delay      (SCD):    1.823ns
    Clock Pessimism Removal (CPR):    0.094ns
  Clock Uncertainty:      0.084ns  ((TSJ^2 + DJ^2)^1/2) / 2 + PE
    Total System Jitter     (TSJ):    0.071ns
    Discrete Jitter          (DJ):    0.152ns
    Phase Error              (PE):    0.000ns

    Location             Delay type                Incr(ns)  Path(ns)    Netlist Resource(s)
  -------------------------------------------------------------------    -------------------
                         (clock clk_out2_clk_wiz_1 rise edge)
                                                      0.000     0.000 r  
    BUFGCTRL_X0Y2        BUFG                         0.000     0.000 r  clk_IBUF_BUFG_inst/O
                         net (fo=334, routed)         1.761     1.761    datapath/Audio_Codec/audiocodec_master_clock/inst/clk_in1
    MMCME2_ADV_X0Y2      MMCME2_ADV (Prop_mmcme2_adv_CLKIN1_CLKOUT1)
                                                     -3.701    -1.939 r  datapath/Audio_Codec/audiocodec_master_clock/inst/mmcm_adv_inst/CLKOUT1
                         net (fo=1, routed)           1.843    -0.096    datapath/Audio_Codec/audiocodec_master_clock/inst/clk_out2_clk_wiz_1
    BUFGCTRL_X0Y3        BUFG (Prop_bufg_I_O)         0.096    -0.000 r  datapath/Audio_Codec/audiocodec_master_clock/inst/clkout2_buf/O
                         net (fo=115, routed)         1.823     1.823    datapath/Audio_Codec/initialize_audio/twi_controller/clk_out2
    SLICE_X162Y117       FDRE                                         r  datapath/Audio_Codec/initialize_audio/twi_controller/dScl_reg/C
  -------------------------------------------------------------------    -------------------
    SLICE_X162Y117       FDRE (Prop_fdre_C_Q)         0.478     2.301 r  datapath/Audio_Codec/initialize_audio/twi_controller/dScl_reg/Q
                         net (fo=7, routed)           1.057     3.358    datapath/Audio_Codec/initialize_audio/twi_controller/dScl
    SLICE_X163Y116       LUT3 (Prop_lut3_I1_O)        0.295     3.653 r  datapath/Audio_Codec/initialize_audio/twi_controller/FSM_gray_state[3]_i_8/O
                         net (fo=6, routed)           0.577     4.230    datapath/Audio_Codec/initialize_audio/twi_controller/FSM_gray_state[3]_i_8_n_0
    SLICE_X163Y115       LUT5 (Prop_lut5_I0_O)        0.124     4.354 r  datapath/Audio_Codec/initialize_audio/twi_controller/DONE_O_i_3/O
                         net (fo=2, routed)           0.596     4.949    datapath/Audio_Codec/initialize_audio/twi_controller/DONE_O_i_3_n_0
    SLICE_X162Y115       LUT6 (Prop_lut6_I0_O)        0.124     5.073 r  datapath/Audio_Codec/initialize_audio/twi_controller/FSM_gray_state[3]_i_11/O
                         net (fo=1, routed)           0.616     5.690    datapath/Audio_Codec/initialize_audio/twi_controller/FSM_gray_state[3]_i_11_n_0
    SLICE_X162Y116       LUT6 (Prop_lut6_I3_O)        0.124     5.814 r  datapath/Audio_Codec/initialize_audio/twi_controller/FSM_gray_state[3]_i_5/O
                         net (fo=1, routed)           0.670     6.484    datapath/Audio_Codec/initialize_audio/twi_controller/FSM_gray_state[3]_i_5_n_0
    SLICE_X162Y116       LUT6 (Prop_lut6_I2_O)        0.124     6.608 r  datapath/Audio_Codec/initialize_audio/twi_controller/FSM_gray_state[3]_i_1/O
                         net (fo=4, routed)           0.523     7.130    datapath/Audio_Codec/initialize_audio/twi_controller/FSM_gray_state[3]_i_1_n_0
    SLICE_X161Y116       FDRE                                         r  datapath/Audio_Codec/initialize_audio/twi_controller/FSM_gray_state_reg[0]/CE
  -------------------------------------------------------------------    -------------------

                         (clock clk_out2_clk_wiz_1 rise edge)
                                                     20.000    20.000 r  
    BUFGCTRL_X0Y2        BUFG                         0.000    20.000 r  clk_IBUF_BUFG_inst/O
                         net (fo=334, routed)         1.643    21.643    datapath/Audio_Codec/audiocodec_master_clock/inst/clk_in1
    MMCME2_ADV_X0Y2      MMCME2_ADV (Prop_mmcme2_adv_CLKIN1_CLKOUT1)
                                                     -3.494    18.149 r  datapath/Audio_Codec/audiocodec_master_clock/inst/mmcm_adv_inst/CLKOUT1
                         net (fo=1, routed)           1.760    19.909    datapath/Audio_Codec/audiocodec_master_clock/inst/clk_out2_clk_wiz_1
    BUFGCTRL_X0Y3        BUFG (Prop_bufg_I_O)         0.091    20.000 r  datapath/Audio_Codec/audiocodec_master_clock/inst/clkout2_buf/O
                         net (fo=115, routed)         1.706    21.706    datapath/Audio_Codec/initialize_audio/twi_controller/clk_out2
    SLICE_X161Y116       FDRE                                         r  datapath/Audio_Codec/initialize_audio/twi_controller/FSM_gray_state_reg[0]/C
                         clock pessimism              0.094    21.800    
                         clock uncertainty           -0.084    21.717    
    SLICE_X161Y116       FDRE (Setup_fdre_C_CE)      -0.205    21.512    datapath/Audio_Codec/initialize_audio/twi_controller/FSM_gray_state_reg[0]
  -------------------------------------------------------------------
                         required time                         21.512    
                         arrival time                          -7.130    
  -------------------------------------------------------------------
                         slack                                 14.381    

Slack (MET) :             14.381ns  (required time - arrival time)
  Source:                 datapath/Audio_Codec/initialize_audio/twi_controller/dScl_reg/C
                            (rising edge-triggered cell FDRE clocked by clk_out2_clk_wiz_1  {rise@0.000ns fall@10.000ns period=20.000ns})
  Destination:            datapath/Audio_Codec/initialize_audio/twi_controller/FSM_gray_state_reg[2]/CE
                            (rising edge-triggered cell FDRE clocked by clk_out2_clk_wiz_1  {rise@0.000ns fall@10.000ns period=20.000ns})
  Path Group:             clk_out2_clk_wiz_1
  Path Type:              Setup (Max at Slow Process Corner)
  Requirement:            20.000ns  (clk_out2_clk_wiz_1 rise@20.000ns - clk_out2_clk_wiz_1 rise@0.000ns)
  Data Path Delay:        5.307ns  (logic 1.269ns (23.912%)  route 4.038ns (76.088%))
  Logic Levels:           5  (LUT3=1 LUT5=1 LUT6=3)
  Clock Path Skew:        -0.023ns (DCD - SCD + CPR)
    Destination Clock Delay (DCD):    1.706ns = ( 21.706 - 20.000 ) 
    Source Clock Delay      (SCD):    1.823ns
    Clock Pessimism Removal (CPR):    0.094ns
  Clock Uncertainty:      0.084ns  ((TSJ^2 + DJ^2)^1/2) / 2 + PE
    Total System Jitter     (TSJ):    0.071ns
    Discrete Jitter          (DJ):    0.152ns
    Phase Error              (PE):    0.000ns

    Location             Delay type                Incr(ns)  Path(ns)    Netlist Resource(s)
  -------------------------------------------------------------------    -------------------
                         (clock clk_out2_clk_wiz_1 rise edge)
                                                      0.000     0.000 r  
    BUFGCTRL_X0Y2        BUFG                         0.000     0.000 r  clk_IBUF_BUFG_inst/O
                         net (fo=334, routed)         1.761     1.761    datapath/Audio_Codec/audiocodec_master_clock/inst/clk_in1
    MMCME2_ADV_X0Y2      MMCME2_ADV (Prop_mmcme2_adv_CLKIN1_CLKOUT1)
                                                     -3.701    -1.939 r  datapath/Audio_Codec/audiocodec_master_clock/inst/mmcm_adv_inst/CLKOUT1
                         net (fo=1, routed)           1.843    -0.096    datapath/Audio_Codec/audiocodec_master_clock/inst/clk_out2_clk_wiz_1
    BUFGCTRL_X0Y3        BUFG (Prop_bufg_I_O)         0.096    -0.000 r  datapath/Audio_Codec/audiocodec_master_clock/inst/clkout2_buf/O
                         net (fo=115, routed)         1.823     1.823    datapath/Audio_Codec/initialize_audio/twi_controller/clk_out2
    SLICE_X162Y117       FDRE                                         r  datapath/Audio_Codec/initialize_audio/twi_controller/dScl_reg/C
  -------------------------------------------------------------------    -------------------
    SLICE_X162Y117       FDRE (Prop_fdre_C_Q)         0.478     2.301 r  datapath/Audio_Codec/initialize_audio/twi_controller/dScl_reg/Q
                         net (fo=7, routed)           1.057     3.358    datapath/Audio_Codec/initialize_audio/twi_controller/dScl
    SLICE_X163Y116       LUT3 (Prop_lut3_I1_O)        0.295     3.653 r  datapath/Audio_Codec/initialize_audio/twi_controller/FSM_gray_state[3]_i_8/O
                         net (fo=6, routed)           0.577     4.230    datapath/Audio_Codec/initialize_audio/twi_controller/FSM_gray_state[3]_i_8_n_0
    SLICE_X163Y115       LUT5 (Prop_lut5_I0_O)        0.124     4.354 r  datapath/Audio_Codec/initialize_audio/twi_controller/DONE_O_i_3/O
                         net (fo=2, routed)           0.596     4.949    datapath/Audio_Codec/initialize_audio/twi_controller/DONE_O_i_3_n_0
    SLICE_X162Y115       LUT6 (Prop_lut6_I0_O)        0.124     5.073 r  datapath/Audio_Codec/initialize_audio/twi_controller/FSM_gray_state[3]_i_11/O
                         net (fo=1, routed)           0.616     5.690    datapath/Audio_Codec/initialize_audio/twi_controller/FSM_gray_state[3]_i_11_n_0
    SLICE_X162Y116       LUT6 (Prop_lut6_I3_O)        0.124     5.814 r  datapath/Audio_Codec/initialize_audio/twi_controller/FSM_gray_state[3]_i_5/O
                         net (fo=1, routed)           0.670     6.484    datapath/Audio_Codec/initialize_audio/twi_controller/FSM_gray_state[3]_i_5_n_0
    SLICE_X162Y116       LUT6 (Prop_lut6_I2_O)        0.124     6.608 r  datapath/Audio_Codec/initialize_audio/twi_controller/FSM_gray_state[3]_i_1/O
                         net (fo=4, routed)           0.523     7.130    datapath/Audio_Codec/initialize_audio/twi_controller/FSM_gray_state[3]_i_1_n_0
    SLICE_X161Y116       FDRE                                         r  datapath/Audio_Codec/initialize_audio/twi_controller/FSM_gray_state_reg[2]/CE
  -------------------------------------------------------------------    -------------------

                         (clock clk_out2_clk_wiz_1 rise edge)
                                                     20.000    20.000 r  
    BUFGCTRL_X0Y2        BUFG                         0.000    20.000 r  clk_IBUF_BUFG_inst/O
                         net (fo=334, routed)         1.643    21.643    datapath/Audio_Codec/audiocodec_master_clock/inst/clk_in1
    MMCME2_ADV_X0Y2      MMCME2_ADV (Prop_mmcme2_adv_CLKIN1_CLKOUT1)
                                                     -3.494    18.149 r  datapath/Audio_Codec/audiocodec_master_clock/inst/mmcm_adv_inst/CLKOUT1
                         net (fo=1, routed)           1.760    19.909    datapath/Audio_Codec/audiocodec_master_clock/inst/clk_out2_clk_wiz_1
    BUFGCTRL_X0Y3        BUFG (Prop_bufg_I_O)         0.091    20.000 r  datapath/Audio_Codec/audiocodec_master_clock/inst/clkout2_buf/O
                         net (fo=115, routed)         1.706    21.706    datapath/Audio_Codec/initialize_audio/twi_controller/clk_out2
    SLICE_X161Y116       FDRE                                         r  datapath/Audio_Codec/initialize_audio/twi_controller/FSM_gray_state_reg[2]/C
                         clock pessimism              0.094    21.800    
                         clock uncertainty           -0.084    21.717    
    SLICE_X161Y116       FDRE (Setup_fdre_C_CE)      -0.205    21.512    datapath/Audio_Codec/initialize_audio/twi_controller/FSM_gray_state_reg[2]
  -------------------------------------------------------------------
                         required time                         21.512    
                         arrival time                          -7.130    
  -------------------------------------------------------------------
                         slack                                 14.381    

Slack (MET) :             14.381ns  (required time - arrival time)
  Source:                 datapath/Audio_Codec/initialize_audio/twi_controller/dScl_reg/C
                            (rising edge-triggered cell FDRE clocked by clk_out2_clk_wiz_1  {rise@0.000ns fall@10.000ns period=20.000ns})
  Destination:            datapath/Audio_Codec/initialize_audio/twi_controller/FSM_gray_state_reg[3]/CE
                            (rising edge-triggered cell FDRE clocked by clk_out2_clk_wiz_1  {rise@0.000ns fall@10.000ns period=20.000ns})
  Path Group:             clk_out2_clk_wiz_1
  Path Type:              Setup (Max at Slow Process Corner)
  Requirement:            20.000ns  (clk_out2_clk_wiz_1 rise@20.000ns - clk_out2_clk_wiz_1 rise@0.000ns)
  Data Path Delay:        5.307ns  (logic 1.269ns (23.912%)  route 4.038ns (76.088%))
  Logic Levels:           5  (LUT3=1 LUT5=1 LUT6=3)
  Clock Path Skew:        -0.023ns (DCD - SCD + CPR)
    Destination Clock Delay (DCD):    1.706ns = ( 21.706 - 20.000 ) 
    Source Clock Delay      (SCD):    1.823ns
    Clock Pessimism Removal (CPR):    0.094ns
  Clock Uncertainty:      0.084ns  ((TSJ^2 + DJ^2)^1/2) / 2 + PE
    Total System Jitter     (TSJ):    0.071ns
    Discrete Jitter          (DJ):    0.152ns
    Phase Error              (PE):    0.000ns

    Location             Delay type                Incr(ns)  Path(ns)    Netlist Resource(s)
  -------------------------------------------------------------------    -------------------
                         (clock clk_out2_clk_wiz_1 rise edge)
                                                      0.000     0.000 r  
    BUFGCTRL_X0Y2        BUFG                         0.000     0.000 r  clk_IBUF_BUFG_inst/O
                         net (fo=334, routed)         1.761     1.761    datapath/Audio_Codec/audiocodec_master_clock/inst/clk_in1
    MMCME2_ADV_X0Y2      MMCME2_ADV (Prop_mmcme2_adv_CLKIN1_CLKOUT1)
                                                     -3.701    -1.939 r  datapath/Audio_Codec/audiocodec_master_clock/inst/mmcm_adv_inst/CLKOUT1
                         net (fo=1, routed)           1.843    -0.096    datapath/Audio_Codec/audiocodec_master_clock/inst/clk_out2_clk_wiz_1
    BUFGCTRL_X0Y3        BUFG (Prop_bufg_I_O)         0.096    -0.000 r  datapath/Audio_Codec/audiocodec_master_clock/inst/clkout2_buf/O
                         net (fo=115, routed)         1.823     1.823    datapath/Audio_Codec/initialize_audio/twi_controller/clk_out2
    SLICE_X162Y117       FDRE                                         r  datapath/Audio_Codec/initialize_audio/twi_controller/dScl_reg/C
  -------------------------------------------------------------------    -------------------
    SLICE_X162Y117       FDRE (Prop_fdre_C_Q)         0.478     2.301 r  datapath/Audio_Codec/initialize_audio/twi_controller/dScl_reg/Q
                         net (fo=7, routed)           1.057     3.358    datapath/Audio_Codec/initialize_audio/twi_controller/dScl
    SLICE_X163Y116       LUT3 (Prop_lut3_I1_O)        0.295     3.653 r  datapath/Audio_Codec/initialize_audio/twi_controller/FSM_gray_state[3]_i_8/O
                         net (fo=6, routed)           0.577     4.230    datapath/Audio_Codec/initialize_audio/twi_controller/FSM_gray_state[3]_i_8_n_0
    SLICE_X163Y115       LUT5 (Prop_lut5_I0_O)        0.124     4.354 r  datapath/Audio_Codec/initialize_audio/twi_controller/DONE_O_i_3/O
                         net (fo=2, routed)           0.596     4.949    datapath/Audio_Codec/initialize_audio/twi_controller/DONE_O_i_3_n_0
    SLICE_X162Y115       LUT6 (Prop_lut6_I0_O)        0.124     5.073 r  datapath/Audio_Codec/initialize_audio/twi_controller/FSM_gray_state[3]_i_11/O
                         net (fo=1, routed)           0.616     5.690    datapath/Audio_Codec/initialize_audio/twi_controller/FSM_gray_state[3]_i_11_n_0
    SLICE_X162Y116       LUT6 (Prop_lut6_I3_O)        0.124     5.814 r  datapath/Audio_Codec/initialize_audio/twi_controller/FSM_gray_state[3]_i_5/O
                         net (fo=1, routed)           0.670     6.484    datapath/Audio_Codec/initialize_audio/twi_controller/FSM_gray_state[3]_i_5_n_0
    SLICE_X162Y116       LUT6 (Prop_lut6_I2_O)        0.124     6.608 r  datapath/Audio_Codec/initialize_audio/twi_controller/FSM_gray_state[3]_i_1/O
                         net (fo=4, routed)           0.523     7.130    datapath/Audio_Codec/initialize_audio/twi_controller/FSM_gray_state[3]_i_1_n_0
    SLICE_X161Y116       FDRE                                         r  datapath/Audio_Codec/initialize_audio/twi_controller/FSM_gray_state_reg[3]/CE
  -------------------------------------------------------------------    -------------------

                         (clock clk_out2_clk_wiz_1 rise edge)
                                                     20.000    20.000 r  
    BUFGCTRL_X0Y2        BUFG                         0.000    20.000 r  clk_IBUF_BUFG_inst/O
                         net (fo=334, routed)         1.643    21.643    datapath/Audio_Codec/audiocodec_master_clock/inst/clk_in1
    MMCME2_ADV_X0Y2      MMCME2_ADV (Prop_mmcme2_adv_CLKIN1_CLKOUT1)
                                                     -3.494    18.149 r  datapath/Audio_Codec/audiocodec_master_clock/inst/mmcm_adv_inst/CLKOUT1
                         net (fo=1, routed)           1.760    19.909    datapath/Audio_Codec/audiocodec_master_clock/inst/clk_out2_clk_wiz_1
    BUFGCTRL_X0Y3        BUFG (Prop_bufg_I_O)         0.091    20.000 r  datapath/Audio_Codec/audiocodec_master_clock/inst/clkout2_buf/O
                         net (fo=115, routed)         1.706    21.706    datapath/Audio_Codec/initialize_audio/twi_controller/clk_out2
    SLICE_X161Y116       FDRE                                         r  datapath/Audio_Codec/initialize_audio/twi_controller/FSM_gray_state_reg[3]/C
                         clock pessimism              0.094    21.800    
                         clock uncertainty           -0.084    21.717    
    SLICE_X161Y116       FDRE (Setup_fdre_C_CE)      -0.205    21.512    datapath/Audio_Codec/initialize_audio/twi_controller/FSM_gray_state_reg[3]
  -------------------------------------------------------------------
                         required time                         21.512    
                         arrival time                          -7.130    
  -------------------------------------------------------------------
                         slack                                 14.381    

Slack (MET) :             14.391ns  (required time - arrival time)
  Source:                 datapath/Audio_Codec/initialize_audio/delaycnt_reg[30]/C
                            (rising edge-triggered cell FDRE clocked by clk_out2_clk_wiz_1  {rise@0.000ns fall@10.000ns period=20.000ns})
  Destination:            datapath/Audio_Codec/initialize_audio/initA_reg[0]/CE
                            (rising edge-triggered cell FDRE clocked by clk_out2_clk_wiz_1  {rise@0.000ns fall@10.000ns period=20.000ns})
  Path Group:             clk_out2_clk_wiz_1
  Path Type:              Setup (Max at Slow Process Corner)
  Requirement:            20.000ns  (clk_out2_clk_wiz_1 rise@20.000ns - clk_out2_clk_wiz_1 rise@0.000ns)
  Data Path Delay:        5.283ns  (logic 1.076ns (20.366%)  route 4.207ns (79.634%))
  Logic Levels:           5  (LUT4=2 LUT5=2 LUT6=1)
  Clock Path Skew:        -0.037ns (DCD - SCD + CPR)
    Destination Clock Delay (DCD):    1.699ns = ( 21.699 - 20.000 ) 
    Source Clock Delay      (SCD):    1.816ns
    Clock Pessimism Removal (CPR):    0.080ns
  Clock Uncertainty:      0.084ns  ((TSJ^2 + DJ^2)^1/2) / 2 + PE
    Total System Jitter     (TSJ):    0.071ns
    Discrete Jitter          (DJ):    0.152ns
    Phase Error              (PE):    0.000ns

    Location             Delay type                Incr(ns)  Path(ns)    Netlist Resource(s)
  -------------------------------------------------------------------    -------------------
                         (clock clk_out2_clk_wiz_1 rise edge)
                                                      0.000     0.000 r  
    BUFGCTRL_X0Y2        BUFG                         0.000     0.000 r  clk_IBUF_BUFG_inst/O
                         net (fo=334, routed)         1.761     1.761    datapath/Audio_Codec/audiocodec_master_clock/inst/clk_in1
    MMCME2_ADV_X0Y2      MMCME2_ADV (Prop_mmcme2_adv_CLKIN1_CLKOUT1)
                                                     -3.701    -1.939 r  datapath/Audio_Codec/audiocodec_master_clock/inst/mmcm_adv_inst/CLKOUT1
                         net (fo=1, routed)           1.843    -0.096    datapath/Audio_Codec/audiocodec_master_clock/inst/clk_out2_clk_wiz_1
    BUFGCTRL_X0Y3        BUFG (Prop_bufg_I_O)         0.096    -0.000 r  datapath/Audio_Codec/audiocodec_master_clock/inst/clkout2_buf/O
                         net (fo=115, routed)         1.816     1.816    datapath/Audio_Codec/initialize_audio/clk_out2
    SLICE_X156Y121       FDRE                                         r  datapath/Audio_Codec/initialize_audio/delaycnt_reg[30]/C
  -------------------------------------------------------------------    -------------------
    SLICE_X156Y121       FDRE (Prop_fdre_C_Q)         0.456     2.272 f  datapath/Audio_Codec/initialize_audio/delaycnt_reg[30]/Q
                         net (fo=3, routed)           1.381     3.653    datapath/Audio_Codec/initialize_audio/delaycnt[30]
    SLICE_X157Y115       LUT4 (Prop_lut4_I0_O)        0.124     3.777 f  datapath/Audio_Codec/initialize_audio/state[3]_i_13/O
                         net (fo=1, routed)           0.667     4.444    datapath/Audio_Codec/initialize_audio/state[3]_i_13_n_0
    SLICE_X157Y115       LUT5 (Prop_lut5_I4_O)        0.124     4.568 f  datapath/Audio_Codec/initialize_audio/state[3]_i_8/O
                         net (fo=1, routed)           0.438     5.006    datapath/Audio_Codec/initialize_audio/state[3]_i_8_n_0
    SLICE_X157Y118       LUT4 (Prop_lut4_I3_O)        0.124     5.130 r  datapath/Audio_Codec/initialize_audio/state[3]_i_3/O
                         net (fo=3, routed)           0.776     5.906    datapath/Audio_Codec/initialize_audio/state[3]_i_3_n_0
    SLICE_X159Y118       LUT5 (Prop_lut5_I0_O)        0.124     6.030 r  datapath/Audio_Codec/initialize_audio/initA[6]_i_3/O
                         net (fo=2, routed)           0.321     6.351    datapath/Audio_Codec/initialize_audio/twi_controller/initEn_reg
    SLICE_X160Y118       LUT6 (Prop_lut6_I1_O)        0.124     6.475 r  datapath/Audio_Codec/initialize_audio/twi_controller/initA[6]_i_1/O
                         net (fo=7, routed)           0.625     7.100    datapath/Audio_Codec/initialize_audio/twi_controller_n_8
    SLICE_X160Y122       FDRE                                         r  datapath/Audio_Codec/initialize_audio/initA_reg[0]/CE
  -------------------------------------------------------------------    -------------------

                         (clock clk_out2_clk_wiz_1 rise edge)
                                                     20.000    20.000 r  
    BUFGCTRL_X0Y2        BUFG                         0.000    20.000 r  clk_IBUF_BUFG_inst/O
                         net (fo=334, routed)         1.643    21.643    datapath/Audio_Codec/audiocodec_master_clock/inst/clk_in1
    MMCME2_ADV_X0Y2      MMCME2_ADV (Prop_mmcme2_adv_CLKIN1_CLKOUT1)
                                                     -3.494    18.149 r  datapath/Audio_Codec/audiocodec_master_clock/inst/mmcm_adv_inst/CLKOUT1
                         net (fo=1, routed)           1.760    19.909    datapath/Audio_Codec/audiocodec_master_clock/inst/clk_out2_clk_wiz_1
    BUFGCTRL_X0Y3        BUFG (Prop_bufg_I_O)         0.091    20.000 r  datapath/Audio_Codec/audiocodec_master_clock/inst/clkout2_buf/O
                         net (fo=115, routed)         1.699    21.699    datapath/Audio_Codec/initialize_audio/clk_out2
    SLICE_X160Y122       FDRE                                         r  datapath/Audio_Codec/initialize_audio/initA_reg[0]/C
                         clock pessimism              0.080    21.779    
                         clock uncertainty           -0.084    21.696    
    SLICE_X160Y122       FDRE (Setup_fdre_C_CE)      -0.205    21.491    datapath/Audio_Codec/initialize_audio/initA_reg[0]
  -------------------------------------------------------------------
                         required time                         21.491    
                         arrival time                          -7.100    
  -------------------------------------------------------------------
                         slack                                 14.391    

Slack (MET) :             14.391ns  (required time - arrival time)
  Source:                 datapath/Audio_Codec/initialize_audio/delaycnt_reg[30]/C
                            (rising edge-triggered cell FDRE clocked by clk_out2_clk_wiz_1  {rise@0.000ns fall@10.000ns period=20.000ns})
  Destination:            datapath/Audio_Codec/initialize_audio/initA_reg[1]/CE
                            (rising edge-triggered cell FDRE clocked by clk_out2_clk_wiz_1  {rise@0.000ns fall@10.000ns period=20.000ns})
  Path Group:             clk_out2_clk_wiz_1
  Path Type:              Setup (Max at Slow Process Corner)
  Requirement:            20.000ns  (clk_out2_clk_wiz_1 rise@20.000ns - clk_out2_clk_wiz_1 rise@0.000ns)
  Data Path Delay:        5.283ns  (logic 1.076ns (20.366%)  route 4.207ns (79.634%))
  Logic Levels:           5  (LUT4=2 LUT5=2 LUT6=1)
  Clock Path Skew:        -0.037ns (DCD - SCD + CPR)
    Destination Clock Delay (DCD):    1.699ns = ( 21.699 - 20.000 ) 
    Source Clock Delay      (SCD):    1.816ns
    Clock Pessimism Removal (CPR):    0.080ns
  Clock Uncertainty:      0.084ns  ((TSJ^2 + DJ^2)^1/2) / 2 + PE
    Total System Jitter     (TSJ):    0.071ns
    Discrete Jitter          (DJ):    0.152ns
    Phase Error              (PE):    0.000ns

    Location             Delay type                Incr(ns)  Path(ns)    Netlist Resource(s)
  -------------------------------------------------------------------    -------------------
                         (clock clk_out2_clk_wiz_1 rise edge)
                                                      0.000     0.000 r  
    BUFGCTRL_X0Y2        BUFG                         0.000     0.000 r  clk_IBUF_BUFG_inst/O
                         net (fo=334, routed)         1.761     1.761    datapath/Audio_Codec/audiocodec_master_clock/inst/clk_in1
    MMCME2_ADV_X0Y2      MMCME2_ADV (Prop_mmcme2_adv_CLKIN1_CLKOUT1)
                                                     -3.701    -1.939 r  datapath/Audio_Codec/audiocodec_master_clock/inst/mmcm_adv_inst/CLKOUT1
                         net (fo=1, routed)           1.843    -0.096    datapath/Audio_Codec/audiocodec_master_clock/inst/clk_out2_clk_wiz_1
    BUFGCTRL_X0Y3        BUFG (Prop_bufg_I_O)         0.096    -0.000 r  datapath/Audio_Codec/audiocodec_master_clock/inst/clkout2_buf/O
                         net (fo=115, routed)         1.816     1.816    datapath/Audio_Codec/initialize_audio/clk_out2
    SLICE_X156Y121       FDRE                                         r  datapath/Audio_Codec/initialize_audio/delaycnt_reg[30]/C
  -------------------------------------------------------------------    -------------------
    SLICE_X156Y121       FDRE (Prop_fdre_C_Q)         0.456     2.272 f  datapath/Audio_Codec/initialize_audio/delaycnt_reg[30]/Q
                         net (fo=3, routed)           1.381     3.653    datapath/Audio_Codec/initialize_audio/delaycnt[30]
    SLICE_X157Y115       LUT4 (Prop_lut4_I0_O)        0.124     3.777 f  datapath/Audio_Codec/initialize_audio/state[3]_i_13/O
                         net (fo=1, routed)           0.667     4.444    datapath/Audio_Codec/initialize_audio/state[3]_i_13_n_0
    SLICE_X157Y115       LUT5 (Prop_lut5_I4_O)        0.124     4.568 f  datapath/Audio_Codec/initialize_audio/state[3]_i_8/O
                         net (fo=1, routed)           0.438     5.006    datapath/Audio_Codec/initialize_audio/state[3]_i_8_n_0
    SLICE_X157Y118       LUT4 (Prop_lut4_I3_O)        0.124     5.130 r  datapath/Audio_Codec/initialize_audio/state[3]_i_3/O
                         net (fo=3, routed)           0.776     5.906    datapath/Audio_Codec/initialize_audio/state[3]_i_3_n_0
    SLICE_X159Y118       LUT5 (Prop_lut5_I0_O)        0.124     6.030 r  datapath/Audio_Codec/initialize_audio/initA[6]_i_3/O
                         net (fo=2, routed)           0.321     6.351    datapath/Audio_Codec/initialize_audio/twi_controller/initEn_reg
    SLICE_X160Y118       LUT6 (Prop_lut6_I1_O)        0.124     6.475 r  datapath/Audio_Codec/initialize_audio/twi_controller/initA[6]_i_1/O
                         net (fo=7, routed)           0.625     7.100    datapath/Audio_Codec/initialize_audio/twi_controller_n_8
    SLICE_X160Y122       FDRE                                         r  datapath/Audio_Codec/initialize_audio/initA_reg[1]/CE
  -------------------------------------------------------------------    -------------------

                         (clock clk_out2_clk_wiz_1 rise edge)
                                                     20.000    20.000 r  
    BUFGCTRL_X0Y2        BUFG                         0.000    20.000 r  clk_IBUF_BUFG_inst/O
                         net (fo=334, routed)         1.643    21.643    datapath/Audio_Codec/audiocodec_master_clock/inst/clk_in1
    MMCME2_ADV_X0Y2      MMCME2_ADV (Prop_mmcme2_adv_CLKIN1_CLKOUT1)
                                                     -3.494    18.149 r  datapath/Audio_Codec/audiocodec_master_clock/inst/mmcm_adv_inst/CLKOUT1
                         net (fo=1, routed)           1.760    19.909    datapath/Audio_Codec/audiocodec_master_clock/inst/clk_out2_clk_wiz_1
    BUFGCTRL_X0Y3        BUFG (Prop_bufg_I_O)         0.091    20.000 r  datapath/Audio_Codec/audiocodec_master_clock/inst/clkout2_buf/O
                         net (fo=115, routed)         1.699    21.699    datapath/Audio_Codec/initialize_audio/clk_out2
    SLICE_X160Y122       FDRE                                         r  datapath/Audio_Codec/initialize_audio/initA_reg[1]/C
                         clock pessimism              0.080    21.779    
                         clock uncertainty           -0.084    21.696    
    SLICE_X160Y122       FDRE (Setup_fdre_C_CE)      -0.205    21.491    datapath/Audio_Codec/initialize_audio/initA_reg[1]
  -------------------------------------------------------------------
                         required time                         21.491    
                         arrival time                          -7.100    
  -------------------------------------------------------------------
                         slack                                 14.391    

Slack (MET) :             14.391ns  (required time - arrival time)
  Source:                 datapath/Audio_Codec/initialize_audio/delaycnt_reg[30]/C
                            (rising edge-triggered cell FDRE clocked by clk_out2_clk_wiz_1  {rise@0.000ns fall@10.000ns period=20.000ns})
  Destination:            datapath/Audio_Codec/initialize_audio/initA_reg[3]/CE
                            (rising edge-triggered cell FDRE clocked by clk_out2_clk_wiz_1  {rise@0.000ns fall@10.000ns period=20.000ns})
  Path Group:             clk_out2_clk_wiz_1
  Path Type:              Setup (Max at Slow Process Corner)
  Requirement:            20.000ns  (clk_out2_clk_wiz_1 rise@20.000ns - clk_out2_clk_wiz_1 rise@0.000ns)
  Data Path Delay:        5.283ns  (logic 1.076ns (20.366%)  route 4.207ns (79.634%))
  Logic Levels:           5  (LUT4=2 LUT5=2 LUT6=1)
  Clock Path Skew:        -0.037ns (DCD - SCD + CPR)
    Destination Clock Delay (DCD):    1.699ns = ( 21.699 - 20.000 ) 
    Source Clock Delay      (SCD):    1.816ns
    Clock Pessimism Removal (CPR):    0.080ns
  Clock Uncertainty:      0.084ns  ((TSJ^2 + DJ^2)^1/2) / 2 + PE
    Total System Jitter     (TSJ):    0.071ns
    Discrete Jitter          (DJ):    0.152ns
    Phase Error              (PE):    0.000ns

    Location             Delay type                Incr(ns)  Path(ns)    Netlist Resource(s)
  -------------------------------------------------------------------    -------------------
                         (clock clk_out2_clk_wiz_1 rise edge)
                                                      0.000     0.000 r  
    BUFGCTRL_X0Y2        BUFG                         0.000     0.000 r  clk_IBUF_BUFG_inst/O
                         net (fo=334, routed)         1.761     1.761    datapath/Audio_Codec/audiocodec_master_clock/inst/clk_in1
    MMCME2_ADV_X0Y2      MMCME2_ADV (Prop_mmcme2_adv_CLKIN1_CLKOUT1)
                                                     -3.701    -1.939 r  datapath/Audio_Codec/audiocodec_master_clock/inst/mmcm_adv_inst/CLKOUT1
                         net (fo=1, routed)           1.843    -0.096    datapath/Audio_Codec/audiocodec_master_clock/inst/clk_out2_clk_wiz_1
    BUFGCTRL_X0Y3        BUFG (Prop_bufg_I_O)         0.096    -0.000 r  datapath/Audio_Codec/audiocodec_master_clock/inst/clkout2_buf/O
                         net (fo=115, routed)         1.816     1.816    datapath/Audio_Codec/initialize_audio/clk_out2
    SLICE_X156Y121       FDRE                                         r  datapath/Audio_Codec/initialize_audio/delaycnt_reg[30]/C
  -------------------------------------------------------------------    -------------------
    SLICE_X156Y121       FDRE (Prop_fdre_C_Q)         0.456     2.272 f  datapath/Audio_Codec/initialize_audio/delaycnt_reg[30]/Q
                         net (fo=3, routed)           1.381     3.653    datapath/Audio_Codec/initialize_audio/delaycnt[30]
    SLICE_X157Y115       LUT4 (Prop_lut4_I0_O)        0.124     3.777 f  datapath/Audio_Codec/initialize_audio/state[3]_i_13/O
                         net (fo=1, routed)           0.667     4.444    datapath/Audio_Codec/initialize_audio/state[3]_i_13_n_0
    SLICE_X157Y115       LUT5 (Prop_lut5_I4_O)        0.124     4.568 f  datapath/Audio_Codec/initialize_audio/state[3]_i_8/O
                         net (fo=1, routed)           0.438     5.006    datapath/Audio_Codec/initialize_audio/state[3]_i_8_n_0
    SLICE_X157Y118       LUT4 (Prop_lut4_I3_O)        0.124     5.130 r  datapath/Audio_Codec/initialize_audio/state[3]_i_3/O
                         net (fo=3, routed)           0.776     5.906    datapath/Audio_Codec/initialize_audio/state[3]_i_3_n_0
    SLICE_X159Y118       LUT5 (Prop_lut5_I0_O)        0.124     6.030 r  datapath/Audio_Codec/initialize_audio/initA[6]_i_3/O
                         net (fo=2, routed)           0.321     6.351    datapath/Audio_Codec/initialize_audio/twi_controller/initEn_reg
    SLICE_X160Y118       LUT6 (Prop_lut6_I1_O)        0.124     6.475 r  datapath/Audio_Codec/initialize_audio/twi_controller/initA[6]_i_1/O
                         net (fo=7, routed)           0.625     7.100    datapath/Audio_Codec/initialize_audio/twi_controller_n_8
    SLICE_X160Y122       FDRE                                         r  datapath/Audio_Codec/initialize_audio/initA_reg[3]/CE
  -------------------------------------------------------------------    -------------------

                         (clock clk_out2_clk_wiz_1 rise edge)
                                                     20.000    20.000 r  
    BUFGCTRL_X0Y2        BUFG                         0.000    20.000 r  clk_IBUF_BUFG_inst/O
                         net (fo=334, routed)         1.643    21.643    datapath/Audio_Codec/audiocodec_master_clock/inst/clk_in1
    MMCME2_ADV_X0Y2      MMCME2_ADV (Prop_mmcme2_adv_CLKIN1_CLKOUT1)
                                                     -3.494    18.149 r  datapath/Audio_Codec/audiocodec_master_clock/inst/mmcm_adv_inst/CLKOUT1
                         net (fo=1, routed)           1.760    19.909    datapath/Audio_Codec/audiocodec_master_clock/inst/clk_out2_clk_wiz_1
    BUFGCTRL_X0Y3        BUFG (Prop_bufg_I_O)         0.091    20.000 r  datapath/Audio_Codec/audiocodec_master_clock/inst/clkout2_buf/O
                         net (fo=115, routed)         1.699    21.699    datapath/Audio_Codec/initialize_audio/clk_out2
    SLICE_X160Y122       FDRE                                         r  datapath/Audio_Codec/initialize_audio/initA_reg[3]/C
                         clock pessimism              0.080    21.779    
                         clock uncertainty           -0.084    21.696    
    SLICE_X160Y122       FDRE (Setup_fdre_C_CE)      -0.205    21.491    datapath/Audio_Codec/initialize_audio/initA_reg[3]
  -------------------------------------------------------------------
                         required time                         21.491    
                         arrival time                          -7.100    
  -------------------------------------------------------------------
                         slack                                 14.391    

Slack (MET) :             14.391ns  (required time - arrival time)
  Source:                 datapath/Audio_Codec/initialize_audio/delaycnt_reg[30]/C
                            (rising edge-triggered cell FDRE clocked by clk_out2_clk_wiz_1  {rise@0.000ns fall@10.000ns period=20.000ns})
  Destination:            datapath/Audio_Codec/initialize_audio/initA_reg[4]/CE
                            (rising edge-triggered cell FDRE clocked by clk_out2_clk_wiz_1  {rise@0.000ns fall@10.000ns period=20.000ns})
  Path Group:             clk_out2_clk_wiz_1
  Path Type:              Setup (Max at Slow Process Corner)
  Requirement:            20.000ns  (clk_out2_clk_wiz_1 rise@20.000ns - clk_out2_clk_wiz_1 rise@0.000ns)
  Data Path Delay:        5.283ns  (logic 1.076ns (20.366%)  route 4.207ns (79.634%))
  Logic Levels:           5  (LUT4=2 LUT5=2 LUT6=1)
  Clock Path Skew:        -0.037ns (DCD - SCD + CPR)
    Destination Clock Delay (DCD):    1.699ns = ( 21.699 - 20.000 ) 
    Source Clock Delay      (SCD):    1.816ns
    Clock Pessimism Removal (CPR):    0.080ns
  Clock Uncertainty:      0.084ns  ((TSJ^2 + DJ^2)^1/2) / 2 + PE
    Total System Jitter     (TSJ):    0.071ns
    Discrete Jitter          (DJ):    0.152ns
    Phase Error              (PE):    0.000ns

    Location             Delay type                Incr(ns)  Path(ns)    Netlist Resource(s)
  -------------------------------------------------------------------    -------------------
                         (clock clk_out2_clk_wiz_1 rise edge)
                                                      0.000     0.000 r  
    BUFGCTRL_X0Y2        BUFG                         0.000     0.000 r  clk_IBUF_BUFG_inst/O
                         net (fo=334, routed)         1.761     1.761    datapath/Audio_Codec/audiocodec_master_clock/inst/clk_in1
    MMCME2_ADV_X0Y2      MMCME2_ADV (Prop_mmcme2_adv_CLKIN1_CLKOUT1)
                                                     -3.701    -1.939 r  datapath/Audio_Codec/audiocodec_master_clock/inst/mmcm_adv_inst/CLKOUT1
                         net (fo=1, routed)           1.843    -0.096    datapath/Audio_Codec/audiocodec_master_clock/inst/clk_out2_clk_wiz_1
    BUFGCTRL_X0Y3        BUFG (Prop_bufg_I_O)         0.096    -0.000 r  datapath/Audio_Codec/audiocodec_master_clock/inst/clkout2_buf/O
                         net (fo=115, routed)         1.816     1.816    datapath/Audio_Codec/initialize_audio/clk_out2
    SLICE_X156Y121       FDRE                                         r  datapath/Audio_Codec/initialize_audio/delaycnt_reg[30]/C
  -------------------------------------------------------------------    -------------------
    SLICE_X156Y121       FDRE (Prop_fdre_C_Q)         0.456     2.272 f  datapath/Audio_Codec/initialize_audio/delaycnt_reg[30]/Q
                         net (fo=3, routed)           1.381     3.653    datapath/Audio_Codec/initialize_audio/delaycnt[30]
    SLICE_X157Y115       LUT4 (Prop_lut4_I0_O)        0.124     3.777 f  datapath/Audio_Codec/initialize_audio/state[3]_i_13/O
                         net (fo=1, routed)           0.667     4.444    datapath/Audio_Codec/initialize_audio/state[3]_i_13_n_0
    SLICE_X157Y115       LUT5 (Prop_lut5_I4_O)        0.124     4.568 f  datapath/Audio_Codec/initialize_audio/state[3]_i_8/O
                         net (fo=1, routed)           0.438     5.006    datapath/Audio_Codec/initialize_audio/state[3]_i_8_n_0
    SLICE_X157Y118       LUT4 (Prop_lut4_I3_O)        0.124     5.130 r  datapath/Audio_Codec/initialize_audio/state[3]_i_3/O
                         net (fo=3, routed)           0.776     5.906    datapath/Audio_Codec/initialize_audio/state[3]_i_3_n_0
    SLICE_X159Y118       LUT5 (Prop_lut5_I0_O)        0.124     6.030 r  datapath/Audio_Codec/initialize_audio/initA[6]_i_3/O
                         net (fo=2, routed)           0.321     6.351    datapath/Audio_Codec/initialize_audio/twi_controller/initEn_reg
    SLICE_X160Y118       LUT6 (Prop_lut6_I1_O)        0.124     6.475 r  datapath/Audio_Codec/initialize_audio/twi_controller/initA[6]_i_1/O
                         net (fo=7, routed)           0.625     7.100    datapath/Audio_Codec/initialize_audio/twi_controller_n_8
    SLICE_X160Y122       FDRE                                         r  datapath/Audio_Codec/initialize_audio/initA_reg[4]/CE
  -------------------------------------------------------------------    -------------------

                         (clock clk_out2_clk_wiz_1 rise edge)
                                                     20.000    20.000 r  
    BUFGCTRL_X0Y2        BUFG                         0.000    20.000 r  clk_IBUF_BUFG_inst/O
                         net (fo=334, routed)         1.643    21.643    datapath/Audio_Codec/audiocodec_master_clock/inst/clk_in1
    MMCME2_ADV_X0Y2      MMCME2_ADV (Prop_mmcme2_adv_CLKIN1_CLKOUT1)
                                                     -3.494    18.149 r  datapath/Audio_Codec/audiocodec_master_clock/inst/mmcm_adv_inst/CLKOUT1
                         net (fo=1, routed)           1.760    19.909    datapath/Audio_Codec/audiocodec_master_clock/inst/clk_out2_clk_wiz_1
    BUFGCTRL_X0Y3        BUFG (Prop_bufg_I_O)         0.091    20.000 r  datapath/Audio_Codec/audiocodec_master_clock/inst/clkout2_buf/O
                         net (fo=115, routed)         1.699    21.699    datapath/Audio_Codec/initialize_audio/clk_out2
    SLICE_X160Y122       FDRE                                         r  datapath/Audio_Codec/initialize_audio/initA_reg[4]/C
                         clock pessimism              0.080    21.779    
                         clock uncertainty           -0.084    21.696    
    SLICE_X160Y122       FDRE (Setup_fdre_C_CE)      -0.205    21.491    datapath/Audio_Codec/initialize_audio/initA_reg[4]
  -------------------------------------------------------------------
                         required time                         21.491    
                         arrival time                          -7.100    
  -------------------------------------------------------------------
                         slack                                 14.391    





Min Delay Paths
--------------------------------------------------------------------------------------
Slack (MET) :             0.154ns  (arrival time - required time)
  Source:                 datapath/Audio_Codec/initialize_audio/initWord_reg[30]/C
                            (rising edge-triggered cell FDRE clocked by clk_out2_clk_wiz_1  {rise@0.000ns fall@10.000ns period=20.000ns})
  Destination:            datapath/Audio_Codec/initialize_audio/data_i_reg[6]/D
                            (rising edge-triggered cell FDRE clocked by clk_out2_clk_wiz_1  {rise@0.000ns fall@10.000ns period=20.000ns})
  Path Group:             clk_out2_clk_wiz_1
  Path Type:              Hold (Min at Fast Process Corner)
  Requirement:            0.000ns  (clk_out2_clk_wiz_1 rise@0.000ns - clk_out2_clk_wiz_1 rise@0.000ns)
  Data Path Delay:        0.259ns  (logic 0.209ns (80.663%)  route 0.050ns (19.337%))
  Logic Levels:           1  (LUT6=1)
  Clock Path Skew:        0.013ns (DCD - SCD - CPR)
    Destination Clock Delay (DCD):    0.909ns
    Source Clock Delay      (SCD):    0.638ns
    Clock Pessimism Removal (CPR):    0.258ns

    Location             Delay type                Incr(ns)  Path(ns)    Netlist Resource(s)
  -------------------------------------------------------------------    -------------------
                         (clock clk_out2_clk_wiz_1 rise edge)
                                                      0.000     0.000 r  
    BUFGCTRL_X0Y2        BUFG                         0.000     0.000 r  clk_IBUF_BUFG_inst/O
                         net (fo=334, routed)         0.610     0.610    datapath/Audio_Codec/audiocodec_master_clock/inst/clk_in1
    MMCME2_ADV_X0Y2      MMCME2_ADV (Prop_mmcme2_adv_CLKIN1_CLKOUT1)
                                                     -1.180    -0.571 r  datapath/Audio_Codec/audiocodec_master_clock/inst/mmcm_adv_inst/CLKOUT1
                         net (fo=1, routed)           0.545    -0.026    datapath/Audio_Codec/audiocodec_master_clock/inst/clk_out2_clk_wiz_1
    BUFGCTRL_X0Y3        BUFG (Prop_bufg_I_O)         0.026     0.000 r  datapath/Audio_Codec/audiocodec_master_clock/inst/clkout2_buf/O
                         net (fo=115, routed)         0.638     0.638    datapath/Audio_Codec/initialize_audio/clk_out2
    SLICE_X158Y120       FDRE                                         r  datapath/Audio_Codec/initialize_audio/initWord_reg[30]/C
  -------------------------------------------------------------------    -------------------
    SLICE_X158Y120       FDRE (Prop_fdre_C_Q)         0.164     0.802 r  datapath/Audio_Codec/initialize_audio/initWord_reg[30]/Q
                         net (fo=1, routed)           0.050     0.852    datapath/Audio_Codec/initialize_audio/data0[6]
    SLICE_X159Y120       LUT6 (Prop_lut6_I4_O)        0.045     0.897 r  datapath/Audio_Codec/initialize_audio/data_i[6]_i_1/O
                         net (fo=1, routed)           0.000     0.897    datapath/Audio_Codec/initialize_audio/data_i[6]_i_1_n_0
    SLICE_X159Y120       FDRE                                         r  datapath/Audio_Codec/initialize_audio/data_i_reg[6]/D
  -------------------------------------------------------------------    -------------------

                         (clock clk_out2_clk_wiz_1 rise edge)
                                                      0.000     0.000 r  
    BUFGCTRL_X0Y2        BUFG                         0.000     0.000 r  clk_IBUF_BUFG_inst/O
                         net (fo=334, routed)         0.879     0.879    datapath/Audio_Codec/audiocodec_master_clock/inst/clk_in1
    MMCME2_ADV_X0Y2      MMCME2_ADV (Prop_mmcme2_adv_CLKIN1_CLKOUT1)
                                                     -1.502    -0.624 r  datapath/Audio_Codec/audiocodec_master_clock/inst/mmcm_adv_inst/CLKOUT1
                         net (fo=1, routed)           0.595    -0.029    datapath/Audio_Codec/audiocodec_master_clock/inst/clk_out2_clk_wiz_1
    BUFGCTRL_X0Y3        BUFG (Prop_bufg_I_O)         0.029    -0.000 r  datapath/Audio_Codec/audiocodec_master_clock/inst/clkout2_buf/O
                         net (fo=115, routed)         0.909     0.909    datapath/Audio_Codec/initialize_audio/clk_out2
    SLICE_X159Y120       FDRE                                         r  datapath/Audio_Codec/initialize_audio/data_i_reg[6]/C
                         clock pessimism             -0.258     0.651    
    SLICE_X159Y120       FDRE (Hold_fdre_C_D)         0.092     0.743    datapath/Audio_Codec/initialize_audio/data_i_reg[6]
  -------------------------------------------------------------------
                         required time                         -0.743    
                         arrival time                           0.897    
  -------------------------------------------------------------------
                         slack                                  0.154    

Slack (MET) :             0.185ns  (arrival time - required time)
  Source:                 datapath/Audio_Codec/initialize_audio/initWord_reg[8]/C
                            (rising edge-triggered cell FDRE clocked by clk_out2_clk_wiz_1  {rise@0.000ns fall@10.000ns period=20.000ns})
  Destination:            datapath/Audio_Codec/initialize_audio/data_i_reg[0]/D
                            (rising edge-triggered cell FDRE clocked by clk_out2_clk_wiz_1  {rise@0.000ns fall@10.000ns period=20.000ns})
  Path Group:             clk_out2_clk_wiz_1
  Path Type:              Hold (Min at Fast Process Corner)
  Requirement:            0.000ns  (clk_out2_clk_wiz_1 rise@0.000ns - clk_out2_clk_wiz_1 rise@0.000ns)
  Data Path Delay:        0.291ns  (logic 0.186ns (63.880%)  route 0.105ns (36.120%))
  Logic Levels:           1  (LUT6=1)
  Clock Path Skew:        0.015ns (DCD - SCD - CPR)
    Destination Clock Delay (DCD):    0.911ns
    Source Clock Delay      (SCD):    0.639ns
    Clock Pessimism Removal (CPR):    0.257ns

    Location             Delay type                Incr(ns)  Path(ns)    Netlist Resource(s)
  -------------------------------------------------------------------    -------------------
                         (clock clk_out2_clk_wiz_1 rise edge)
                                                      0.000     0.000 r  
    BUFGCTRL_X0Y2        BUFG                         0.000     0.000 r  clk_IBUF_BUFG_inst/O
                         net (fo=334, routed)         0.610     0.610    datapath/Audio_Codec/audiocodec_master_clock/inst/clk_in1
    MMCME2_ADV_X0Y2      MMCME2_ADV (Prop_mmcme2_adv_CLKIN1_CLKOUT1)
                                                     -1.180    -0.571 r  datapath/Audio_Codec/audiocodec_master_clock/inst/mmcm_adv_inst/CLKOUT1
                         net (fo=1, routed)           0.545    -0.026    datapath/Audio_Codec/audiocodec_master_clock/inst/clk_out2_clk_wiz_1
    BUFGCTRL_X0Y3        BUFG (Prop_bufg_I_O)         0.026     0.000 r  datapath/Audio_Codec/audiocodec_master_clock/inst/clkout2_buf/O
                         net (fo=115, routed)         0.639     0.639    datapath/Audio_Codec/initialize_audio/clk_out2
    SLICE_X161Y120       FDRE                                         r  datapath/Audio_Codec/initialize_audio/initWord_reg[8]/C
  -------------------------------------------------------------------    -------------------
    SLICE_X161Y120       FDRE (Prop_fdre_C_Q)         0.141     0.780 r  datapath/Audio_Codec/initialize_audio/initWord_reg[8]/Q
                         net (fo=1, routed)           0.105     0.885    datapath/Audio_Codec/initialize_audio/data2[0]
    SLICE_X161Y119       LUT6 (Prop_lut6_I3_O)        0.045     0.930 r  datapath/Audio_Codec/initialize_audio/data_i[0]_i_1/O
                         net (fo=1, routed)           0.000     0.930    datapath/Audio_Codec/initialize_audio/data_i[0]_i_1_n_0
    SLICE_X161Y119       FDRE                                         r  datapath/Audio_Codec/initialize_audio/data_i_reg[0]/D
  -------------------------------------------------------------------    -------------------

                         (clock clk_out2_clk_wiz_1 rise edge)
                                                      0.000     0.000 r  
    BUFGCTRL_X0Y2        BUFG                         0.000     0.000 r  clk_IBUF_BUFG_inst/O
                         net (fo=334, routed)         0.879     0.879    datapath/Audio_Codec/audiocodec_master_clock/inst/clk_in1
    MMCME2_ADV_X0Y2      MMCME2_ADV (Prop_mmcme2_adv_CLKIN1_CLKOUT1)
                                                     -1.502    -0.624 r  datapath/Audio_Codec/audiocodec_master_clock/inst/mmcm_adv_inst/CLKOUT1
                         net (fo=1, routed)           0.595    -0.029    datapath/Audio_Codec/audiocodec_master_clock/inst/clk_out2_clk_wiz_1
    BUFGCTRL_X0Y3        BUFG (Prop_bufg_I_O)         0.029    -0.000 r  datapath/Audio_Codec/audiocodec_master_clock/inst/clkout2_buf/O
                         net (fo=115, routed)         0.911     0.911    datapath/Audio_Codec/initialize_audio/clk_out2
    SLICE_X161Y119       FDRE                                         r  datapath/Audio_Codec/initialize_audio/data_i_reg[0]/C
                         clock pessimism             -0.257     0.654    
    SLICE_X161Y119       FDRE (Hold_fdre_C_D)         0.091     0.745    datapath/Audio_Codec/initialize_audio/data_i_reg[0]
  -------------------------------------------------------------------
                         required time                         -0.745    
                         arrival time                           0.930    
  -------------------------------------------------------------------
                         slack                                  0.185    

Slack (MET) :             0.187ns  (arrival time - required time)
  Source:                 datapath/Audio_Codec/initialize_audio/twi_controller/dSda_reg/C
                            (rising edge-triggered cell FDRE clocked by clk_out2_clk_wiz_1  {rise@0.000ns fall@10.000ns period=20.000ns})
  Destination:            datapath/Audio_Codec/initialize_audio/twi_controller/DONE_O_reg/D
                            (rising edge-triggered cell FDRE clocked by clk_out2_clk_wiz_1  {rise@0.000ns fall@10.000ns period=20.000ns})
  Path Group:             clk_out2_clk_wiz_1
  Path Type:              Hold (Min at Fast Process Corner)
  Requirement:            0.000ns  (clk_out2_clk_wiz_1 rise@0.000ns - clk_out2_clk_wiz_1 rise@0.000ns)
  Data Path Delay:        0.320ns  (logic 0.186ns (58.216%)  route 0.134ns (41.784%))
  Logic Levels:           1  (LUT6=1)
  Clock Path Skew:        0.013ns (DCD - SCD - CPR)
    Destination Clock Delay (DCD):    0.913ns
    Source Clock Delay      (SCD):    0.642ns
    Clock Pessimism Removal (CPR):    0.258ns

    Location             Delay type                Incr(ns)  Path(ns)    Netlist Resource(s)
  -------------------------------------------------------------------    -------------------
                         (clock clk_out2_clk_wiz_1 rise edge)
                                                      0.000     0.000 r  
    BUFGCTRL_X0Y2        BUFG                         0.000     0.000 r  clk_IBUF_BUFG_inst/O
                         net (fo=334, routed)         0.610     0.610    datapath/Audio_Codec/audiocodec_master_clock/inst/clk_in1
    MMCME2_ADV_X0Y2      MMCME2_ADV (Prop_mmcme2_adv_CLKIN1_CLKOUT1)
                                                     -1.180    -0.571 r  datapath/Audio_Codec/audiocodec_master_clock/inst/mmcm_adv_inst/CLKOUT1
                         net (fo=1, routed)           0.545    -0.026    datapath/Audio_Codec/audiocodec_master_clock/inst/clk_out2_clk_wiz_1
    BUFGCTRL_X0Y3        BUFG (Prop_bufg_I_O)         0.026     0.000 r  datapath/Audio_Codec/audiocodec_master_clock/inst/clkout2_buf/O
                         net (fo=115, routed)         0.642     0.642    datapath/Audio_Codec/initialize_audio/twi_controller/clk_out2
    SLICE_X163Y117       FDRE                                         r  datapath/Audio_Codec/initialize_audio/twi_controller/dSda_reg/C
  -------------------------------------------------------------------    -------------------
    SLICE_X163Y117       FDRE (Prop_fdre_C_Q)         0.141     0.783 r  datapath/Audio_Codec/initialize_audio/twi_controller/dSda_reg/Q
                         net (fo=9, routed)           0.134     0.916    datapath/Audio_Codec/initialize_audio/twi_controller/p_0_in[0]
    SLICE_X162Y117       LUT6 (Prop_lut6_I2_O)        0.045     0.961 r  datapath/Audio_Codec/initialize_audio/twi_controller/DONE_O_i_1/O
                         net (fo=1, routed)           0.000     0.961    datapath/Audio_Codec/initialize_audio/twi_controller/DONE_O_i_1_n_0
    SLICE_X162Y117       FDRE                                         r  datapath/Audio_Codec/initialize_audio/twi_controller/DONE_O_reg/D
  -------------------------------------------------------------------    -------------------

                         (clock clk_out2_clk_wiz_1 rise edge)
                                                      0.000     0.000 r  
    BUFGCTRL_X0Y2        BUFG                         0.000     0.000 r  clk_IBUF_BUFG_inst/O
                         net (fo=334, routed)         0.879     0.879    datapath/Audio_Codec/audiocodec_master_clock/inst/clk_in1
    MMCME2_ADV_X0Y2      MMCME2_ADV (Prop_mmcme2_adv_CLKIN1_CLKOUT1)
                                                     -1.502    -0.624 r  datapath/Audio_Codec/audiocodec_master_clock/inst/mmcm_adv_inst/CLKOUT1
                         net (fo=1, routed)           0.595    -0.029    datapath/Audio_Codec/audiocodec_master_clock/inst/clk_out2_clk_wiz_1
    BUFGCTRL_X0Y3        BUFG (Prop_bufg_I_O)         0.029    -0.000 r  datapath/Audio_Codec/audiocodec_master_clock/inst/clkout2_buf/O
                         net (fo=115, routed)         0.913     0.913    datapath/Audio_Codec/initialize_audio/twi_controller/clk_out2
    SLICE_X162Y117       FDRE                                         r  datapath/Audio_Codec/initialize_audio/twi_controller/DONE_O_reg/C
                         clock pessimism             -0.258     0.655    
    SLICE_X162Y117       FDRE (Hold_fdre_C_D)         0.120     0.775    datapath/Audio_Codec/initialize_audio/twi_controller/DONE_O_reg
  -------------------------------------------------------------------
                         required time                         -0.775    
                         arrival time                           0.961    
  -------------------------------------------------------------------
                         slack                                  0.187    

Slack (MET) :             0.190ns  (arrival time - required time)
  Source:                 datapath/Audio_Codec/initialize_audio/twi_controller/dSda_reg/C
                            (rising edge-triggered cell FDRE clocked by clk_out2_clk_wiz_1  {rise@0.000ns fall@10.000ns period=20.000ns})
  Destination:            datapath/Audio_Codec/initialize_audio/twi_controller/ERR_O_reg/D
                            (rising edge-triggered cell FDRE clocked by clk_out2_clk_wiz_1  {rise@0.000ns fall@10.000ns period=20.000ns})
  Path Group:             clk_out2_clk_wiz_1
  Path Type:              Hold (Min at Fast Process Corner)
  Requirement:            0.000ns  (clk_out2_clk_wiz_1 rise@0.000ns - clk_out2_clk_wiz_1 rise@0.000ns)
  Data Path Delay:        0.324ns  (logic 0.186ns (57.496%)  route 0.138ns (42.504%))
  Logic Levels:           1  (LUT6=1)
  Clock Path Skew:        0.013ns (DCD - SCD - CPR)
    Destination Clock Delay (DCD):    0.913ns
    Source Clock Delay      (SCD):    0.642ns
    Clock Pessimism Removal (CPR):    0.258ns

    Location             Delay type                Incr(ns)  Path(ns)    Netlist Resource(s)
  -------------------------------------------------------------------    -------------------
                         (clock clk_out2_clk_wiz_1 rise edge)
                                                      0.000     0.000 r  
    BUFGCTRL_X0Y2        BUFG                         0.000     0.000 r  clk_IBUF_BUFG_inst/O
                         net (fo=334, routed)         0.610     0.610    datapath/Audio_Codec/audiocodec_master_clock/inst/clk_in1
    MMCME2_ADV_X0Y2      MMCME2_ADV (Prop_mmcme2_adv_CLKIN1_CLKOUT1)
                                                     -1.180    -0.571 r  datapath/Audio_Codec/audiocodec_master_clock/inst/mmcm_adv_inst/CLKOUT1
                         net (fo=1, routed)           0.545    -0.026    datapath/Audio_Codec/audiocodec_master_clock/inst/clk_out2_clk_wiz_1
    BUFGCTRL_X0Y3        BUFG (Prop_bufg_I_O)         0.026     0.000 r  datapath/Audio_Codec/audiocodec_master_clock/inst/clkout2_buf/O
                         net (fo=115, routed)         0.642     0.642    datapath/Audio_Codec/initialize_audio/twi_controller/clk_out2
    SLICE_X163Y117       FDRE                                         r  datapath/Audio_Codec/initialize_audio/twi_controller/dSda_reg/C
  -------------------------------------------------------------------    -------------------
    SLICE_X163Y117       FDRE (Prop_fdre_C_Q)         0.141     0.783 r  datapath/Audio_Codec/initialize_audio/twi_controller/dSda_reg/Q
                         net (fo=9, routed)           0.138     0.920    datapath/Audio_Codec/initialize_audio/twi_controller/p_0_in[0]
    SLICE_X162Y117       LUT6 (Prop_lut6_I5_O)        0.045     0.965 r  datapath/Audio_Codec/initialize_audio/twi_controller/ERR_O_i_1/O
                         net (fo=1, routed)           0.000     0.965    datapath/Audio_Codec/initialize_audio/twi_controller/ERR_O_i_1_n_0
    SLICE_X162Y117       FDRE                                         r  datapath/Audio_Codec/initialize_audio/twi_controller/ERR_O_reg/D
  -------------------------------------------------------------------    -------------------

                         (clock clk_out2_clk_wiz_1 rise edge)
                                                      0.000     0.000 r  
    BUFGCTRL_X0Y2        BUFG                         0.000     0.000 r  clk_IBUF_BUFG_inst/O
                         net (fo=334, routed)         0.879     0.879    datapath/Audio_Codec/audiocodec_master_clock/inst/clk_in1
    MMCME2_ADV_X0Y2      MMCME2_ADV (Prop_mmcme2_adv_CLKIN1_CLKOUT1)
                                                     -1.502    -0.624 r  datapath/Audio_Codec/audiocodec_master_clock/inst/mmcm_adv_inst/CLKOUT1
                         net (fo=1, routed)           0.595    -0.029    datapath/Audio_Codec/audiocodec_master_clock/inst/clk_out2_clk_wiz_1
    BUFGCTRL_X0Y3        BUFG (Prop_bufg_I_O)         0.029    -0.000 r  datapath/Audio_Codec/audiocodec_master_clock/inst/clkout2_buf/O
                         net (fo=115, routed)         0.913     0.913    datapath/Audio_Codec/initialize_audio/twi_controller/clk_out2
    SLICE_X162Y117       FDRE                                         r  datapath/Audio_Codec/initialize_audio/twi_controller/ERR_O_reg/C
                         clock pessimism             -0.258     0.655    
    SLICE_X162Y117       FDRE (Hold_fdre_C_D)         0.121     0.776    datapath/Audio_Codec/initialize_audio/twi_controller/ERR_O_reg
  -------------------------------------------------------------------
                         required time                         -0.776    
                         arrival time                           0.965    
  -------------------------------------------------------------------
                         slack                                  0.190    

Slack (MET) :             0.211ns  (arrival time - required time)
  Source:                 datapath/Audio_Codec/initialize_audio/twi_controller/ddSda_reg/C
                            (rising edge-triggered cell FDRE clocked by clk_out2_clk_wiz_1  {rise@0.000ns fall@10.000ns period=20.000ns})
  Destination:            datapath/Audio_Codec/initialize_audio/twi_controller/busState_reg[1]/D
                            (rising edge-triggered cell FDRE clocked by clk_out2_clk_wiz_1  {rise@0.000ns fall@10.000ns period=20.000ns})
  Path Group:             clk_out2_clk_wiz_1
  Path Type:              Hold (Min at Fast Process Corner)
  Requirement:            0.000ns  (clk_out2_clk_wiz_1 rise@0.000ns - clk_out2_clk_wiz_1 rise@0.000ns)
  Data Path Delay:        0.332ns  (logic 0.246ns (74.148%)  route 0.086ns (25.852%))
  Logic Levels:           1  (LUT6=1)
  Clock Path Skew:        0.000ns (DCD - SCD - CPR)
    Destination Clock Delay (DCD):    0.915ns
    Source Clock Delay      (SCD):    0.644ns
    Clock Pessimism Removal (CPR):    0.271ns

    Location             Delay type                Incr(ns)  Path(ns)    Netlist Resource(s)
  -------------------------------------------------------------------    -------------------
                         (clock clk_out2_clk_wiz_1 rise edge)
                                                      0.000     0.000 r  
    BUFGCTRL_X0Y2        BUFG                         0.000     0.000 r  clk_IBUF_BUFG_inst/O
                         net (fo=334, routed)         0.610     0.610    datapath/Audio_Codec/audiocodec_master_clock/inst/clk_in1
    MMCME2_ADV_X0Y2      MMCME2_ADV (Prop_mmcme2_adv_CLKIN1_CLKOUT1)
                                                     -1.180    -0.571 r  datapath/Audio_Codec/audiocodec_master_clock/inst/mmcm_adv_inst/CLKOUT1
                         net (fo=1, routed)           0.545    -0.026    datapath/Audio_Codec/audiocodec_master_clock/inst/clk_out2_clk_wiz_1
    BUFGCTRL_X0Y3        BUFG (Prop_bufg_I_O)         0.026     0.000 r  datapath/Audio_Codec/audiocodec_master_clock/inst/clkout2_buf/O
                         net (fo=115, routed)         0.644     0.644    datapath/Audio_Codec/initialize_audio/twi_controller/clk_out2
    SLICE_X162Y115       FDRE                                         r  datapath/Audio_Codec/initialize_audio/twi_controller/ddSda_reg/C
  -------------------------------------------------------------------    -------------------
    SLICE_X162Y115       FDRE (Prop_fdre_C_Q)         0.148     0.792 r  datapath/Audio_Codec/initialize_audio/twi_controller/ddSda_reg/Q
                         net (fo=3, routed)           0.086     0.877    datapath/Audio_Codec/initialize_audio/twi_controller/ddSda
    SLICE_X162Y115       LUT6 (Prop_lut6_I2_O)        0.098     0.975 r  datapath/Audio_Codec/initialize_audio/twi_controller/busState[1]_i_1/O
                         net (fo=1, routed)           0.000     0.975    datapath/Audio_Codec/initialize_audio/twi_controller/busState[1]_i_1_n_0
    SLICE_X162Y115       FDRE                                         r  datapath/Audio_Codec/initialize_audio/twi_controller/busState_reg[1]/D
  -------------------------------------------------------------------    -------------------

                         (clock clk_out2_clk_wiz_1 rise edge)
                                                      0.000     0.000 r  
    BUFGCTRL_X0Y2        BUFG                         0.000     0.000 r  clk_IBUF_BUFG_inst/O
                         net (fo=334, routed)         0.879     0.879    datapath/Audio_Codec/audiocodec_master_clock/inst/clk_in1
    MMCME2_ADV_X0Y2      MMCME2_ADV (Prop_mmcme2_adv_CLKIN1_CLKOUT1)
                                                     -1.502    -0.624 r  datapath/Audio_Codec/audiocodec_master_clock/inst/mmcm_adv_inst/CLKOUT1
                         net (fo=1, routed)           0.595    -0.029    datapath/Audio_Codec/audiocodec_master_clock/inst/clk_out2_clk_wiz_1
    BUFGCTRL_X0Y3        BUFG (Prop_bufg_I_O)         0.029    -0.000 r  datapath/Audio_Codec/audiocodec_master_clock/inst/clkout2_buf/O
                         net (fo=115, routed)         0.915     0.915    datapath/Audio_Codec/initialize_audio/twi_controller/clk_out2
    SLICE_X162Y115       FDRE                                         r  datapath/Audio_Codec/initialize_audio/twi_controller/busState_reg[1]/C
                         clock pessimism             -0.271     0.644    
    SLICE_X162Y115       FDRE (Hold_fdre_C_D)         0.121     0.765    datapath/Audio_Codec/initialize_audio/twi_controller/busState_reg[1]
  -------------------------------------------------------------------
                         required time                         -0.765    
                         arrival time                           0.975    
  -------------------------------------------------------------------
                         slack                                  0.211    

Slack (MET) :             0.214ns  (arrival time - required time)
  Source:                 datapath/Audio_Codec/initialize_audio/twi_controller/ddSda_reg/C
                            (rising edge-triggered cell FDRE clocked by clk_out2_clk_wiz_1  {rise@0.000ns fall@10.000ns period=20.000ns})
  Destination:            datapath/Audio_Codec/initialize_audio/twi_controller/busState_reg[0]/D
                            (rising edge-triggered cell FDRE clocked by clk_out2_clk_wiz_1  {rise@0.000ns fall@10.000ns period=20.000ns})
  Path Group:             clk_out2_clk_wiz_1
  Path Type:              Hold (Min at Fast Process Corner)
  Requirement:            0.000ns  (clk_out2_clk_wiz_1 rise@0.000ns - clk_out2_clk_wiz_1 rise@0.000ns)
  Data Path Delay:        0.334ns  (logic 0.246ns (73.704%)  route 0.088ns (26.296%))
  Logic Levels:           1  (LUT6=1)
  Clock Path Skew:        0.000ns (DCD - SCD - CPR)
    Destination Clock Delay (DCD):    0.915ns
    Source Clock Delay      (SCD):    0.644ns
    Clock Pessimism Removal (CPR):    0.271ns

    Location             Delay type                Incr(ns)  Path(ns)    Netlist Resource(s)
  -------------------------------------------------------------------    -------------------
                         (clock clk_out2_clk_wiz_1 rise edge)
                                                      0.000     0.000 r  
    BUFGCTRL_X0Y2        BUFG                         0.000     0.000 r  clk_IBUF_BUFG_inst/O
                         net (fo=334, routed)         0.610     0.610    datapath/Audio_Codec/audiocodec_master_clock/inst/clk_in1
    MMCME2_ADV_X0Y2      MMCME2_ADV (Prop_mmcme2_adv_CLKIN1_CLKOUT1)
                                                     -1.180    -0.571 r  datapath/Audio_Codec/audiocodec_master_clock/inst/mmcm_adv_inst/CLKOUT1
                         net (fo=1, routed)           0.545    -0.026    datapath/Audio_Codec/audiocodec_master_clock/inst/clk_out2_clk_wiz_1
    BUFGCTRL_X0Y3        BUFG (Prop_bufg_I_O)         0.026     0.000 r  datapath/Audio_Codec/audiocodec_master_clock/inst/clkout2_buf/O
                         net (fo=115, routed)         0.644     0.644    datapath/Audio_Codec/initialize_audio/twi_controller/clk_out2
    SLICE_X162Y115       FDRE                                         r  datapath/Audio_Codec/initialize_audio/twi_controller/ddSda_reg/C
  -------------------------------------------------------------------    -------------------
    SLICE_X162Y115       FDRE (Prop_fdre_C_Q)         0.148     0.792 f  datapath/Audio_Codec/initialize_audio/twi_controller/ddSda_reg/Q
                         net (fo=3, routed)           0.088     0.879    datapath/Audio_Codec/initialize_audio/twi_controller/ddSda
    SLICE_X162Y115       LUT6 (Prop_lut6_I3_O)        0.098     0.977 r  datapath/Audio_Codec/initialize_audio/twi_controller/busState[0]_i_1/O
                         net (fo=1, routed)           0.000     0.977    datapath/Audio_Codec/initialize_audio/twi_controller/busState[0]_i_1_n_0
    SLICE_X162Y115       FDRE                                         r  datapath/Audio_Codec/initialize_audio/twi_controller/busState_reg[0]/D
  -------------------------------------------------------------------    -------------------

                         (clock clk_out2_clk_wiz_1 rise edge)
                                                      0.000     0.000 r  
    BUFGCTRL_X0Y2        BUFG                         0.000     0.000 r  clk_IBUF_BUFG_inst/O
                         net (fo=334, routed)         0.879     0.879    datapath/Audio_Codec/audiocodec_master_clock/inst/clk_in1
    MMCME2_ADV_X0Y2      MMCME2_ADV (Prop_mmcme2_adv_CLKIN1_CLKOUT1)
                                                     -1.502    -0.624 r  datapath/Audio_Codec/audiocodec_master_clock/inst/mmcm_adv_inst/CLKOUT1
                         net (fo=1, routed)           0.595    -0.029    datapath/Audio_Codec/audiocodec_master_clock/inst/clk_out2_clk_wiz_1
    BUFGCTRL_X0Y3        BUFG (Prop_bufg_I_O)         0.029    -0.000 r  datapath/Audio_Codec/audiocodec_master_clock/inst/clkout2_buf/O
                         net (fo=115, routed)         0.915     0.915    datapath/Audio_Codec/initialize_audio/twi_controller/clk_out2
    SLICE_X162Y115       FDRE                                         r  datapath/Audio_Codec/initialize_audio/twi_controller/busState_reg[0]/C
                         clock pessimism             -0.271     0.644    
    SLICE_X162Y115       FDRE (Hold_fdre_C_D)         0.120     0.764    datapath/Audio_Codec/initialize_audio/twi_controller/busState_reg[0]
  -------------------------------------------------------------------
                         required time                         -0.764    
                         arrival time                           0.977    
  -------------------------------------------------------------------
                         slack                                  0.214    

Slack (MET) :             0.219ns  (arrival time - required time)
  Source:                 datapath/Audio_Codec/initialize_audio/data_i_reg[1]/C
                            (rising edge-triggered cell FDRE clocked by clk_out2_clk_wiz_1  {rise@0.000ns fall@10.000ns period=20.000ns})
  Destination:            datapath/Audio_Codec/initialize_audio/twi_controller/dataByte_reg[1]/D
                            (rising edge-triggered cell FDRE clocked by clk_out2_clk_wiz_1  {rise@0.000ns fall@10.000ns period=20.000ns})
  Path Group:             clk_out2_clk_wiz_1
  Path Type:              Hold (Min at Fast Process Corner)
  Requirement:            0.000ns  (clk_out2_clk_wiz_1 rise@0.000ns - clk_out2_clk_wiz_1 rise@0.000ns)
  Data Path Delay:        0.323ns  (logic 0.186ns (57.598%)  route 0.137ns (42.402%))
  Logic Levels:           1  (LUT4=1)
  Clock Path Skew:        0.013ns (DCD - SCD - CPR)
    Destination Clock Delay (DCD):    0.912ns
    Source Clock Delay      (SCD):    0.641ns
    Clock Pessimism Removal (CPR):    0.258ns

    Location             Delay type                Incr(ns)  Path(ns)    Netlist Resource(s)
  -------------------------------------------------------------------    -------------------
                         (clock clk_out2_clk_wiz_1 rise edge)
                                                      0.000     0.000 r  
    BUFGCTRL_X0Y2        BUFG                         0.000     0.000 r  clk_IBUF_BUFG_inst/O
                         net (fo=334, routed)         0.610     0.610    datapath/Audio_Codec/audiocodec_master_clock/inst/clk_in1
    MMCME2_ADV_X0Y2      MMCME2_ADV (Prop_mmcme2_adv_CLKIN1_CLKOUT1)
                                                     -1.180    -0.571 r  datapath/Audio_Codec/audiocodec_master_clock/inst/mmcm_adv_inst/CLKOUT1
                         net (fo=1, routed)           0.545    -0.026    datapath/Audio_Codec/audiocodec_master_clock/inst/clk_out2_clk_wiz_1
    BUFGCTRL_X0Y3        BUFG (Prop_bufg_I_O)         0.026     0.000 r  datapath/Audio_Codec/audiocodec_master_clock/inst/clkout2_buf/O
                         net (fo=115, routed)         0.641     0.641    datapath/Audio_Codec/initialize_audio/clk_out2
    SLICE_X160Y118       FDRE                                         r  datapath/Audio_Codec/initialize_audio/data_i_reg[1]/C
  -------------------------------------------------------------------    -------------------
    SLICE_X160Y118       FDRE (Prop_fdre_C_Q)         0.141     0.782 r  datapath/Audio_Codec/initialize_audio/data_i_reg[1]/Q
                         net (fo=1, routed)           0.137     0.919    datapath/Audio_Codec/initialize_audio/twi_controller/data_i[1]
    SLICE_X161Y118       LUT4 (Prop_lut4_I2_O)        0.045     0.964 r  datapath/Audio_Codec/initialize_audio/twi_controller/dataByte[1]_i_1/O
                         net (fo=1, routed)           0.000     0.964    datapath/Audio_Codec/initialize_audio/twi_controller/p_1_in_0[1]
    SLICE_X161Y118       FDRE                                         r  datapath/Audio_Codec/initialize_audio/twi_controller/dataByte_reg[1]/D
  -------------------------------------------------------------------    -------------------

                         (clock clk_out2_clk_wiz_1 rise edge)
                                                      0.000     0.000 r  
    BUFGCTRL_X0Y2        BUFG                         0.000     0.000 r  clk_IBUF_BUFG_inst/O
                         net (fo=334, routed)         0.879     0.879    datapath/Audio_Codec/audiocodec_master_clock/inst/clk_in1
    MMCME2_ADV_X0Y2      MMCME2_ADV (Prop_mmcme2_adv_CLKIN1_CLKOUT1)
                                                     -1.502    -0.624 r  datapath/Audio_Codec/audiocodec_master_clock/inst/mmcm_adv_inst/CLKOUT1
                         net (fo=1, routed)           0.595    -0.029    datapath/Audio_Codec/audiocodec_master_clock/inst/clk_out2_clk_wiz_1
    BUFGCTRL_X0Y3        BUFG (Prop_bufg_I_O)         0.029    -0.000 r  datapath/Audio_Codec/audiocodec_master_clock/inst/clkout2_buf/O
                         net (fo=115, routed)         0.912     0.912    datapath/Audio_Codec/initialize_audio/twi_controller/clk_out2
    SLICE_X161Y118       FDRE                                         r  datapath/Audio_Codec/initialize_audio/twi_controller/dataByte_reg[1]/C
                         clock pessimism             -0.258     0.654    
    SLICE_X161Y118       FDRE (Hold_fdre_C_D)         0.091     0.745    datapath/Audio_Codec/initialize_audio/twi_controller/dataByte_reg[1]
  -------------------------------------------------------------------
                         required time                         -0.745    
                         arrival time                           0.964    
  -------------------------------------------------------------------
                         slack                                  0.219    

Slack (MET) :             0.220ns  (arrival time - required time)
  Source:                 datapath/Audio_Codec/initialize_audio/twi_controller/busFreeCnt_reg[1]/C
                            (rising edge-triggered cell FDRE clocked by clk_out2_clk_wiz_1  {rise@0.000ns fall@10.000ns period=20.000ns})
  Destination:            datapath/Audio_Codec/initialize_audio/twi_controller/busFreeCnt_reg[5]/D
                            (rising edge-triggered cell FDSE clocked by clk_out2_clk_wiz_1  {rise@0.000ns fall@10.000ns period=20.000ns})
  Path Group:             clk_out2_clk_wiz_1
  Path Type:              Hold (Min at Fast Process Corner)
  Requirement:            0.000ns  (clk_out2_clk_wiz_1 rise@0.000ns - clk_out2_clk_wiz_1 rise@0.000ns)
  Data Path Delay:        0.327ns  (logic 0.186ns (56.844%)  route 0.141ns (43.156%))
  Logic Levels:           1  (LUT6=1)
  Clock Path Skew:        0.015ns (DCD - SCD - CPR)
    Destination Clock Delay (DCD):    0.915ns
    Source Clock Delay      (SCD):    0.643ns
    Clock Pessimism Removal (CPR):    0.257ns

    Location             Delay type                Incr(ns)  Path(ns)    Netlist Resource(s)
  -------------------------------------------------------------------    -------------------
                         (clock clk_out2_clk_wiz_1 rise edge)
                                                      0.000     0.000 r  
    BUFGCTRL_X0Y2        BUFG                         0.000     0.000 r  clk_IBUF_BUFG_inst/O
                         net (fo=334, routed)         0.610     0.610    datapath/Audio_Codec/audiocodec_master_clock/inst/clk_in1
    MMCME2_ADV_X0Y2      MMCME2_ADV (Prop_mmcme2_adv_CLKIN1_CLKOUT1)
                                                     -1.180    -0.571 r  datapath/Audio_Codec/audiocodec_master_clock/inst/mmcm_adv_inst/CLKOUT1
                         net (fo=1, routed)           0.545    -0.026    datapath/Audio_Codec/audiocodec_master_clock/inst/clk_out2_clk_wiz_1
    BUFGCTRL_X0Y3        BUFG (Prop_bufg_I_O)         0.026     0.000 r  datapath/Audio_Codec/audiocodec_master_clock/inst/clkout2_buf/O
                         net (fo=115, routed)         0.643     0.643    datapath/Audio_Codec/initialize_audio/twi_controller/clk_out2
    SLICE_X160Y116       FDRE                                         r  datapath/Audio_Codec/initialize_audio/twi_controller/busFreeCnt_reg[1]/C
  -------------------------------------------------------------------    -------------------
    SLICE_X160Y116       FDRE (Prop_fdre_C_Q)         0.141     0.784 r  datapath/Audio_Codec/initialize_audio/twi_controller/busFreeCnt_reg[1]/Q
                         net (fo=6, routed)           0.141     0.925    datapath/Audio_Codec/initialize_audio/twi_controller/busFreeCnt_reg[1]
    SLICE_X160Y115       LUT6 (Prop_lut6_I2_O)        0.045     0.970 r  datapath/Audio_Codec/initialize_audio/twi_controller/busFreeCnt[5]_i_1/O
                         net (fo=1, routed)           0.000     0.970    datapath/Audio_Codec/initialize_audio/twi_controller/busFreeCnt0[5]
    SLICE_X160Y115       FDSE                                         r  datapath/Audio_Codec/initialize_audio/twi_controller/busFreeCnt_reg[5]/D
  -------------------------------------------------------------------    -------------------

                         (clock clk_out2_clk_wiz_1 rise edge)
                                                      0.000     0.000 r  
    BUFGCTRL_X0Y2        BUFG                         0.000     0.000 r  clk_IBUF_BUFG_inst/O
                         net (fo=334, routed)         0.879     0.879    datapath/Audio_Codec/audiocodec_master_clock/inst/clk_in1
    MMCME2_ADV_X0Y2      MMCME2_ADV (Prop_mmcme2_adv_CLKIN1_CLKOUT1)
                                                     -1.502    -0.624 r  datapath/Audio_Codec/audiocodec_master_clock/inst/mmcm_adv_inst/CLKOUT1
                         net (fo=1, routed)           0.595    -0.029    datapath/Audio_Codec/audiocodec_master_clock/inst/clk_out2_clk_wiz_1
    BUFGCTRL_X0Y3        BUFG (Prop_bufg_I_O)         0.029    -0.000 r  datapath/Audio_Codec/audiocodec_master_clock/inst/clkout2_buf/O
                         net (fo=115, routed)         0.915     0.915    datapath/Audio_Codec/initialize_audio/twi_controller/clk_out2
    SLICE_X160Y115       FDSE                                         r  datapath/Audio_Codec/initialize_audio/twi_controller/busFreeCnt_reg[5]/C
                         clock pessimism             -0.257     0.658    
    SLICE_X160Y115       FDSE (Hold_fdse_C_D)         0.092     0.750    datapath/Audio_Codec/initialize_audio/twi_controller/busFreeCnt_reg[5]
  -------------------------------------------------------------------
                         required time                         -0.750    
                         arrival time                           0.970    
  -------------------------------------------------------------------
                         slack                                  0.220    

Slack (MET) :             0.230ns  (arrival time - required time)
  Source:                 datapath/Audio_Codec/initialize_audio/initWord_reg[19]/C
                            (rising edge-triggered cell FDRE clocked by clk_out2_clk_wiz_1  {rise@0.000ns fall@10.000ns period=20.000ns})
  Destination:            datapath/Audio_Codec/initialize_audio/data_i_reg[3]/D
                            (rising edge-triggered cell FDRE clocked by clk_out2_clk_wiz_1  {rise@0.000ns fall@10.000ns period=20.000ns})
  Path Group:             clk_out2_clk_wiz_1
  Path Type:              Hold (Min at Fast Process Corner)
  Requirement:            0.000ns  (clk_out2_clk_wiz_1 rise@0.000ns - clk_out2_clk_wiz_1 rise@0.000ns)
  Data Path Delay:        0.335ns  (logic 0.186ns (55.512%)  route 0.149ns (44.488%))
  Logic Levels:           1  (LUT6=1)
  Clock Path Skew:        0.013ns (DCD - SCD - CPR)
    Destination Clock Delay (DCD):    0.909ns
    Source Clock Delay      (SCD):    0.638ns
    Clock Pessimism Removal (CPR):    0.258ns

    Location             Delay type                Incr(ns)  Path(ns)    Netlist Resource(s)
  -------------------------------------------------------------------    -------------------
                         (clock clk_out2_clk_wiz_1 rise edge)
                                                      0.000     0.000 r  
    BUFGCTRL_X0Y2        BUFG                         0.000     0.000 r  clk_IBUF_BUFG_inst/O
                         net (fo=334, routed)         0.610     0.610    datapath/Audio_Codec/audiocodec_master_clock/inst/clk_in1
    MMCME2_ADV_X0Y2      MMCME2_ADV (Prop_mmcme2_adv_CLKIN1_CLKOUT1)
                                                     -1.180    -0.571 r  datapath/Audio_Codec/audiocodec_master_clock/inst/mmcm_adv_inst/CLKOUT1
                         net (fo=1, routed)           0.545    -0.026    datapath/Audio_Codec/audiocodec_master_clock/inst/clk_out2_clk_wiz_1
    BUFGCTRL_X0Y3        BUFG (Prop_bufg_I_O)         0.026     0.000 r  datapath/Audio_Codec/audiocodec_master_clock/inst/clkout2_buf/O
                         net (fo=115, routed)         0.638     0.638    datapath/Audio_Codec/initialize_audio/clk_out2
    SLICE_X160Y121       FDRE                                         r  datapath/Audio_Codec/initialize_audio/initWord_reg[19]/C
  -------------------------------------------------------------------    -------------------
    SLICE_X160Y121       FDRE (Prop_fdre_C_Q)         0.141     0.779 r  datapath/Audio_Codec/initialize_audio/initWord_reg[19]/Q
                         net (fo=2, routed)           0.149     0.928    datapath/Audio_Codec/initialize_audio/data1[3]
    SLICE_X161Y121       LUT6 (Prop_lut6_I1_O)        0.045     0.973 r  datapath/Audio_Codec/initialize_audio/data_i[3]_i_1/O
                         net (fo=1, routed)           0.000     0.973    datapath/Audio_Codec/initialize_audio/data_i[3]_i_1_n_0
    SLICE_X161Y121       FDRE                                         r  datapath/Audio_Codec/initialize_audio/data_i_reg[3]/D
  -------------------------------------------------------------------    -------------------

                         (clock clk_out2_clk_wiz_1 rise edge)
                                                      0.000     0.000 r  
    BUFGCTRL_X0Y2        BUFG                         0.000     0.000 r  clk_IBUF_BUFG_inst/O
                         net (fo=334, routed)         0.879     0.879    datapath/Audio_Codec/audiocodec_master_clock/inst/clk_in1
    MMCME2_ADV_X0Y2      MMCME2_ADV (Prop_mmcme2_adv_CLKIN1_CLKOUT1)
                                                     -1.502    -0.624 r  datapath/Audio_Codec/audiocodec_master_clock/inst/mmcm_adv_inst/CLKOUT1
                         net (fo=1, routed)           0.595    -0.029    datapath/Audio_Codec/audiocodec_master_clock/inst/clk_out2_clk_wiz_1
    BUFGCTRL_X0Y3        BUFG (Prop_bufg_I_O)         0.029    -0.000 r  datapath/Audio_Codec/audiocodec_master_clock/inst/clkout2_buf/O
                         net (fo=115, routed)         0.909     0.909    datapath/Audio_Codec/initialize_audio/clk_out2
    SLICE_X161Y121       FDRE                                         r  datapath/Audio_Codec/initialize_audio/data_i_reg[3]/C
                         clock pessimism             -0.258     0.651    
    SLICE_X161Y121       FDRE (Hold_fdre_C_D)         0.092     0.743    datapath/Audio_Codec/initialize_audio/data_i_reg[3]
  -------------------------------------------------------------------
                         required time                         -0.743    
                         arrival time                           0.973    
  -------------------------------------------------------------------
                         slack                                  0.230    

Slack (MET) :             0.243ns  (arrival time - required time)
  Source:                 datapath/Audio_Codec/initialize_audio/initA_reg[5]/C
                            (rising edge-triggered cell FDRE clocked by clk_out2_clk_wiz_1  {rise@0.000ns fall@10.000ns period=20.000ns})
  Destination:            datapath/Audio_Codec/initialize_audio/initWord_reg[8]/D
                            (rising edge-triggered cell FDRE clocked by clk_out2_clk_wiz_1  {rise@0.000ns fall@10.000ns period=20.000ns})
  Path Group:             clk_out2_clk_wiz_1
  Path Type:              Hold (Min at Fast Process Corner)
  Requirement:            0.000ns  (clk_out2_clk_wiz_1 rise@0.000ns - clk_out2_clk_wiz_1 rise@0.000ns)
  Data Path Delay:        0.374ns  (logic 0.186ns (49.732%)  route 0.188ns (50.269%))
  Logic Levels:           1  (LUT6=1)
  Clock Path Skew:        0.039ns (DCD - SCD - CPR)
    Destination Clock Delay (DCD):    0.910ns
    Source Clock Delay      (SCD):    0.637ns
    Clock Pessimism Removal (CPR):    0.234ns

    Location             Delay type                Incr(ns)  Path(ns)    Netlist Resource(s)
  -------------------------------------------------------------------    -------------------
                         (clock clk_out2_clk_wiz_1 rise edge)
                                                      0.000     0.000 r  
    BUFGCTRL_X0Y2        BUFG                         0.000     0.000 r  clk_IBUF_BUFG_inst/O
                         net (fo=334, routed)         0.610     0.610    datapath/Audio_Codec/audiocodec_master_clock/inst/clk_in1
    MMCME2_ADV_X0Y2      MMCME2_ADV (Prop_mmcme2_adv_CLKIN1_CLKOUT1)
                                                     -1.180    -0.571 r  datapath/Audio_Codec/audiocodec_master_clock/inst/mmcm_adv_inst/CLKOUT1
                         net (fo=1, routed)           0.545    -0.026    datapath/Audio_Codec/audiocodec_master_clock/inst/clk_out2_clk_wiz_1
    BUFGCTRL_X0Y3        BUFG (Prop_bufg_I_O)         0.026     0.000 r  datapath/Audio_Codec/audiocodec_master_clock/inst/clkout2_buf/O
                         net (fo=115, routed)         0.637     0.637    datapath/Audio_Codec/initialize_audio/clk_out2
    SLICE_X159Y121       FDRE                                         r  datapath/Audio_Codec/initialize_audio/initA_reg[5]/C
  -------------------------------------------------------------------    -------------------
    SLICE_X159Y121       FDRE (Prop_fdre_C_Q)         0.141     0.778 r  datapath/Audio_Codec/initialize_audio/initA_reg[5]/Q
                         net (fo=22, routed)          0.188     0.966    datapath/Audio_Codec/initialize_audio/initA_reg[5]
    SLICE_X161Y120       LUT6 (Prop_lut6_I3_O)        0.045     1.011 r  datapath/Audio_Codec/initialize_audio/initWord[8]_i_1/O
                         net (fo=1, routed)           0.000     1.011    datapath/Audio_Codec/initialize_audio/initWord[8]_i_1_n_0
    SLICE_X161Y120       FDRE                                         r  datapath/Audio_Codec/initialize_audio/initWord_reg[8]/D
  -------------------------------------------------------------------    -------------------

                         (clock clk_out2_clk_wiz_1 rise edge)
                                                      0.000     0.000 r  
    BUFGCTRL_X0Y2        BUFG                         0.000     0.000 r  clk_IBUF_BUFG_inst/O
                         net (fo=334, routed)         0.879     0.879    datapath/Audio_Codec/audiocodec_master_clock/inst/clk_in1
    MMCME2_ADV_X0Y2      MMCME2_ADV (Prop_mmcme2_adv_CLKIN1_CLKOUT1)
                                                     -1.502    -0.624 r  datapath/Audio_Codec/audiocodec_master_clock/inst/mmcm_adv_inst/CLKOUT1
                         net (fo=1, routed)           0.595    -0.029    datapath/Audio_Codec/audiocodec_master_clock/inst/clk_out2_clk_wiz_1
    BUFGCTRL_X0Y3        BUFG (Prop_bufg_I_O)         0.029    -0.000 r  datapath/Audio_Codec/audiocodec_master_clock/inst/clkout2_buf/O
                         net (fo=115, routed)         0.910     0.910    datapath/Audio_Codec/initialize_audio/clk_out2
    SLICE_X161Y120       FDRE                                         r  datapath/Audio_Codec/initialize_audio/initWord_reg[8]/C
                         clock pessimism             -0.234     0.676    
    SLICE_X161Y120       FDRE (Hold_fdre_C_D)         0.092     0.768    datapath/Audio_Codec/initialize_audio/initWord_reg[8]
  -------------------------------------------------------------------
                         required time                         -0.768    
                         arrival time                           1.011    
  -------------------------------------------------------------------
                         slack                                  0.243    





Pulse Width Checks
--------------------------------------------------------------------------------------
Clock Name:         clk_out2_clk_wiz_1
Waveform(ns):       { 0.000 10.000 }
Period(ns):         20.000
Sources:            { datapath/Audio_Codec/audiocodec_master_clock/inst/mmcm_adv_inst/CLKOUT1 }

Check Type        Corner  Lib Pin             Reference Pin  Required(ns)  Actual(ns)  Slack(ns)  Location         Pin
Min Period        n/a     BUFG/I              n/a            2.155         20.000      17.845     BUFGCTRL_X0Y3    datapath/Audio_Codec/audiocodec_master_clock/inst/clkout2_buf/I
Min Period        n/a     MMCME2_ADV/CLKOUT1  n/a            1.249         20.000      18.751     MMCME2_ADV_X0Y2  datapath/Audio_Codec/audiocodec_master_clock/inst/mmcm_adv_inst/CLKOUT1
Min Period        n/a     FDRE/C              n/a            1.000         20.000      19.000     SLICE_X161Y119   datapath/Audio_Codec/initialize_audio/data_i_reg[0]/C
Min Period        n/a     FDRE/C              n/a            1.000         20.000      19.000     SLICE_X160Y118   datapath/Audio_Codec/initialize_audio/data_i_reg[1]/C
Min Period        n/a     FDRE/C              n/a            1.000         20.000      19.000     SLICE_X161Y121   datapath/Audio_Codec/initialize_audio/data_i_reg[2]/C
Min Period        n/a     FDRE/C              n/a            1.000         20.000      19.000     SLICE_X161Y121   datapath/Audio_Codec/initialize_audio/data_i_reg[3]/C
Min Period        n/a     FDRE/C              n/a            1.000         20.000      19.000     SLICE_X159Y120   datapath/Audio_Codec/initialize_audio/data_i_reg[4]/C
Min Period        n/a     FDRE/C              n/a            1.000         20.000      19.000     SLICE_X161Y121   datapath/Audio_Codec/initialize_audio/data_i_reg[5]/C
Min Period        n/a     FDRE/C              n/a            1.000         20.000      19.000     SLICE_X159Y120   datapath/Audio_Codec/initialize_audio/data_i_reg[6]/C
Min Period        n/a     FDRE/C              n/a            1.000         20.000      19.000     SLICE_X160Y118   datapath/Audio_Codec/initialize_audio/data_i_reg[7]/C
Max Period        n/a     MMCME2_ADV/CLKOUT1  n/a            213.360       20.000      193.360    MMCME2_ADV_X0Y2  datapath/Audio_Codec/audiocodec_master_clock/inst/mmcm_adv_inst/CLKOUT1
Low Pulse Width   Slow    FDRE/C              n/a            0.500         10.000      9.500      SLICE_X161Y119   datapath/Audio_Codec/initialize_audio/data_i_reg[0]/C
Low Pulse Width   Fast    FDRE/C              n/a            0.500         10.000      9.500      SLICE_X161Y119   datapath/Audio_Codec/initialize_audio/data_i_reg[0]/C
Low Pulse Width   Slow    FDRE/C              n/a            0.500         10.000      9.500      SLICE_X160Y118   datapath/Audio_Codec/initialize_audio/data_i_reg[1]/C
Low Pulse Width   Fast    FDRE/C              n/a            0.500         10.000      9.500      SLICE_X160Y118   datapath/Audio_Codec/initialize_audio/data_i_reg[1]/C
Low Pulse Width   Slow    FDRE/C              n/a            0.500         10.000      9.500      SLICE_X161Y121   datapath/Audio_Codec/initialize_audio/data_i_reg[2]/C
Low Pulse Width   Fast    FDRE/C              n/a            0.500         10.000      9.500      SLICE_X161Y121   datapath/Audio_Codec/initialize_audio/data_i_reg[2]/C
Low Pulse Width   Slow    FDRE/C              n/a            0.500         10.000      9.500      SLICE_X161Y121   datapath/Audio_Codec/initialize_audio/data_i_reg[3]/C
Low Pulse Width   Fast    FDRE/C              n/a            0.500         10.000      9.500      SLICE_X161Y121   datapath/Audio_Codec/initialize_audio/data_i_reg[3]/C
Low Pulse Width   Slow    FDRE/C              n/a            0.500         10.000      9.500      SLICE_X159Y120   datapath/Audio_Codec/initialize_audio/data_i_reg[4]/C
Low Pulse Width   Fast    FDRE/C              n/a            0.500         10.000      9.500      SLICE_X159Y120   datapath/Audio_Codec/initialize_audio/data_i_reg[4]/C
High Pulse Width  Slow    FDRE/C              n/a            0.500         10.000      9.500      SLICE_X161Y119   datapath/Audio_Codec/initialize_audio/data_i_reg[0]/C
High Pulse Width  Fast    FDRE/C              n/a            0.500         10.000      9.500      SLICE_X161Y119   datapath/Audio_Codec/initialize_audio/data_i_reg[0]/C
High Pulse Width  Slow    FDRE/C              n/a            0.500         10.000      9.500      SLICE_X160Y118   datapath/Audio_Codec/initialize_audio/data_i_reg[1]/C
High Pulse Width  Fast    FDRE/C              n/a            0.500         10.000      9.500      SLICE_X160Y118   datapath/Audio_Codec/initialize_audio/data_i_reg[1]/C
High Pulse Width  Slow    FDRE/C              n/a            0.500         10.000      9.500      SLICE_X161Y121   datapath/Audio_Codec/initialize_audio/data_i_reg[2]/C
High Pulse Width  Fast    FDRE/C              n/a            0.500         10.000      9.500      SLICE_X161Y121   datapath/Audio_Codec/initialize_audio/data_i_reg[2]/C
High Pulse Width  Slow    FDRE/C              n/a            0.500         10.000      9.500      SLICE_X161Y121   datapath/Audio_Codec/initialize_audio/data_i_reg[3]/C
High Pulse Width  Fast    FDRE/C              n/a            0.500         10.000      9.500      SLICE_X161Y121   datapath/Audio_Codec/initialize_audio/data_i_reg[3]/C
High Pulse Width  Slow    FDRE/C              n/a            0.500         10.000      9.500      SLICE_X159Y120   datapath/Audio_Codec/initialize_audio/data_i_reg[4]/C
High Pulse Width  Fast    FDRE/C              n/a            0.500         10.000      9.500      SLICE_X159Y120   datapath/Audio_Codec/initialize_audio/data_i_reg[4]/C



---------------------------------------------------------------------------------------------------
From Clock:  clkfbout_clk_wiz_1
  To Clock:  clkfbout_clk_wiz_1

Setup :           NA  Failing Endpoints,  Worst Slack           NA  ,  Total Violation           NA
Hold  :           NA  Failing Endpoints,  Worst Slack           NA  ,  Total Violation           NA
PW    :            0  Failing Endpoints,  Worst Slack        7.845ns,  Total Violation        0.000ns
---------------------------------------------------------------------------------------------------


Pulse Width Checks
--------------------------------------------------------------------------------------
Clock Name:         clkfbout_clk_wiz_1
Waveform(ns):       { 0.000 5.000 }
Period(ns):         10.000
Sources:            { datapath/Audio_Codec/audiocodec_master_clock/inst/mmcm_adv_inst/CLKFBOUT }

Check Type  Corner  Lib Pin              Reference Pin  Required(ns)  Actual(ns)  Slack(ns)  Location         Pin
Min Period  n/a     BUFG/I               n/a            2.155         10.000      7.845      BUFGCTRL_X0Y5    datapath/Audio_Codec/audiocodec_master_clock/inst/clkf_buf/I
Min Period  n/a     MMCME2_ADV/CLKFBOUT  n/a            1.249         10.000      8.751      MMCME2_ADV_X0Y2  datapath/Audio_Codec/audiocodec_master_clock/inst/mmcm_adv_inst/CLKFBOUT
Min Period  n/a     MMCME2_ADV/CLKFBIN   n/a            1.249         10.000      8.751      MMCME2_ADV_X0Y2  datapath/Audio_Codec/audiocodec_master_clock/inst/mmcm_adv_inst/CLKFBIN
Max Period  n/a     MMCME2_ADV/CLKFBIN   n/a            100.000       10.000      90.000     MMCME2_ADV_X0Y2  datapath/Audio_Codec/audiocodec_master_clock/inst/mmcm_adv_inst/CLKFBIN
Max Period  n/a     MMCME2_ADV/CLKFBOUT  n/a            213.360       10.000      203.360    MMCME2_ADV_X0Y2  datapath/Audio_Codec/audiocodec_master_clock/inst/mmcm_adv_inst/CLKFBOUT



---------------------------------------------------------------------------------------------------
From Clock:  datapath/video_inst/mmcm_adv_inst_display_clocks/inst/clk_in1
  To Clock:  datapath/video_inst/mmcm_adv_inst_display_clocks/inst/clk_in1

Setup :           NA  Failing Endpoints,  Worst Slack           NA  ,  Total Violation           NA
Hold  :           NA  Failing Endpoints,  Worst Slack           NA  ,  Total Violation           NA
PW    :            0  Failing Endpoints,  Worst Slack        3.000ns,  Total Violation        0.000ns
---------------------------------------------------------------------------------------------------


Pulse Width Checks
--------------------------------------------------------------------------------------
Clock Name:         datapath/video_inst/mmcm_adv_inst_display_clocks/inst/clk_in1
Waveform(ns):       { 0.000 5.000 }
Period(ns):         10.000
Sources:            { datapath/video_inst/mmcm_adv_inst_display_clocks/inst/clk_in1 }

Check Type        Corner  Lib Pin            Reference Pin  Required(ns)  Actual(ns)  Slack(ns)  Location         Pin
Min Period        n/a     MMCME2_ADV/CLKIN1  n/a            1.249         10.000      8.751      MMCME2_ADV_X1Y0  datapath/video_inst/mmcm_adv_inst_display_clocks/inst/mmcm_adv_inst/CLKIN1
Max Period        n/a     MMCME2_ADV/CLKIN1  n/a            100.000       10.000      90.000     MMCME2_ADV_X1Y0  datapath/video_inst/mmcm_adv_inst_display_clocks/inst/mmcm_adv_inst/CLKIN1
Low Pulse Width   Slow    MMCME2_ADV/CLKIN1  n/a            2.000         5.000       3.000      MMCME2_ADV_X1Y0  datapath/video_inst/mmcm_adv_inst_display_clocks/inst/mmcm_adv_inst/CLKIN1
Low Pulse Width   Fast    MMCME2_ADV/CLKIN1  n/a            2.000         5.000       3.000      MMCME2_ADV_X1Y0  datapath/video_inst/mmcm_adv_inst_display_clocks/inst/mmcm_adv_inst/CLKIN1
High Pulse Width  Slow    MMCME2_ADV/CLKIN1  n/a            2.000         5.000       3.000      MMCME2_ADV_X1Y0  datapath/video_inst/mmcm_adv_inst_display_clocks/inst/mmcm_adv_inst/CLKIN1
High Pulse Width  Fast    MMCME2_ADV/CLKIN1  n/a            2.000         5.000       3.000      MMCME2_ADV_X1Y0  datapath/video_inst/mmcm_adv_inst_display_clocks/inst/mmcm_adv_inst/CLKIN1



---------------------------------------------------------------------------------------------------
From Clock:  clk_out1_clk_wiz_0
  To Clock:  clk_out1_clk_wiz_0

Setup :            0  Failing Endpoints,  Worst Slack       27.700ns,  Total Violation        0.000ns
Hold  :            0  Failing Endpoints,  Worst Slack        0.174ns,  Total Violation        0.000ns
PW    :            0  Failing Endpoints,  Worst Slack       19.500ns,  Total Violation        0.000ns
---------------------------------------------------------------------------------------------------


Max Delay Paths
--------------------------------------------------------------------------------------
Slack (MET) :             27.700ns  (required time - arrival time)
  Source:                 datapath/video_inst/Inst_vga/inst_vga_signal_generator/v_counter/processQ_reg[6]/C
                            (rising edge-triggered cell FDRE clocked by clk_out1_clk_wiz_0  {rise@0.000ns fall@20.000ns period=40.000ns})
  Destination:            datapath/video_inst/inst_dvid/TDMS_encoder_blue/encoded_reg[0]/D
                            (rising edge-triggered cell FDRE clocked by clk_out1_clk_wiz_0  {rise@0.000ns fall@20.000ns period=40.000ns})
  Path Group:             clk_out1_clk_wiz_0
  Path Type:              Setup (Max at Slow Process Corner)
  Requirement:            40.000ns  (clk_out1_clk_wiz_0 rise@40.000ns - clk_out1_clk_wiz_0 rise@0.000ns)
  Data Path Delay:        12.268ns  (logic 3.122ns (25.449%)  route 9.146ns (74.551%))
  Logic Levels:           12  (CARRY4=4 LUT2=1 LUT4=2 LUT5=1 LUT6=4)
  Clock Path Skew:        -0.017ns (DCD - SCD + CPR)
    Destination Clock Delay (DCD):    1.706ns = ( 41.706 - 40.000 ) 
    Source Clock Delay      (SCD):    1.812ns
    Clock Pessimism Removal (CPR):    0.089ns
  Clock Uncertainty:      0.095ns  ((TSJ^2 + DJ^2)^1/2) / 2 + PE
    Total System Jitter     (TSJ):    0.071ns
    Discrete Jitter          (DJ):    0.175ns
    Phase Error              (PE):    0.000ns

    Location             Delay type                Incr(ns)  Path(ns)    Netlist Resource(s)
  -------------------------------------------------------------------    -------------------
                         (clock clk_out1_clk_wiz_0 rise edge)
                                                      0.000     0.000 r  
    BUFGCTRL_X0Y2        BUFG                         0.000     0.000 r  clk_IBUF_BUFG_inst/O
                         net (fo=334, routed)         2.106     2.106    datapath/video_inst/mmcm_adv_inst_display_clocks/inst/clk_in1
    MMCME2_ADV_X1Y0      MMCME2_ADV (Prop_mmcme2_adv_CLKIN1_CLKOUT0)
                                                     -4.900    -2.793 r  datapath/video_inst/mmcm_adv_inst_display_clocks/inst/mmcm_adv_inst/CLKOUT0
                         net (fo=1, routed)           2.697    -0.096    datapath/video_inst/mmcm_adv_inst_display_clocks/inst/clk_out1_clk_wiz_0
    BUFGCTRL_X0Y4        BUFG (Prop_bufg_I_O)         0.096    -0.000 r  datapath/video_inst/mmcm_adv_inst_display_clocks/inst/clkout1_buf/O
                         net (fo=67, routed)          1.812     1.812    datapath/video_inst/Inst_vga/inst_vga_signal_generator/v_counter/clk_out1
    SLICE_X156Y126       FDRE                                         r  datapath/video_inst/Inst_vga/inst_vga_signal_generator/v_counter/processQ_reg[6]/C
  -------------------------------------------------------------------    -------------------
    SLICE_X156Y126       FDRE (Prop_fdre_C_Q)         0.456     2.268 f  datapath/video_inst/Inst_vga/inst_vga_signal_generator/v_counter/processQ_reg[6]/Q
                         net (fo=59, routed)          2.106     4.374    datapath/position[row][6]
    SLICE_X149Y128       LUT2 (Prop_lut2_I0_O)        0.124     4.498 r  datapath/dc_bias[3]_i_23/O
                         net (fo=4, routed)           0.668     5.166    datapath/video_inst/Inst_vga/inst_vga_signal_generator/v_counter/dc_bias_reg[3]_i_321_1
    SLICE_X149Y127       LUT6 (Prop_lut6_I1_O)        0.124     5.290 r  datapath/video_inst/Inst_vga/inst_vga_signal_generator/v_counter/dc_bias[3]_i_441/O
                         net (fo=1, routed)           0.401     5.692    datapath/video_inst/Inst_vga/inst_color_mapper/minusOp[4]
    SLICE_X148Y127       CARRY4 (Prop_carry4_DI[3]_CO[3])
                                                      0.396     6.088 r  datapath/video_inst/Inst_vga/inst_color_mapper/dc_bias_reg[3]_i_321/CO[3]
                         net (fo=1, routed)           0.000     6.088    datapath/video_inst/Inst_vga/inst_color_mapper/dc_bias_reg[3]_i_321_n_0
    SLICE_X148Y128       CARRY4 (Prop_carry4_CI_CO[3])
                                                      0.117     6.205 r  datapath/video_inst/Inst_vga/inst_color_mapper/dc_bias_reg[3]_i_320/CO[3]
                         net (fo=2, routed)           1.112     7.317    datapath/video_inst/Inst_vga/inst_color_mapper/processQ_reg[9]_7[0]
    SLICE_X151Y128       LUT4 (Prop_lut4_I2_O)        0.124     7.441 r  datapath/video_inst/Inst_vga/inst_color_mapper/dc_bias[3]_i_324/O
                         net (fo=1, routed)           0.000     7.441    datapath/video_inst/Inst_vga/inst_color_mapper/dc_bias[3]_i_324_n_0
    SLICE_X151Y128       CARRY4 (Prop_carry4_S[1]_O[1])
                                                      0.227     7.668 r  datapath/video_inst/Inst_vga/inst_color_mapper/dc_bias_reg[3]_i_169/O[1]
                         net (fo=1, routed)           0.594     8.262    datapath/video_inst/Inst_vga/inst_vga_signal_generator/v_counter/dc_bias_reg[3]_i_38[1]
    SLICE_X150Y129       LUT5 (Prop_lut5_I4_O)        0.303     8.565 r  datapath/video_inst/Inst_vga/inst_vga_signal_generator/v_counter/dc_bias[3]_i_85/O
                         net (fo=1, routed)           0.000     8.565    datapath/video_inst/Inst_vga/inst_color_mapper/dc_bias[3]_i_14_0[1]
    SLICE_X150Y129       CARRY4 (Prop_carry4_S[1]_O[2])
                                                      0.578     9.143 f  datapath/video_inst/Inst_vga/inst_color_mapper/dc_bias_reg[3]_i_38/O[2]
                         net (fo=1, routed)           0.501     9.644    datapath/video_inst/Inst_vga/inst_vga_signal_generator/v_counter/dc_bias[3]_i_4_0[2]
    SLICE_X151Y129       LUT4 (Prop_lut4_I2_O)        0.301     9.945 f  datapath/video_inst/Inst_vga/inst_vga_signal_generator/v_counter/dc_bias[3]_i_14/O
                         net (fo=1, routed)           0.805    10.750    datapath/video_inst/Inst_vga/inst_vga_signal_generator/v_counter/dc_bias[3]_i_14_n_0
    SLICE_X148Y125       LUT6 (Prop_lut6_I2_O)        0.124    10.874 r  datapath/video_inst/Inst_vga/inst_vga_signal_generator/v_counter/dc_bias[3]_i_4/O
                         net (fo=4, routed)           0.839    11.714    datapath/video_inst/Inst_vga/inst_vga_signal_generator/v_counter/dc_bias[3]_i_4_n_0
    SLICE_X154Y125       LUT6 (Prop_lut6_I1_O)        0.124    11.838 r  datapath/video_inst/Inst_vga/inst_vga_signal_generator/v_counter/dc_bias[3]_i_2__1/O
                         net (fo=14, routed)          2.118    13.956    datapath/video_inst/Inst_vga/inst_vga_signal_generator/v_counter/processQ_reg[0]_1
    SLICE_X158Y135       LUT6 (Prop_lut6_I4_O)        0.124    14.080 r  datapath/video_inst/Inst_vga/inst_vga_signal_generator/v_counter/encoded[0]_i_1/O
                         net (fo=1, routed)           0.000    14.080    datapath/video_inst/inst_dvid/TDMS_encoder_blue/encoded_reg[4]_0[0]
    SLICE_X158Y135       FDRE                                         r  datapath/video_inst/inst_dvid/TDMS_encoder_blue/encoded_reg[0]/D
  -------------------------------------------------------------------    -------------------

                         (clock clk_out1_clk_wiz_0 rise edge)
                                                     40.000    40.000 r  
    BUFGCTRL_X0Y2        BUFG                         0.000    40.000 r  clk_IBUF_BUFG_inst/O
                         net (fo=334, routed)         1.972    41.972    datapath/video_inst/mmcm_adv_inst_display_clocks/inst/clk_in1
    MMCME2_ADV_X1Y0      MMCME2_ADV (Prop_mmcme2_adv_CLKIN1_CLKOUT0)
                                                     -4.637    37.335 r  datapath/video_inst/mmcm_adv_inst_display_clocks/inst/mmcm_adv_inst/CLKOUT0
                         net (fo=1, routed)           2.574    39.909    datapath/video_inst/mmcm_adv_inst_display_clocks/inst/clk_out1_clk_wiz_0
    BUFGCTRL_X0Y4        BUFG (Prop_bufg_I_O)         0.091    40.000 r  datapath/video_inst/mmcm_adv_inst_display_clocks/inst/clkout1_buf/O
                         net (fo=67, routed)          1.706    41.706    datapath/video_inst/inst_dvid/TDMS_encoder_blue/clk_out1
    SLICE_X158Y135       FDRE                                         r  datapath/video_inst/inst_dvid/TDMS_encoder_blue/encoded_reg[0]/C
                         clock pessimism              0.089    41.795    
                         clock uncertainty           -0.095    41.701    
    SLICE_X158Y135       FDRE (Setup_fdre_C_D)        0.079    41.780    datapath/video_inst/inst_dvid/TDMS_encoder_blue/encoded_reg[0]
  -------------------------------------------------------------------
                         required time                         41.780    
                         arrival time                         -14.080    
  -------------------------------------------------------------------
                         slack                                 27.700    

Slack (MET) :             27.714ns  (required time - arrival time)
  Source:                 datapath/video_inst/Inst_vga/inst_vga_signal_generator/v_counter/processQ_reg[6]/C
                            (rising edge-triggered cell FDRE clocked by clk_out1_clk_wiz_0  {rise@0.000ns fall@20.000ns period=40.000ns})
  Destination:            datapath/video_inst/inst_dvid/TDMS_encoder_blue/encoded_reg[4]/D
                            (rising edge-triggered cell FDRE clocked by clk_out1_clk_wiz_0  {rise@0.000ns fall@20.000ns period=40.000ns})
  Path Group:             clk_out1_clk_wiz_0
  Path Type:              Setup (Max at Slow Process Corner)
  Requirement:            40.000ns  (clk_out1_clk_wiz_0 rise@40.000ns - clk_out1_clk_wiz_0 rise@0.000ns)
  Data Path Delay:        12.254ns  (logic 3.122ns (25.478%)  route 9.132ns (74.522%))
  Logic Levels:           12  (CARRY4=4 LUT2=1 LUT4=2 LUT5=1 LUT6=4)
  Clock Path Skew:        -0.017ns (DCD - SCD + CPR)
    Destination Clock Delay (DCD):    1.706ns = ( 41.706 - 40.000 ) 
    Source Clock Delay      (SCD):    1.812ns
    Clock Pessimism Removal (CPR):    0.089ns
  Clock Uncertainty:      0.095ns  ((TSJ^2 + DJ^2)^1/2) / 2 + PE
    Total System Jitter     (TSJ):    0.071ns
    Discrete Jitter          (DJ):    0.175ns
    Phase Error              (PE):    0.000ns

    Location             Delay type                Incr(ns)  Path(ns)    Netlist Resource(s)
  -------------------------------------------------------------------    -------------------
                         (clock clk_out1_clk_wiz_0 rise edge)
                                                      0.000     0.000 r  
    BUFGCTRL_X0Y2        BUFG                         0.000     0.000 r  clk_IBUF_BUFG_inst/O
                         net (fo=334, routed)         2.106     2.106    datapath/video_inst/mmcm_adv_inst_display_clocks/inst/clk_in1
    MMCME2_ADV_X1Y0      MMCME2_ADV (Prop_mmcme2_adv_CLKIN1_CLKOUT0)
                                                     -4.900    -2.793 r  datapath/video_inst/mmcm_adv_inst_display_clocks/inst/mmcm_adv_inst/CLKOUT0
                         net (fo=1, routed)           2.697    -0.096    datapath/video_inst/mmcm_adv_inst_display_clocks/inst/clk_out1_clk_wiz_0
    BUFGCTRL_X0Y4        BUFG (Prop_bufg_I_O)         0.096    -0.000 r  datapath/video_inst/mmcm_adv_inst_display_clocks/inst/clkout1_buf/O
                         net (fo=67, routed)          1.812     1.812    datapath/video_inst/Inst_vga/inst_vga_signal_generator/v_counter/clk_out1
    SLICE_X156Y126       FDRE                                         r  datapath/video_inst/Inst_vga/inst_vga_signal_generator/v_counter/processQ_reg[6]/C
  -------------------------------------------------------------------    -------------------
    SLICE_X156Y126       FDRE (Prop_fdre_C_Q)         0.456     2.268 f  datapath/video_inst/Inst_vga/inst_vga_signal_generator/v_counter/processQ_reg[6]/Q
                         net (fo=59, routed)          2.106     4.374    datapath/position[row][6]
    SLICE_X149Y128       LUT2 (Prop_lut2_I0_O)        0.124     4.498 r  datapath/dc_bias[3]_i_23/O
                         net (fo=4, routed)           0.668     5.166    datapath/video_inst/Inst_vga/inst_vga_signal_generator/v_counter/dc_bias_reg[3]_i_321_1
    SLICE_X149Y127       LUT6 (Prop_lut6_I1_O)        0.124     5.290 r  datapath/video_inst/Inst_vga/inst_vga_signal_generator/v_counter/dc_bias[3]_i_441/O
                         net (fo=1, routed)           0.401     5.692    datapath/video_inst/Inst_vga/inst_color_mapper/minusOp[4]
    SLICE_X148Y127       CARRY4 (Prop_carry4_DI[3]_CO[3])
                                                      0.396     6.088 r  datapath/video_inst/Inst_vga/inst_color_mapper/dc_bias_reg[3]_i_321/CO[3]
                         net (fo=1, routed)           0.000     6.088    datapath/video_inst/Inst_vga/inst_color_mapper/dc_bias_reg[3]_i_321_n_0
    SLICE_X148Y128       CARRY4 (Prop_carry4_CI_CO[3])
                                                      0.117     6.205 r  datapath/video_inst/Inst_vga/inst_color_mapper/dc_bias_reg[3]_i_320/CO[3]
                         net (fo=2, routed)           1.112     7.317    datapath/video_inst/Inst_vga/inst_color_mapper/processQ_reg[9]_7[0]
    SLICE_X151Y128       LUT4 (Prop_lut4_I2_O)        0.124     7.441 r  datapath/video_inst/Inst_vga/inst_color_mapper/dc_bias[3]_i_324/O
                         net (fo=1, routed)           0.000     7.441    datapath/video_inst/Inst_vga/inst_color_mapper/dc_bias[3]_i_324_n_0
    SLICE_X151Y128       CARRY4 (Prop_carry4_S[1]_O[1])
                                                      0.227     7.668 r  datapath/video_inst/Inst_vga/inst_color_mapper/dc_bias_reg[3]_i_169/O[1]
                         net (fo=1, routed)           0.594     8.262    datapath/video_inst/Inst_vga/inst_vga_signal_generator/v_counter/dc_bias_reg[3]_i_38[1]
    SLICE_X150Y129       LUT5 (Prop_lut5_I4_O)        0.303     8.565 r  datapath/video_inst/Inst_vga/inst_vga_signal_generator/v_counter/dc_bias[3]_i_85/O
                         net (fo=1, routed)           0.000     8.565    datapath/video_inst/Inst_vga/inst_color_mapper/dc_bias[3]_i_14_0[1]
    SLICE_X150Y129       CARRY4 (Prop_carry4_S[1]_O[2])
                                                      0.578     9.143 f  datapath/video_inst/Inst_vga/inst_color_mapper/dc_bias_reg[3]_i_38/O[2]
                         net (fo=1, routed)           0.501     9.644    datapath/video_inst/Inst_vga/inst_vga_signal_generator/v_counter/dc_bias[3]_i_4_0[2]
    SLICE_X151Y129       LUT4 (Prop_lut4_I2_O)        0.301     9.945 f  datapath/video_inst/Inst_vga/inst_vga_signal_generator/v_counter/dc_bias[3]_i_14/O
                         net (fo=1, routed)           0.805    10.750    datapath/video_inst/Inst_vga/inst_vga_signal_generator/v_counter/dc_bias[3]_i_14_n_0
    SLICE_X148Y125       LUT6 (Prop_lut6_I2_O)        0.124    10.874 r  datapath/video_inst/Inst_vga/inst_vga_signal_generator/v_counter/dc_bias[3]_i_4/O
                         net (fo=4, routed)           0.839    11.714    datapath/video_inst/Inst_vga/inst_vga_signal_generator/v_counter/dc_bias[3]_i_4_n_0
    SLICE_X154Y125       LUT6 (Prop_lut6_I1_O)        0.124    11.838 r  datapath/video_inst/Inst_vga/inst_vga_signal_generator/v_counter/dc_bias[3]_i_2__1/O
                         net (fo=14, routed)          2.104    13.942    datapath/video_inst/Inst_vga/inst_vga_signal_generator/v_counter/processQ_reg[0]_1
    SLICE_X158Y135       LUT6 (Prop_lut6_I4_O)        0.124    14.066 r  datapath/video_inst/Inst_vga/inst_vga_signal_generator/v_counter/encoded[4]_i_1/O
                         net (fo=1, routed)           0.000    14.066    datapath/video_inst/inst_dvid/TDMS_encoder_blue/encoded_reg[4]_0[3]
    SLICE_X158Y135       FDRE                                         r  datapath/video_inst/inst_dvid/TDMS_encoder_blue/encoded_reg[4]/D
  -------------------------------------------------------------------    -------------------

                         (clock clk_out1_clk_wiz_0 rise edge)
                                                     40.000    40.000 r  
    BUFGCTRL_X0Y2        BUFG                         0.000    40.000 r  clk_IBUF_BUFG_inst/O
                         net (fo=334, routed)         1.972    41.972    datapath/video_inst/mmcm_adv_inst_display_clocks/inst/clk_in1
    MMCME2_ADV_X1Y0      MMCME2_ADV (Prop_mmcme2_adv_CLKIN1_CLKOUT0)
                                                     -4.637    37.335 r  datapath/video_inst/mmcm_adv_inst_display_clocks/inst/mmcm_adv_inst/CLKOUT0
                         net (fo=1, routed)           2.574    39.909    datapath/video_inst/mmcm_adv_inst_display_clocks/inst/clk_out1_clk_wiz_0
    BUFGCTRL_X0Y4        BUFG (Prop_bufg_I_O)         0.091    40.000 r  datapath/video_inst/mmcm_adv_inst_display_clocks/inst/clkout1_buf/O
                         net (fo=67, routed)          1.706    41.706    datapath/video_inst/inst_dvid/TDMS_encoder_blue/clk_out1
    SLICE_X158Y135       FDRE                                         r  datapath/video_inst/inst_dvid/TDMS_encoder_blue/encoded_reg[4]/C
                         clock pessimism              0.089    41.795    
                         clock uncertainty           -0.095    41.701    
    SLICE_X158Y135       FDRE (Setup_fdre_C_D)        0.079    41.780    datapath/video_inst/inst_dvid/TDMS_encoder_blue/encoded_reg[4]
  -------------------------------------------------------------------
                         required time                         41.780    
                         arrival time                         -14.066    
  -------------------------------------------------------------------
                         slack                                 27.714    

Slack (MET) :             27.867ns  (required time - arrival time)
  Source:                 datapath/video_inst/Inst_vga/inst_vga_signal_generator/v_counter/processQ_reg[6]/C
                            (rising edge-triggered cell FDRE clocked by clk_out1_clk_wiz_0  {rise@0.000ns fall@20.000ns period=40.000ns})
  Destination:            datapath/video_inst/inst_dvid/TDMS_encoder_green/encoded_reg[2]/D
                            (rising edge-triggered cell FDSE clocked by clk_out1_clk_wiz_0  {rise@0.000ns fall@20.000ns period=40.000ns})
  Path Group:             clk_out1_clk_wiz_0
  Path Type:              Setup (Max at Slow Process Corner)
  Requirement:            40.000ns  (clk_out1_clk_wiz_0 rise@40.000ns - clk_out1_clk_wiz_0 rise@0.000ns)
  Data Path Delay:        11.959ns  (logic 3.122ns (26.106%)  route 8.837ns (73.894%))
  Logic Levels:           12  (CARRY4=4 LUT2=1 LUT4=2 LUT5=1 LUT6=4)
  Clock Path Skew:        -0.018ns (DCD - SCD + CPR)
    Destination Clock Delay (DCD):    1.705ns = ( 41.705 - 40.000 ) 
    Source Clock Delay      (SCD):    1.812ns
    Clock Pessimism Removal (CPR):    0.089ns
  Clock Uncertainty:      0.095ns  ((TSJ^2 + DJ^2)^1/2) / 2 + PE
    Total System Jitter     (TSJ):    0.071ns
    Discrete Jitter          (DJ):    0.175ns
    Phase Error              (PE):    0.000ns

    Location             Delay type                Incr(ns)  Path(ns)    Netlist Resource(s)
  -------------------------------------------------------------------    -------------------
                         (clock clk_out1_clk_wiz_0 rise edge)
                                                      0.000     0.000 r  
    BUFGCTRL_X0Y2        BUFG                         0.000     0.000 r  clk_IBUF_BUFG_inst/O
                         net (fo=334, routed)         2.106     2.106    datapath/video_inst/mmcm_adv_inst_display_clocks/inst/clk_in1
    MMCME2_ADV_X1Y0      MMCME2_ADV (Prop_mmcme2_adv_CLKIN1_CLKOUT0)
                                                     -4.900    -2.793 r  datapath/video_inst/mmcm_adv_inst_display_clocks/inst/mmcm_adv_inst/CLKOUT0
                         net (fo=1, routed)           2.697    -0.096    datapath/video_inst/mmcm_adv_inst_display_clocks/inst/clk_out1_clk_wiz_0
    BUFGCTRL_X0Y4        BUFG (Prop_bufg_I_O)         0.096    -0.000 r  datapath/video_inst/mmcm_adv_inst_display_clocks/inst/clkout1_buf/O
                         net (fo=67, routed)          1.812     1.812    datapath/video_inst/Inst_vga/inst_vga_signal_generator/v_counter/clk_out1
    SLICE_X156Y126       FDRE                                         r  datapath/video_inst/Inst_vga/inst_vga_signal_generator/v_counter/processQ_reg[6]/C
  -------------------------------------------------------------------    -------------------
    SLICE_X156Y126       FDRE (Prop_fdre_C_Q)         0.456     2.268 f  datapath/video_inst/Inst_vga/inst_vga_signal_generator/v_counter/processQ_reg[6]/Q
                         net (fo=59, routed)          2.106     4.374    datapath/position[row][6]
    SLICE_X149Y128       LUT2 (Prop_lut2_I0_O)        0.124     4.498 r  datapath/dc_bias[3]_i_23/O
                         net (fo=4, routed)           0.668     5.166    datapath/video_inst/Inst_vga/inst_vga_signal_generator/v_counter/dc_bias_reg[3]_i_321_1
    SLICE_X149Y127       LUT6 (Prop_lut6_I1_O)        0.124     5.290 r  datapath/video_inst/Inst_vga/inst_vga_signal_generator/v_counter/dc_bias[3]_i_441/O
                         net (fo=1, routed)           0.401     5.692    datapath/video_inst/Inst_vga/inst_color_mapper/minusOp[4]
    SLICE_X148Y127       CARRY4 (Prop_carry4_DI[3]_CO[3])
                                                      0.396     6.088 r  datapath/video_inst/Inst_vga/inst_color_mapper/dc_bias_reg[3]_i_321/CO[3]
                         net (fo=1, routed)           0.000     6.088    datapath/video_inst/Inst_vga/inst_color_mapper/dc_bias_reg[3]_i_321_n_0
    SLICE_X148Y128       CARRY4 (Prop_carry4_CI_CO[3])
                                                      0.117     6.205 r  datapath/video_inst/Inst_vga/inst_color_mapper/dc_bias_reg[3]_i_320/CO[3]
                         net (fo=2, routed)           1.112     7.317    datapath/video_inst/Inst_vga/inst_color_mapper/processQ_reg[9]_7[0]
    SLICE_X151Y128       LUT4 (Prop_lut4_I2_O)        0.124     7.441 r  datapath/video_inst/Inst_vga/inst_color_mapper/dc_bias[3]_i_324/O
                         net (fo=1, routed)           0.000     7.441    datapath/video_inst/Inst_vga/inst_color_mapper/dc_bias[3]_i_324_n_0
    SLICE_X151Y128       CARRY4 (Prop_carry4_S[1]_O[1])
                                                      0.227     7.668 r  datapath/video_inst/Inst_vga/inst_color_mapper/dc_bias_reg[3]_i_169/O[1]
                         net (fo=1, routed)           0.594     8.262    datapath/video_inst/Inst_vga/inst_vga_signal_generator/v_counter/dc_bias_reg[3]_i_38[1]
    SLICE_X150Y129       LUT5 (Prop_lut5_I4_O)        0.303     8.565 r  datapath/video_inst/Inst_vga/inst_vga_signal_generator/v_counter/dc_bias[3]_i_85/O
                         net (fo=1, routed)           0.000     8.565    datapath/video_inst/Inst_vga/inst_color_mapper/dc_bias[3]_i_14_0[1]
    SLICE_X150Y129       CARRY4 (Prop_carry4_S[1]_O[2])
                                                      0.578     9.143 f  datapath/video_inst/Inst_vga/inst_color_mapper/dc_bias_reg[3]_i_38/O[2]
                         net (fo=1, routed)           0.501     9.644    datapath/video_inst/Inst_vga/inst_vga_signal_generator/v_counter/dc_bias[3]_i_4_0[2]
    SLICE_X151Y129       LUT4 (Prop_lut4_I2_O)        0.301     9.945 f  datapath/video_inst/Inst_vga/inst_vga_signal_generator/v_counter/dc_bias[3]_i_14/O
                         net (fo=1, routed)           0.805    10.750    datapath/video_inst/Inst_vga/inst_vga_signal_generator/v_counter/dc_bias[3]_i_14_n_0
    SLICE_X148Y125       LUT6 (Prop_lut6_I2_O)        0.124    10.874 r  datapath/video_inst/Inst_vga/inst_vga_signal_generator/v_counter/dc_bias[3]_i_4/O
                         net (fo=4, routed)           0.848    11.723    datapath/video_inst/Inst_vga/inst_vga_signal_generator/v_counter/dc_bias[3]_i_4_n_0
    SLICE_X154Y125       LUT6 (Prop_lut6_I2_O)        0.124    11.847 r  datapath/video_inst/Inst_vga/inst_vga_signal_generator/v_counter/dc_bias[3]_i_3/O
                         net (fo=7, routed)           1.280    13.127    datapath/video_inst/inst_dvid/TDMS_encoder_green/pixel[color][1]
    SLICE_X159Y132       LUT6 (Prop_lut6_I5_O)        0.124    13.251 r  datapath/video_inst/inst_dvid/TDMS_encoder_green/encoded[1]_i_1/O
                         net (fo=2, routed)           0.521    13.771    datapath/video_inst/inst_dvid/TDMS_encoder_green/encoded[1]_i_1_n_0
    SLICE_X159Y134       FDSE                                         r  datapath/video_inst/inst_dvid/TDMS_encoder_green/encoded_reg[2]/D
  -------------------------------------------------------------------    -------------------

                         (clock clk_out1_clk_wiz_0 rise edge)
                                                     40.000    40.000 r  
    BUFGCTRL_X0Y2        BUFG                         0.000    40.000 r  clk_IBUF_BUFG_inst/O
                         net (fo=334, routed)         1.972    41.972    datapath/video_inst/mmcm_adv_inst_display_clocks/inst/clk_in1
    MMCME2_ADV_X1Y0      MMCME2_ADV (Prop_mmcme2_adv_CLKIN1_CLKOUT0)
                                                     -4.637    37.335 r  datapath/video_inst/mmcm_adv_inst_display_clocks/inst/mmcm_adv_inst/CLKOUT0
                         net (fo=1, routed)           2.574    39.909    datapath/video_inst/mmcm_adv_inst_display_clocks/inst/clk_out1_clk_wiz_0
    BUFGCTRL_X0Y4        BUFG (Prop_bufg_I_O)         0.091    40.000 r  datapath/video_inst/mmcm_adv_inst_display_clocks/inst/clkout1_buf/O
                         net (fo=67, routed)          1.705    41.705    datapath/video_inst/inst_dvid/TDMS_encoder_green/clk_out1
    SLICE_X159Y134       FDSE                                         r  datapath/video_inst/inst_dvid/TDMS_encoder_green/encoded_reg[2]/C
                         clock pessimism              0.089    41.794    
                         clock uncertainty           -0.095    41.700    
    SLICE_X159Y134       FDSE (Setup_fdse_C_D)       -0.062    41.638    datapath/video_inst/inst_dvid/TDMS_encoder_green/encoded_reg[2]
  -------------------------------------------------------------------
                         required time                         41.638    
                         arrival time                         -13.771    
  -------------------------------------------------------------------
                         slack                                 27.867    

Slack (MET) :             28.047ns  (required time - arrival time)
  Source:                 datapath/video_inst/Inst_vga/inst_vga_signal_generator/v_counter/processQ_reg[6]/C
                            (rising edge-triggered cell FDRE clocked by clk_out1_clk_wiz_0  {rise@0.000ns fall@20.000ns period=40.000ns})
  Destination:            datapath/video_inst/inst_dvid/TDMS_encoder_blue/encoded_reg[1]/D
                            (rising edge-triggered cell FDRE clocked by clk_out1_clk_wiz_0  {rise@0.000ns fall@20.000ns period=40.000ns})
  Path Group:             clk_out1_clk_wiz_0
  Path Type:              Setup (Max at Slow Process Corner)
  Requirement:            40.000ns  (clk_out1_clk_wiz_0 rise@40.000ns - clk_out1_clk_wiz_0 rise@0.000ns)
  Data Path Delay:        11.919ns  (logic 3.122ns (26.194%)  route 8.797ns (73.806%))
  Logic Levels:           12  (CARRY4=4 LUT2=1 LUT4=2 LUT5=1 LUT6=4)
  Clock Path Skew:        -0.017ns (DCD - SCD + CPR)
    Destination Clock Delay (DCD):    1.706ns = ( 41.706 - 40.000 ) 
    Source Clock Delay      (SCD):    1.812ns
    Clock Pessimism Removal (CPR):    0.089ns
  Clock Uncertainty:      0.095ns  ((TSJ^2 + DJ^2)^1/2) / 2 + PE
    Total System Jitter     (TSJ):    0.071ns
    Discrete Jitter          (DJ):    0.175ns
    Phase Error              (PE):    0.000ns

    Location             Delay type                Incr(ns)  Path(ns)    Netlist Resource(s)
  -------------------------------------------------------------------    -------------------
                         (clock clk_out1_clk_wiz_0 rise edge)
                                                      0.000     0.000 r  
    BUFGCTRL_X0Y2        BUFG                         0.000     0.000 r  clk_IBUF_BUFG_inst/O
                         net (fo=334, routed)         2.106     2.106    datapath/video_inst/mmcm_adv_inst_display_clocks/inst/clk_in1
    MMCME2_ADV_X1Y0      MMCME2_ADV (Prop_mmcme2_adv_CLKIN1_CLKOUT0)
                                                     -4.900    -2.793 r  datapath/video_inst/mmcm_adv_inst_display_clocks/inst/mmcm_adv_inst/CLKOUT0
                         net (fo=1, routed)           2.697    -0.096    datapath/video_inst/mmcm_adv_inst_display_clocks/inst/clk_out1_clk_wiz_0
    BUFGCTRL_X0Y4        BUFG (Prop_bufg_I_O)         0.096    -0.000 r  datapath/video_inst/mmcm_adv_inst_display_clocks/inst/clkout1_buf/O
                         net (fo=67, routed)          1.812     1.812    datapath/video_inst/Inst_vga/inst_vga_signal_generator/v_counter/clk_out1
    SLICE_X156Y126       FDRE                                         r  datapath/video_inst/Inst_vga/inst_vga_signal_generator/v_counter/processQ_reg[6]/C
  -------------------------------------------------------------------    -------------------
    SLICE_X156Y126       FDRE (Prop_fdre_C_Q)         0.456     2.268 f  datapath/video_inst/Inst_vga/inst_vga_signal_generator/v_counter/processQ_reg[6]/Q
                         net (fo=59, routed)          2.106     4.374    datapath/position[row][6]
    SLICE_X149Y128       LUT2 (Prop_lut2_I0_O)        0.124     4.498 r  datapath/dc_bias[3]_i_23/O
                         net (fo=4, routed)           0.668     5.166    datapath/video_inst/Inst_vga/inst_vga_signal_generator/v_counter/dc_bias_reg[3]_i_321_1
    SLICE_X149Y127       LUT6 (Prop_lut6_I1_O)        0.124     5.290 r  datapath/video_inst/Inst_vga/inst_vga_signal_generator/v_counter/dc_bias[3]_i_441/O
                         net (fo=1, routed)           0.401     5.692    datapath/video_inst/Inst_vga/inst_color_mapper/minusOp[4]
    SLICE_X148Y127       CARRY4 (Prop_carry4_DI[3]_CO[3])
                                                      0.396     6.088 r  datapath/video_inst/Inst_vga/inst_color_mapper/dc_bias_reg[3]_i_321/CO[3]
                         net (fo=1, routed)           0.000     6.088    datapath/video_inst/Inst_vga/inst_color_mapper/dc_bias_reg[3]_i_321_n_0
    SLICE_X148Y128       CARRY4 (Prop_carry4_CI_CO[3])
                                                      0.117     6.205 r  datapath/video_inst/Inst_vga/inst_color_mapper/dc_bias_reg[3]_i_320/CO[3]
                         net (fo=2, routed)           1.112     7.317    datapath/video_inst/Inst_vga/inst_color_mapper/processQ_reg[9]_7[0]
    SLICE_X151Y128       LUT4 (Prop_lut4_I2_O)        0.124     7.441 r  datapath/video_inst/Inst_vga/inst_color_mapper/dc_bias[3]_i_324/O
                         net (fo=1, routed)           0.000     7.441    datapath/video_inst/Inst_vga/inst_color_mapper/dc_bias[3]_i_324_n_0
    SLICE_X151Y128       CARRY4 (Prop_carry4_S[1]_O[1])
                                                      0.227     7.668 r  datapath/video_inst/Inst_vga/inst_color_mapper/dc_bias_reg[3]_i_169/O[1]
                         net (fo=1, routed)           0.594     8.262    datapath/video_inst/Inst_vga/inst_vga_signal_generator/v_counter/dc_bias_reg[3]_i_38[1]
    SLICE_X150Y129       LUT5 (Prop_lut5_I4_O)        0.303     8.565 r  datapath/video_inst/Inst_vga/inst_vga_signal_generator/v_counter/dc_bias[3]_i_85/O
                         net (fo=1, routed)           0.000     8.565    datapath/video_inst/Inst_vga/inst_color_mapper/dc_bias[3]_i_14_0[1]
    SLICE_X150Y129       CARRY4 (Prop_carry4_S[1]_O[2])
                                                      0.578     9.143 f  datapath/video_inst/Inst_vga/inst_color_mapper/dc_bias_reg[3]_i_38/O[2]
                         net (fo=1, routed)           0.501     9.644    datapath/video_inst/Inst_vga/inst_vga_signal_generator/v_counter/dc_bias[3]_i_4_0[2]
    SLICE_X151Y129       LUT4 (Prop_lut4_I2_O)        0.301     9.945 f  datapath/video_inst/Inst_vga/inst_vga_signal_generator/v_counter/dc_bias[3]_i_14/O
                         net (fo=1, routed)           0.805    10.750    datapath/video_inst/Inst_vga/inst_vga_signal_generator/v_counter/dc_bias[3]_i_14_n_0
    SLICE_X148Y125       LUT6 (Prop_lut6_I2_O)        0.124    10.874 r  datapath/video_inst/Inst_vga/inst_vga_signal_generator/v_counter/dc_bias[3]_i_4/O
                         net (fo=4, routed)           0.839    11.714    datapath/video_inst/Inst_vga/inst_vga_signal_generator/v_counter/dc_bias[3]_i_4_n_0
    SLICE_X154Y125       LUT6 (Prop_lut6_I1_O)        0.124    11.838 r  datapath/video_inst/Inst_vga/inst_vga_signal_generator/v_counter/dc_bias[3]_i_2__1/O
                         net (fo=14, routed)          1.769    13.607    datapath/video_inst/Inst_vga/inst_vga_signal_generator/v_counter/processQ_reg[0]_1
    SLICE_X158Y135       LUT6 (Prop_lut6_I4_O)        0.124    13.731 r  datapath/video_inst/Inst_vga/inst_vga_signal_generator/v_counter/encoded[1]_i_1__0/O
                         net (fo=1, routed)           0.000    13.731    datapath/video_inst/inst_dvid/TDMS_encoder_blue/encoded_reg[4]_0[1]
    SLICE_X158Y135       FDRE                                         r  datapath/video_inst/inst_dvid/TDMS_encoder_blue/encoded_reg[1]/D
  -------------------------------------------------------------------    -------------------

                         (clock clk_out1_clk_wiz_0 rise edge)
                                                     40.000    40.000 r  
    BUFGCTRL_X0Y2        BUFG                         0.000    40.000 r  clk_IBUF_BUFG_inst/O
                         net (fo=334, routed)         1.972    41.972    datapath/video_inst/mmcm_adv_inst_display_clocks/inst/clk_in1
    MMCME2_ADV_X1Y0      MMCME2_ADV (Prop_mmcme2_adv_CLKIN1_CLKOUT0)
                                                     -4.637    37.335 r  datapath/video_inst/mmcm_adv_inst_display_clocks/inst/mmcm_adv_inst/CLKOUT0
                         net (fo=1, routed)           2.574    39.909    datapath/video_inst/mmcm_adv_inst_display_clocks/inst/clk_out1_clk_wiz_0
    BUFGCTRL_X0Y4        BUFG (Prop_bufg_I_O)         0.091    40.000 r  datapath/video_inst/mmcm_adv_inst_display_clocks/inst/clkout1_buf/O
                         net (fo=67, routed)          1.706    41.706    datapath/video_inst/inst_dvid/TDMS_encoder_blue/clk_out1
    SLICE_X158Y135       FDRE                                         r  datapath/video_inst/inst_dvid/TDMS_encoder_blue/encoded_reg[1]/C
                         clock pessimism              0.089    41.795    
                         clock uncertainty           -0.095    41.701    
    SLICE_X158Y135       FDRE (Setup_fdre_C_D)        0.077    41.778    datapath/video_inst/inst_dvid/TDMS_encoder_blue/encoded_reg[1]
  -------------------------------------------------------------------
                         required time                         41.778    
                         arrival time                         -13.731    
  -------------------------------------------------------------------
                         slack                                 28.047    

Slack (MET) :             28.053ns  (required time - arrival time)
  Source:                 datapath/video_inst/Inst_vga/inst_vga_signal_generator/v_counter/processQ_reg[6]/C
                            (rising edge-triggered cell FDRE clocked by clk_out1_clk_wiz_0  {rise@0.000ns fall@20.000ns period=40.000ns})
  Destination:            datapath/video_inst/inst_dvid/TDMS_encoder_blue/encoded_reg[2]/D
                            (rising edge-triggered cell FDRE clocked by clk_out1_clk_wiz_0  {rise@0.000ns fall@20.000ns period=40.000ns})
  Path Group:             clk_out1_clk_wiz_0
  Path Type:              Setup (Max at Slow Process Corner)
  Requirement:            40.000ns  (clk_out1_clk_wiz_0 rise@40.000ns - clk_out1_clk_wiz_0 rise@0.000ns)
  Data Path Delay:        11.917ns  (logic 3.122ns (26.198%)  route 8.795ns (73.802%))
  Logic Levels:           12  (CARRY4=4 LUT2=1 LUT4=2 LUT5=1 LUT6=4)
  Clock Path Skew:        -0.017ns (DCD - SCD + CPR)
    Destination Clock Delay (DCD):    1.706ns = ( 41.706 - 40.000 ) 
    Source Clock Delay      (SCD):    1.812ns
    Clock Pessimism Removal (CPR):    0.089ns
  Clock Uncertainty:      0.095ns  ((TSJ^2 + DJ^2)^1/2) / 2 + PE
    Total System Jitter     (TSJ):    0.071ns
    Discrete Jitter          (DJ):    0.175ns
    Phase Error              (PE):    0.000ns

    Location             Delay type                Incr(ns)  Path(ns)    Netlist Resource(s)
  -------------------------------------------------------------------    -------------------
                         (clock clk_out1_clk_wiz_0 rise edge)
                                                      0.000     0.000 r  
    BUFGCTRL_X0Y2        BUFG                         0.000     0.000 r  clk_IBUF_BUFG_inst/O
                         net (fo=334, routed)         2.106     2.106    datapath/video_inst/mmcm_adv_inst_display_clocks/inst/clk_in1
    MMCME2_ADV_X1Y0      MMCME2_ADV (Prop_mmcme2_adv_CLKIN1_CLKOUT0)
                                                     -4.900    -2.793 r  datapath/video_inst/mmcm_adv_inst_display_clocks/inst/mmcm_adv_inst/CLKOUT0
                         net (fo=1, routed)           2.697    -0.096    datapath/video_inst/mmcm_adv_inst_display_clocks/inst/clk_out1_clk_wiz_0
    BUFGCTRL_X0Y4        BUFG (Prop_bufg_I_O)         0.096    -0.000 r  datapath/video_inst/mmcm_adv_inst_display_clocks/inst/clkout1_buf/O
                         net (fo=67, routed)          1.812     1.812    datapath/video_inst/Inst_vga/inst_vga_signal_generator/v_counter/clk_out1
    SLICE_X156Y126       FDRE                                         r  datapath/video_inst/Inst_vga/inst_vga_signal_generator/v_counter/processQ_reg[6]/C
  -------------------------------------------------------------------    -------------------
    SLICE_X156Y126       FDRE (Prop_fdre_C_Q)         0.456     2.268 f  datapath/video_inst/Inst_vga/inst_vga_signal_generator/v_counter/processQ_reg[6]/Q
                         net (fo=59, routed)          2.106     4.374    datapath/position[row][6]
    SLICE_X149Y128       LUT2 (Prop_lut2_I0_O)        0.124     4.498 r  datapath/dc_bias[3]_i_23/O
                         net (fo=4, routed)           0.668     5.166    datapath/video_inst/Inst_vga/inst_vga_signal_generator/v_counter/dc_bias_reg[3]_i_321_1
    SLICE_X149Y127       LUT6 (Prop_lut6_I1_O)        0.124     5.290 r  datapath/video_inst/Inst_vga/inst_vga_signal_generator/v_counter/dc_bias[3]_i_441/O
                         net (fo=1, routed)           0.401     5.692    datapath/video_inst/Inst_vga/inst_color_mapper/minusOp[4]
    SLICE_X148Y127       CARRY4 (Prop_carry4_DI[3]_CO[3])
                                                      0.396     6.088 r  datapath/video_inst/Inst_vga/inst_color_mapper/dc_bias_reg[3]_i_321/CO[3]
                         net (fo=1, routed)           0.000     6.088    datapath/video_inst/Inst_vga/inst_color_mapper/dc_bias_reg[3]_i_321_n_0
    SLICE_X148Y128       CARRY4 (Prop_carry4_CI_CO[3])
                                                      0.117     6.205 r  datapath/video_inst/Inst_vga/inst_color_mapper/dc_bias_reg[3]_i_320/CO[3]
                         net (fo=2, routed)           1.112     7.317    datapath/video_inst/Inst_vga/inst_color_mapper/processQ_reg[9]_7[0]
    SLICE_X151Y128       LUT4 (Prop_lut4_I2_O)        0.124     7.441 r  datapath/video_inst/Inst_vga/inst_color_mapper/dc_bias[3]_i_324/O
                         net (fo=1, routed)           0.000     7.441    datapath/video_inst/Inst_vga/inst_color_mapper/dc_bias[3]_i_324_n_0
    SLICE_X151Y128       CARRY4 (Prop_carry4_S[1]_O[1])
                                                      0.227     7.668 r  datapath/video_inst/Inst_vga/inst_color_mapper/dc_bias_reg[3]_i_169/O[1]
                         net (fo=1, routed)           0.594     8.262    datapath/video_inst/Inst_vga/inst_vga_signal_generator/v_counter/dc_bias_reg[3]_i_38[1]
    SLICE_X150Y129       LUT5 (Prop_lut5_I4_O)        0.303     8.565 r  datapath/video_inst/Inst_vga/inst_vga_signal_generator/v_counter/dc_bias[3]_i_85/O
                         net (fo=1, routed)           0.000     8.565    datapath/video_inst/Inst_vga/inst_color_mapper/dc_bias[3]_i_14_0[1]
    SLICE_X150Y129       CARRY4 (Prop_carry4_S[1]_O[2])
                                                      0.578     9.143 f  datapath/video_inst/Inst_vga/inst_color_mapper/dc_bias_reg[3]_i_38/O[2]
                         net (fo=1, routed)           0.501     9.644    datapath/video_inst/Inst_vga/inst_vga_signal_generator/v_counter/dc_bias[3]_i_4_0[2]
    SLICE_X151Y129       LUT4 (Prop_lut4_I2_O)        0.301     9.945 f  datapath/video_inst/Inst_vga/inst_vga_signal_generator/v_counter/dc_bias[3]_i_14/O
                         net (fo=1, routed)           0.805    10.750    datapath/video_inst/Inst_vga/inst_vga_signal_generator/v_counter/dc_bias[3]_i_14_n_0
    SLICE_X148Y125       LUT6 (Prop_lut6_I2_O)        0.124    10.874 r  datapath/video_inst/Inst_vga/inst_vga_signal_generator/v_counter/dc_bias[3]_i_4/O
                         net (fo=4, routed)           0.839    11.714    datapath/video_inst/Inst_vga/inst_vga_signal_generator/v_counter/dc_bias[3]_i_4_n_0
    SLICE_X154Y125       LUT6 (Prop_lut6_I1_O)        0.124    11.838 r  datapath/video_inst/Inst_vga/inst_vga_signal_generator/v_counter/dc_bias[3]_i_2__1/O
                         net (fo=14, routed)          1.767    13.605    datapath/video_inst/Inst_vga/inst_vga_signal_generator/v_counter/processQ_reg[0]_1
    SLICE_X158Y135       LUT6 (Prop_lut6_I4_O)        0.124    13.729 r  datapath/video_inst/Inst_vga/inst_vga_signal_generator/v_counter/encoded[2]_i_1/O
                         net (fo=1, routed)           0.000    13.729    datapath/video_inst/inst_dvid/TDMS_encoder_blue/encoded_reg[4]_0[2]
    SLICE_X158Y135       FDRE                                         r  datapath/video_inst/inst_dvid/TDMS_encoder_blue/encoded_reg[2]/D
  -------------------------------------------------------------------    -------------------

                         (clock clk_out1_clk_wiz_0 rise edge)
                                                     40.000    40.000 r  
    BUFGCTRL_X0Y2        BUFG                         0.000    40.000 r  clk_IBUF_BUFG_inst/O
                         net (fo=334, routed)         1.972    41.972    datapath/video_inst/mmcm_adv_inst_display_clocks/inst/clk_in1
    MMCME2_ADV_X1Y0      MMCME2_ADV (Prop_mmcme2_adv_CLKIN1_CLKOUT0)
                                                     -4.637    37.335 r  datapath/video_inst/mmcm_adv_inst_display_clocks/inst/mmcm_adv_inst/CLKOUT0
                         net (fo=1, routed)           2.574    39.909    datapath/video_inst/mmcm_adv_inst_display_clocks/inst/clk_out1_clk_wiz_0
    BUFGCTRL_X0Y4        BUFG (Prop_bufg_I_O)         0.091    40.000 r  datapath/video_inst/mmcm_adv_inst_display_clocks/inst/clkout1_buf/O
                         net (fo=67, routed)          1.706    41.706    datapath/video_inst/inst_dvid/TDMS_encoder_blue/clk_out1
    SLICE_X158Y135       FDRE                                         r  datapath/video_inst/inst_dvid/TDMS_encoder_blue/encoded_reg[2]/C
                         clock pessimism              0.089    41.795    
                         clock uncertainty           -0.095    41.701    
    SLICE_X158Y135       FDRE (Setup_fdre_C_D)        0.081    41.782    datapath/video_inst/inst_dvid/TDMS_encoder_blue/encoded_reg[2]
  -------------------------------------------------------------------
                         required time                         41.782    
                         arrival time                         -13.729    
  -------------------------------------------------------------------
                         slack                                 28.053    

Slack (MET) :             28.071ns  (required time - arrival time)
  Source:                 datapath/video_inst/Inst_vga/inst_vga_signal_generator/v_counter/processQ_reg[6]/C
                            (rising edge-triggered cell FDRE clocked by clk_out1_clk_wiz_0  {rise@0.000ns fall@20.000ns period=40.000ns})
  Destination:            datapath/video_inst/inst_dvid/TDMS_encoder_green/encoded_reg[1]/D
                            (rising edge-triggered cell FDRE clocked by clk_out1_clk_wiz_0  {rise@0.000ns fall@20.000ns period=40.000ns})
  Path Group:             clk_out1_clk_wiz_0
  Path Type:              Setup (Max at Slow Process Corner)
  Requirement:            40.000ns  (clk_out1_clk_wiz_0 rise@40.000ns - clk_out1_clk_wiz_0 rise@0.000ns)
  Data Path Delay:        11.770ns  (logic 3.122ns (26.526%)  route 8.648ns (73.474%))
  Logic Levels:           12  (CARRY4=4 LUT2=1 LUT4=2 LUT5=1 LUT6=4)
  Clock Path Skew:        -0.018ns (DCD - SCD + CPR)
    Destination Clock Delay (DCD):    1.705ns = ( 41.705 - 40.000 ) 
    Source Clock Delay      (SCD):    1.812ns
    Clock Pessimism Removal (CPR):    0.089ns
  Clock Uncertainty:      0.095ns  ((TSJ^2 + DJ^2)^1/2) / 2 + PE
    Total System Jitter     (TSJ):    0.071ns
    Discrete Jitter          (DJ):    0.175ns
    Phase Error              (PE):    0.000ns

    Location             Delay type                Incr(ns)  Path(ns)    Netlist Resource(s)
  -------------------------------------------------------------------    -------------------
                         (clock clk_out1_clk_wiz_0 rise edge)
                                                      0.000     0.000 r  
    BUFGCTRL_X0Y2        BUFG                         0.000     0.000 r  clk_IBUF_BUFG_inst/O
                         net (fo=334, routed)         2.106     2.106    datapath/video_inst/mmcm_adv_inst_display_clocks/inst/clk_in1
    MMCME2_ADV_X1Y0      MMCME2_ADV (Prop_mmcme2_adv_CLKIN1_CLKOUT0)
                                                     -4.900    -2.793 r  datapath/video_inst/mmcm_adv_inst_display_clocks/inst/mmcm_adv_inst/CLKOUT0
                         net (fo=1, routed)           2.697    -0.096    datapath/video_inst/mmcm_adv_inst_display_clocks/inst/clk_out1_clk_wiz_0
    BUFGCTRL_X0Y4        BUFG (Prop_bufg_I_O)         0.096    -0.000 r  datapath/video_inst/mmcm_adv_inst_display_clocks/inst/clkout1_buf/O
                         net (fo=67, routed)          1.812     1.812    datapath/video_inst/Inst_vga/inst_vga_signal_generator/v_counter/clk_out1
    SLICE_X156Y126       FDRE                                         r  datapath/video_inst/Inst_vga/inst_vga_signal_generator/v_counter/processQ_reg[6]/C
  -------------------------------------------------------------------    -------------------
    SLICE_X156Y126       FDRE (Prop_fdre_C_Q)         0.456     2.268 f  datapath/video_inst/Inst_vga/inst_vga_signal_generator/v_counter/processQ_reg[6]/Q
                         net (fo=59, routed)          2.106     4.374    datapath/position[row][6]
    SLICE_X149Y128       LUT2 (Prop_lut2_I0_O)        0.124     4.498 r  datapath/dc_bias[3]_i_23/O
                         net (fo=4, routed)           0.668     5.166    datapath/video_inst/Inst_vga/inst_vga_signal_generator/v_counter/dc_bias_reg[3]_i_321_1
    SLICE_X149Y127       LUT6 (Prop_lut6_I1_O)        0.124     5.290 r  datapath/video_inst/Inst_vga/inst_vga_signal_generator/v_counter/dc_bias[3]_i_441/O
                         net (fo=1, routed)           0.401     5.692    datapath/video_inst/Inst_vga/inst_color_mapper/minusOp[4]
    SLICE_X148Y127       CARRY4 (Prop_carry4_DI[3]_CO[3])
                                                      0.396     6.088 r  datapath/video_inst/Inst_vga/inst_color_mapper/dc_bias_reg[3]_i_321/CO[3]
                         net (fo=1, routed)           0.000     6.088    datapath/video_inst/Inst_vga/inst_color_mapper/dc_bias_reg[3]_i_321_n_0
    SLICE_X148Y128       CARRY4 (Prop_carry4_CI_CO[3])
                                                      0.117     6.205 r  datapath/video_inst/Inst_vga/inst_color_mapper/dc_bias_reg[3]_i_320/CO[3]
                         net (fo=2, routed)           1.112     7.317    datapath/video_inst/Inst_vga/inst_color_mapper/processQ_reg[9]_7[0]
    SLICE_X151Y128       LUT4 (Prop_lut4_I2_O)        0.124     7.441 r  datapath/video_inst/Inst_vga/inst_color_mapper/dc_bias[3]_i_324/O
                         net (fo=1, routed)           0.000     7.441    datapath/video_inst/Inst_vga/inst_color_mapper/dc_bias[3]_i_324_n_0
    SLICE_X151Y128       CARRY4 (Prop_carry4_S[1]_O[1])
                                                      0.227     7.668 r  datapath/video_inst/Inst_vga/inst_color_mapper/dc_bias_reg[3]_i_169/O[1]
                         net (fo=1, routed)           0.594     8.262    datapath/video_inst/Inst_vga/inst_vga_signal_generator/v_counter/dc_bias_reg[3]_i_38[1]
    SLICE_X150Y129       LUT5 (Prop_lut5_I4_O)        0.303     8.565 r  datapath/video_inst/Inst_vga/inst_vga_signal_generator/v_counter/dc_bias[3]_i_85/O
                         net (fo=1, routed)           0.000     8.565    datapath/video_inst/Inst_vga/inst_color_mapper/dc_bias[3]_i_14_0[1]
    SLICE_X150Y129       CARRY4 (Prop_carry4_S[1]_O[2])
                                                      0.578     9.143 f  datapath/video_inst/Inst_vga/inst_color_mapper/dc_bias_reg[3]_i_38/O[2]
                         net (fo=1, routed)           0.501     9.644    datapath/video_inst/Inst_vga/inst_vga_signal_generator/v_counter/dc_bias[3]_i_4_0[2]
    SLICE_X151Y129       LUT4 (Prop_lut4_I2_O)        0.301     9.945 f  datapath/video_inst/Inst_vga/inst_vga_signal_generator/v_counter/dc_bias[3]_i_14/O
                         net (fo=1, routed)           0.805    10.750    datapath/video_inst/Inst_vga/inst_vga_signal_generator/v_counter/dc_bias[3]_i_14_n_0
    SLICE_X148Y125       LUT6 (Prop_lut6_I2_O)        0.124    10.874 r  datapath/video_inst/Inst_vga/inst_vga_signal_generator/v_counter/dc_bias[3]_i_4/O
                         net (fo=4, routed)           0.848    11.723    datapath/video_inst/Inst_vga/inst_vga_signal_generator/v_counter/dc_bias[3]_i_4_n_0
    SLICE_X154Y125       LUT6 (Prop_lut6_I2_O)        0.124    11.847 r  datapath/video_inst/Inst_vga/inst_vga_signal_generator/v_counter/dc_bias[3]_i_3/O
                         net (fo=7, routed)           1.280    13.127    datapath/video_inst/inst_dvid/TDMS_encoder_green/pixel[color][1]
    SLICE_X159Y132       LUT6 (Prop_lut6_I5_O)        0.124    13.251 r  datapath/video_inst/inst_dvid/TDMS_encoder_green/encoded[1]_i_1/O
                         net (fo=2, routed)           0.331    13.582    datapath/video_inst/inst_dvid/TDMS_encoder_green/encoded[1]_i_1_n_0
    SLICE_X159Y134       FDRE                                         r  datapath/video_inst/inst_dvid/TDMS_encoder_green/encoded_reg[1]/D
  -------------------------------------------------------------------    -------------------

                         (clock clk_out1_clk_wiz_0 rise edge)
                                                     40.000    40.000 r  
    BUFGCTRL_X0Y2        BUFG                         0.000    40.000 r  clk_IBUF_BUFG_inst/O
                         net (fo=334, routed)         1.972    41.972    datapath/video_inst/mmcm_adv_inst_display_clocks/inst/clk_in1
    MMCME2_ADV_X1Y0      MMCME2_ADV (Prop_mmcme2_adv_CLKIN1_CLKOUT0)
                                                     -4.637    37.335 r  datapath/video_inst/mmcm_adv_inst_display_clocks/inst/mmcm_adv_inst/CLKOUT0
                         net (fo=1, routed)           2.574    39.909    datapath/video_inst/mmcm_adv_inst_display_clocks/inst/clk_out1_clk_wiz_0
    BUFGCTRL_X0Y4        BUFG (Prop_bufg_I_O)         0.091    40.000 r  datapath/video_inst/mmcm_adv_inst_display_clocks/inst/clkout1_buf/O
                         net (fo=67, routed)          1.705    41.705    datapath/video_inst/inst_dvid/TDMS_encoder_green/clk_out1
    SLICE_X159Y134       FDRE                                         r  datapath/video_inst/inst_dvid/TDMS_encoder_green/encoded_reg[1]/C
                         clock pessimism              0.089    41.794    
                         clock uncertainty           -0.095    41.700    
    SLICE_X159Y134       FDRE (Setup_fdre_C_D)       -0.047    41.653    datapath/video_inst/inst_dvid/TDMS_encoder_green/encoded_reg[1]
  -------------------------------------------------------------------
                         required time                         41.653    
                         arrival time                         -13.582    
  -------------------------------------------------------------------
                         slack                                 28.071    

Slack (MET) :             28.195ns  (required time - arrival time)
  Source:                 datapath/video_inst/Inst_vga/inst_vga_signal_generator/v_counter/processQ_reg[6]/C
                            (rising edge-triggered cell FDRE clocked by clk_out1_clk_wiz_0  {rise@0.000ns fall@20.000ns period=40.000ns})
  Destination:            datapath/video_inst/inst_dvid/TDMS_encoder_blue/encoded_reg[9]/D
                            (rising edge-triggered cell FDRE clocked by clk_out1_clk_wiz_0  {rise@0.000ns fall@20.000ns period=40.000ns})
  Path Group:             clk_out1_clk_wiz_0
  Path Type:              Setup (Max at Slow Process Corner)
  Requirement:            40.000ns  (clk_out1_clk_wiz_0 rise@40.000ns - clk_out1_clk_wiz_0 rise@0.000ns)
  Data Path Delay:        11.711ns  (logic 3.122ns (26.658%)  route 8.589ns (73.342%))
  Logic Levels:           12  (CARRY4=4 LUT2=1 LUT4=2 LUT5=1 LUT6=4)
  Clock Path Skew:        -0.030ns (DCD - SCD + CPR)
    Destination Clock Delay (DCD):    1.707ns = ( 41.707 - 40.000 ) 
    Source Clock Delay      (SCD):    1.812ns
    Clock Pessimism Removal (CPR):    0.075ns
  Clock Uncertainty:      0.095ns  ((TSJ^2 + DJ^2)^1/2) / 2 + PE
    Total System Jitter     (TSJ):    0.071ns
    Discrete Jitter          (DJ):    0.175ns
    Phase Error              (PE):    0.000ns

    Location             Delay type                Incr(ns)  Path(ns)    Netlist Resource(s)
  -------------------------------------------------------------------    -------------------
                         (clock clk_out1_clk_wiz_0 rise edge)
                                                      0.000     0.000 r  
    BUFGCTRL_X0Y2        BUFG                         0.000     0.000 r  clk_IBUF_BUFG_inst/O
                         net (fo=334, routed)         2.106     2.106    datapath/video_inst/mmcm_adv_inst_display_clocks/inst/clk_in1
    MMCME2_ADV_X1Y0      MMCME2_ADV (Prop_mmcme2_adv_CLKIN1_CLKOUT0)
                                                     -4.900    -2.793 r  datapath/video_inst/mmcm_adv_inst_display_clocks/inst/mmcm_adv_inst/CLKOUT0
                         net (fo=1, routed)           2.697    -0.096    datapath/video_inst/mmcm_adv_inst_display_clocks/inst/clk_out1_clk_wiz_0
    BUFGCTRL_X0Y4        BUFG (Prop_bufg_I_O)         0.096    -0.000 r  datapath/video_inst/mmcm_adv_inst_display_clocks/inst/clkout1_buf/O
                         net (fo=67, routed)          1.812     1.812    datapath/video_inst/Inst_vga/inst_vga_signal_generator/v_counter/clk_out1
    SLICE_X156Y126       FDRE                                         r  datapath/video_inst/Inst_vga/inst_vga_signal_generator/v_counter/processQ_reg[6]/C
  -------------------------------------------------------------------    -------------------
    SLICE_X156Y126       FDRE (Prop_fdre_C_Q)         0.456     2.268 f  datapath/video_inst/Inst_vga/inst_vga_signal_generator/v_counter/processQ_reg[6]/Q
                         net (fo=59, routed)          2.106     4.374    datapath/position[row][6]
    SLICE_X149Y128       LUT2 (Prop_lut2_I0_O)        0.124     4.498 r  datapath/dc_bias[3]_i_23/O
                         net (fo=4, routed)           0.668     5.166    datapath/video_inst/Inst_vga/inst_vga_signal_generator/v_counter/dc_bias_reg[3]_i_321_1
    SLICE_X149Y127       LUT6 (Prop_lut6_I1_O)        0.124     5.290 r  datapath/video_inst/Inst_vga/inst_vga_signal_generator/v_counter/dc_bias[3]_i_441/O
                         net (fo=1, routed)           0.401     5.692    datapath/video_inst/Inst_vga/inst_color_mapper/minusOp[4]
    SLICE_X148Y127       CARRY4 (Prop_carry4_DI[3]_CO[3])
                                                      0.396     6.088 r  datapath/video_inst/Inst_vga/inst_color_mapper/dc_bias_reg[3]_i_321/CO[3]
                         net (fo=1, routed)           0.000     6.088    datapath/video_inst/Inst_vga/inst_color_mapper/dc_bias_reg[3]_i_321_n_0
    SLICE_X148Y128       CARRY4 (Prop_carry4_CI_CO[3])
                                                      0.117     6.205 r  datapath/video_inst/Inst_vga/inst_color_mapper/dc_bias_reg[3]_i_320/CO[3]
                         net (fo=2, routed)           1.112     7.317    datapath/video_inst/Inst_vga/inst_color_mapper/processQ_reg[9]_7[0]
    SLICE_X151Y128       LUT4 (Prop_lut4_I2_O)        0.124     7.441 r  datapath/video_inst/Inst_vga/inst_color_mapper/dc_bias[3]_i_324/O
                         net (fo=1, routed)           0.000     7.441    datapath/video_inst/Inst_vga/inst_color_mapper/dc_bias[3]_i_324_n_0
    SLICE_X151Y128       CARRY4 (Prop_carry4_S[1]_O[1])
                                                      0.227     7.668 r  datapath/video_inst/Inst_vga/inst_color_mapper/dc_bias_reg[3]_i_169/O[1]
                         net (fo=1, routed)           0.594     8.262    datapath/video_inst/Inst_vga/inst_vga_signal_generator/v_counter/dc_bias_reg[3]_i_38[1]
    SLICE_X150Y129       LUT5 (Prop_lut5_I4_O)        0.303     8.565 r  datapath/video_inst/Inst_vga/inst_vga_signal_generator/v_counter/dc_bias[3]_i_85/O
                         net (fo=1, routed)           0.000     8.565    datapath/video_inst/Inst_vga/inst_color_mapper/dc_bias[3]_i_14_0[1]
    SLICE_X150Y129       CARRY4 (Prop_carry4_S[1]_O[2])
                                                      0.578     9.143 f  datapath/video_inst/Inst_vga/inst_color_mapper/dc_bias_reg[3]_i_38/O[2]
                         net (fo=1, routed)           0.501     9.644    datapath/video_inst/Inst_vga/inst_vga_signal_generator/v_counter/dc_bias[3]_i_4_0[2]
    SLICE_X151Y129       LUT4 (Prop_lut4_I2_O)        0.301     9.945 f  datapath/video_inst/Inst_vga/inst_vga_signal_generator/v_counter/dc_bias[3]_i_14/O
                         net (fo=1, routed)           0.805    10.750    datapath/video_inst/Inst_vga/inst_vga_signal_generator/v_counter/dc_bias[3]_i_14_n_0
    SLICE_X148Y125       LUT6 (Prop_lut6_I2_O)        0.124    10.874 r  datapath/video_inst/Inst_vga/inst_vga_signal_generator/v_counter/dc_bias[3]_i_4/O
                         net (fo=4, routed)           0.839    11.714    datapath/video_inst/Inst_vga/inst_vga_signal_generator/v_counter/dc_bias[3]_i_4_n_0
    SLICE_X154Y125       LUT6 (Prop_lut6_I1_O)        0.124    11.838 r  datapath/video_inst/Inst_vga/inst_vga_signal_generator/v_counter/dc_bias[3]_i_2__1/O
                         net (fo=14, routed)          1.562    13.400    datapath/video_inst/inst_dvid/TDMS_encoder_blue/pixel[color][1]
    SLICE_X160Y134       LUT6 (Prop_lut6_I2_O)        0.124    13.524 r  datapath/video_inst/inst_dvid/TDMS_encoder_blue/encoded[9]_i_1/O
                         net (fo=1, routed)           0.000    13.524    datapath/video_inst/inst_dvid/TDMS_encoder_blue/encoded[9]_i_1_n_0
    SLICE_X160Y134       FDRE                                         r  datapath/video_inst/inst_dvid/TDMS_encoder_blue/encoded_reg[9]/D
  -------------------------------------------------------------------    -------------------

                         (clock clk_out1_clk_wiz_0 rise edge)
                                                     40.000    40.000 r  
    BUFGCTRL_X0Y2        BUFG                         0.000    40.000 r  clk_IBUF_BUFG_inst/O
                         net (fo=334, routed)         1.972    41.972    datapath/video_inst/mmcm_adv_inst_display_clocks/inst/clk_in1
    MMCME2_ADV_X1Y0      MMCME2_ADV (Prop_mmcme2_adv_CLKIN1_CLKOUT0)
                                                     -4.637    37.335 r  datapath/video_inst/mmcm_adv_inst_display_clocks/inst/mmcm_adv_inst/CLKOUT0
                         net (fo=1, routed)           2.574    39.909    datapath/video_inst/mmcm_adv_inst_display_clocks/inst/clk_out1_clk_wiz_0
    BUFGCTRL_X0Y4        BUFG (Prop_bufg_I_O)         0.091    40.000 r  datapath/video_inst/mmcm_adv_inst_display_clocks/inst/clkout1_buf/O
                         net (fo=67, routed)          1.707    41.707    datapath/video_inst/inst_dvid/TDMS_encoder_blue/clk_out1
    SLICE_X160Y134       FDRE                                         r  datapath/video_inst/inst_dvid/TDMS_encoder_blue/encoded_reg[9]/C
                         clock pessimism              0.075    41.782    
                         clock uncertainty           -0.095    41.688    
    SLICE_X160Y134       FDRE (Setup_fdre_C_D)        0.031    41.719    datapath/video_inst/inst_dvid/TDMS_encoder_blue/encoded_reg[9]
  -------------------------------------------------------------------
                         required time                         41.719    
                         arrival time                         -13.524    
  -------------------------------------------------------------------
                         slack                                 28.195    

Slack (MET) :             28.312ns  (required time - arrival time)
  Source:                 datapath/video_inst/Inst_vga/inst_vga_signal_generator/v_counter/processQ_reg[6]/C
                            (rising edge-triggered cell FDRE clocked by clk_out1_clk_wiz_0  {rise@0.000ns fall@20.000ns period=40.000ns})
  Destination:            datapath/video_inst/inst_dvid/TDMS_encoder_red/dc_bias_reg[2]/D
                            (rising edge-triggered cell FDRE clocked by clk_out1_clk_wiz_0  {rise@0.000ns fall@20.000ns period=40.000ns})
  Path Group:             clk_out1_clk_wiz_0
  Path Type:              Setup (Max at Slow Process Corner)
  Requirement:            40.000ns  (clk_out1_clk_wiz_0 rise@40.000ns - clk_out1_clk_wiz_0 rise@0.000ns)
  Data Path Delay:        11.593ns  (logic 3.122ns (26.931%)  route 8.471ns (73.069%))
  Logic Levels:           12  (CARRY4=4 LUT2=1 LUT4=2 LUT5=2 LUT6=3)
  Clock Path Skew:        -0.032ns (DCD - SCD + CPR)
    Destination Clock Delay (DCD):    1.705ns = ( 41.705 - 40.000 ) 
    Source Clock Delay      (SCD):    1.812ns
    Clock Pessimism Removal (CPR):    0.075ns
  Clock Uncertainty:      0.095ns  ((TSJ^2 + DJ^2)^1/2) / 2 + PE
    Total System Jitter     (TSJ):    0.071ns
    Discrete Jitter          (DJ):    0.175ns
    Phase Error              (PE):    0.000ns

    Location             Delay type                Incr(ns)  Path(ns)    Netlist Resource(s)
  -------------------------------------------------------------------    -------------------
                         (clock clk_out1_clk_wiz_0 rise edge)
                                                      0.000     0.000 r  
    BUFGCTRL_X0Y2        BUFG                         0.000     0.000 r  clk_IBUF_BUFG_inst/O
                         net (fo=334, routed)         2.106     2.106    datapath/video_inst/mmcm_adv_inst_display_clocks/inst/clk_in1
    MMCME2_ADV_X1Y0      MMCME2_ADV (Prop_mmcme2_adv_CLKIN1_CLKOUT0)
                                                     -4.900    -2.793 r  datapath/video_inst/mmcm_adv_inst_display_clocks/inst/mmcm_adv_inst/CLKOUT0
                         net (fo=1, routed)           2.697    -0.096    datapath/video_inst/mmcm_adv_inst_display_clocks/inst/clk_out1_clk_wiz_0
    BUFGCTRL_X0Y4        BUFG (Prop_bufg_I_O)         0.096    -0.000 r  datapath/video_inst/mmcm_adv_inst_display_clocks/inst/clkout1_buf/O
                         net (fo=67, routed)          1.812     1.812    datapath/video_inst/Inst_vga/inst_vga_signal_generator/v_counter/clk_out1
    SLICE_X156Y126       FDRE                                         r  datapath/video_inst/Inst_vga/inst_vga_signal_generator/v_counter/processQ_reg[6]/C
  -------------------------------------------------------------------    -------------------
    SLICE_X156Y126       FDRE (Prop_fdre_C_Q)         0.456     2.268 f  datapath/video_inst/Inst_vga/inst_vga_signal_generator/v_counter/processQ_reg[6]/Q
                         net (fo=59, routed)          2.106     4.374    datapath/position[row][6]
    SLICE_X149Y128       LUT2 (Prop_lut2_I0_O)        0.124     4.498 r  datapath/dc_bias[3]_i_23/O
                         net (fo=4, routed)           0.668     5.166    datapath/video_inst/Inst_vga/inst_vga_signal_generator/v_counter/dc_bias_reg[3]_i_321_1
    SLICE_X149Y127       LUT6 (Prop_lut6_I1_O)        0.124     5.290 r  datapath/video_inst/Inst_vga/inst_vga_signal_generator/v_counter/dc_bias[3]_i_441/O
                         net (fo=1, routed)           0.401     5.692    datapath/video_inst/Inst_vga/inst_color_mapper/minusOp[4]
    SLICE_X148Y127       CARRY4 (Prop_carry4_DI[3]_CO[3])
                                                      0.396     6.088 r  datapath/video_inst/Inst_vga/inst_color_mapper/dc_bias_reg[3]_i_321/CO[3]
                         net (fo=1, routed)           0.000     6.088    datapath/video_inst/Inst_vga/inst_color_mapper/dc_bias_reg[3]_i_321_n_0
    SLICE_X148Y128       CARRY4 (Prop_carry4_CI_CO[3])
                                                      0.117     6.205 r  datapath/video_inst/Inst_vga/inst_color_mapper/dc_bias_reg[3]_i_320/CO[3]
                         net (fo=2, routed)           1.112     7.317    datapath/video_inst/Inst_vga/inst_color_mapper/processQ_reg[9]_7[0]
    SLICE_X151Y128       LUT4 (Prop_lut4_I2_O)        0.124     7.441 r  datapath/video_inst/Inst_vga/inst_color_mapper/dc_bias[3]_i_324/O
                         net (fo=1, routed)           0.000     7.441    datapath/video_inst/Inst_vga/inst_color_mapper/dc_bias[3]_i_324_n_0
    SLICE_X151Y128       CARRY4 (Prop_carry4_S[1]_O[1])
                                                      0.227     7.668 r  datapath/video_inst/Inst_vga/inst_color_mapper/dc_bias_reg[3]_i_169/O[1]
                         net (fo=1, routed)           0.594     8.262    datapath/video_inst/Inst_vga/inst_vga_signal_generator/v_counter/dc_bias_reg[3]_i_38[1]
    SLICE_X150Y129       LUT5 (Prop_lut5_I4_O)        0.303     8.565 r  datapath/video_inst/Inst_vga/inst_vga_signal_generator/v_counter/dc_bias[3]_i_85/O
                         net (fo=1, routed)           0.000     8.565    datapath/video_inst/Inst_vga/inst_color_mapper/dc_bias[3]_i_14_0[1]
    SLICE_X150Y129       CARRY4 (Prop_carry4_S[1]_O[2])
                                                      0.578     9.143 f  datapath/video_inst/Inst_vga/inst_color_mapper/dc_bias_reg[3]_i_38/O[2]
                         net (fo=1, routed)           0.501     9.644    datapath/video_inst/Inst_vga/inst_vga_signal_generator/v_counter/dc_bias[3]_i_4_0[2]
    SLICE_X151Y129       LUT4 (Prop_lut4_I2_O)        0.301     9.945 f  datapath/video_inst/Inst_vga/inst_vga_signal_generator/v_counter/dc_bias[3]_i_14/O
                         net (fo=1, routed)           0.805    10.750    datapath/video_inst/Inst_vga/inst_vga_signal_generator/v_counter/dc_bias[3]_i_14_n_0
    SLICE_X148Y125       LUT6 (Prop_lut6_I2_O)        0.124    10.874 r  datapath/video_inst/Inst_vga/inst_vga_signal_generator/v_counter/dc_bias[3]_i_4/O
                         net (fo=4, routed)           0.839    11.714    datapath/video_inst/Inst_vga/inst_vga_signal_generator/v_counter/dc_bias[3]_i_4_n_0
    SLICE_X154Y125       LUT6 (Prop_lut6_I1_O)        0.124    11.838 r  datapath/video_inst/Inst_vga/inst_vga_signal_generator/v_counter/dc_bias[3]_i_2__1/O
                         net (fo=14, routed)          1.443    13.281    datapath/video_inst/inst_dvid/TDMS_encoder_red/pixel[color][0]
    SLICE_X160Y132       LUT5 (Prop_lut5_I4_O)        0.124    13.405 r  datapath/video_inst/inst_dvid/TDMS_encoder_red/dc_bias[2]_i_1__1/O
                         net (fo=1, routed)           0.000    13.405    datapath/video_inst/inst_dvid/TDMS_encoder_red/dc_bias[2]_i_1__1_n_0
    SLICE_X160Y132       FDRE                                         r  datapath/video_inst/inst_dvid/TDMS_encoder_red/dc_bias_reg[2]/D
  -------------------------------------------------------------------    -------------------

                         (clock clk_out1_clk_wiz_0 rise edge)
                                                     40.000    40.000 r  
    BUFGCTRL_X0Y2        BUFG                         0.000    40.000 r  clk_IBUF_BUFG_inst/O
                         net (fo=334, routed)         1.972    41.972    datapath/video_inst/mmcm_adv_inst_display_clocks/inst/clk_in1
    MMCME2_ADV_X1Y0      MMCME2_ADV (Prop_mmcme2_adv_CLKIN1_CLKOUT0)
                                                     -4.637    37.335 r  datapath/video_inst/mmcm_adv_inst_display_clocks/inst/mmcm_adv_inst/CLKOUT0
                         net (fo=1, routed)           2.574    39.909    datapath/video_inst/mmcm_adv_inst_display_clocks/inst/clk_out1_clk_wiz_0
    BUFGCTRL_X0Y4        BUFG (Prop_bufg_I_O)         0.091    40.000 r  datapath/video_inst/mmcm_adv_inst_display_clocks/inst/clkout1_buf/O
                         net (fo=67, routed)          1.705    41.705    datapath/video_inst/inst_dvid/TDMS_encoder_red/clk_out1
    SLICE_X160Y132       FDRE                                         r  datapath/video_inst/inst_dvid/TDMS_encoder_red/dc_bias_reg[2]/C
                         clock pessimism              0.075    41.780    
                         clock uncertainty           -0.095    41.686    
    SLICE_X160Y132       FDRE (Setup_fdre_C_D)        0.031    41.717    datapath/video_inst/inst_dvid/TDMS_encoder_red/dc_bias_reg[2]
  -------------------------------------------------------------------
                         required time                         41.717    
                         arrival time                         -13.405    
  -------------------------------------------------------------------
                         slack                                 28.312    

Slack (MET) :             28.320ns  (required time - arrival time)
  Source:                 datapath/video_inst/Inst_vga/inst_vga_signal_generator/v_counter/processQ_reg[6]/C
                            (rising edge-triggered cell FDRE clocked by clk_out1_clk_wiz_0  {rise@0.000ns fall@20.000ns period=40.000ns})
  Destination:            datapath/video_inst/inst_dvid/TDMS_encoder_green/dc_bias_reg[0]/D
                            (rising edge-triggered cell FDRE clocked by clk_out1_clk_wiz_0  {rise@0.000ns fall@20.000ns period=40.000ns})
  Path Group:             clk_out1_clk_wiz_0
  Path Type:              Setup (Max at Slow Process Corner)
  Requirement:            40.000ns  (clk_out1_clk_wiz_0 rise@40.000ns - clk_out1_clk_wiz_0 rise@0.000ns)
  Data Path Delay:        11.582ns  (logic 3.122ns (26.955%)  route 8.460ns (73.045%))
  Logic Levels:           12  (CARRY4=4 LUT2=1 LUT4=2 LUT5=1 LUT6=4)
  Clock Path Skew:        -0.032ns (DCD - SCD + CPR)
    Destination Clock Delay (DCD):    1.705ns = ( 41.705 - 40.000 ) 
    Source Clock Delay      (SCD):    1.812ns
    Clock Pessimism Removal (CPR):    0.075ns
  Clock Uncertainty:      0.095ns  ((TSJ^2 + DJ^2)^1/2) / 2 + PE
    Total System Jitter     (TSJ):    0.071ns
    Discrete Jitter          (DJ):    0.175ns
    Phase Error              (PE):    0.000ns

    Location             Delay type                Incr(ns)  Path(ns)    Netlist Resource(s)
  -------------------------------------------------------------------    -------------------
                         (clock clk_out1_clk_wiz_0 rise edge)
                                                      0.000     0.000 r  
    BUFGCTRL_X0Y2        BUFG                         0.000     0.000 r  clk_IBUF_BUFG_inst/O
                         net (fo=334, routed)         2.106     2.106    datapath/video_inst/mmcm_adv_inst_display_clocks/inst/clk_in1
    MMCME2_ADV_X1Y0      MMCME2_ADV (Prop_mmcme2_adv_CLKIN1_CLKOUT0)
                                                     -4.900    -2.793 r  datapath/video_inst/mmcm_adv_inst_display_clocks/inst/mmcm_adv_inst/CLKOUT0
                         net (fo=1, routed)           2.697    -0.096    datapath/video_inst/mmcm_adv_inst_display_clocks/inst/clk_out1_clk_wiz_0
    BUFGCTRL_X0Y4        BUFG (Prop_bufg_I_O)         0.096    -0.000 r  datapath/video_inst/mmcm_adv_inst_display_clocks/inst/clkout1_buf/O
                         net (fo=67, routed)          1.812     1.812    datapath/video_inst/Inst_vga/inst_vga_signal_generator/v_counter/clk_out1
    SLICE_X156Y126       FDRE                                         r  datapath/video_inst/Inst_vga/inst_vga_signal_generator/v_counter/processQ_reg[6]/C
  -------------------------------------------------------------------    -------------------
    SLICE_X156Y126       FDRE (Prop_fdre_C_Q)         0.456     2.268 f  datapath/video_inst/Inst_vga/inst_vga_signal_generator/v_counter/processQ_reg[6]/Q
                         net (fo=59, routed)          2.106     4.374    datapath/position[row][6]
    SLICE_X149Y128       LUT2 (Prop_lut2_I0_O)        0.124     4.498 r  datapath/dc_bias[3]_i_23/O
                         net (fo=4, routed)           0.668     5.166    datapath/video_inst/Inst_vga/inst_vga_signal_generator/v_counter/dc_bias_reg[3]_i_321_1
    SLICE_X149Y127       LUT6 (Prop_lut6_I1_O)        0.124     5.290 r  datapath/video_inst/Inst_vga/inst_vga_signal_generator/v_counter/dc_bias[3]_i_441/O
                         net (fo=1, routed)           0.401     5.692    datapath/video_inst/Inst_vga/inst_color_mapper/minusOp[4]
    SLICE_X148Y127       CARRY4 (Prop_carry4_DI[3]_CO[3])
                                                      0.396     6.088 r  datapath/video_inst/Inst_vga/inst_color_mapper/dc_bias_reg[3]_i_321/CO[3]
                         net (fo=1, routed)           0.000     6.088    datapath/video_inst/Inst_vga/inst_color_mapper/dc_bias_reg[3]_i_321_n_0
    SLICE_X148Y128       CARRY4 (Prop_carry4_CI_CO[3])
                                                      0.117     6.205 r  datapath/video_inst/Inst_vga/inst_color_mapper/dc_bias_reg[3]_i_320/CO[3]
                         net (fo=2, routed)           1.112     7.317    datapath/video_inst/Inst_vga/inst_color_mapper/processQ_reg[9]_7[0]
    SLICE_X151Y128       LUT4 (Prop_lut4_I2_O)        0.124     7.441 r  datapath/video_inst/Inst_vga/inst_color_mapper/dc_bias[3]_i_324/O
                         net (fo=1, routed)           0.000     7.441    datapath/video_inst/Inst_vga/inst_color_mapper/dc_bias[3]_i_324_n_0
    SLICE_X151Y128       CARRY4 (Prop_carry4_S[1]_O[1])
                                                      0.227     7.668 r  datapath/video_inst/Inst_vga/inst_color_mapper/dc_bias_reg[3]_i_169/O[1]
                         net (fo=1, routed)           0.594     8.262    datapath/video_inst/Inst_vga/inst_vga_signal_generator/v_counter/dc_bias_reg[3]_i_38[1]
    SLICE_X150Y129       LUT5 (Prop_lut5_I4_O)        0.303     8.565 r  datapath/video_inst/Inst_vga/inst_vga_signal_generator/v_counter/dc_bias[3]_i_85/O
                         net (fo=1, routed)           0.000     8.565    datapath/video_inst/Inst_vga/inst_color_mapper/dc_bias[3]_i_14_0[1]
    SLICE_X150Y129       CARRY4 (Prop_carry4_S[1]_O[2])
                                                      0.578     9.143 f  datapath/video_inst/Inst_vga/inst_color_mapper/dc_bias_reg[3]_i_38/O[2]
                         net (fo=1, routed)           0.501     9.644    datapath/video_inst/Inst_vga/inst_vga_signal_generator/v_counter/dc_bias[3]_i_4_0[2]
    SLICE_X151Y129       LUT4 (Prop_lut4_I2_O)        0.301     9.945 f  datapath/video_inst/Inst_vga/inst_vga_signal_generator/v_counter/dc_bias[3]_i_14/O
                         net (fo=1, routed)           0.805    10.750    datapath/video_inst/Inst_vga/inst_vga_signal_generator/v_counter/dc_bias[3]_i_14_n_0
    SLICE_X148Y125       LUT6 (Prop_lut6_I2_O)        0.124    10.874 r  datapath/video_inst/Inst_vga/inst_vga_signal_generator/v_counter/dc_bias[3]_i_4/O
                         net (fo=4, routed)           0.688    11.563    datapath/video_inst/Inst_vga/inst_vga_signal_generator/v_counter/dc_bias[3]_i_4_n_0
    SLICE_X154Y125       LUT6 (Prop_lut6_I2_O)        0.124    11.687 r  datapath/video_inst/Inst_vga/inst_vga_signal_generator/v_counter/dc_bias[3]_i_2/O
                         net (fo=6, routed)           1.584    13.271    datapath/video_inst/inst_dvid/TDMS_encoder_green/pixel[color][0]
    SLICE_X160Y132       LUT6 (Prop_lut6_I4_O)        0.124    13.395 r  datapath/video_inst/inst_dvid/TDMS_encoder_green/dc_bias[0]_i_1/O
                         net (fo=1, routed)           0.000    13.395    datapath/video_inst/inst_dvid/TDMS_encoder_green/dc_bias[0]_i_1_n_0
    SLICE_X160Y132       FDRE                                         r  datapath/video_inst/inst_dvid/TDMS_encoder_green/dc_bias_reg[0]/D
  -------------------------------------------------------------------    -------------------

                         (clock clk_out1_clk_wiz_0 rise edge)
                                                     40.000    40.000 r  
    BUFGCTRL_X0Y2        BUFG                         0.000    40.000 r  clk_IBUF_BUFG_inst/O
                         net (fo=334, routed)         1.972    41.972    datapath/video_inst/mmcm_adv_inst_display_clocks/inst/clk_in1
    MMCME2_ADV_X1Y0      MMCME2_ADV (Prop_mmcme2_adv_CLKIN1_CLKOUT0)
                                                     -4.637    37.335 r  datapath/video_inst/mmcm_adv_inst_display_clocks/inst/mmcm_adv_inst/CLKOUT0
                         net (fo=1, routed)           2.574    39.909    datapath/video_inst/mmcm_adv_inst_display_clocks/inst/clk_out1_clk_wiz_0
    BUFGCTRL_X0Y4        BUFG (Prop_bufg_I_O)         0.091    40.000 r  datapath/video_inst/mmcm_adv_inst_display_clocks/inst/clkout1_buf/O
                         net (fo=67, routed)          1.705    41.705    datapath/video_inst/inst_dvid/TDMS_encoder_green/clk_out1
    SLICE_X160Y132       FDRE                                         r  datapath/video_inst/inst_dvid/TDMS_encoder_green/dc_bias_reg[0]/C
                         clock pessimism              0.075    41.780    
                         clock uncertainty           -0.095    41.686    
    SLICE_X160Y132       FDRE (Setup_fdre_C_D)        0.029    41.715    datapath/video_inst/inst_dvid/TDMS_encoder_green/dc_bias_reg[0]
  -------------------------------------------------------------------
                         required time                         41.715    
                         arrival time                         -13.395    
  -------------------------------------------------------------------
                         slack                                 28.320    

Slack (MET) :             28.327ns  (required time - arrival time)
  Source:                 datapath/video_inst/Inst_vga/inst_vga_signal_generator/v_counter/processQ_reg[6]/C
                            (rising edge-triggered cell FDRE clocked by clk_out1_clk_wiz_0  {rise@0.000ns fall@20.000ns period=40.000ns})
  Destination:            datapath/video_inst/inst_dvid/TDMS_encoder_red/dc_bias_reg[3]/D
                            (rising edge-triggered cell FDRE clocked by clk_out1_clk_wiz_0  {rise@0.000ns fall@20.000ns period=40.000ns})
  Path Group:             clk_out1_clk_wiz_0
  Path Type:              Setup (Max at Slow Process Corner)
  Requirement:            40.000ns  (clk_out1_clk_wiz_0 rise@40.000ns - clk_out1_clk_wiz_0 rise@0.000ns)
  Data Path Delay:        11.622ns  (logic 3.151ns (27.113%)  route 8.471ns (72.887%))
  Logic Levels:           12  (CARRY4=4 LUT2=1 LUT4=2 LUT5=2 LUT6=3)
  Clock Path Skew:        -0.032ns (DCD - SCD + CPR)
    Destination Clock Delay (DCD):    1.705ns = ( 41.705 - 40.000 ) 
    Source Clock Delay      (SCD):    1.812ns
    Clock Pessimism Removal (CPR):    0.075ns
  Clock Uncertainty:      0.095ns  ((TSJ^2 + DJ^2)^1/2) / 2 + PE
    Total System Jitter     (TSJ):    0.071ns
    Discrete Jitter          (DJ):    0.175ns
    Phase Error              (PE):    0.000ns

    Location             Delay type                Incr(ns)  Path(ns)    Netlist Resource(s)
  -------------------------------------------------------------------    -------------------
                         (clock clk_out1_clk_wiz_0 rise edge)
                                                      0.000     0.000 r  
    BUFGCTRL_X0Y2        BUFG                         0.000     0.000 r  clk_IBUF_BUFG_inst/O
                         net (fo=334, routed)         2.106     2.106    datapath/video_inst/mmcm_adv_inst_display_clocks/inst/clk_in1
    MMCME2_ADV_X1Y0      MMCME2_ADV (Prop_mmcme2_adv_CLKIN1_CLKOUT0)
                                                     -4.900    -2.793 r  datapath/video_inst/mmcm_adv_inst_display_clocks/inst/mmcm_adv_inst/CLKOUT0
                         net (fo=1, routed)           2.697    -0.096    datapath/video_inst/mmcm_adv_inst_display_clocks/inst/clk_out1_clk_wiz_0
    BUFGCTRL_X0Y4        BUFG (Prop_bufg_I_O)         0.096    -0.000 r  datapath/video_inst/mmcm_adv_inst_display_clocks/inst/clkout1_buf/O
                         net (fo=67, routed)          1.812     1.812    datapath/video_inst/Inst_vga/inst_vga_signal_generator/v_counter/clk_out1
    SLICE_X156Y126       FDRE                                         r  datapath/video_inst/Inst_vga/inst_vga_signal_generator/v_counter/processQ_reg[6]/C
  -------------------------------------------------------------------    -------------------
    SLICE_X156Y126       FDRE (Prop_fdre_C_Q)         0.456     2.268 f  datapath/video_inst/Inst_vga/inst_vga_signal_generator/v_counter/processQ_reg[6]/Q
                         net (fo=59, routed)          2.106     4.374    datapath/position[row][6]
    SLICE_X149Y128       LUT2 (Prop_lut2_I0_O)        0.124     4.498 r  datapath/dc_bias[3]_i_23/O
                         net (fo=4, routed)           0.668     5.166    datapath/video_inst/Inst_vga/inst_vga_signal_generator/v_counter/dc_bias_reg[3]_i_321_1
    SLICE_X149Y127       LUT6 (Prop_lut6_I1_O)        0.124     5.290 r  datapath/video_inst/Inst_vga/inst_vga_signal_generator/v_counter/dc_bias[3]_i_441/O
                         net (fo=1, routed)           0.401     5.692    datapath/video_inst/Inst_vga/inst_color_mapper/minusOp[4]
    SLICE_X148Y127       CARRY4 (Prop_carry4_DI[3]_CO[3])
                                                      0.396     6.088 r  datapath/video_inst/Inst_vga/inst_color_mapper/dc_bias_reg[3]_i_321/CO[3]
                         net (fo=1, routed)           0.000     6.088    datapath/video_inst/Inst_vga/inst_color_mapper/dc_bias_reg[3]_i_321_n_0
    SLICE_X148Y128       CARRY4 (Prop_carry4_CI_CO[3])
                                                      0.117     6.205 r  datapath/video_inst/Inst_vga/inst_color_mapper/dc_bias_reg[3]_i_320/CO[3]
                         net (fo=2, routed)           1.112     7.317    datapath/video_inst/Inst_vga/inst_color_mapper/processQ_reg[9]_7[0]
    SLICE_X151Y128       LUT4 (Prop_lut4_I2_O)        0.124     7.441 r  datapath/video_inst/Inst_vga/inst_color_mapper/dc_bias[3]_i_324/O
                         net (fo=1, routed)           0.000     7.441    datapath/video_inst/Inst_vga/inst_color_mapper/dc_bias[3]_i_324_n_0
    SLICE_X151Y128       CARRY4 (Prop_carry4_S[1]_O[1])
                                                      0.227     7.668 r  datapath/video_inst/Inst_vga/inst_color_mapper/dc_bias_reg[3]_i_169/O[1]
                         net (fo=1, routed)           0.594     8.262    datapath/video_inst/Inst_vga/inst_vga_signal_generator/v_counter/dc_bias_reg[3]_i_38[1]
    SLICE_X150Y129       LUT5 (Prop_lut5_I4_O)        0.303     8.565 r  datapath/video_inst/Inst_vga/inst_vga_signal_generator/v_counter/dc_bias[3]_i_85/O
                         net (fo=1, routed)           0.000     8.565    datapath/video_inst/Inst_vga/inst_color_mapper/dc_bias[3]_i_14_0[1]
    SLICE_X150Y129       CARRY4 (Prop_carry4_S[1]_O[2])
                                                      0.578     9.143 f  datapath/video_inst/Inst_vga/inst_color_mapper/dc_bias_reg[3]_i_38/O[2]
                         net (fo=1, routed)           0.501     9.644    datapath/video_inst/Inst_vga/inst_vga_signal_generator/v_counter/dc_bias[3]_i_4_0[2]
    SLICE_X151Y129       LUT4 (Prop_lut4_I2_O)        0.301     9.945 f  datapath/video_inst/Inst_vga/inst_vga_signal_generator/v_counter/dc_bias[3]_i_14/O
                         net (fo=1, routed)           0.805    10.750    datapath/video_inst/Inst_vga/inst_vga_signal_generator/v_counter/dc_bias[3]_i_14_n_0
    SLICE_X148Y125       LUT6 (Prop_lut6_I2_O)        0.124    10.874 r  datapath/video_inst/Inst_vga/inst_vga_signal_generator/v_counter/dc_bias[3]_i_4/O
                         net (fo=4, routed)           0.839    11.714    datapath/video_inst/Inst_vga/inst_vga_signal_generator/v_counter/dc_bias[3]_i_4_n_0
    SLICE_X154Y125       LUT6 (Prop_lut6_I1_O)        0.124    11.838 r  datapath/video_inst/Inst_vga/inst_vga_signal_generator/v_counter/dc_bias[3]_i_2__1/O
                         net (fo=14, routed)          1.443    13.281    datapath/video_inst/inst_dvid/TDMS_encoder_red/pixel[color][0]
    SLICE_X160Y132       LUT5 (Prop_lut5_I4_O)        0.153    13.434 r  datapath/video_inst/inst_dvid/TDMS_encoder_red/dc_bias[3]_i_1__1/O
                         net (fo=1, routed)           0.000    13.434    datapath/video_inst/inst_dvid/TDMS_encoder_red/dc_bias[3]_i_1__1_n_0
    SLICE_X160Y132       FDRE                                         r  datapath/video_inst/inst_dvid/TDMS_encoder_red/dc_bias_reg[3]/D
  -------------------------------------------------------------------    -------------------

                         (clock clk_out1_clk_wiz_0 rise edge)
                                                     40.000    40.000 r  
    BUFGCTRL_X0Y2        BUFG                         0.000    40.000 r  clk_IBUF_BUFG_inst/O
                         net (fo=334, routed)         1.972    41.972    datapath/video_inst/mmcm_adv_inst_display_clocks/inst/clk_in1
    MMCME2_ADV_X1Y0      MMCME2_ADV (Prop_mmcme2_adv_CLKIN1_CLKOUT0)
                                                     -4.637    37.335 r  datapath/video_inst/mmcm_adv_inst_display_clocks/inst/mmcm_adv_inst/CLKOUT0
                         net (fo=1, routed)           2.574    39.909    datapath/video_inst/mmcm_adv_inst_display_clocks/inst/clk_out1_clk_wiz_0
    BUFGCTRL_X0Y4        BUFG (Prop_bufg_I_O)         0.091    40.000 r  datapath/video_inst/mmcm_adv_inst_display_clocks/inst/clkout1_buf/O
                         net (fo=67, routed)          1.705    41.705    datapath/video_inst/inst_dvid/TDMS_encoder_red/clk_out1
    SLICE_X160Y132       FDRE                                         r  datapath/video_inst/inst_dvid/TDMS_encoder_red/dc_bias_reg[3]/C
                         clock pessimism              0.075    41.780    
                         clock uncertainty           -0.095    41.686    
    SLICE_X160Y132       FDRE (Setup_fdre_C_D)        0.075    41.761    datapath/video_inst/inst_dvid/TDMS_encoder_red/dc_bias_reg[3]
  -------------------------------------------------------------------
                         required time                         41.761    
                         arrival time                         -13.434    
  -------------------------------------------------------------------
                         slack                                 28.327    





Min Delay Paths
--------------------------------------------------------------------------------------
Slack (MET) :             0.174ns  (arrival time - required time)
  Source:                 datapath/video_inst/inst_dvid/TDMS_encoder_blue/dc_bias_reg[1]/C
                            (rising edge-triggered cell FDRE clocked by clk_out1_clk_wiz_0  {rise@0.000ns fall@20.000ns period=40.000ns})
  Destination:            datapath/video_inst/inst_dvid/TDMS_encoder_blue/dc_bias_reg[2]/D
                            (rising edge-triggered cell FDRE clocked by clk_out1_clk_wiz_0  {rise@0.000ns fall@20.000ns period=40.000ns})
  Path Group:             clk_out1_clk_wiz_0
  Path Type:              Hold (Min at Fast Process Corner)
  Requirement:            0.000ns  (clk_out1_clk_wiz_0 rise@0.000ns - clk_out1_clk_wiz_0 rise@0.000ns)
  Data Path Delay:        0.307ns  (logic 0.186ns (60.498%)  route 0.121ns (39.502%))
  Logic Levels:           1  (LUT6=1)
  Clock Path Skew:        0.013ns (DCD - SCD - CPR)
    Destination Clock Delay (DCD):    0.914ns
    Source Clock Delay      (SCD):    0.643ns
    Clock Pessimism Removal (CPR):    0.258ns

    Location             Delay type                Incr(ns)  Path(ns)    Netlist Resource(s)
  -------------------------------------------------------------------    -------------------
                         (clock clk_out1_clk_wiz_0 rise edge)
                                                      0.000     0.000 r  
    BUFGCTRL_X0Y2        BUFG                         0.000     0.000 r  clk_IBUF_BUFG_inst/O
                         net (fo=334, routed)         0.745     0.745    datapath/video_inst/mmcm_adv_inst_display_clocks/inst/clk_in1
    MMCME2_ADV_X1Y0      MMCME2_ADV (Prop_mmcme2_adv_CLKIN1_CLKOUT0)
                                                     -1.683    -0.938 r  datapath/video_inst/mmcm_adv_inst_display_clocks/inst/mmcm_adv_inst/CLKOUT0
                         net (fo=1, routed)           0.912    -0.026    datapath/video_inst/mmcm_adv_inst_display_clocks/inst/clk_out1_clk_wiz_0
    BUFGCTRL_X0Y4        BUFG (Prop_bufg_I_O)         0.026    -0.000 r  datapath/video_inst/mmcm_adv_inst_display_clocks/inst/clkout1_buf/O
                         net (fo=67, routed)          0.643     0.643    datapath/video_inst/inst_dvid/TDMS_encoder_blue/clk_out1
    SLICE_X159Y134       FDRE                                         r  datapath/video_inst/inst_dvid/TDMS_encoder_blue/dc_bias_reg[1]/C
  -------------------------------------------------------------------    -------------------
    SLICE_X159Y134       FDRE (Prop_fdre_C_Q)         0.141     0.784 r  datapath/video_inst/inst_dvid/TDMS_encoder_blue/dc_bias_reg[1]/Q
                         net (fo=5, routed)           0.121     0.905    datapath/video_inst/inst_dvid/TDMS_encoder_blue/dc_bias_reg_n_0_[1]
    SLICE_X158Y134       LUT6 (Prop_lut6_I0_O)        0.045     0.950 r  datapath/video_inst/inst_dvid/TDMS_encoder_blue/dc_bias[2]_i_1__0/O
                         net (fo=1, routed)           0.000     0.950    datapath/video_inst/inst_dvid/TDMS_encoder_blue/dc_bias[2]_i_1__0_n_0
    SLICE_X158Y134       FDRE                                         r  datapath/video_inst/inst_dvid/TDMS_encoder_blue/dc_bias_reg[2]/D
  -------------------------------------------------------------------    -------------------

                         (clock clk_out1_clk_wiz_0 rise edge)
                                                      0.000     0.000 r  
    BUFGCTRL_X0Y2        BUFG                         0.000     0.000 r  clk_IBUF_BUFG_inst/O
                         net (fo=334, routed)         1.022     1.022    datapath/video_inst/mmcm_adv_inst_display_clocks/inst/clk_in1
    MMCME2_ADV_X1Y0      MMCME2_ADV (Prop_mmcme2_adv_CLKIN1_CLKOUT0)
                                                     -2.040    -1.018 r  datapath/video_inst/mmcm_adv_inst_display_clocks/inst/mmcm_adv_inst/CLKOUT0
                         net (fo=1, routed)           0.989    -0.029    datapath/video_inst/mmcm_adv_inst_display_clocks/inst/clk_out1_clk_wiz_0
    BUFGCTRL_X0Y4        BUFG (Prop_bufg_I_O)         0.029    -0.000 r  datapath/video_inst/mmcm_adv_inst_display_clocks/inst/clkout1_buf/O
                         net (fo=67, routed)          0.914     0.914    datapath/video_inst/inst_dvid/TDMS_encoder_blue/clk_out1
    SLICE_X158Y134       FDRE                                         r  datapath/video_inst/inst_dvid/TDMS_encoder_blue/dc_bias_reg[2]/C
                         clock pessimism             -0.258     0.656    
    SLICE_X158Y134       FDRE (Hold_fdre_C_D)         0.120     0.776    datapath/video_inst/inst_dvid/TDMS_encoder_blue/dc_bias_reg[2]
  -------------------------------------------------------------------
                         required time                         -0.776    
                         arrival time                           0.950    
  -------------------------------------------------------------------
                         slack                                  0.174    

Slack (MET) :             0.177ns  (arrival time - required time)
  Source:                 datapath/video_inst/inst_dvid/TDMS_encoder_blue/dc_bias_reg[1]/C
                            (rising edge-triggered cell FDRE clocked by clk_out1_clk_wiz_0  {rise@0.000ns fall@20.000ns period=40.000ns})
  Destination:            datapath/video_inst/inst_dvid/TDMS_encoder_blue/dc_bias_reg[3]/D
                            (rising edge-triggered cell FDRE clocked by clk_out1_clk_wiz_0  {rise@0.000ns fall@20.000ns period=40.000ns})
  Path Group:             clk_out1_clk_wiz_0
  Path Type:              Hold (Min at Fast Process Corner)
  Requirement:            0.000ns  (clk_out1_clk_wiz_0 rise@0.000ns - clk_out1_clk_wiz_0 rise@0.000ns)
  Data Path Delay:        0.311ns  (logic 0.186ns (59.721%)  route 0.125ns (40.279%))
  Logic Levels:           1  (LUT6=1)
  Clock Path Skew:        0.013ns (DCD - SCD - CPR)
    Destination Clock Delay (DCD):    0.914ns
    Source Clock Delay      (SCD):    0.643ns
    Clock Pessimism Removal (CPR):    0.258ns

    Location             Delay type                Incr(ns)  Path(ns)    Netlist Resource(s)
  -------------------------------------------------------------------    -------------------
                         (clock clk_out1_clk_wiz_0 rise edge)
                                                      0.000     0.000 r  
    BUFGCTRL_X0Y2        BUFG                         0.000     0.000 r  clk_IBUF_BUFG_inst/O
                         net (fo=334, routed)         0.745     0.745    datapath/video_inst/mmcm_adv_inst_display_clocks/inst/clk_in1
    MMCME2_ADV_X1Y0      MMCME2_ADV (Prop_mmcme2_adv_CLKIN1_CLKOUT0)
                                                     -1.683    -0.938 r  datapath/video_inst/mmcm_adv_inst_display_clocks/inst/mmcm_adv_inst/CLKOUT0
                         net (fo=1, routed)           0.912    -0.026    datapath/video_inst/mmcm_adv_inst_display_clocks/inst/clk_out1_clk_wiz_0
    BUFGCTRL_X0Y4        BUFG (Prop_bufg_I_O)         0.026    -0.000 r  datapath/video_inst/mmcm_adv_inst_display_clocks/inst/clkout1_buf/O
                         net (fo=67, routed)          0.643     0.643    datapath/video_inst/inst_dvid/TDMS_encoder_blue/clk_out1
    SLICE_X159Y134       FDRE                                         r  datapath/video_inst/inst_dvid/TDMS_encoder_blue/dc_bias_reg[1]/C
  -------------------------------------------------------------------    -------------------
    SLICE_X159Y134       FDRE (Prop_fdre_C_Q)         0.141     0.784 r  datapath/video_inst/inst_dvid/TDMS_encoder_blue/dc_bias_reg[1]/Q
                         net (fo=5, routed)           0.125     0.909    datapath/video_inst/inst_dvid/TDMS_encoder_blue/dc_bias_reg_n_0_[1]
    SLICE_X158Y134       LUT6 (Prop_lut6_I0_O)        0.045     0.954 r  datapath/video_inst/inst_dvid/TDMS_encoder_blue/dc_bias[3]_i_1__0/O
                         net (fo=1, routed)           0.000     0.954    datapath/video_inst/inst_dvid/TDMS_encoder_blue/dc_bias[3]_i_1__0_n_0
    SLICE_X158Y134       FDRE                                         r  datapath/video_inst/inst_dvid/TDMS_encoder_blue/dc_bias_reg[3]/D
  -------------------------------------------------------------------    -------------------

                         (clock clk_out1_clk_wiz_0 rise edge)
                                                      0.000     0.000 r  
    BUFGCTRL_X0Y2        BUFG                         0.000     0.000 r  clk_IBUF_BUFG_inst/O
                         net (fo=334, routed)         1.022     1.022    datapath/video_inst/mmcm_adv_inst_display_clocks/inst/clk_in1
    MMCME2_ADV_X1Y0      MMCME2_ADV (Prop_mmcme2_adv_CLKIN1_CLKOUT0)
                                                     -2.040    -1.018 r  datapath/video_inst/mmcm_adv_inst_display_clocks/inst/mmcm_adv_inst/CLKOUT0
                         net (fo=1, routed)           0.989    -0.029    datapath/video_inst/mmcm_adv_inst_display_clocks/inst/clk_out1_clk_wiz_0
    BUFGCTRL_X0Y4        BUFG (Prop_bufg_I_O)         0.029    -0.000 r  datapath/video_inst/mmcm_adv_inst_display_clocks/inst/clkout1_buf/O
                         net (fo=67, routed)          0.914     0.914    datapath/video_inst/inst_dvid/TDMS_encoder_blue/clk_out1
    SLICE_X158Y134       FDRE                                         r  datapath/video_inst/inst_dvid/TDMS_encoder_blue/dc_bias_reg[3]/C
                         clock pessimism             -0.258     0.656    
    SLICE_X158Y134       FDRE (Hold_fdre_C_D)         0.121     0.777    datapath/video_inst/inst_dvid/TDMS_encoder_blue/dc_bias_reg[3]
  -------------------------------------------------------------------
                         required time                         -0.777    
                         arrival time                           0.954    
  -------------------------------------------------------------------
                         slack                                  0.177    

Slack (MET) :             0.203ns  (arrival time - required time)
  Source:                 datapath/video_inst/Inst_vga/inst_vga_signal_generator/h_counter/processQ_reg[3]/C
                            (rising edge-triggered cell FDRE clocked by clk_out1_clk_wiz_0  {rise@0.000ns fall@20.000ns period=40.000ns})
  Destination:            datapath/video_inst/Inst_vga/inst_vga_signal_generator/h_counter/processQ_reg[6]/D
                            (rising edge-triggered cell FDRE clocked by clk_out1_clk_wiz_0  {rise@0.000ns fall@20.000ns period=40.000ns})
  Path Group:             clk_out1_clk_wiz_0
  Path Type:              Hold (Min at Fast Process Corner)
  Requirement:            0.000ns  (clk_out1_clk_wiz_0 rise@0.000ns - clk_out1_clk_wiz_0 rise@0.000ns)
  Data Path Delay:        0.337ns  (logic 0.186ns (55.203%)  route 0.151ns (44.797%))
  Logic Levels:           1  (LUT6=1)
  Clock Path Skew:        0.013ns (DCD - SCD - CPR)
    Destination Clock Delay (DCD):    0.877ns
    Source Clock Delay      (SCD):    0.608ns
    Clock Pessimism Removal (CPR):    0.256ns

    Location             Delay type                Incr(ns)  Path(ns)    Netlist Resource(s)
  -------------------------------------------------------------------    -------------------
                         (clock clk_out1_clk_wiz_0 rise edge)
                                                      0.000     0.000 r  
    BUFGCTRL_X0Y2        BUFG                         0.000     0.000 r  clk_IBUF_BUFG_inst/O
                         net (fo=334, routed)         0.745     0.745    datapath/video_inst/mmcm_adv_inst_display_clocks/inst/clk_in1
    MMCME2_ADV_X1Y0      MMCME2_ADV (Prop_mmcme2_adv_CLKIN1_CLKOUT0)
                                                     -1.683    -0.938 r  datapath/video_inst/mmcm_adv_inst_display_clocks/inst/mmcm_adv_inst/CLKOUT0
                         net (fo=1, routed)           0.912    -0.026    datapath/video_inst/mmcm_adv_inst_display_clocks/inst/clk_out1_clk_wiz_0
    BUFGCTRL_X0Y4        BUFG (Prop_bufg_I_O)         0.026    -0.000 r  datapath/video_inst/mmcm_adv_inst_display_clocks/inst/clkout1_buf/O
                         net (fo=67, routed)          0.608     0.608    datapath/video_inst/Inst_vga/inst_vga_signal_generator/h_counter/clk_out1
    SLICE_X151Y123       FDRE                                         r  datapath/video_inst/Inst_vga/inst_vga_signal_generator/h_counter/processQ_reg[3]/C
  -------------------------------------------------------------------    -------------------
    SLICE_X151Y123       FDRE (Prop_fdre_C_Q)         0.141     0.749 r  datapath/video_inst/Inst_vga/inst_vga_signal_generator/h_counter/processQ_reg[3]/Q
                         net (fo=76, routed)          0.151     0.900    datapath/video_inst/Inst_vga/inst_vga_signal_generator/h_counter/Q[3]
    SLICE_X150Y123       LUT6 (Prop_lut6_I4_O)        0.045     0.945 r  datapath/video_inst/Inst_vga/inst_vga_signal_generator/h_counter/processQ[6]_i_1/O
                         net (fo=1, routed)           0.000     0.945    datapath/video_inst/Inst_vga/inst_vga_signal_generator/h_counter/plusOp__0[6]
    SLICE_X150Y123       FDRE                                         r  datapath/video_inst/Inst_vga/inst_vga_signal_generator/h_counter/processQ_reg[6]/D
  -------------------------------------------------------------------    -------------------

                         (clock clk_out1_clk_wiz_0 rise edge)
                                                      0.000     0.000 r  
    BUFGCTRL_X0Y2        BUFG                         0.000     0.000 r  clk_IBUF_BUFG_inst/O
                         net (fo=334, routed)         1.022     1.022    datapath/video_inst/mmcm_adv_inst_display_clocks/inst/clk_in1
    MMCME2_ADV_X1Y0      MMCME2_ADV (Prop_mmcme2_adv_CLKIN1_CLKOUT0)
                                                     -2.040    -1.018 r  datapath/video_inst/mmcm_adv_inst_display_clocks/inst/mmcm_adv_inst/CLKOUT0
                         net (fo=1, routed)           0.989    -0.029    datapath/video_inst/mmcm_adv_inst_display_clocks/inst/clk_out1_clk_wiz_0
    BUFGCTRL_X0Y4        BUFG (Prop_bufg_I_O)         0.029    -0.000 r  datapath/video_inst/mmcm_adv_inst_display_clocks/inst/clkout1_buf/O
                         net (fo=67, routed)          0.877     0.877    datapath/video_inst/Inst_vga/inst_vga_signal_generator/h_counter/clk_out1
    SLICE_X150Y123       FDRE                                         r  datapath/video_inst/Inst_vga/inst_vga_signal_generator/h_counter/processQ_reg[6]/C
                         clock pessimism             -0.256     0.621    
    SLICE_X150Y123       FDRE (Hold_fdre_C_D)         0.121     0.742    datapath/video_inst/Inst_vga/inst_vga_signal_generator/h_counter/processQ_reg[6]
  -------------------------------------------------------------------
                         required time                         -0.742    
                         arrival time                           0.945    
  -------------------------------------------------------------------
                         slack                                  0.203    

Slack (MET) :             0.226ns  (arrival time - required time)
  Source:                 datapath/video_inst/inst_dvid/TDMS_encoder_blue/encoded_reg[0]/C
                            (rising edge-triggered cell FDRE clocked by clk_out1_clk_wiz_0  {rise@0.000ns fall@20.000ns period=40.000ns})
  Destination:            datapath/video_inst/inst_dvid/latched_blue_reg[0]/D
                            (rising edge-triggered cell FDRE clocked by clk_out1_clk_wiz_0  {rise@0.000ns fall@20.000ns period=40.000ns})
  Path Group:             clk_out1_clk_wiz_0
  Path Type:              Hold (Min at Fast Process Corner)
  Requirement:            0.000ns  (clk_out1_clk_wiz_0 rise@0.000ns - clk_out1_clk_wiz_0 rise@0.000ns)
  Data Path Delay:        0.309ns  (logic 0.164ns (53.051%)  route 0.145ns (46.949%))
  Logic Levels:           0  
  Clock Path Skew:        0.013ns (DCD - SCD - CPR)
    Destination Clock Delay (DCD):    0.915ns
    Source Clock Delay      (SCD):    0.643ns
    Clock Pessimism Removal (CPR):    0.259ns

    Location             Delay type                Incr(ns)  Path(ns)    Netlist Resource(s)
  -------------------------------------------------------------------    -------------------
                         (clock clk_out1_clk_wiz_0 rise edge)
                                                      0.000     0.000 r  
    BUFGCTRL_X0Y2        BUFG                         0.000     0.000 r  clk_IBUF_BUFG_inst/O
                         net (fo=334, routed)         0.745     0.745    datapath/video_inst/mmcm_adv_inst_display_clocks/inst/clk_in1
    MMCME2_ADV_X1Y0      MMCME2_ADV (Prop_mmcme2_adv_CLKIN1_CLKOUT0)
                                                     -1.683    -0.938 r  datapath/video_inst/mmcm_adv_inst_display_clocks/inst/mmcm_adv_inst/CLKOUT0
                         net (fo=1, routed)           0.912    -0.026    datapath/video_inst/mmcm_adv_inst_display_clocks/inst/clk_out1_clk_wiz_0
    BUFGCTRL_X0Y4        BUFG (Prop_bufg_I_O)         0.026    -0.000 r  datapath/video_inst/mmcm_adv_inst_display_clocks/inst/clkout1_buf/O
                         net (fo=67, routed)          0.643     0.643    datapath/video_inst/inst_dvid/TDMS_encoder_blue/clk_out1
    SLICE_X158Y135       FDRE                                         r  datapath/video_inst/inst_dvid/TDMS_encoder_blue/encoded_reg[0]/C
  -------------------------------------------------------------------    -------------------
    SLICE_X158Y135       FDRE (Prop_fdre_C_Q)         0.164     0.807 r  datapath/video_inst/inst_dvid/TDMS_encoder_blue/encoded_reg[0]/Q
                         net (fo=1, routed)           0.145     0.952    datapath/video_inst/inst_dvid/TDMS_encoder_blue_n_7
    SLICE_X159Y135       FDRE                                         r  datapath/video_inst/inst_dvid/latched_blue_reg[0]/D
  -------------------------------------------------------------------    -------------------

                         (clock clk_out1_clk_wiz_0 rise edge)
                                                      0.000     0.000 r  
    BUFGCTRL_X0Y2        BUFG                         0.000     0.000 r  clk_IBUF_BUFG_inst/O
                         net (fo=334, routed)         1.022     1.022    datapath/video_inst/mmcm_adv_inst_display_clocks/inst/clk_in1
    MMCME2_ADV_X1Y0      MMCME2_ADV (Prop_mmcme2_adv_CLKIN1_CLKOUT0)
                                                     -2.040    -1.018 r  datapath/video_inst/mmcm_adv_inst_display_clocks/inst/mmcm_adv_inst/CLKOUT0
                         net (fo=1, routed)           0.989    -0.029    datapath/video_inst/mmcm_adv_inst_display_clocks/inst/clk_out1_clk_wiz_0
    BUFGCTRL_X0Y4        BUFG (Prop_bufg_I_O)         0.029    -0.000 r  datapath/video_inst/mmcm_adv_inst_display_clocks/inst/clkout1_buf/O
                         net (fo=67, routed)          0.915     0.915    datapath/video_inst/inst_dvid/clk_out1
    SLICE_X159Y135       FDRE                                         r  datapath/video_inst/inst_dvid/latched_blue_reg[0]/C
                         clock pessimism             -0.259     0.656    
    SLICE_X159Y135       FDRE (Hold_fdre_C_D)         0.070     0.726    datapath/video_inst/inst_dvid/latched_blue_reg[0]
  -------------------------------------------------------------------
                         required time                         -0.726    
                         arrival time                           0.952    
  -------------------------------------------------------------------
                         slack                                  0.226    

Slack (MET) :             0.233ns  (arrival time - required time)
  Source:                 datapath/video_inst/inst_dvid/TDMS_encoder_blue/dc_bias_reg[2]/C
                            (rising edge-triggered cell FDRE clocked by clk_out1_clk_wiz_0  {rise@0.000ns fall@20.000ns period=40.000ns})
  Destination:            datapath/video_inst/inst_dvid/TDMS_encoder_blue/dc_bias_reg[1]/D
                            (rising edge-triggered cell FDRE clocked by clk_out1_clk_wiz_0  {rise@0.000ns fall@20.000ns period=40.000ns})
  Path Group:             clk_out1_clk_wiz_0
  Path Type:              Hold (Min at Fast Process Corner)
  Requirement:            0.000ns  (clk_out1_clk_wiz_0 rise@0.000ns - clk_out1_clk_wiz_0 rise@0.000ns)
  Data Path Delay:        0.337ns  (logic 0.209ns (62.089%)  route 0.128ns (37.911%))
  Logic Levels:           1  (LUT6=1)
  Clock Path Skew:        0.013ns (DCD - SCD - CPR)
    Destination Clock Delay (DCD):    0.914ns
    Source Clock Delay      (SCD):    0.643ns
    Clock Pessimism Removal (CPR):    0.258ns

    Location             Delay type                Incr(ns)  Path(ns)    Netlist Resource(s)
  -------------------------------------------------------------------    -------------------
                         (clock clk_out1_clk_wiz_0 rise edge)
                                                      0.000     0.000 r  
    BUFGCTRL_X0Y2        BUFG                         0.000     0.000 r  clk_IBUF_BUFG_inst/O
                         net (fo=334, routed)         0.745     0.745    datapath/video_inst/mmcm_adv_inst_display_clocks/inst/clk_in1
    MMCME2_ADV_X1Y0      MMCME2_ADV (Prop_mmcme2_adv_CLKIN1_CLKOUT0)
                                                     -1.683    -0.938 r  datapath/video_inst/mmcm_adv_inst_display_clocks/inst/mmcm_adv_inst/CLKOUT0
                         net (fo=1, routed)           0.912    -0.026    datapath/video_inst/mmcm_adv_inst_display_clocks/inst/clk_out1_clk_wiz_0
    BUFGCTRL_X0Y4        BUFG (Prop_bufg_I_O)         0.026    -0.000 r  datapath/video_inst/mmcm_adv_inst_display_clocks/inst/clkout1_buf/O
                         net (fo=67, routed)          0.643     0.643    datapath/video_inst/inst_dvid/TDMS_encoder_blue/clk_out1
    SLICE_X158Y134       FDRE                                         r  datapath/video_inst/inst_dvid/TDMS_encoder_blue/dc_bias_reg[2]/C
  -------------------------------------------------------------------    -------------------
    SLICE_X158Y134       FDRE (Prop_fdre_C_Q)         0.164     0.807 f  datapath/video_inst/inst_dvid/TDMS_encoder_blue/dc_bias_reg[2]/Q
                         net (fo=5, routed)           0.128     0.934    datapath/video_inst/inst_dvid/TDMS_encoder_blue/dc_bias_reg_n_0_[2]
    SLICE_X159Y134       LUT6 (Prop_lut6_I2_O)        0.045     0.979 r  datapath/video_inst/inst_dvid/TDMS_encoder_blue/dc_bias[1]_i_1__0/O
                         net (fo=1, routed)           0.000     0.979    datapath/video_inst/inst_dvid/TDMS_encoder_blue/dc_bias[1]_i_1__0_n_0
    SLICE_X159Y134       FDRE                                         r  datapath/video_inst/inst_dvid/TDMS_encoder_blue/dc_bias_reg[1]/D
  -------------------------------------------------------------------    -------------------

                         (clock clk_out1_clk_wiz_0 rise edge)
                                                      0.000     0.000 r  
    BUFGCTRL_X0Y2        BUFG                         0.000     0.000 r  clk_IBUF_BUFG_inst/O
                         net (fo=334, routed)         1.022     1.022    datapath/video_inst/mmcm_adv_inst_display_clocks/inst/clk_in1
    MMCME2_ADV_X1Y0      MMCME2_ADV (Prop_mmcme2_adv_CLKIN1_CLKOUT0)
                                                     -2.040    -1.018 r  datapath/video_inst/mmcm_adv_inst_display_clocks/inst/mmcm_adv_inst/CLKOUT0
                         net (fo=1, routed)           0.989    -0.029    datapath/video_inst/mmcm_adv_inst_display_clocks/inst/clk_out1_clk_wiz_0
    BUFGCTRL_X0Y4        BUFG (Prop_bufg_I_O)         0.029    -0.000 r  datapath/video_inst/mmcm_adv_inst_display_clocks/inst/clkout1_buf/O
                         net (fo=67, routed)          0.914     0.914    datapath/video_inst/inst_dvid/TDMS_encoder_blue/clk_out1
    SLICE_X159Y134       FDRE                                         r  datapath/video_inst/inst_dvid/TDMS_encoder_blue/dc_bias_reg[1]/C
                         clock pessimism             -0.258     0.656    
    SLICE_X159Y134       FDRE (Hold_fdre_C_D)         0.091     0.747    datapath/video_inst/inst_dvid/TDMS_encoder_blue/dc_bias_reg[1]
  -------------------------------------------------------------------
                         required time                         -0.747    
                         arrival time                           0.979    
  -------------------------------------------------------------------
                         slack                                  0.233    

Slack (MET) :             0.237ns  (arrival time - required time)
  Source:                 datapath/video_inst/inst_dvid/TDMS_encoder_blue/encoded_reg[9]/C
                            (rising edge-triggered cell FDRE clocked by clk_out1_clk_wiz_0  {rise@0.000ns fall@20.000ns period=40.000ns})
  Destination:            datapath/video_inst/inst_dvid/latched_blue_reg[9]/D
                            (rising edge-triggered cell FDRE clocked by clk_out1_clk_wiz_0  {rise@0.000ns fall@20.000ns period=40.000ns})
  Path Group:             clk_out1_clk_wiz_0
  Path Type:              Hold (Min at Fast Process Corner)
  Requirement:            0.000ns  (clk_out1_clk_wiz_0 rise@0.000ns - clk_out1_clk_wiz_0 rise@0.000ns)
  Data Path Delay:        0.313ns  (logic 0.141ns (45.034%)  route 0.172ns (54.966%))
  Logic Levels:           0  
  Clock Path Skew:        0.000ns (DCD - SCD - CPR)
    Destination Clock Delay (DCD):    0.915ns
    Source Clock Delay      (SCD):    0.644ns
    Clock Pessimism Removal (CPR):    0.271ns

    Location             Delay type                Incr(ns)  Path(ns)    Netlist Resource(s)
  -------------------------------------------------------------------    -------------------
                         (clock clk_out1_clk_wiz_0 rise edge)
                                                      0.000     0.000 r  
    BUFGCTRL_X0Y2        BUFG                         0.000     0.000 r  clk_IBUF_BUFG_inst/O
                         net (fo=334, routed)         0.745     0.745    datapath/video_inst/mmcm_adv_inst_display_clocks/inst/clk_in1
    MMCME2_ADV_X1Y0      MMCME2_ADV (Prop_mmcme2_adv_CLKIN1_CLKOUT0)
                                                     -1.683    -0.938 r  datapath/video_inst/mmcm_adv_inst_display_clocks/inst/mmcm_adv_inst/CLKOUT0
                         net (fo=1, routed)           0.912    -0.026    datapath/video_inst/mmcm_adv_inst_display_clocks/inst/clk_out1_clk_wiz_0
    BUFGCTRL_X0Y4        BUFG (Prop_bufg_I_O)         0.026    -0.000 r  datapath/video_inst/mmcm_adv_inst_display_clocks/inst/clkout1_buf/O
                         net (fo=67, routed)          0.644     0.644    datapath/video_inst/inst_dvid/TDMS_encoder_blue/clk_out1
    SLICE_X160Y134       FDRE                                         r  datapath/video_inst/inst_dvid/TDMS_encoder_blue/encoded_reg[9]/C
  -------------------------------------------------------------------    -------------------
    SLICE_X160Y134       FDRE (Prop_fdre_C_Q)         0.141     0.785 r  datapath/video_inst/inst_dvid/TDMS_encoder_blue/encoded_reg[9]/Q
                         net (fo=1, routed)           0.172     0.957    datapath/video_inst/inst_dvid/TDMS_encoder_blue_n_2
    SLICE_X160Y134       FDRE                                         r  datapath/video_inst/inst_dvid/latched_blue_reg[9]/D
  -------------------------------------------------------------------    -------------------

                         (clock clk_out1_clk_wiz_0 rise edge)
                                                      0.000     0.000 r  
    BUFGCTRL_X0Y2        BUFG                         0.000     0.000 r  clk_IBUF_BUFG_inst/O
                         net (fo=334, routed)         1.022     1.022    datapath/video_inst/mmcm_adv_inst_display_clocks/inst/clk_in1
    MMCME2_ADV_X1Y0      MMCME2_ADV (Prop_mmcme2_adv_CLKIN1_CLKOUT0)
                                                     -2.040    -1.018 r  datapath/video_inst/mmcm_adv_inst_display_clocks/inst/mmcm_adv_inst/CLKOUT0
                         net (fo=1, routed)           0.989    -0.029    datapath/video_inst/mmcm_adv_inst_display_clocks/inst/clk_out1_clk_wiz_0
    BUFGCTRL_X0Y4        BUFG (Prop_bufg_I_O)         0.029    -0.000 r  datapath/video_inst/mmcm_adv_inst_display_clocks/inst/clkout1_buf/O
                         net (fo=67, routed)          0.915     0.915    datapath/video_inst/inst_dvid/clk_out1
    SLICE_X160Y134       FDRE                                         r  datapath/video_inst/inst_dvid/latched_blue_reg[9]/C
                         clock pessimism             -0.271     0.644    
    SLICE_X160Y134       FDRE (Hold_fdre_C_D)         0.076     0.720    datapath/video_inst/inst_dvid/latched_blue_reg[9]
  -------------------------------------------------------------------
                         required time                         -0.720    
                         arrival time                           0.957    
  -------------------------------------------------------------------
                         slack                                  0.237    

Slack (MET) :             0.241ns  (arrival time - required time)
  Source:                 datapath/video_inst/inst_dvid/TDMS_encoder_green/encoded_reg[2]/C
                            (rising edge-triggered cell FDSE clocked by clk_out1_clk_wiz_0  {rise@0.000ns fall@20.000ns period=40.000ns})
  Destination:            datapath/video_inst/inst_dvid/latched_green_reg[2]/D
                            (rising edge-triggered cell FDRE clocked by clk_out1_clk_wiz_0  {rise@0.000ns fall@20.000ns period=40.000ns})
  Path Group:             clk_out1_clk_wiz_0
  Path Type:              Hold (Min at Fast Process Corner)
  Requirement:            0.000ns  (clk_out1_clk_wiz_0 rise@0.000ns - clk_out1_clk_wiz_0 rise@0.000ns)
  Data Path Delay:        0.304ns  (logic 0.128ns (42.120%)  route 0.176ns (57.880%))
  Logic Levels:           0  
  Clock Path Skew:        0.038ns (DCD - SCD - CPR)
    Destination Clock Delay (DCD):    0.915ns
    Source Clock Delay      (SCD):    0.643ns
    Clock Pessimism Removal (CPR):    0.234ns

    Location             Delay type                Incr(ns)  Path(ns)    Netlist Resource(s)
  -------------------------------------------------------------------    -------------------
                         (clock clk_out1_clk_wiz_0 rise edge)
                                                      0.000     0.000 r  
    BUFGCTRL_X0Y2        BUFG                         0.000     0.000 r  clk_IBUF_BUFG_inst/O
                         net (fo=334, routed)         0.745     0.745    datapath/video_inst/mmcm_adv_inst_display_clocks/inst/clk_in1
    MMCME2_ADV_X1Y0      MMCME2_ADV (Prop_mmcme2_adv_CLKIN1_CLKOUT0)
                                                     -1.683    -0.938 r  datapath/video_inst/mmcm_adv_inst_display_clocks/inst/mmcm_adv_inst/CLKOUT0
                         net (fo=1, routed)           0.912    -0.026    datapath/video_inst/mmcm_adv_inst_display_clocks/inst/clk_out1_clk_wiz_0
    BUFGCTRL_X0Y4        BUFG (Prop_bufg_I_O)         0.026    -0.000 r  datapath/video_inst/mmcm_adv_inst_display_clocks/inst/clkout1_buf/O
                         net (fo=67, routed)          0.643     0.643    datapath/video_inst/inst_dvid/TDMS_encoder_green/clk_out1
    SLICE_X159Y134       FDSE                                         r  datapath/video_inst/inst_dvid/TDMS_encoder_green/encoded_reg[2]/C
  -------------------------------------------------------------------    -------------------
    SLICE_X159Y134       FDSE (Prop_fdse_C_Q)         0.128     0.771 r  datapath/video_inst/inst_dvid/TDMS_encoder_green/encoded_reg[2]/Q
                         net (fo=1, routed)           0.176     0.946    datapath/video_inst/inst_dvid/TDMS_encoder_green_n_2
    SLICE_X160Y134       FDRE                                         r  datapath/video_inst/inst_dvid/latched_green_reg[2]/D
  -------------------------------------------------------------------    -------------------

                         (clock clk_out1_clk_wiz_0 rise edge)
                                                      0.000     0.000 r  
    BUFGCTRL_X0Y2        BUFG                         0.000     0.000 r  clk_IBUF_BUFG_inst/O
                         net (fo=334, routed)         1.022     1.022    datapath/video_inst/mmcm_adv_inst_display_clocks/inst/clk_in1
    MMCME2_ADV_X1Y0      MMCME2_ADV (Prop_mmcme2_adv_CLKIN1_CLKOUT0)
                                                     -2.040    -1.018 r  datapath/video_inst/mmcm_adv_inst_display_clocks/inst/mmcm_adv_inst/CLKOUT0
                         net (fo=1, routed)           0.989    -0.029    datapath/video_inst/mmcm_adv_inst_display_clocks/inst/clk_out1_clk_wiz_0
    BUFGCTRL_X0Y4        BUFG (Prop_bufg_I_O)         0.029    -0.000 r  datapath/video_inst/mmcm_adv_inst_display_clocks/inst/clkout1_buf/O
                         net (fo=67, routed)          0.915     0.915    datapath/video_inst/inst_dvid/clk_out1
    SLICE_X160Y134       FDRE                                         r  datapath/video_inst/inst_dvid/latched_green_reg[2]/C
                         clock pessimism             -0.234     0.681    
    SLICE_X160Y134       FDRE (Hold_fdre_C_D)         0.025     0.706    datapath/video_inst/inst_dvid/latched_green_reg[2]
  -------------------------------------------------------------------
                         required time                         -0.706    
                         arrival time                           0.946    
  -------------------------------------------------------------------
                         slack                                  0.241    

Slack (MET) :             0.242ns  (arrival time - required time)
  Source:                 datapath/video_inst/Inst_vga/inst_vga_signal_generator/h_counter/processQ_reg[5]/C
                            (rising edge-triggered cell FDRE clocked by clk_out1_clk_wiz_0  {rise@0.000ns fall@20.000ns period=40.000ns})
  Destination:            datapath/video_inst/Inst_vga/inst_vga_signal_generator/h_counter/processQ_reg[8]/D
                            (rising edge-triggered cell FDRE clocked by clk_out1_clk_wiz_0  {rise@0.000ns fall@20.000ns period=40.000ns})
  Path Group:             clk_out1_clk_wiz_0
  Path Type:              Hold (Min at Fast Process Corner)
  Requirement:            0.000ns  (clk_out1_clk_wiz_0 rise@0.000ns - clk_out1_clk_wiz_0 rise@0.000ns)
  Data Path Delay:        0.386ns  (logic 0.188ns (48.733%)  route 0.198ns (51.267%))
  Logic Levels:           1  (LUT5=1)
  Clock Path Skew:        0.013ns (DCD - SCD - CPR)
    Destination Clock Delay (DCD):    0.878ns
    Source Clock Delay      (SCD):    0.609ns
    Clock Pessimism Removal (CPR):    0.256ns

    Location             Delay type                Incr(ns)  Path(ns)    Netlist Resource(s)
  -------------------------------------------------------------------    -------------------
                         (clock clk_out1_clk_wiz_0 rise edge)
                                                      0.000     0.000 r  
    BUFGCTRL_X0Y2        BUFG                         0.000     0.000 r  clk_IBUF_BUFG_inst/O
                         net (fo=334, routed)         0.745     0.745    datapath/video_inst/mmcm_adv_inst_display_clocks/inst/clk_in1
    MMCME2_ADV_X1Y0      MMCME2_ADV (Prop_mmcme2_adv_CLKIN1_CLKOUT0)
                                                     -1.683    -0.938 r  datapath/video_inst/mmcm_adv_inst_display_clocks/inst/mmcm_adv_inst/CLKOUT0
                         net (fo=1, routed)           0.912    -0.026    datapath/video_inst/mmcm_adv_inst_display_clocks/inst/clk_out1_clk_wiz_0
    BUFGCTRL_X0Y4        BUFG (Prop_bufg_I_O)         0.026    -0.000 r  datapath/video_inst/mmcm_adv_inst_display_clocks/inst/clkout1_buf/O
                         net (fo=67, routed)          0.609     0.609    datapath/video_inst/Inst_vga/inst_vga_signal_generator/h_counter/clk_out1
    SLICE_X153Y123       FDRE                                         r  datapath/video_inst/Inst_vga/inst_vga_signal_generator/h_counter/processQ_reg[5]/C
  -------------------------------------------------------------------    -------------------
    SLICE_X153Y123       FDRE (Prop_fdre_C_Q)         0.141     0.750 r  datapath/video_inst/Inst_vga/inst_vga_signal_generator/h_counter/processQ_reg[5]/Q
                         net (fo=69, routed)          0.198     0.947    datapath/video_inst/Inst_vga/inst_vga_signal_generator/h_counter/Q[5]
    SLICE_X152Y123       LUT5 (Prop_lut5_I2_O)        0.047     0.994 r  datapath/video_inst/Inst_vga/inst_vga_signal_generator/h_counter/processQ[8]_i_3/O
                         net (fo=1, routed)           0.000     0.994    datapath/video_inst/Inst_vga/inst_vga_signal_generator/h_counter/plusOp__0[8]
    SLICE_X152Y123       FDRE                                         r  datapath/video_inst/Inst_vga/inst_vga_signal_generator/h_counter/processQ_reg[8]/D
  -------------------------------------------------------------------    -------------------

                         (clock clk_out1_clk_wiz_0 rise edge)
                                                      0.000     0.000 r  
    BUFGCTRL_X0Y2        BUFG                         0.000     0.000 r  clk_IBUF_BUFG_inst/O
                         net (fo=334, routed)         1.022     1.022    datapath/video_inst/mmcm_adv_inst_display_clocks/inst/clk_in1
    MMCME2_ADV_X1Y0      MMCME2_ADV (Prop_mmcme2_adv_CLKIN1_CLKOUT0)
                                                     -2.040    -1.018 r  datapath/video_inst/mmcm_adv_inst_display_clocks/inst/mmcm_adv_inst/CLKOUT0
                         net (fo=1, routed)           0.989    -0.029    datapath/video_inst/mmcm_adv_inst_display_clocks/inst/clk_out1_clk_wiz_0
    BUFGCTRL_X0Y4        BUFG (Prop_bufg_I_O)         0.029    -0.000 r  datapath/video_inst/mmcm_adv_inst_display_clocks/inst/clkout1_buf/O
                         net (fo=67, routed)          0.878     0.878    datapath/video_inst/Inst_vga/inst_vga_signal_generator/h_counter/clk_out1
    SLICE_X152Y123       FDRE                                         r  datapath/video_inst/Inst_vga/inst_vga_signal_generator/h_counter/processQ_reg[8]/C
                         clock pessimism             -0.256     0.622    
    SLICE_X152Y123       FDRE (Hold_fdre_C_D)         0.131     0.753    datapath/video_inst/Inst_vga/inst_vga_signal_generator/h_counter/processQ_reg[8]
  -------------------------------------------------------------------
                         required time                         -0.753    
                         arrival time                           0.994    
  -------------------------------------------------------------------
                         slack                                  0.242    

Slack (MET) :             0.244ns  (arrival time - required time)
  Source:                 datapath/video_inst/inst_dvid/TDMS_encoder_green/dc_bias_reg[1]/C
                            (rising edge-triggered cell FDRE clocked by clk_out1_clk_wiz_0  {rise@0.000ns fall@20.000ns period=40.000ns})
  Destination:            datapath/video_inst/inst_dvid/TDMS_encoder_green/dc_bias_reg[0]/D
                            (rising edge-triggered cell FDRE clocked by clk_out1_clk_wiz_0  {rise@0.000ns fall@20.000ns period=40.000ns})
  Path Group:             clk_out1_clk_wiz_0
  Path Type:              Hold (Min at Fast Process Corner)
  Requirement:            0.000ns  (clk_out1_clk_wiz_0 rise@0.000ns - clk_out1_clk_wiz_0 rise@0.000ns)
  Data Path Delay:        0.373ns  (logic 0.209ns (56.093%)  route 0.164ns (43.907%))
  Logic Levels:           1  (LUT6=1)
  Clock Path Skew:        0.038ns (DCD - SCD - CPR)
    Destination Clock Delay (DCD):    0.913ns
    Source Clock Delay      (SCD):    0.641ns
    Clock Pessimism Removal (CPR):    0.234ns

    Location             Delay type                Incr(ns)  Path(ns)    Netlist Resource(s)
  -------------------------------------------------------------------    -------------------
                         (clock clk_out1_clk_wiz_0 rise edge)
                                                      0.000     0.000 r  
    BUFGCTRL_X0Y2        BUFG                         0.000     0.000 r  clk_IBUF_BUFG_inst/O
                         net (fo=334, routed)         0.745     0.745    datapath/video_inst/mmcm_adv_inst_display_clocks/inst/clk_in1
    MMCME2_ADV_X1Y0      MMCME2_ADV (Prop_mmcme2_adv_CLKIN1_CLKOUT0)
                                                     -1.683    -0.938 r  datapath/video_inst/mmcm_adv_inst_display_clocks/inst/mmcm_adv_inst/CLKOUT0
                         net (fo=1, routed)           0.912    -0.026    datapath/video_inst/mmcm_adv_inst_display_clocks/inst/clk_out1_clk_wiz_0
    BUFGCTRL_X0Y4        BUFG (Prop_bufg_I_O)         0.026    -0.000 r  datapath/video_inst/mmcm_adv_inst_display_clocks/inst/clkout1_buf/O
                         net (fo=67, routed)          0.641     0.641    datapath/video_inst/inst_dvid/TDMS_encoder_green/clk_out1
    SLICE_X158Y132       FDRE                                         r  datapath/video_inst/inst_dvid/TDMS_encoder_green/dc_bias_reg[1]/C
  -------------------------------------------------------------------    -------------------
    SLICE_X158Y132       FDRE (Prop_fdre_C_Q)         0.164     0.805 r  datapath/video_inst/inst_dvid/TDMS_encoder_green/dc_bias_reg[1]/Q
                         net (fo=6, routed)           0.164     0.968    datapath/video_inst/inst_dvid/TDMS_encoder_green/dc_bias_reg_n_0_[1]
    SLICE_X160Y132       LUT6 (Prop_lut6_I0_O)        0.045     1.013 r  datapath/video_inst/inst_dvid/TDMS_encoder_green/dc_bias[0]_i_1/O
                         net (fo=1, routed)           0.000     1.013    datapath/video_inst/inst_dvid/TDMS_encoder_green/dc_bias[0]_i_1_n_0
    SLICE_X160Y132       FDRE                                         r  datapath/video_inst/inst_dvid/TDMS_encoder_green/dc_bias_reg[0]/D
  -------------------------------------------------------------------    -------------------

                         (clock clk_out1_clk_wiz_0 rise edge)
                                                      0.000     0.000 r  
    BUFGCTRL_X0Y2        BUFG                         0.000     0.000 r  clk_IBUF_BUFG_inst/O
                         net (fo=334, routed)         1.022     1.022    datapath/video_inst/mmcm_adv_inst_display_clocks/inst/clk_in1
    MMCME2_ADV_X1Y0      MMCME2_ADV (Prop_mmcme2_adv_CLKIN1_CLKOUT0)
                                                     -2.040    -1.018 r  datapath/video_inst/mmcm_adv_inst_display_clocks/inst/mmcm_adv_inst/CLKOUT0
                         net (fo=1, routed)           0.989    -0.029    datapath/video_inst/mmcm_adv_inst_display_clocks/inst/clk_out1_clk_wiz_0
    BUFGCTRL_X0Y4        BUFG (Prop_bufg_I_O)         0.029    -0.000 r  datapath/video_inst/mmcm_adv_inst_display_clocks/inst/clkout1_buf/O
                         net (fo=67, routed)          0.913     0.913    datapath/video_inst/inst_dvid/TDMS_encoder_green/clk_out1
    SLICE_X160Y132       FDRE                                         r  datapath/video_inst/inst_dvid/TDMS_encoder_green/dc_bias_reg[0]/C
                         clock pessimism             -0.234     0.679    
    SLICE_X160Y132       FDRE (Hold_fdre_C_D)         0.091     0.770    datapath/video_inst/inst_dvid/TDMS_encoder_green/dc_bias_reg[0]
  -------------------------------------------------------------------
                         required time                         -0.770    
                         arrival time                           1.013    
  -------------------------------------------------------------------
                         slack                                  0.244    

Slack (MET) :             0.246ns  (arrival time - required time)
  Source:                 datapath/video_inst/inst_dvid/TDMS_encoder_red/dc_bias_reg[1]/C
                            (rising edge-triggered cell FDRE clocked by clk_out1_clk_wiz_0  {rise@0.000ns fall@20.000ns period=40.000ns})
  Destination:            datapath/video_inst/inst_dvid/TDMS_encoder_red/dc_bias_reg[3]/D
                            (rising edge-triggered cell FDRE clocked by clk_out1_clk_wiz_0  {rise@0.000ns fall@20.000ns period=40.000ns})
  Path Group:             clk_out1_clk_wiz_0
  Path Type:              Hold (Min at Fast Process Corner)
  Requirement:            0.000ns  (clk_out1_clk_wiz_0 rise@0.000ns - clk_out1_clk_wiz_0 rise@0.000ns)
  Data Path Delay:        0.353ns  (logic 0.232ns (65.678%)  route 0.121ns (34.322%))
  Logic Levels:           1  (LUT5=1)
  Clock Path Skew:        0.000ns (DCD - SCD - CPR)
    Destination Clock Delay (DCD):    0.913ns
    Source Clock Delay      (SCD):    0.642ns
    Clock Pessimism Removal (CPR):    0.271ns

    Location             Delay type                Incr(ns)  Path(ns)    Netlist Resource(s)
  -------------------------------------------------------------------    -------------------
                         (clock clk_out1_clk_wiz_0 rise edge)
                                                      0.000     0.000 r  
    BUFGCTRL_X0Y2        BUFG                         0.000     0.000 r  clk_IBUF_BUFG_inst/O
                         net (fo=334, routed)         0.745     0.745    datapath/video_inst/mmcm_adv_inst_display_clocks/inst/clk_in1
    MMCME2_ADV_X1Y0      MMCME2_ADV (Prop_mmcme2_adv_CLKIN1_CLKOUT0)
                                                     -1.683    -0.938 r  datapath/video_inst/mmcm_adv_inst_display_clocks/inst/mmcm_adv_inst/CLKOUT0
                         net (fo=1, routed)           0.912    -0.026    datapath/video_inst/mmcm_adv_inst_display_clocks/inst/clk_out1_clk_wiz_0
    BUFGCTRL_X0Y4        BUFG (Prop_bufg_I_O)         0.026    -0.000 r  datapath/video_inst/mmcm_adv_inst_display_clocks/inst/clkout1_buf/O
                         net (fo=67, routed)          0.642     0.642    datapath/video_inst/inst_dvid/TDMS_encoder_red/clk_out1
    SLICE_X160Y132       FDRE                                         r  datapath/video_inst/inst_dvid/TDMS_encoder_red/dc_bias_reg[1]/C
  -------------------------------------------------------------------    -------------------
    SLICE_X160Y132       FDRE (Prop_fdre_C_Q)         0.128     0.770 f  datapath/video_inst/inst_dvid/TDMS_encoder_red/dc_bias_reg[1]/Q
                         net (fo=3, routed)           0.121     0.891    datapath/video_inst/inst_dvid/TDMS_encoder_red/dc_bias_reg_n_0_[1]
    SLICE_X160Y132       LUT5 (Prop_lut5_I3_O)        0.104     0.995 r  datapath/video_inst/inst_dvid/TDMS_encoder_red/dc_bias[3]_i_1__1/O
                         net (fo=1, routed)           0.000     0.995    datapath/video_inst/inst_dvid/TDMS_encoder_red/dc_bias[3]_i_1__1_n_0
    SLICE_X160Y132       FDRE                                         r  datapath/video_inst/inst_dvid/TDMS_encoder_red/dc_bias_reg[3]/D
  -------------------------------------------------------------------    -------------------

                         (clock clk_out1_clk_wiz_0 rise edge)
                                                      0.000     0.000 r  
    BUFGCTRL_X0Y2        BUFG                         0.000     0.000 r  clk_IBUF_BUFG_inst/O
                         net (fo=334, routed)         1.022     1.022    datapath/video_inst/mmcm_adv_inst_display_clocks/inst/clk_in1
    MMCME2_ADV_X1Y0      MMCME2_ADV (Prop_mmcme2_adv_CLKIN1_CLKOUT0)
                                                     -2.040    -1.018 r  datapath/video_inst/mmcm_adv_inst_display_clocks/inst/mmcm_adv_inst/CLKOUT0
                         net (fo=1, routed)           0.989    -0.029    datapath/video_inst/mmcm_adv_inst_display_clocks/inst/clk_out1_clk_wiz_0
    BUFGCTRL_X0Y4        BUFG (Prop_bufg_I_O)         0.029    -0.000 r  datapath/video_inst/mmcm_adv_inst_display_clocks/inst/clkout1_buf/O
                         net (fo=67, routed)          0.913     0.913    datapath/video_inst/inst_dvid/TDMS_encoder_red/clk_out1
    SLICE_X160Y132       FDRE                                         r  datapath/video_inst/inst_dvid/TDMS_encoder_red/dc_bias_reg[3]/C
                         clock pessimism             -0.271     0.642    
    SLICE_X160Y132       FDRE (Hold_fdre_C_D)         0.107     0.749    datapath/video_inst/inst_dvid/TDMS_encoder_red/dc_bias_reg[3]
  -------------------------------------------------------------------
                         required time                         -0.749    
                         arrival time                           0.995    
  -------------------------------------------------------------------
                         slack                                  0.246    





Pulse Width Checks
--------------------------------------------------------------------------------------
Clock Name:         clk_out1_clk_wiz_0
Waveform(ns):       { 0.000 20.000 }
Period(ns):         40.000
Sources:            { datapath/video_inst/mmcm_adv_inst_display_clocks/inst/mmcm_adv_inst/CLKOUT0 }

Check Type        Corner  Lib Pin             Reference Pin  Required(ns)  Actual(ns)  Slack(ns)  Location         Pin
Min Period        n/a     BUFG/I              n/a            2.155         40.000      37.845     BUFGCTRL_X0Y4    datapath/video_inst/mmcm_adv_inst_display_clocks/inst/clkout1_buf/I
Min Period        n/a     MMCME2_ADV/CLKOUT0  n/a            1.249         40.000      38.751     MMCME2_ADV_X1Y0  datapath/video_inst/mmcm_adv_inst_display_clocks/inst/mmcm_adv_inst/CLKOUT0
Min Period        n/a     FDRE/C              n/a            1.000         40.000      39.000     SLICE_X159Y128   datapath/video_inst/Inst_vga/inst_vga_signal_generator/h_blank_is_low_reg/C
Min Period        n/a     FDRE/C              n/a            1.000         40.000      39.000     SLICE_X159Y128   datapath/video_inst/Inst_vga/inst_vga_signal_generator/h_sync_is_low_reg_inv/C
Min Period        n/a     FDRE/C              n/a            1.000         40.000      39.000     SLICE_X155Y126   datapath/video_inst/Inst_vga/inst_vga_signal_generator/v_blank_is_low_reg/C
Min Period        n/a     FDRE/C              n/a            1.000         40.000      39.000     SLICE_X155Y127   datapath/video_inst/Inst_vga/inst_vga_signal_generator/v_sync_is_low_reg/C
Min Period        n/a     FDRE/C              n/a            1.000         40.000      39.000     SLICE_X159Y128   datapath/video_inst/Inst_vga/inst_vga_signal_generator/vga_reg[blank]/C
Min Period        n/a     FDRE/C              n/a            1.000         40.000      39.000     SLICE_X160Y134   datapath/video_inst/Inst_vga/inst_vga_signal_generator/vga_reg[hsync]/C
Min Period        n/a     FDRE/C              n/a            1.000         40.000      39.000     SLICE_X160Y134   datapath/video_inst/Inst_vga/inst_vga_signal_generator/vga_reg[vsync]/C
Min Period        n/a     FDRE/C              n/a            1.000         40.000      39.000     SLICE_X150Y123   datapath/video_inst/Inst_vga/inst_vga_signal_generator/h_counter/processQ_reg[0]/C
Max Period        n/a     MMCME2_ADV/CLKOUT0  n/a            213.360       40.000      173.360    MMCME2_ADV_X1Y0  datapath/video_inst/mmcm_adv_inst_display_clocks/inst/mmcm_adv_inst/CLKOUT0
Low Pulse Width   Slow    FDRE/C              n/a            0.500         20.000      19.500     SLICE_X159Y128   datapath/video_inst/Inst_vga/inst_vga_signal_generator/h_blank_is_low_reg/C
Low Pulse Width   Fast    FDRE/C              n/a            0.500         20.000      19.500     SLICE_X159Y128   datapath/video_inst/Inst_vga/inst_vga_signal_generator/h_blank_is_low_reg/C
Low Pulse Width   Slow    FDRE/C              n/a            0.500         20.000      19.500     SLICE_X159Y128   datapath/video_inst/Inst_vga/inst_vga_signal_generator/h_sync_is_low_reg_inv/C
Low Pulse Width   Fast    FDRE/C              n/a            0.500         20.000      19.500     SLICE_X159Y128   datapath/video_inst/Inst_vga/inst_vga_signal_generator/h_sync_is_low_reg_inv/C
Low Pulse Width   Slow    FDRE/C              n/a            0.500         20.000      19.500     SLICE_X155Y126   datapath/video_inst/Inst_vga/inst_vga_signal_generator/v_blank_is_low_reg/C
Low Pulse Width   Fast    FDRE/C              n/a            0.500         20.000      19.500     SLICE_X155Y126   datapath/video_inst/Inst_vga/inst_vga_signal_generator/v_blank_is_low_reg/C
Low Pulse Width   Slow    FDRE/C              n/a            0.500         20.000      19.500     SLICE_X155Y127   datapath/video_inst/Inst_vga/inst_vga_signal_generator/v_sync_is_low_reg/C
Low Pulse Width   Fast    FDRE/C              n/a            0.500         20.000      19.500     SLICE_X155Y127   datapath/video_inst/Inst_vga/inst_vga_signal_generator/v_sync_is_low_reg/C
Low Pulse Width   Slow    FDRE/C              n/a            0.500         20.000      19.500     SLICE_X159Y128   datapath/video_inst/Inst_vga/inst_vga_signal_generator/vga_reg[blank]/C
Low Pulse Width   Fast    FDRE/C              n/a            0.500         20.000      19.500     SLICE_X159Y128   datapath/video_inst/Inst_vga/inst_vga_signal_generator/vga_reg[blank]/C
High Pulse Width  Slow    FDRE/C              n/a            0.500         20.000      19.500     SLICE_X159Y128   datapath/video_inst/Inst_vga/inst_vga_signal_generator/h_blank_is_low_reg/C
High Pulse Width  Fast    FDRE/C              n/a            0.500         20.000      19.500     SLICE_X159Y128   datapath/video_inst/Inst_vga/inst_vga_signal_generator/h_blank_is_low_reg/C
High Pulse Width  Slow    FDRE/C              n/a            0.500         20.000      19.500     SLICE_X159Y128   datapath/video_inst/Inst_vga/inst_vga_signal_generator/h_sync_is_low_reg_inv/C
High Pulse Width  Fast    FDRE/C              n/a            0.500         20.000      19.500     SLICE_X159Y128   datapath/video_inst/Inst_vga/inst_vga_signal_generator/h_sync_is_low_reg_inv/C
High Pulse Width  Slow    FDRE/C              n/a            0.500         20.000      19.500     SLICE_X155Y126   datapath/video_inst/Inst_vga/inst_vga_signal_generator/v_blank_is_low_reg/C
High Pulse Width  Fast    FDRE/C              n/a            0.500         20.000      19.500     SLICE_X155Y126   datapath/video_inst/Inst_vga/inst_vga_signal_generator/v_blank_is_low_reg/C
High Pulse Width  Slow    FDRE/C              n/a            0.500         20.000      19.500     SLICE_X155Y127   datapath/video_inst/Inst_vga/inst_vga_signal_generator/v_sync_is_low_reg/C
High Pulse Width  Fast    FDRE/C              n/a            0.500         20.000      19.500     SLICE_X155Y127   datapath/video_inst/Inst_vga/inst_vga_signal_generator/v_sync_is_low_reg/C
High Pulse Width  Slow    FDRE/C              n/a            0.500         20.000      19.500     SLICE_X159Y128   datapath/video_inst/Inst_vga/inst_vga_signal_generator/vga_reg[blank]/C
High Pulse Width  Fast    FDRE/C              n/a            0.500         20.000      19.500     SLICE_X159Y128   datapath/video_inst/Inst_vga/inst_vga_signal_generator/vga_reg[blank]/C



---------------------------------------------------------------------------------------------------
From Clock:  clk_out2_clk_wiz_0
  To Clock:  clk_out2_clk_wiz_0

Setup :            0  Failing Endpoints,  Worst Slack        3.849ns,  Total Violation        0.000ns
Hold  :            0  Failing Endpoints,  Worst Slack        0.196ns,  Total Violation        0.000ns
PW    :            0  Failing Endpoints,  Worst Slack        3.500ns,  Total Violation        0.000ns
---------------------------------------------------------------------------------------------------


Max Delay Paths
--------------------------------------------------------------------------------------
Slack (MET) :             3.849ns  (required time - arrival time)
  Source:                 datapath/video_inst/inst_dvid/shift_clock_reg[7]/C
                            (rising edge-triggered cell FDRE clocked by clk_out2_clk_wiz_0  {rise@0.000ns fall@4.000ns period=8.000ns})
  Destination:            datapath/video_inst/inst_dvid/shift_red_reg[0]/S
                            (rising edge-triggered cell FDSE clocked by clk_out2_clk_wiz_0  {rise@0.000ns fall@4.000ns period=8.000ns})
  Path Group:             clk_out2_clk_wiz_0
  Path Type:              Setup (Max at Slow Process Corner)
  Requirement:            8.000ns  (clk_out2_clk_wiz_0 rise@8.000ns - clk_out2_clk_wiz_0 rise@0.000ns)
  Data Path Delay:        3.517ns  (logic 0.890ns (25.304%)  route 2.627ns (74.696%))
  Logic Levels:           3  (LUT2=1 LUT5=1 LUT6=1)
  Clock Path Skew:        -0.038ns (DCD - SCD + CPR)
    Destination Clock Delay (DCD):    1.706ns = ( 9.706 - 8.000 ) 
    Source Clock Delay      (SCD):    1.833ns
    Clock Pessimism Removal (CPR):    0.089ns
  Clock Uncertainty:      0.072ns  ((TSJ^2 + DJ^2)^1/2) / 2 + PE
    Total System Jitter     (TSJ):    0.071ns
    Discrete Jitter          (DJ):    0.125ns
    Phase Error              (PE):    0.000ns

    Location             Delay type                Incr(ns)  Path(ns)    Netlist Resource(s)
  -------------------------------------------------------------------    -------------------
                         (clock clk_out2_clk_wiz_0 rise edge)
                                                      0.000     0.000 r  
    BUFGCTRL_X0Y2        BUFG                         0.000     0.000 r  clk_IBUF_BUFG_inst/O
                         net (fo=334, routed)         2.106     2.106    datapath/video_inst/mmcm_adv_inst_display_clocks/inst/clk_in1
    MMCME2_ADV_X1Y0      MMCME2_ADV (Prop_mmcme2_adv_CLKIN1_CLKOUT1)
                                                     -4.900    -2.793 r  datapath/video_inst/mmcm_adv_inst_display_clocks/inst/mmcm_adv_inst/CLKOUT1
                         net (fo=1, routed)           2.697    -0.096    datapath/video_inst/mmcm_adv_inst_display_clocks/inst/clk_out2_clk_wiz_0
    BUFGCTRL_X0Y0        BUFG (Prop_bufg_I_O)         0.096    -0.000 r  datapath/video_inst/mmcm_adv_inst_display_clocks/inst/clkout2_buf/O
                         net (fo=44, routed)          1.833     1.833    datapath/video_inst/inst_dvid/clk_out2
    SLICE_X162Y148       FDRE                                         r  datapath/video_inst/inst_dvid/shift_clock_reg[7]/C
  -------------------------------------------------------------------    -------------------
    SLICE_X162Y148       FDRE (Prop_fdre_C_Q)         0.518     2.351 f  datapath/video_inst/inst_dvid/shift_clock_reg[7]/Q
                         net (fo=2, routed)           0.831     3.182    datapath/video_inst/inst_dvid/shift_clock_reg_n_0_[7]
    SLICE_X162Y148       LUT6 (Prop_lut6_I3_O)        0.124     3.306 f  datapath/video_inst/inst_dvid/shift_red[9]_i_2/O
                         net (fo=1, routed)           0.307     3.614    datapath/video_inst/inst_dvid/shift_red[9]_i_2_n_0
    SLICE_X162Y147       LUT5 (Prop_lut5_I0_O)        0.124     3.738 f  datapath/video_inst/inst_dvid/shift_red[9]_i_1/O
                         net (fo=31, routed)          0.959     4.697    datapath/video_inst/inst_dvid/shift_red[9]_i_1_n_0
    SLICE_X162Y133       LUT2 (Prop_lut2_I1_O)        0.124     4.821 r  datapath/video_inst/inst_dvid/shift_red[7]_i_1/O
                         net (fo=5, routed)           0.529     5.351    datapath/video_inst/inst_dvid/shift_red[7]_i_1_n_0
    SLICE_X162Y133       FDSE                                         r  datapath/video_inst/inst_dvid/shift_red_reg[0]/S
  -------------------------------------------------------------------    -------------------

                         (clock clk_out2_clk_wiz_0 rise edge)
                                                      8.000     8.000 r  
    BUFGCTRL_X0Y2        BUFG                         0.000     8.000 r  clk_IBUF_BUFG_inst/O
                         net (fo=334, routed)         1.972     9.972    datapath/video_inst/mmcm_adv_inst_display_clocks/inst/clk_in1
    MMCME2_ADV_X1Y0      MMCME2_ADV (Prop_mmcme2_adv_CLKIN1_CLKOUT1)
                                                     -4.637     5.335 r  datapath/video_inst/mmcm_adv_inst_display_clocks/inst/mmcm_adv_inst/CLKOUT1
                         net (fo=1, routed)           2.574     7.909    datapath/video_inst/mmcm_adv_inst_display_clocks/inst/clk_out2_clk_wiz_0
    BUFGCTRL_X0Y0        BUFG (Prop_bufg_I_O)         0.091     8.000 r  datapath/video_inst/mmcm_adv_inst_display_clocks/inst/clkout2_buf/O
                         net (fo=44, routed)          1.706     9.706    datapath/video_inst/inst_dvid/clk_out2
    SLICE_X162Y133       FDSE                                         r  datapath/video_inst/inst_dvid/shift_red_reg[0]/C
                         clock pessimism              0.089     9.795    
                         clock uncertainty           -0.072     9.723    
    SLICE_X162Y133       FDSE (Setup_fdse_C_S)       -0.524     9.199    datapath/video_inst/inst_dvid/shift_red_reg[0]
  -------------------------------------------------------------------
                         required time                          9.199    
                         arrival time                          -5.351    
  -------------------------------------------------------------------
                         slack                                  3.849    

Slack (MET) :             3.849ns  (required time - arrival time)
  Source:                 datapath/video_inst/inst_dvid/shift_clock_reg[7]/C
                            (rising edge-triggered cell FDRE clocked by clk_out2_clk_wiz_0  {rise@0.000ns fall@4.000ns period=8.000ns})
  Destination:            datapath/video_inst/inst_dvid/shift_red_reg[1]/S
                            (rising edge-triggered cell FDSE clocked by clk_out2_clk_wiz_0  {rise@0.000ns fall@4.000ns period=8.000ns})
  Path Group:             clk_out2_clk_wiz_0
  Path Type:              Setup (Max at Slow Process Corner)
  Requirement:            8.000ns  (clk_out2_clk_wiz_0 rise@8.000ns - clk_out2_clk_wiz_0 rise@0.000ns)
  Data Path Delay:        3.517ns  (logic 0.890ns (25.304%)  route 2.627ns (74.696%))
  Logic Levels:           3  (LUT2=1 LUT5=1 LUT6=1)
  Clock Path Skew:        -0.038ns (DCD - SCD + CPR)
    Destination Clock Delay (DCD):    1.706ns = ( 9.706 - 8.000 ) 
    Source Clock Delay      (SCD):    1.833ns
    Clock Pessimism Removal (CPR):    0.089ns
  Clock Uncertainty:      0.072ns  ((TSJ^2 + DJ^2)^1/2) / 2 + PE
    Total System Jitter     (TSJ):    0.071ns
    Discrete Jitter          (DJ):    0.125ns
    Phase Error              (PE):    0.000ns

    Location             Delay type                Incr(ns)  Path(ns)    Netlist Resource(s)
  -------------------------------------------------------------------    -------------------
                         (clock clk_out2_clk_wiz_0 rise edge)
                                                      0.000     0.000 r  
    BUFGCTRL_X0Y2        BUFG                         0.000     0.000 r  clk_IBUF_BUFG_inst/O
                         net (fo=334, routed)         2.106     2.106    datapath/video_inst/mmcm_adv_inst_display_clocks/inst/clk_in1
    MMCME2_ADV_X1Y0      MMCME2_ADV (Prop_mmcme2_adv_CLKIN1_CLKOUT1)
                                                     -4.900    -2.793 r  datapath/video_inst/mmcm_adv_inst_display_clocks/inst/mmcm_adv_inst/CLKOUT1
                         net (fo=1, routed)           2.697    -0.096    datapath/video_inst/mmcm_adv_inst_display_clocks/inst/clk_out2_clk_wiz_0
    BUFGCTRL_X0Y0        BUFG (Prop_bufg_I_O)         0.096    -0.000 r  datapath/video_inst/mmcm_adv_inst_display_clocks/inst/clkout2_buf/O
                         net (fo=44, routed)          1.833     1.833    datapath/video_inst/inst_dvid/clk_out2
    SLICE_X162Y148       FDRE                                         r  datapath/video_inst/inst_dvid/shift_clock_reg[7]/C
  -------------------------------------------------------------------    -------------------
    SLICE_X162Y148       FDRE (Prop_fdre_C_Q)         0.518     2.351 f  datapath/video_inst/inst_dvid/shift_clock_reg[7]/Q
                         net (fo=2, routed)           0.831     3.182    datapath/video_inst/inst_dvid/shift_clock_reg_n_0_[7]
    SLICE_X162Y148       LUT6 (Prop_lut6_I3_O)        0.124     3.306 f  datapath/video_inst/inst_dvid/shift_red[9]_i_2/O
                         net (fo=1, routed)           0.307     3.614    datapath/video_inst/inst_dvid/shift_red[9]_i_2_n_0
    SLICE_X162Y147       LUT5 (Prop_lut5_I0_O)        0.124     3.738 f  datapath/video_inst/inst_dvid/shift_red[9]_i_1/O
                         net (fo=31, routed)          0.959     4.697    datapath/video_inst/inst_dvid/shift_red[9]_i_1_n_0
    SLICE_X162Y133       LUT2 (Prop_lut2_I1_O)        0.124     4.821 r  datapath/video_inst/inst_dvid/shift_red[7]_i_1/O
                         net (fo=5, routed)           0.529     5.351    datapath/video_inst/inst_dvid/shift_red[7]_i_1_n_0
    SLICE_X162Y133       FDSE                                         r  datapath/video_inst/inst_dvid/shift_red_reg[1]/S
  -------------------------------------------------------------------    -------------------

                         (clock clk_out2_clk_wiz_0 rise edge)
                                                      8.000     8.000 r  
    BUFGCTRL_X0Y2        BUFG                         0.000     8.000 r  clk_IBUF_BUFG_inst/O
                         net (fo=334, routed)         1.972     9.972    datapath/video_inst/mmcm_adv_inst_display_clocks/inst/clk_in1
    MMCME2_ADV_X1Y0      MMCME2_ADV (Prop_mmcme2_adv_CLKIN1_CLKOUT1)
                                                     -4.637     5.335 r  datapath/video_inst/mmcm_adv_inst_display_clocks/inst/mmcm_adv_inst/CLKOUT1
                         net (fo=1, routed)           2.574     7.909    datapath/video_inst/mmcm_adv_inst_display_clocks/inst/clk_out2_clk_wiz_0
    BUFGCTRL_X0Y0        BUFG (Prop_bufg_I_O)         0.091     8.000 r  datapath/video_inst/mmcm_adv_inst_display_clocks/inst/clkout2_buf/O
                         net (fo=44, routed)          1.706     9.706    datapath/video_inst/inst_dvid/clk_out2
    SLICE_X162Y133       FDSE                                         r  datapath/video_inst/inst_dvid/shift_red_reg[1]/C
                         clock pessimism              0.089     9.795    
                         clock uncertainty           -0.072     9.723    
    SLICE_X162Y133       FDSE (Setup_fdse_C_S)       -0.524     9.199    datapath/video_inst/inst_dvid/shift_red_reg[1]
  -------------------------------------------------------------------
                         required time                          9.199    
                         arrival time                          -5.351    
  -------------------------------------------------------------------
                         slack                                  3.849    

Slack (MET) :             3.849ns  (required time - arrival time)
  Source:                 datapath/video_inst/inst_dvid/shift_clock_reg[7]/C
                            (rising edge-triggered cell FDRE clocked by clk_out2_clk_wiz_0  {rise@0.000ns fall@4.000ns period=8.000ns})
  Destination:            datapath/video_inst/inst_dvid/shift_red_reg[3]/S
                            (rising edge-triggered cell FDSE clocked by clk_out2_clk_wiz_0  {rise@0.000ns fall@4.000ns period=8.000ns})
  Path Group:             clk_out2_clk_wiz_0
  Path Type:              Setup (Max at Slow Process Corner)
  Requirement:            8.000ns  (clk_out2_clk_wiz_0 rise@8.000ns - clk_out2_clk_wiz_0 rise@0.000ns)
  Data Path Delay:        3.517ns  (logic 0.890ns (25.304%)  route 2.627ns (74.696%))
  Logic Levels:           3  (LUT2=1 LUT5=1 LUT6=1)
  Clock Path Skew:        -0.038ns (DCD - SCD + CPR)
    Destination Clock Delay (DCD):    1.706ns = ( 9.706 - 8.000 ) 
    Source Clock Delay      (SCD):    1.833ns
    Clock Pessimism Removal (CPR):    0.089ns
  Clock Uncertainty:      0.072ns  ((TSJ^2 + DJ^2)^1/2) / 2 + PE
    Total System Jitter     (TSJ):    0.071ns
    Discrete Jitter          (DJ):    0.125ns
    Phase Error              (PE):    0.000ns

    Location             Delay type                Incr(ns)  Path(ns)    Netlist Resource(s)
  -------------------------------------------------------------------    -------------------
                         (clock clk_out2_clk_wiz_0 rise edge)
                                                      0.000     0.000 r  
    BUFGCTRL_X0Y2        BUFG                         0.000     0.000 r  clk_IBUF_BUFG_inst/O
                         net (fo=334, routed)         2.106     2.106    datapath/video_inst/mmcm_adv_inst_display_clocks/inst/clk_in1
    MMCME2_ADV_X1Y0      MMCME2_ADV (Prop_mmcme2_adv_CLKIN1_CLKOUT1)
                                                     -4.900    -2.793 r  datapath/video_inst/mmcm_adv_inst_display_clocks/inst/mmcm_adv_inst/CLKOUT1
                         net (fo=1, routed)           2.697    -0.096    datapath/video_inst/mmcm_adv_inst_display_clocks/inst/clk_out2_clk_wiz_0
    BUFGCTRL_X0Y0        BUFG (Prop_bufg_I_O)         0.096    -0.000 r  datapath/video_inst/mmcm_adv_inst_display_clocks/inst/clkout2_buf/O
                         net (fo=44, routed)          1.833     1.833    datapath/video_inst/inst_dvid/clk_out2
    SLICE_X162Y148       FDRE                                         r  datapath/video_inst/inst_dvid/shift_clock_reg[7]/C
  -------------------------------------------------------------------    -------------------
    SLICE_X162Y148       FDRE (Prop_fdre_C_Q)         0.518     2.351 f  datapath/video_inst/inst_dvid/shift_clock_reg[7]/Q
                         net (fo=2, routed)           0.831     3.182    datapath/video_inst/inst_dvid/shift_clock_reg_n_0_[7]
    SLICE_X162Y148       LUT6 (Prop_lut6_I3_O)        0.124     3.306 f  datapath/video_inst/inst_dvid/shift_red[9]_i_2/O
                         net (fo=1, routed)           0.307     3.614    datapath/video_inst/inst_dvid/shift_red[9]_i_2_n_0
    SLICE_X162Y147       LUT5 (Prop_lut5_I0_O)        0.124     3.738 f  datapath/video_inst/inst_dvid/shift_red[9]_i_1/O
                         net (fo=31, routed)          0.959     4.697    datapath/video_inst/inst_dvid/shift_red[9]_i_1_n_0
    SLICE_X162Y133       LUT2 (Prop_lut2_I1_O)        0.124     4.821 r  datapath/video_inst/inst_dvid/shift_red[7]_i_1/O
                         net (fo=5, routed)           0.529     5.351    datapath/video_inst/inst_dvid/shift_red[7]_i_1_n_0
    SLICE_X162Y133       FDSE                                         r  datapath/video_inst/inst_dvid/shift_red_reg[3]/S
  -------------------------------------------------------------------    -------------------

                         (clock clk_out2_clk_wiz_0 rise edge)
                                                      8.000     8.000 r  
    BUFGCTRL_X0Y2        BUFG                         0.000     8.000 r  clk_IBUF_BUFG_inst/O
                         net (fo=334, routed)         1.972     9.972    datapath/video_inst/mmcm_adv_inst_display_clocks/inst/clk_in1
    MMCME2_ADV_X1Y0      MMCME2_ADV (Prop_mmcme2_adv_CLKIN1_CLKOUT1)
                                                     -4.637     5.335 r  datapath/video_inst/mmcm_adv_inst_display_clocks/inst/mmcm_adv_inst/CLKOUT1
                         net (fo=1, routed)           2.574     7.909    datapath/video_inst/mmcm_adv_inst_display_clocks/inst/clk_out2_clk_wiz_0
    BUFGCTRL_X0Y0        BUFG (Prop_bufg_I_O)         0.091     8.000 r  datapath/video_inst/mmcm_adv_inst_display_clocks/inst/clkout2_buf/O
                         net (fo=44, routed)          1.706     9.706    datapath/video_inst/inst_dvid/clk_out2
    SLICE_X162Y133       FDSE                                         r  datapath/video_inst/inst_dvid/shift_red_reg[3]/C
                         clock pessimism              0.089     9.795    
                         clock uncertainty           -0.072     9.723    
    SLICE_X162Y133       FDSE (Setup_fdse_C_S)       -0.524     9.199    datapath/video_inst/inst_dvid/shift_red_reg[3]
  -------------------------------------------------------------------
                         required time                          9.199    
                         arrival time                          -5.351    
  -------------------------------------------------------------------
                         slack                                  3.849    

Slack (MET) :             3.849ns  (required time - arrival time)
  Source:                 datapath/video_inst/inst_dvid/shift_clock_reg[7]/C
                            (rising edge-triggered cell FDRE clocked by clk_out2_clk_wiz_0  {rise@0.000ns fall@4.000ns period=8.000ns})
  Destination:            datapath/video_inst/inst_dvid/shift_red_reg[5]/S
                            (rising edge-triggered cell FDSE clocked by clk_out2_clk_wiz_0  {rise@0.000ns fall@4.000ns period=8.000ns})
  Path Group:             clk_out2_clk_wiz_0
  Path Type:              Setup (Max at Slow Process Corner)
  Requirement:            8.000ns  (clk_out2_clk_wiz_0 rise@8.000ns - clk_out2_clk_wiz_0 rise@0.000ns)
  Data Path Delay:        3.517ns  (logic 0.890ns (25.304%)  route 2.627ns (74.696%))
  Logic Levels:           3  (LUT2=1 LUT5=1 LUT6=1)
  Clock Path Skew:        -0.038ns (DCD - SCD + CPR)
    Destination Clock Delay (DCD):    1.706ns = ( 9.706 - 8.000 ) 
    Source Clock Delay      (SCD):    1.833ns
    Clock Pessimism Removal (CPR):    0.089ns
  Clock Uncertainty:      0.072ns  ((TSJ^2 + DJ^2)^1/2) / 2 + PE
    Total System Jitter     (TSJ):    0.071ns
    Discrete Jitter          (DJ):    0.125ns
    Phase Error              (PE):    0.000ns

    Location             Delay type                Incr(ns)  Path(ns)    Netlist Resource(s)
  -------------------------------------------------------------------    -------------------
                         (clock clk_out2_clk_wiz_0 rise edge)
                                                      0.000     0.000 r  
    BUFGCTRL_X0Y2        BUFG                         0.000     0.000 r  clk_IBUF_BUFG_inst/O
                         net (fo=334, routed)         2.106     2.106    datapath/video_inst/mmcm_adv_inst_display_clocks/inst/clk_in1
    MMCME2_ADV_X1Y0      MMCME2_ADV (Prop_mmcme2_adv_CLKIN1_CLKOUT1)
                                                     -4.900    -2.793 r  datapath/video_inst/mmcm_adv_inst_display_clocks/inst/mmcm_adv_inst/CLKOUT1
                         net (fo=1, routed)           2.697    -0.096    datapath/video_inst/mmcm_adv_inst_display_clocks/inst/clk_out2_clk_wiz_0
    BUFGCTRL_X0Y0        BUFG (Prop_bufg_I_O)         0.096    -0.000 r  datapath/video_inst/mmcm_adv_inst_display_clocks/inst/clkout2_buf/O
                         net (fo=44, routed)          1.833     1.833    datapath/video_inst/inst_dvid/clk_out2
    SLICE_X162Y148       FDRE                                         r  datapath/video_inst/inst_dvid/shift_clock_reg[7]/C
  -------------------------------------------------------------------    -------------------
    SLICE_X162Y148       FDRE (Prop_fdre_C_Q)         0.518     2.351 f  datapath/video_inst/inst_dvid/shift_clock_reg[7]/Q
                         net (fo=2, routed)           0.831     3.182    datapath/video_inst/inst_dvid/shift_clock_reg_n_0_[7]
    SLICE_X162Y148       LUT6 (Prop_lut6_I3_O)        0.124     3.306 f  datapath/video_inst/inst_dvid/shift_red[9]_i_2/O
                         net (fo=1, routed)           0.307     3.614    datapath/video_inst/inst_dvid/shift_red[9]_i_2_n_0
    SLICE_X162Y147       LUT5 (Prop_lut5_I0_O)        0.124     3.738 f  datapath/video_inst/inst_dvid/shift_red[9]_i_1/O
                         net (fo=31, routed)          0.959     4.697    datapath/video_inst/inst_dvid/shift_red[9]_i_1_n_0
    SLICE_X162Y133       LUT2 (Prop_lut2_I1_O)        0.124     4.821 r  datapath/video_inst/inst_dvid/shift_red[7]_i_1/O
                         net (fo=5, routed)           0.529     5.351    datapath/video_inst/inst_dvid/shift_red[7]_i_1_n_0
    SLICE_X162Y133       FDSE                                         r  datapath/video_inst/inst_dvid/shift_red_reg[5]/S
  -------------------------------------------------------------------    -------------------

                         (clock clk_out2_clk_wiz_0 rise edge)
                                                      8.000     8.000 r  
    BUFGCTRL_X0Y2        BUFG                         0.000     8.000 r  clk_IBUF_BUFG_inst/O
                         net (fo=334, routed)         1.972     9.972    datapath/video_inst/mmcm_adv_inst_display_clocks/inst/clk_in1
    MMCME2_ADV_X1Y0      MMCME2_ADV (Prop_mmcme2_adv_CLKIN1_CLKOUT1)
                                                     -4.637     5.335 r  datapath/video_inst/mmcm_adv_inst_display_clocks/inst/mmcm_adv_inst/CLKOUT1
                         net (fo=1, routed)           2.574     7.909    datapath/video_inst/mmcm_adv_inst_display_clocks/inst/clk_out2_clk_wiz_0
    BUFGCTRL_X0Y0        BUFG (Prop_bufg_I_O)         0.091     8.000 r  datapath/video_inst/mmcm_adv_inst_display_clocks/inst/clkout2_buf/O
                         net (fo=44, routed)          1.706     9.706    datapath/video_inst/inst_dvid/clk_out2
    SLICE_X162Y133       FDSE                                         r  datapath/video_inst/inst_dvid/shift_red_reg[5]/C
                         clock pessimism              0.089     9.795    
                         clock uncertainty           -0.072     9.723    
    SLICE_X162Y133       FDSE (Setup_fdse_C_S)       -0.524     9.199    datapath/video_inst/inst_dvid/shift_red_reg[5]
  -------------------------------------------------------------------
                         required time                          9.199    
                         arrival time                          -5.351    
  -------------------------------------------------------------------
                         slack                                  3.849    

Slack (MET) :             3.849ns  (required time - arrival time)
  Source:                 datapath/video_inst/inst_dvid/shift_clock_reg[7]/C
                            (rising edge-triggered cell FDRE clocked by clk_out2_clk_wiz_0  {rise@0.000ns fall@4.000ns period=8.000ns})
  Destination:            datapath/video_inst/inst_dvid/shift_red_reg[7]/S
                            (rising edge-triggered cell FDSE clocked by clk_out2_clk_wiz_0  {rise@0.000ns fall@4.000ns period=8.000ns})
  Path Group:             clk_out2_clk_wiz_0
  Path Type:              Setup (Max at Slow Process Corner)
  Requirement:            8.000ns  (clk_out2_clk_wiz_0 rise@8.000ns - clk_out2_clk_wiz_0 rise@0.000ns)
  Data Path Delay:        3.517ns  (logic 0.890ns (25.304%)  route 2.627ns (74.696%))
  Logic Levels:           3  (LUT2=1 LUT5=1 LUT6=1)
  Clock Path Skew:        -0.038ns (DCD - SCD + CPR)
    Destination Clock Delay (DCD):    1.706ns = ( 9.706 - 8.000 ) 
    Source Clock Delay      (SCD):    1.833ns
    Clock Pessimism Removal (CPR):    0.089ns
  Clock Uncertainty:      0.072ns  ((TSJ^2 + DJ^2)^1/2) / 2 + PE
    Total System Jitter     (TSJ):    0.071ns
    Discrete Jitter          (DJ):    0.125ns
    Phase Error              (PE):    0.000ns

    Location             Delay type                Incr(ns)  Path(ns)    Netlist Resource(s)
  -------------------------------------------------------------------    -------------------
                         (clock clk_out2_clk_wiz_0 rise edge)
                                                      0.000     0.000 r  
    BUFGCTRL_X0Y2        BUFG                         0.000     0.000 r  clk_IBUF_BUFG_inst/O
                         net (fo=334, routed)         2.106     2.106    datapath/video_inst/mmcm_adv_inst_display_clocks/inst/clk_in1
    MMCME2_ADV_X1Y0      MMCME2_ADV (Prop_mmcme2_adv_CLKIN1_CLKOUT1)
                                                     -4.900    -2.793 r  datapath/video_inst/mmcm_adv_inst_display_clocks/inst/mmcm_adv_inst/CLKOUT1
                         net (fo=1, routed)           2.697    -0.096    datapath/video_inst/mmcm_adv_inst_display_clocks/inst/clk_out2_clk_wiz_0
    BUFGCTRL_X0Y0        BUFG (Prop_bufg_I_O)         0.096    -0.000 r  datapath/video_inst/mmcm_adv_inst_display_clocks/inst/clkout2_buf/O
                         net (fo=44, routed)          1.833     1.833    datapath/video_inst/inst_dvid/clk_out2
    SLICE_X162Y148       FDRE                                         r  datapath/video_inst/inst_dvid/shift_clock_reg[7]/C
  -------------------------------------------------------------------    -------------------
    SLICE_X162Y148       FDRE (Prop_fdre_C_Q)         0.518     2.351 f  datapath/video_inst/inst_dvid/shift_clock_reg[7]/Q
                         net (fo=2, routed)           0.831     3.182    datapath/video_inst/inst_dvid/shift_clock_reg_n_0_[7]
    SLICE_X162Y148       LUT6 (Prop_lut6_I3_O)        0.124     3.306 f  datapath/video_inst/inst_dvid/shift_red[9]_i_2/O
                         net (fo=1, routed)           0.307     3.614    datapath/video_inst/inst_dvid/shift_red[9]_i_2_n_0
    SLICE_X162Y147       LUT5 (Prop_lut5_I0_O)        0.124     3.738 f  datapath/video_inst/inst_dvid/shift_red[9]_i_1/O
                         net (fo=31, routed)          0.959     4.697    datapath/video_inst/inst_dvid/shift_red[9]_i_1_n_0
    SLICE_X162Y133       LUT2 (Prop_lut2_I1_O)        0.124     4.821 r  datapath/video_inst/inst_dvid/shift_red[7]_i_1/O
                         net (fo=5, routed)           0.529     5.351    datapath/video_inst/inst_dvid/shift_red[7]_i_1_n_0
    SLICE_X162Y133       FDSE                                         r  datapath/video_inst/inst_dvid/shift_red_reg[7]/S
  -------------------------------------------------------------------    -------------------

                         (clock clk_out2_clk_wiz_0 rise edge)
                                                      8.000     8.000 r  
    BUFGCTRL_X0Y2        BUFG                         0.000     8.000 r  clk_IBUF_BUFG_inst/O
                         net (fo=334, routed)         1.972     9.972    datapath/video_inst/mmcm_adv_inst_display_clocks/inst/clk_in1
    MMCME2_ADV_X1Y0      MMCME2_ADV (Prop_mmcme2_adv_CLKIN1_CLKOUT1)
                                                     -4.637     5.335 r  datapath/video_inst/mmcm_adv_inst_display_clocks/inst/mmcm_adv_inst/CLKOUT1
                         net (fo=1, routed)           2.574     7.909    datapath/video_inst/mmcm_adv_inst_display_clocks/inst/clk_out2_clk_wiz_0
    BUFGCTRL_X0Y0        BUFG (Prop_bufg_I_O)         0.091     8.000 r  datapath/video_inst/mmcm_adv_inst_display_clocks/inst/clkout2_buf/O
                         net (fo=44, routed)          1.706     9.706    datapath/video_inst/inst_dvid/clk_out2
    SLICE_X162Y133       FDSE                                         r  datapath/video_inst/inst_dvid/shift_red_reg[7]/C
                         clock pessimism              0.089     9.795    
                         clock uncertainty           -0.072     9.723    
    SLICE_X162Y133       FDSE (Setup_fdse_C_S)       -0.524     9.199    datapath/video_inst/inst_dvid/shift_red_reg[7]
  -------------------------------------------------------------------
                         required time                          9.199    
                         arrival time                          -5.351    
  -------------------------------------------------------------------
                         slack                                  3.849    

Slack (MET) :             4.263ns  (required time - arrival time)
  Source:                 datapath/video_inst/inst_dvid/shift_clock_reg[7]/C
                            (rising edge-triggered cell FDRE clocked by clk_out2_clk_wiz_0  {rise@0.000ns fall@4.000ns period=8.000ns})
  Destination:            datapath/video_inst/inst_dvid/shift_red_reg[8]/R
                            (rising edge-triggered cell FDRE clocked by clk_out2_clk_wiz_0  {rise@0.000ns fall@4.000ns period=8.000ns})
  Path Group:             clk_out2_clk_wiz_0
  Path Type:              Setup (Max at Slow Process Corner)
  Requirement:            8.000ns  (clk_out2_clk_wiz_0 rise@8.000ns - clk_out2_clk_wiz_0 rise@0.000ns)
  Data Path Delay:        3.179ns  (logic 0.766ns (24.098%)  route 2.413ns (75.902%))
  Logic Levels:           2  (LUT5=1 LUT6=1)
  Clock Path Skew:        -0.057ns (DCD - SCD + CPR)
    Destination Clock Delay (DCD):    1.701ns = ( 9.701 - 8.000 ) 
    Source Clock Delay      (SCD):    1.833ns
    Clock Pessimism Removal (CPR):    0.075ns
  Clock Uncertainty:      0.072ns  ((TSJ^2 + DJ^2)^1/2) / 2 + PE
    Total System Jitter     (TSJ):    0.071ns
    Discrete Jitter          (DJ):    0.125ns
    Phase Error              (PE):    0.000ns

    Location             Delay type                Incr(ns)  Path(ns)    Netlist Resource(s)
  -------------------------------------------------------------------    -------------------
                         (clock clk_out2_clk_wiz_0 rise edge)
                                                      0.000     0.000 r  
    BUFGCTRL_X0Y2        BUFG                         0.000     0.000 r  clk_IBUF_BUFG_inst/O
                         net (fo=334, routed)         2.106     2.106    datapath/video_inst/mmcm_adv_inst_display_clocks/inst/clk_in1
    MMCME2_ADV_X1Y0      MMCME2_ADV (Prop_mmcme2_adv_CLKIN1_CLKOUT1)
                                                     -4.900    -2.793 r  datapath/video_inst/mmcm_adv_inst_display_clocks/inst/mmcm_adv_inst/CLKOUT1
                         net (fo=1, routed)           2.697    -0.096    datapath/video_inst/mmcm_adv_inst_display_clocks/inst/clk_out2_clk_wiz_0
    BUFGCTRL_X0Y0        BUFG (Prop_bufg_I_O)         0.096    -0.000 r  datapath/video_inst/mmcm_adv_inst_display_clocks/inst/clkout2_buf/O
                         net (fo=44, routed)          1.833     1.833    datapath/video_inst/inst_dvid/clk_out2
    SLICE_X162Y148       FDRE                                         r  datapath/video_inst/inst_dvid/shift_clock_reg[7]/C
  -------------------------------------------------------------------    -------------------
    SLICE_X162Y148       FDRE (Prop_fdre_C_Q)         0.518     2.351 r  datapath/video_inst/inst_dvid/shift_clock_reg[7]/Q
                         net (fo=2, routed)           0.831     3.182    datapath/video_inst/inst_dvid/shift_clock_reg_n_0_[7]
    SLICE_X162Y148       LUT6 (Prop_lut6_I3_O)        0.124     3.306 r  datapath/video_inst/inst_dvid/shift_red[9]_i_2/O
                         net (fo=1, routed)           0.307     3.614    datapath/video_inst/inst_dvid/shift_red[9]_i_2_n_0
    SLICE_X162Y147       LUT5 (Prop_lut5_I0_O)        0.124     3.738 r  datapath/video_inst/inst_dvid/shift_red[9]_i_1/O
                         net (fo=31, routed)          1.274     5.012    datapath/video_inst/inst_dvid/shift_red[9]_i_1_n_0
    SLICE_X159Y131       FDRE                                         r  datapath/video_inst/inst_dvid/shift_red_reg[8]/R
  -------------------------------------------------------------------    -------------------

                         (clock clk_out2_clk_wiz_0 rise edge)
                                                      8.000     8.000 r  
    BUFGCTRL_X0Y2        BUFG                         0.000     8.000 r  clk_IBUF_BUFG_inst/O
                         net (fo=334, routed)         1.972     9.972    datapath/video_inst/mmcm_adv_inst_display_clocks/inst/clk_in1
    MMCME2_ADV_X1Y0      MMCME2_ADV (Prop_mmcme2_adv_CLKIN1_CLKOUT1)
                                                     -4.637     5.335 r  datapath/video_inst/mmcm_adv_inst_display_clocks/inst/mmcm_adv_inst/CLKOUT1
                         net (fo=1, routed)           2.574     7.909    datapath/video_inst/mmcm_adv_inst_display_clocks/inst/clk_out2_clk_wiz_0
    BUFGCTRL_X0Y0        BUFG (Prop_bufg_I_O)         0.091     8.000 r  datapath/video_inst/mmcm_adv_inst_display_clocks/inst/clkout2_buf/O
                         net (fo=44, routed)          1.701     9.701    datapath/video_inst/inst_dvid/clk_out2
    SLICE_X159Y131       FDRE                                         r  datapath/video_inst/inst_dvid/shift_red_reg[8]/C
                         clock pessimism              0.075     9.776    
                         clock uncertainty           -0.072     9.704    
    SLICE_X159Y131       FDRE (Setup_fdre_C_R)       -0.429     9.275    datapath/video_inst/inst_dvid/shift_red_reg[8]
  -------------------------------------------------------------------
                         required time                          9.275    
                         arrival time                          -5.012    
  -------------------------------------------------------------------
                         slack                                  4.263    

Slack (MET) :             4.271ns  (required time - arrival time)
  Source:                 datapath/video_inst/inst_dvid/shift_clock_reg[7]/C
                            (rising edge-triggered cell FDRE clocked by clk_out2_clk_wiz_0  {rise@0.000ns fall@4.000ns period=8.000ns})
  Destination:            datapath/video_inst/inst_dvid/shift_red_reg[9]/R
                            (rising edge-triggered cell FDRE clocked by clk_out2_clk_wiz_0  {rise@0.000ns fall@4.000ns period=8.000ns})
  Path Group:             clk_out2_clk_wiz_0
  Path Type:              Setup (Max at Slow Process Corner)
  Requirement:            8.000ns  (clk_out2_clk_wiz_0 rise@8.000ns - clk_out2_clk_wiz_0 rise@0.000ns)
  Data Path Delay:        3.187ns  (logic 0.766ns (24.038%)  route 2.421ns (75.962%))
  Logic Levels:           2  (LUT5=1 LUT6=1)
  Clock Path Skew:        -0.041ns (DCD - SCD + CPR)
    Destination Clock Delay (DCD):    1.703ns = ( 9.703 - 8.000 ) 
    Source Clock Delay      (SCD):    1.833ns
    Clock Pessimism Removal (CPR):    0.089ns
  Clock Uncertainty:      0.072ns  ((TSJ^2 + DJ^2)^1/2) / 2 + PE
    Total System Jitter     (TSJ):    0.071ns
    Discrete Jitter          (DJ):    0.125ns
    Phase Error              (PE):    0.000ns

    Location             Delay type                Incr(ns)  Path(ns)    Netlist Resource(s)
  -------------------------------------------------------------------    -------------------
                         (clock clk_out2_clk_wiz_0 rise edge)
                                                      0.000     0.000 r  
    BUFGCTRL_X0Y2        BUFG                         0.000     0.000 r  clk_IBUF_BUFG_inst/O
                         net (fo=334, routed)         2.106     2.106    datapath/video_inst/mmcm_adv_inst_display_clocks/inst/clk_in1
    MMCME2_ADV_X1Y0      MMCME2_ADV (Prop_mmcme2_adv_CLKIN1_CLKOUT1)
                                                     -4.900    -2.793 r  datapath/video_inst/mmcm_adv_inst_display_clocks/inst/mmcm_adv_inst/CLKOUT1
                         net (fo=1, routed)           2.697    -0.096    datapath/video_inst/mmcm_adv_inst_display_clocks/inst/clk_out2_clk_wiz_0
    BUFGCTRL_X0Y0        BUFG (Prop_bufg_I_O)         0.096    -0.000 r  datapath/video_inst/mmcm_adv_inst_display_clocks/inst/clkout2_buf/O
                         net (fo=44, routed)          1.833     1.833    datapath/video_inst/inst_dvid/clk_out2
    SLICE_X162Y148       FDRE                                         r  datapath/video_inst/inst_dvid/shift_clock_reg[7]/C
  -------------------------------------------------------------------    -------------------
    SLICE_X162Y148       FDRE (Prop_fdre_C_Q)         0.518     2.351 r  datapath/video_inst/inst_dvid/shift_clock_reg[7]/Q
                         net (fo=2, routed)           0.831     3.182    datapath/video_inst/inst_dvid/shift_clock_reg_n_0_[7]
    SLICE_X162Y148       LUT6 (Prop_lut6_I3_O)        0.124     3.306 r  datapath/video_inst/inst_dvid/shift_red[9]_i_2/O
                         net (fo=1, routed)           0.307     3.614    datapath/video_inst/inst_dvid/shift_red[9]_i_2_n_0
    SLICE_X162Y147       LUT5 (Prop_lut5_I0_O)        0.124     3.738 r  datapath/video_inst/inst_dvid/shift_red[9]_i_1/O
                         net (fo=31, routed)          1.282     5.020    datapath/video_inst/inst_dvid/shift_red[9]_i_1_n_0
    SLICE_X160Y131       FDRE                                         r  datapath/video_inst/inst_dvid/shift_red_reg[9]/R
  -------------------------------------------------------------------    -------------------

                         (clock clk_out2_clk_wiz_0 rise edge)
                                                      8.000     8.000 r  
    BUFGCTRL_X0Y2        BUFG                         0.000     8.000 r  clk_IBUF_BUFG_inst/O
                         net (fo=334, routed)         1.972     9.972    datapath/video_inst/mmcm_adv_inst_display_clocks/inst/clk_in1
    MMCME2_ADV_X1Y0      MMCME2_ADV (Prop_mmcme2_adv_CLKIN1_CLKOUT1)
                                                     -4.637     5.335 r  datapath/video_inst/mmcm_adv_inst_display_clocks/inst/mmcm_adv_inst/CLKOUT1
                         net (fo=1, routed)           2.574     7.909    datapath/video_inst/mmcm_adv_inst_display_clocks/inst/clk_out2_clk_wiz_0
    BUFGCTRL_X0Y0        BUFG (Prop_bufg_I_O)         0.091     8.000 r  datapath/video_inst/mmcm_adv_inst_display_clocks/inst/clkout2_buf/O
                         net (fo=44, routed)          1.703     9.703    datapath/video_inst/inst_dvid/clk_out2
    SLICE_X160Y131       FDRE                                         r  datapath/video_inst/inst_dvid/shift_red_reg[9]/C
                         clock pessimism              0.089     9.792    
                         clock uncertainty           -0.072     9.720    
    SLICE_X160Y131       FDRE (Setup_fdre_C_R)       -0.429     9.291    datapath/video_inst/inst_dvid/shift_red_reg[9]
  -------------------------------------------------------------------
                         required time                          9.291    
                         arrival time                          -5.020    
  -------------------------------------------------------------------
                         slack                                  4.271    

Slack (MET) :             4.431ns  (required time - arrival time)
  Source:                 datapath/video_inst/inst_dvid/shift_clock_reg[7]/C
                            (rising edge-triggered cell FDRE clocked by clk_out2_clk_wiz_0  {rise@0.000ns fall@4.000ns period=8.000ns})
  Destination:            datapath/video_inst/inst_dvid/shift_blue_reg[8]/R
                            (rising edge-triggered cell FDRE clocked by clk_out2_clk_wiz_0  {rise@0.000ns fall@4.000ns period=8.000ns})
  Path Group:             clk_out2_clk_wiz_0
  Path Type:              Setup (Max at Slow Process Corner)
  Requirement:            8.000ns  (clk_out2_clk_wiz_0 rise@8.000ns - clk_out2_clk_wiz_0 rise@0.000ns)
  Data Path Delay:        3.031ns  (logic 0.766ns (25.271%)  route 2.265ns (74.729%))
  Logic Levels:           2  (LUT5=1 LUT6=1)
  Clock Path Skew:        -0.037ns (DCD - SCD + CPR)
    Destination Clock Delay (DCD):    1.707ns = ( 9.707 - 8.000 ) 
    Source Clock Delay      (SCD):    1.833ns
    Clock Pessimism Removal (CPR):    0.089ns
  Clock Uncertainty:      0.072ns  ((TSJ^2 + DJ^2)^1/2) / 2 + PE
    Total System Jitter     (TSJ):    0.071ns
    Discrete Jitter          (DJ):    0.125ns
    Phase Error              (PE):    0.000ns

    Location             Delay type                Incr(ns)  Path(ns)    Netlist Resource(s)
  -------------------------------------------------------------------    -------------------
                         (clock clk_out2_clk_wiz_0 rise edge)
                                                      0.000     0.000 r  
    BUFGCTRL_X0Y2        BUFG                         0.000     0.000 r  clk_IBUF_BUFG_inst/O
                         net (fo=334, routed)         2.106     2.106    datapath/video_inst/mmcm_adv_inst_display_clocks/inst/clk_in1
    MMCME2_ADV_X1Y0      MMCME2_ADV (Prop_mmcme2_adv_CLKIN1_CLKOUT1)
                                                     -4.900    -2.793 r  datapath/video_inst/mmcm_adv_inst_display_clocks/inst/mmcm_adv_inst/CLKOUT1
                         net (fo=1, routed)           2.697    -0.096    datapath/video_inst/mmcm_adv_inst_display_clocks/inst/clk_out2_clk_wiz_0
    BUFGCTRL_X0Y0        BUFG (Prop_bufg_I_O)         0.096    -0.000 r  datapath/video_inst/mmcm_adv_inst_display_clocks/inst/clkout2_buf/O
                         net (fo=44, routed)          1.833     1.833    datapath/video_inst/inst_dvid/clk_out2
    SLICE_X162Y148       FDRE                                         r  datapath/video_inst/inst_dvid/shift_clock_reg[7]/C
  -------------------------------------------------------------------    -------------------
    SLICE_X162Y148       FDRE (Prop_fdre_C_Q)         0.518     2.351 r  datapath/video_inst/inst_dvid/shift_clock_reg[7]/Q
                         net (fo=2, routed)           0.831     3.182    datapath/video_inst/inst_dvid/shift_clock_reg_n_0_[7]
    SLICE_X162Y148       LUT6 (Prop_lut6_I3_O)        0.124     3.306 r  datapath/video_inst/inst_dvid/shift_red[9]_i_2/O
                         net (fo=1, routed)           0.307     3.614    datapath/video_inst/inst_dvid/shift_red[9]_i_2_n_0
    SLICE_X162Y147       LUT5 (Prop_lut5_I0_O)        0.124     3.738 r  datapath/video_inst/inst_dvid/shift_red[9]_i_1/O
                         net (fo=31, routed)          1.127     4.865    datapath/video_inst/inst_dvid/shift_red[9]_i_1_n_0
    SLICE_X161Y134       FDRE                                         r  datapath/video_inst/inst_dvid/shift_blue_reg[8]/R
  -------------------------------------------------------------------    -------------------

                         (clock clk_out2_clk_wiz_0 rise edge)
                                                      8.000     8.000 r  
    BUFGCTRL_X0Y2        BUFG                         0.000     8.000 r  clk_IBUF_BUFG_inst/O
                         net (fo=334, routed)         1.972     9.972    datapath/video_inst/mmcm_adv_inst_display_clocks/inst/clk_in1
    MMCME2_ADV_X1Y0      MMCME2_ADV (Prop_mmcme2_adv_CLKIN1_CLKOUT1)
                                                     -4.637     5.335 r  datapath/video_inst/mmcm_adv_inst_display_clocks/inst/mmcm_adv_inst/CLKOUT1
                         net (fo=1, routed)           2.574     7.909    datapath/video_inst/mmcm_adv_inst_display_clocks/inst/clk_out2_clk_wiz_0
    BUFGCTRL_X0Y0        BUFG (Prop_bufg_I_O)         0.091     8.000 r  datapath/video_inst/mmcm_adv_inst_display_clocks/inst/clkout2_buf/O
                         net (fo=44, routed)          1.707     9.707    datapath/video_inst/inst_dvid/clk_out2
    SLICE_X161Y134       FDRE                                         r  datapath/video_inst/inst_dvid/shift_blue_reg[8]/C
                         clock pessimism              0.089     9.796    
                         clock uncertainty           -0.072     9.724    
    SLICE_X161Y134       FDRE (Setup_fdre_C_R)       -0.429     9.295    datapath/video_inst/inst_dvid/shift_blue_reg[8]
  -------------------------------------------------------------------
                         required time                          9.295    
                         arrival time                          -4.865    
  -------------------------------------------------------------------
                         slack                                  4.431    

Slack (MET) :             4.431ns  (required time - arrival time)
  Source:                 datapath/video_inst/inst_dvid/shift_clock_reg[7]/C
                            (rising edge-triggered cell FDRE clocked by clk_out2_clk_wiz_0  {rise@0.000ns fall@4.000ns period=8.000ns})
  Destination:            datapath/video_inst/inst_dvid/shift_blue_reg[9]/R
                            (rising edge-triggered cell FDRE clocked by clk_out2_clk_wiz_0  {rise@0.000ns fall@4.000ns period=8.000ns})
  Path Group:             clk_out2_clk_wiz_0
  Path Type:              Setup (Max at Slow Process Corner)
  Requirement:            8.000ns  (clk_out2_clk_wiz_0 rise@8.000ns - clk_out2_clk_wiz_0 rise@0.000ns)
  Data Path Delay:        3.031ns  (logic 0.766ns (25.271%)  route 2.265ns (74.729%))
  Logic Levels:           2  (LUT5=1 LUT6=1)
  Clock Path Skew:        -0.037ns (DCD - SCD + CPR)
    Destination Clock Delay (DCD):    1.707ns = ( 9.707 - 8.000 ) 
    Source Clock Delay      (SCD):    1.833ns
    Clock Pessimism Removal (CPR):    0.089ns
  Clock Uncertainty:      0.072ns  ((TSJ^2 + DJ^2)^1/2) / 2 + PE
    Total System Jitter     (TSJ):    0.071ns
    Discrete Jitter          (DJ):    0.125ns
    Phase Error              (PE):    0.000ns

    Location             Delay type                Incr(ns)  Path(ns)    Netlist Resource(s)
  -------------------------------------------------------------------    -------------------
                         (clock clk_out2_clk_wiz_0 rise edge)
                                                      0.000     0.000 r  
    BUFGCTRL_X0Y2        BUFG                         0.000     0.000 r  clk_IBUF_BUFG_inst/O
                         net (fo=334, routed)         2.106     2.106    datapath/video_inst/mmcm_adv_inst_display_clocks/inst/clk_in1
    MMCME2_ADV_X1Y0      MMCME2_ADV (Prop_mmcme2_adv_CLKIN1_CLKOUT1)
                                                     -4.900    -2.793 r  datapath/video_inst/mmcm_adv_inst_display_clocks/inst/mmcm_adv_inst/CLKOUT1
                         net (fo=1, routed)           2.697    -0.096    datapath/video_inst/mmcm_adv_inst_display_clocks/inst/clk_out2_clk_wiz_0
    BUFGCTRL_X0Y0        BUFG (Prop_bufg_I_O)         0.096    -0.000 r  datapath/video_inst/mmcm_adv_inst_display_clocks/inst/clkout2_buf/O
                         net (fo=44, routed)          1.833     1.833    datapath/video_inst/inst_dvid/clk_out2
    SLICE_X162Y148       FDRE                                         r  datapath/video_inst/inst_dvid/shift_clock_reg[7]/C
  -------------------------------------------------------------------    -------------------
    SLICE_X162Y148       FDRE (Prop_fdre_C_Q)         0.518     2.351 r  datapath/video_inst/inst_dvid/shift_clock_reg[7]/Q
                         net (fo=2, routed)           0.831     3.182    datapath/video_inst/inst_dvid/shift_clock_reg_n_0_[7]
    SLICE_X162Y148       LUT6 (Prop_lut6_I3_O)        0.124     3.306 r  datapath/video_inst/inst_dvid/shift_red[9]_i_2/O
                         net (fo=1, routed)           0.307     3.614    datapath/video_inst/inst_dvid/shift_red[9]_i_2_n_0
    SLICE_X162Y147       LUT5 (Prop_lut5_I0_O)        0.124     3.738 r  datapath/video_inst/inst_dvid/shift_red[9]_i_1/O
                         net (fo=31, routed)          1.127     4.865    datapath/video_inst/inst_dvid/shift_red[9]_i_1_n_0
    SLICE_X161Y134       FDRE                                         r  datapath/video_inst/inst_dvid/shift_blue_reg[9]/R
  -------------------------------------------------------------------    -------------------

                         (clock clk_out2_clk_wiz_0 rise edge)
                                                      8.000     8.000 r  
    BUFGCTRL_X0Y2        BUFG                         0.000     8.000 r  clk_IBUF_BUFG_inst/O
                         net (fo=334, routed)         1.972     9.972    datapath/video_inst/mmcm_adv_inst_display_clocks/inst/clk_in1
    MMCME2_ADV_X1Y0      MMCME2_ADV (Prop_mmcme2_adv_CLKIN1_CLKOUT1)
                                                     -4.637     5.335 r  datapath/video_inst/mmcm_adv_inst_display_clocks/inst/mmcm_adv_inst/CLKOUT1
                         net (fo=1, routed)           2.574     7.909    datapath/video_inst/mmcm_adv_inst_display_clocks/inst/clk_out2_clk_wiz_0
    BUFGCTRL_X0Y0        BUFG (Prop_bufg_I_O)         0.091     8.000 r  datapath/video_inst/mmcm_adv_inst_display_clocks/inst/clkout2_buf/O
                         net (fo=44, routed)          1.707     9.707    datapath/video_inst/inst_dvid/clk_out2
    SLICE_X161Y134       FDRE                                         r  datapath/video_inst/inst_dvid/shift_blue_reg[9]/C
                         clock pessimism              0.089     9.796    
                         clock uncertainty           -0.072     9.724    
    SLICE_X161Y134       FDRE (Setup_fdre_C_R)       -0.429     9.295    datapath/video_inst/inst_dvid/shift_blue_reg[9]
  -------------------------------------------------------------------
                         required time                          9.295    
                         arrival time                          -4.865    
  -------------------------------------------------------------------
                         slack                                  4.431    

Slack (MET) :             4.431ns  (required time - arrival time)
  Source:                 datapath/video_inst/inst_dvid/shift_clock_reg[7]/C
                            (rising edge-triggered cell FDRE clocked by clk_out2_clk_wiz_0  {rise@0.000ns fall@4.000ns period=8.000ns})
  Destination:            datapath/video_inst/inst_dvid/shift_green_reg[8]/R
                            (rising edge-triggered cell FDRE clocked by clk_out2_clk_wiz_0  {rise@0.000ns fall@4.000ns period=8.000ns})
  Path Group:             clk_out2_clk_wiz_0
  Path Type:              Setup (Max at Slow Process Corner)
  Requirement:            8.000ns  (clk_out2_clk_wiz_0 rise@8.000ns - clk_out2_clk_wiz_0 rise@0.000ns)
  Data Path Delay:        3.031ns  (logic 0.766ns (25.271%)  route 2.265ns (74.729%))
  Logic Levels:           2  (LUT5=1 LUT6=1)
  Clock Path Skew:        -0.037ns (DCD - SCD + CPR)
    Destination Clock Delay (DCD):    1.707ns = ( 9.707 - 8.000 ) 
    Source Clock Delay      (SCD):    1.833ns
    Clock Pessimism Removal (CPR):    0.089ns
  Clock Uncertainty:      0.072ns  ((TSJ^2 + DJ^2)^1/2) / 2 + PE
    Total System Jitter     (TSJ):    0.071ns
    Discrete Jitter          (DJ):    0.125ns
    Phase Error              (PE):    0.000ns

    Location             Delay type                Incr(ns)  Path(ns)    Netlist Resource(s)
  -------------------------------------------------------------------    -------------------
                         (clock clk_out2_clk_wiz_0 rise edge)
                                                      0.000     0.000 r  
    BUFGCTRL_X0Y2        BUFG                         0.000     0.000 r  clk_IBUF_BUFG_inst/O
                         net (fo=334, routed)         2.106     2.106    datapath/video_inst/mmcm_adv_inst_display_clocks/inst/clk_in1
    MMCME2_ADV_X1Y0      MMCME2_ADV (Prop_mmcme2_adv_CLKIN1_CLKOUT1)
                                                     -4.900    -2.793 r  datapath/video_inst/mmcm_adv_inst_display_clocks/inst/mmcm_adv_inst/CLKOUT1
                         net (fo=1, routed)           2.697    -0.096    datapath/video_inst/mmcm_adv_inst_display_clocks/inst/clk_out2_clk_wiz_0
    BUFGCTRL_X0Y0        BUFG (Prop_bufg_I_O)         0.096    -0.000 r  datapath/video_inst/mmcm_adv_inst_display_clocks/inst/clkout2_buf/O
                         net (fo=44, routed)          1.833     1.833    datapath/video_inst/inst_dvid/clk_out2
    SLICE_X162Y148       FDRE                                         r  datapath/video_inst/inst_dvid/shift_clock_reg[7]/C
  -------------------------------------------------------------------    -------------------
    SLICE_X162Y148       FDRE (Prop_fdre_C_Q)         0.518     2.351 r  datapath/video_inst/inst_dvid/shift_clock_reg[7]/Q
                         net (fo=2, routed)           0.831     3.182    datapath/video_inst/inst_dvid/shift_clock_reg_n_0_[7]
    SLICE_X162Y148       LUT6 (Prop_lut6_I3_O)        0.124     3.306 r  datapath/video_inst/inst_dvid/shift_red[9]_i_2/O
                         net (fo=1, routed)           0.307     3.614    datapath/video_inst/inst_dvid/shift_red[9]_i_2_n_0
    SLICE_X162Y147       LUT5 (Prop_lut5_I0_O)        0.124     3.738 r  datapath/video_inst/inst_dvid/shift_red[9]_i_1/O
                         net (fo=31, routed)          1.127     4.865    datapath/video_inst/inst_dvid/shift_red[9]_i_1_n_0
    SLICE_X161Y134       FDRE                                         r  datapath/video_inst/inst_dvid/shift_green_reg[8]/R
  -------------------------------------------------------------------    -------------------

                         (clock clk_out2_clk_wiz_0 rise edge)
                                                      8.000     8.000 r  
    BUFGCTRL_X0Y2        BUFG                         0.000     8.000 r  clk_IBUF_BUFG_inst/O
                         net (fo=334, routed)         1.972     9.972    datapath/video_inst/mmcm_adv_inst_display_clocks/inst/clk_in1
    MMCME2_ADV_X1Y0      MMCME2_ADV (Prop_mmcme2_adv_CLKIN1_CLKOUT1)
                                                     -4.637     5.335 r  datapath/video_inst/mmcm_adv_inst_display_clocks/inst/mmcm_adv_inst/CLKOUT1
                         net (fo=1, routed)           2.574     7.909    datapath/video_inst/mmcm_adv_inst_display_clocks/inst/clk_out2_clk_wiz_0
    BUFGCTRL_X0Y0        BUFG (Prop_bufg_I_O)         0.091     8.000 r  datapath/video_inst/mmcm_adv_inst_display_clocks/inst/clkout2_buf/O
                         net (fo=44, routed)          1.707     9.707    datapath/video_inst/inst_dvid/clk_out2
    SLICE_X161Y134       FDRE                                         r  datapath/video_inst/inst_dvid/shift_green_reg[8]/C
                         clock pessimism              0.089     9.796    
                         clock uncertainty           -0.072     9.724    
    SLICE_X161Y134       FDRE (Setup_fdre_C_R)       -0.429     9.295    datapath/video_inst/inst_dvid/shift_green_reg[8]
  -------------------------------------------------------------------
                         required time                          9.295    
                         arrival time                          -4.865    
  -------------------------------------------------------------------
                         slack                                  4.431    





Min Delay Paths
--------------------------------------------------------------------------------------
Slack (MET) :             0.196ns  (arrival time - required time)
  Source:                 datapath/video_inst/inst_dvid/shift_clock_reg[0]/C
                            (rising edge-triggered cell FDRE clocked by clk_out2_clk_wiz_0  {rise@0.000ns fall@4.000ns period=8.000ns})
  Destination:            datapath/video_inst/inst_dvid/shift_clock_reg[8]/D
                            (rising edge-triggered cell FDRE clocked by clk_out2_clk_wiz_0  {rise@0.000ns fall@4.000ns period=8.000ns})
  Path Group:             clk_out2_clk_wiz_0
  Path Type:              Hold (Min at Fast Process Corner)
  Requirement:            0.000ns  (clk_out2_clk_wiz_0 rise@0.000ns - clk_out2_clk_wiz_0 rise@0.000ns)
  Data Path Delay:        0.272ns  (logic 0.141ns (51.841%)  route 0.131ns (48.159%))
  Logic Levels:           0  
  Clock Path Skew:        0.013ns (DCD - SCD - CPR)
    Destination Clock Delay (DCD):    0.922ns
    Source Clock Delay      (SCD):    0.649ns
    Clock Pessimism Removal (CPR):    0.260ns

    Location             Delay type                Incr(ns)  Path(ns)    Netlist Resource(s)
  -------------------------------------------------------------------    -------------------
                         (clock clk_out2_clk_wiz_0 rise edge)
                                                      0.000     0.000 r  
    BUFGCTRL_X0Y2        BUFG                         0.000     0.000 r  clk_IBUF_BUFG_inst/O
                         net (fo=334, routed)         0.745     0.745    datapath/video_inst/mmcm_adv_inst_display_clocks/inst/clk_in1
    MMCME2_ADV_X1Y0      MMCME2_ADV (Prop_mmcme2_adv_CLKIN1_CLKOUT1)
                                                     -1.683    -0.938 r  datapath/video_inst/mmcm_adv_inst_display_clocks/inst/mmcm_adv_inst/CLKOUT1
                         net (fo=1, routed)           0.912    -0.026    datapath/video_inst/mmcm_adv_inst_display_clocks/inst/clk_out2_clk_wiz_0
    BUFGCTRL_X0Y0        BUFG (Prop_bufg_I_O)         0.026    -0.000 r  datapath/video_inst/mmcm_adv_inst_display_clocks/inst/clkout2_buf/O
                         net (fo=44, routed)          0.649     0.649    datapath/video_inst/inst_dvid/clk_out2
    SLICE_X163Y148       FDRE                                         r  datapath/video_inst/inst_dvid/shift_clock_reg[0]/C
  -------------------------------------------------------------------    -------------------
    SLICE_X163Y148       FDRE (Prop_fdre_C_Q)         0.141     0.790 r  datapath/video_inst/inst_dvid/shift_clock_reg[0]/Q
                         net (fo=3, routed)           0.131     0.921    datapath/video_inst/inst_dvid/shift_clock[0]
    SLICE_X162Y148       FDRE                                         r  datapath/video_inst/inst_dvid/shift_clock_reg[8]/D
  -------------------------------------------------------------------    -------------------

                         (clock clk_out2_clk_wiz_0 rise edge)
                                                      0.000     0.000 r  
    BUFGCTRL_X0Y2        BUFG                         0.000     0.000 r  clk_IBUF_BUFG_inst/O
                         net (fo=334, routed)         1.022     1.022    datapath/video_inst/mmcm_adv_inst_display_clocks/inst/clk_in1
    MMCME2_ADV_X1Y0      MMCME2_ADV (Prop_mmcme2_adv_CLKIN1_CLKOUT1)
                                                     -2.040    -1.018 r  datapath/video_inst/mmcm_adv_inst_display_clocks/inst/mmcm_adv_inst/CLKOUT1
                         net (fo=1, routed)           0.989    -0.029    datapath/video_inst/mmcm_adv_inst_display_clocks/inst/clk_out2_clk_wiz_0
    BUFGCTRL_X0Y0        BUFG (Prop_bufg_I_O)         0.029    -0.000 r  datapath/video_inst/mmcm_adv_inst_display_clocks/inst/clkout2_buf/O
                         net (fo=44, routed)          0.922     0.922    datapath/video_inst/inst_dvid/clk_out2
    SLICE_X162Y148       FDRE                                         r  datapath/video_inst/inst_dvid/shift_clock_reg[8]/C
                         clock pessimism             -0.260     0.662    
    SLICE_X162Y148       FDRE (Hold_fdre_C_D)         0.063     0.725    datapath/video_inst/inst_dvid/shift_clock_reg[8]
  -------------------------------------------------------------------
                         required time                         -0.725    
                         arrival time                           0.921    
  -------------------------------------------------------------------
                         slack                                  0.196    

Slack (MET) :             0.201ns  (arrival time - required time)
  Source:                 datapath/video_inst/inst_dvid/shift_clock_reg[2]/C
                            (rising edge-triggered cell FDRE clocked by clk_out2_clk_wiz_0  {rise@0.000ns fall@4.000ns period=8.000ns})
  Destination:            datapath/video_inst/inst_dvid/shift_clock_reg[0]/D
                            (rising edge-triggered cell FDRE clocked by clk_out2_clk_wiz_0  {rise@0.000ns fall@4.000ns period=8.000ns})
  Path Group:             clk_out2_clk_wiz_0
  Path Type:              Hold (Min at Fast Process Corner)
  Requirement:            0.000ns  (clk_out2_clk_wiz_0 rise@0.000ns - clk_out2_clk_wiz_0 rise@0.000ns)
  Data Path Delay:        0.287ns  (logic 0.164ns (57.121%)  route 0.123ns (42.879%))
  Logic Levels:           0  
  Clock Path Skew:        0.016ns (DCD - SCD - CPR)
    Destination Clock Delay (DCD):    0.922ns
    Source Clock Delay      (SCD):    0.649ns
    Clock Pessimism Removal (CPR):    0.257ns

    Location             Delay type                Incr(ns)  Path(ns)    Netlist Resource(s)
  -------------------------------------------------------------------    -------------------
                         (clock clk_out2_clk_wiz_0 rise edge)
                                                      0.000     0.000 r  
    BUFGCTRL_X0Y2        BUFG                         0.000     0.000 r  clk_IBUF_BUFG_inst/O
                         net (fo=334, routed)         0.745     0.745    datapath/video_inst/mmcm_adv_inst_display_clocks/inst/clk_in1
    MMCME2_ADV_X1Y0      MMCME2_ADV (Prop_mmcme2_adv_CLKIN1_CLKOUT1)
                                                     -1.683    -0.938 r  datapath/video_inst/mmcm_adv_inst_display_clocks/inst/mmcm_adv_inst/CLKOUT1
                         net (fo=1, routed)           0.912    -0.026    datapath/video_inst/mmcm_adv_inst_display_clocks/inst/clk_out2_clk_wiz_0
    BUFGCTRL_X0Y0        BUFG (Prop_bufg_I_O)         0.026    -0.000 r  datapath/video_inst/mmcm_adv_inst_display_clocks/inst/clkout2_buf/O
                         net (fo=44, routed)          0.649     0.649    datapath/video_inst/inst_dvid/clk_out2
    SLICE_X162Y147       FDRE                                         r  datapath/video_inst/inst_dvid/shift_clock_reg[2]/C
  -------------------------------------------------------------------    -------------------
    SLICE_X162Y147       FDRE (Prop_fdre_C_Q)         0.164     0.813 r  datapath/video_inst/inst_dvid/shift_clock_reg[2]/Q
                         net (fo=2, routed)           0.123     0.936    datapath/video_inst/inst_dvid/shift_clock_reg_n_0_[2]
    SLICE_X163Y148       FDRE                                         r  datapath/video_inst/inst_dvid/shift_clock_reg[0]/D
  -------------------------------------------------------------------    -------------------

                         (clock clk_out2_clk_wiz_0 rise edge)
                                                      0.000     0.000 r  
    BUFGCTRL_X0Y2        BUFG                         0.000     0.000 r  clk_IBUF_BUFG_inst/O
                         net (fo=334, routed)         1.022     1.022    datapath/video_inst/mmcm_adv_inst_display_clocks/inst/clk_in1
    MMCME2_ADV_X1Y0      MMCME2_ADV (Prop_mmcme2_adv_CLKIN1_CLKOUT1)
                                                     -2.040    -1.018 r  datapath/video_inst/mmcm_adv_inst_display_clocks/inst/mmcm_adv_inst/CLKOUT1
                         net (fo=1, routed)           0.989    -0.029    datapath/video_inst/mmcm_adv_inst_display_clocks/inst/clk_out2_clk_wiz_0
    BUFGCTRL_X0Y0        BUFG (Prop_bufg_I_O)         0.029    -0.000 r  datapath/video_inst/mmcm_adv_inst_display_clocks/inst/clkout2_buf/O
                         net (fo=44, routed)          0.922     0.922    datapath/video_inst/inst_dvid/clk_out2
    SLICE_X163Y148       FDRE                                         r  datapath/video_inst/inst_dvid/shift_clock_reg[0]/C
                         clock pessimism             -0.257     0.665    
    SLICE_X163Y148       FDRE (Hold_fdre_C_D)         0.070     0.735    datapath/video_inst/inst_dvid/shift_clock_reg[0]
  -------------------------------------------------------------------
                         required time                         -0.735    
                         arrival time                           0.936    
  -------------------------------------------------------------------
                         slack                                  0.201    

Slack (MET) :             0.205ns  (arrival time - required time)
  Source:                 datapath/video_inst/inst_dvid/shift_clock_reg[3]/C
                            (rising edge-triggered cell FDRE clocked by clk_out2_clk_wiz_0  {rise@0.000ns fall@4.000ns period=8.000ns})
  Destination:            datapath/video_inst/inst_dvid/shift_clock_reg[1]/D
                            (rising edge-triggered cell FDRE clocked by clk_out2_clk_wiz_0  {rise@0.000ns fall@4.000ns period=8.000ns})
  Path Group:             clk_out2_clk_wiz_0
  Path Type:              Hold (Min at Fast Process Corner)
  Requirement:            0.000ns  (clk_out2_clk_wiz_0 rise@0.000ns - clk_out2_clk_wiz_0 rise@0.000ns)
  Data Path Delay:        0.287ns  (logic 0.164ns (57.162%)  route 0.123ns (42.838%))
  Logic Levels:           0  
  Clock Path Skew:        0.016ns (DCD - SCD - CPR)
    Destination Clock Delay (DCD):    0.922ns
    Source Clock Delay      (SCD):    0.649ns
    Clock Pessimism Removal (CPR):    0.257ns

    Location             Delay type                Incr(ns)  Path(ns)    Netlist Resource(s)
  -------------------------------------------------------------------    -------------------
                         (clock clk_out2_clk_wiz_0 rise edge)
                                                      0.000     0.000 r  
    BUFGCTRL_X0Y2        BUFG                         0.000     0.000 r  clk_IBUF_BUFG_inst/O
                         net (fo=334, routed)         0.745     0.745    datapath/video_inst/mmcm_adv_inst_display_clocks/inst/clk_in1
    MMCME2_ADV_X1Y0      MMCME2_ADV (Prop_mmcme2_adv_CLKIN1_CLKOUT1)
                                                     -1.683    -0.938 r  datapath/video_inst/mmcm_adv_inst_display_clocks/inst/mmcm_adv_inst/CLKOUT1
                         net (fo=1, routed)           0.912    -0.026    datapath/video_inst/mmcm_adv_inst_display_clocks/inst/clk_out2_clk_wiz_0
    BUFGCTRL_X0Y0        BUFG (Prop_bufg_I_O)         0.026    -0.000 r  datapath/video_inst/mmcm_adv_inst_display_clocks/inst/clkout2_buf/O
                         net (fo=44, routed)          0.649     0.649    datapath/video_inst/inst_dvid/clk_out2
    SLICE_X162Y147       FDRE                                         r  datapath/video_inst/inst_dvid/shift_clock_reg[3]/C
  -------------------------------------------------------------------    -------------------
    SLICE_X162Y147       FDRE (Prop_fdre_C_Q)         0.164     0.813 r  datapath/video_inst/inst_dvid/shift_clock_reg[3]/Q
                         net (fo=2, routed)           0.123     0.936    datapath/video_inst/inst_dvid/shift_clock_reg_n_0_[3]
    SLICE_X163Y148       FDRE                                         r  datapath/video_inst/inst_dvid/shift_clock_reg[1]/D
  -------------------------------------------------------------------    -------------------

                         (clock clk_out2_clk_wiz_0 rise edge)
                                                      0.000     0.000 r  
    BUFGCTRL_X0Y2        BUFG                         0.000     0.000 r  clk_IBUF_BUFG_inst/O
                         net (fo=334, routed)         1.022     1.022    datapath/video_inst/mmcm_adv_inst_display_clocks/inst/clk_in1
    MMCME2_ADV_X1Y0      MMCME2_ADV (Prop_mmcme2_adv_CLKIN1_CLKOUT1)
                                                     -2.040    -1.018 r  datapath/video_inst/mmcm_adv_inst_display_clocks/inst/mmcm_adv_inst/CLKOUT1
                         net (fo=1, routed)           0.989    -0.029    datapath/video_inst/mmcm_adv_inst_display_clocks/inst/clk_out2_clk_wiz_0
    BUFGCTRL_X0Y0        BUFG (Prop_bufg_I_O)         0.029    -0.000 r  datapath/video_inst/mmcm_adv_inst_display_clocks/inst/clkout2_buf/O
                         net (fo=44, routed)          0.922     0.922    datapath/video_inst/inst_dvid/clk_out2
    SLICE_X163Y148       FDRE                                         r  datapath/video_inst/inst_dvid/shift_clock_reg[1]/C
                         clock pessimism             -0.257     0.665    
    SLICE_X163Y148       FDRE (Hold_fdre_C_D)         0.066     0.731    datapath/video_inst/inst_dvid/shift_clock_reg[1]
  -------------------------------------------------------------------
                         required time                         -0.731    
                         arrival time                           0.936    
  -------------------------------------------------------------------
                         slack                                  0.205    

Slack (MET) :             0.212ns  (arrival time - required time)
  Source:                 datapath/video_inst/inst_dvid/shift_clock_reg[6]/C
                            (rising edge-triggered cell FDRE clocked by clk_out2_clk_wiz_0  {rise@0.000ns fall@4.000ns period=8.000ns})
  Destination:            datapath/video_inst/inst_dvid/shift_clock_reg[4]/D
                            (rising edge-triggered cell FDRE clocked by clk_out2_clk_wiz_0  {rise@0.000ns fall@4.000ns period=8.000ns})
  Path Group:             clk_out2_clk_wiz_0
  Path Type:              Hold (Min at Fast Process Corner)
  Requirement:            0.000ns  (clk_out2_clk_wiz_0 rise@0.000ns - clk_out2_clk_wiz_0 rise@0.000ns)
  Data Path Delay:        0.291ns  (logic 0.164ns (56.305%)  route 0.127ns (43.695%))
  Logic Levels:           0  
  Clock Path Skew:        0.016ns (DCD - SCD - CPR)
    Destination Clock Delay (DCD):    0.922ns
    Source Clock Delay      (SCD):    0.649ns
    Clock Pessimism Removal (CPR):    0.257ns

    Location             Delay type                Incr(ns)  Path(ns)    Netlist Resource(s)
  -------------------------------------------------------------------    -------------------
                         (clock clk_out2_clk_wiz_0 rise edge)
                                                      0.000     0.000 r  
    BUFGCTRL_X0Y2        BUFG                         0.000     0.000 r  clk_IBUF_BUFG_inst/O
                         net (fo=334, routed)         0.745     0.745    datapath/video_inst/mmcm_adv_inst_display_clocks/inst/clk_in1
    MMCME2_ADV_X1Y0      MMCME2_ADV (Prop_mmcme2_adv_CLKIN1_CLKOUT1)
                                                     -1.683    -0.938 r  datapath/video_inst/mmcm_adv_inst_display_clocks/inst/mmcm_adv_inst/CLKOUT1
                         net (fo=1, routed)           0.912    -0.026    datapath/video_inst/mmcm_adv_inst_display_clocks/inst/clk_out2_clk_wiz_0
    BUFGCTRL_X0Y0        BUFG (Prop_bufg_I_O)         0.026    -0.000 r  datapath/video_inst/mmcm_adv_inst_display_clocks/inst/clkout2_buf/O
                         net (fo=44, routed)          0.649     0.649    datapath/video_inst/inst_dvid/clk_out2
    SLICE_X162Y148       FDRE                                         r  datapath/video_inst/inst_dvid/shift_clock_reg[6]/C
  -------------------------------------------------------------------    -------------------
    SLICE_X162Y148       FDRE (Prop_fdre_C_Q)         0.164     0.813 r  datapath/video_inst/inst_dvid/shift_clock_reg[6]/Q
                         net (fo=2, routed)           0.127     0.940    datapath/video_inst/inst_dvid/shift_clock_reg_n_0_[6]
    SLICE_X162Y147       FDRE                                         r  datapath/video_inst/inst_dvid/shift_clock_reg[4]/D
  -------------------------------------------------------------------    -------------------

                         (clock clk_out2_clk_wiz_0 rise edge)
                                                      0.000     0.000 r  
    BUFGCTRL_X0Y2        BUFG                         0.000     0.000 r  clk_IBUF_BUFG_inst/O
                         net (fo=334, routed)         1.022     1.022    datapath/video_inst/mmcm_adv_inst_display_clocks/inst/clk_in1
    MMCME2_ADV_X1Y0      MMCME2_ADV (Prop_mmcme2_adv_CLKIN1_CLKOUT1)
                                                     -2.040    -1.018 r  datapath/video_inst/mmcm_adv_inst_display_clocks/inst/mmcm_adv_inst/CLKOUT1
                         net (fo=1, routed)           0.989    -0.029    datapath/video_inst/mmcm_adv_inst_display_clocks/inst/clk_out2_clk_wiz_0
    BUFGCTRL_X0Y0        BUFG (Prop_bufg_I_O)         0.029    -0.000 r  datapath/video_inst/mmcm_adv_inst_display_clocks/inst/clkout2_buf/O
                         net (fo=44, routed)          0.922     0.922    datapath/video_inst/inst_dvid/clk_out2
    SLICE_X162Y147       FDRE                                         r  datapath/video_inst/inst_dvid/shift_clock_reg[4]/C
                         clock pessimism             -0.257     0.665    
    SLICE_X162Y147       FDRE (Hold_fdre_C_D)         0.063     0.728    datapath/video_inst/inst_dvid/shift_clock_reg[4]
  -------------------------------------------------------------------
                         required time                         -0.728    
                         arrival time                           0.940    
  -------------------------------------------------------------------
                         slack                                  0.212    

Slack (MET) :             0.213ns  (arrival time - required time)
  Source:                 datapath/video_inst/inst_dvid/shift_clock_reg[7]/C
                            (rising edge-triggered cell FDRE clocked by clk_out2_clk_wiz_0  {rise@0.000ns fall@4.000ns period=8.000ns})
  Destination:            datapath/video_inst/inst_dvid/shift_clock_reg[5]/D
                            (rising edge-triggered cell FDRE clocked by clk_out2_clk_wiz_0  {rise@0.000ns fall@4.000ns period=8.000ns})
  Path Group:             clk_out2_clk_wiz_0
  Path Type:              Hold (Min at Fast Process Corner)
  Requirement:            0.000ns  (clk_out2_clk_wiz_0 rise@0.000ns - clk_out2_clk_wiz_0 rise@0.000ns)
  Data Path Delay:        0.292ns  (logic 0.164ns (56.106%)  route 0.128ns (43.894%))
  Logic Levels:           0  
  Clock Path Skew:        0.016ns (DCD - SCD - CPR)
    Destination Clock Delay (DCD):    0.922ns
    Source Clock Delay      (SCD):    0.649ns
    Clock Pessimism Removal (CPR):    0.257ns

    Location             Delay type                Incr(ns)  Path(ns)    Netlist Resource(s)
  -------------------------------------------------------------------    -------------------
                         (clock clk_out2_clk_wiz_0 rise edge)
                                                      0.000     0.000 r  
    BUFGCTRL_X0Y2        BUFG                         0.000     0.000 r  clk_IBUF_BUFG_inst/O
                         net (fo=334, routed)         0.745     0.745    datapath/video_inst/mmcm_adv_inst_display_clocks/inst/clk_in1
    MMCME2_ADV_X1Y0      MMCME2_ADV (Prop_mmcme2_adv_CLKIN1_CLKOUT1)
                                                     -1.683    -0.938 r  datapath/video_inst/mmcm_adv_inst_display_clocks/inst/mmcm_adv_inst/CLKOUT1
                         net (fo=1, routed)           0.912    -0.026    datapath/video_inst/mmcm_adv_inst_display_clocks/inst/clk_out2_clk_wiz_0
    BUFGCTRL_X0Y0        BUFG (Prop_bufg_I_O)         0.026    -0.000 r  datapath/video_inst/mmcm_adv_inst_display_clocks/inst/clkout2_buf/O
                         net (fo=44, routed)          0.649     0.649    datapath/video_inst/inst_dvid/clk_out2
    SLICE_X162Y148       FDRE                                         r  datapath/video_inst/inst_dvid/shift_clock_reg[7]/C
  -------------------------------------------------------------------    -------------------
    SLICE_X162Y148       FDRE (Prop_fdre_C_Q)         0.164     0.813 r  datapath/video_inst/inst_dvid/shift_clock_reg[7]/Q
                         net (fo=2, routed)           0.128     0.941    datapath/video_inst/inst_dvid/shift_clock_reg_n_0_[7]
    SLICE_X162Y147       FDRE                                         r  datapath/video_inst/inst_dvid/shift_clock_reg[5]/D
  -------------------------------------------------------------------    -------------------

                         (clock clk_out2_clk_wiz_0 rise edge)
                                                      0.000     0.000 r  
    BUFGCTRL_X0Y2        BUFG                         0.000     0.000 r  clk_IBUF_BUFG_inst/O
                         net (fo=334, routed)         1.022     1.022    datapath/video_inst/mmcm_adv_inst_display_clocks/inst/clk_in1
    MMCME2_ADV_X1Y0      MMCME2_ADV (Prop_mmcme2_adv_CLKIN1_CLKOUT1)
                                                     -2.040    -1.018 r  datapath/video_inst/mmcm_adv_inst_display_clocks/inst/mmcm_adv_inst/CLKOUT1
                         net (fo=1, routed)           0.989    -0.029    datapath/video_inst/mmcm_adv_inst_display_clocks/inst/clk_out2_clk_wiz_0
    BUFGCTRL_X0Y0        BUFG (Prop_bufg_I_O)         0.029    -0.000 r  datapath/video_inst/mmcm_adv_inst_display_clocks/inst/clkout2_buf/O
                         net (fo=44, routed)          0.922     0.922    datapath/video_inst/inst_dvid/clk_out2
    SLICE_X162Y147       FDRE                                         r  datapath/video_inst/inst_dvid/shift_clock_reg[5]/C
                         clock pessimism             -0.257     0.665    
    SLICE_X162Y147       FDRE (Hold_fdre_C_D)         0.063     0.728    datapath/video_inst/inst_dvid/shift_clock_reg[5]
  -------------------------------------------------------------------
                         required time                         -0.728    
                         arrival time                           0.941    
  -------------------------------------------------------------------
                         slack                                  0.213    

Slack (MET) :             0.233ns  (arrival time - required time)
  Source:                 datapath/video_inst/inst_dvid/shift_clock_reg[4]/C
                            (rising edge-triggered cell FDRE clocked by clk_out2_clk_wiz_0  {rise@0.000ns fall@4.000ns period=8.000ns})
  Destination:            datapath/video_inst/inst_dvid/shift_clock_reg[2]/D
                            (rising edge-triggered cell FDRE clocked by clk_out2_clk_wiz_0  {rise@0.000ns fall@4.000ns period=8.000ns})
  Path Group:             clk_out2_clk_wiz_0
  Path Type:              Hold (Min at Fast Process Corner)
  Requirement:            0.000ns  (clk_out2_clk_wiz_0 rise@0.000ns - clk_out2_clk_wiz_0 rise@0.000ns)
  Data Path Delay:        0.292ns  (logic 0.164ns (56.232%)  route 0.128ns (43.768%))
  Logic Levels:           0  
  Clock Path Skew:        0.000ns (DCD - SCD - CPR)
    Destination Clock Delay (DCD):    0.922ns
    Source Clock Delay      (SCD):    0.649ns
    Clock Pessimism Removal (CPR):    0.273ns

    Location             Delay type                Incr(ns)  Path(ns)    Netlist Resource(s)
  -------------------------------------------------------------------    -------------------
                         (clock clk_out2_clk_wiz_0 rise edge)
                                                      0.000     0.000 r  
    BUFGCTRL_X0Y2        BUFG                         0.000     0.000 r  clk_IBUF_BUFG_inst/O
                         net (fo=334, routed)         0.745     0.745    datapath/video_inst/mmcm_adv_inst_display_clocks/inst/clk_in1
    MMCME2_ADV_X1Y0      MMCME2_ADV (Prop_mmcme2_adv_CLKIN1_CLKOUT1)
                                                     -1.683    -0.938 r  datapath/video_inst/mmcm_adv_inst_display_clocks/inst/mmcm_adv_inst/CLKOUT1
                         net (fo=1, routed)           0.912    -0.026    datapath/video_inst/mmcm_adv_inst_display_clocks/inst/clk_out2_clk_wiz_0
    BUFGCTRL_X0Y0        BUFG (Prop_bufg_I_O)         0.026    -0.000 r  datapath/video_inst/mmcm_adv_inst_display_clocks/inst/clkout2_buf/O
                         net (fo=44, routed)          0.649     0.649    datapath/video_inst/inst_dvid/clk_out2
    SLICE_X162Y147       FDRE                                         r  datapath/video_inst/inst_dvid/shift_clock_reg[4]/C
  -------------------------------------------------------------------    -------------------
    SLICE_X162Y147       FDRE (Prop_fdre_C_Q)         0.164     0.813 r  datapath/video_inst/inst_dvid/shift_clock_reg[4]/Q
                         net (fo=2, routed)           0.128     0.940    datapath/video_inst/inst_dvid/shift_clock_reg_n_0_[4]
    SLICE_X162Y147       FDRE                                         r  datapath/video_inst/inst_dvid/shift_clock_reg[2]/D
  -------------------------------------------------------------------    -------------------

                         (clock clk_out2_clk_wiz_0 rise edge)
                                                      0.000     0.000 r  
    BUFGCTRL_X0Y2        BUFG                         0.000     0.000 r  clk_IBUF_BUFG_inst/O
                         net (fo=334, routed)         1.022     1.022    datapath/video_inst/mmcm_adv_inst_display_clocks/inst/clk_in1
    MMCME2_ADV_X1Y0      MMCME2_ADV (Prop_mmcme2_adv_CLKIN1_CLKOUT1)
                                                     -2.040    -1.018 r  datapath/video_inst/mmcm_adv_inst_display_clocks/inst/mmcm_adv_inst/CLKOUT1
                         net (fo=1, routed)           0.989    -0.029    datapath/video_inst/mmcm_adv_inst_display_clocks/inst/clk_out2_clk_wiz_0
    BUFGCTRL_X0Y0        BUFG (Prop_bufg_I_O)         0.029    -0.000 r  datapath/video_inst/mmcm_adv_inst_display_clocks/inst/clkout2_buf/O
                         net (fo=44, routed)          0.922     0.922    datapath/video_inst/inst_dvid/clk_out2
    SLICE_X162Y147       FDRE                                         r  datapath/video_inst/inst_dvid/shift_clock_reg[2]/C
                         clock pessimism             -0.273     0.649    
    SLICE_X162Y147       FDRE (Hold_fdre_C_D)         0.059     0.708    datapath/video_inst/inst_dvid/shift_clock_reg[2]
  -------------------------------------------------------------------
                         required time                         -0.708    
                         arrival time                           0.940    
  -------------------------------------------------------------------
                         slack                                  0.233    

Slack (MET) :             0.233ns  (arrival time - required time)
  Source:                 datapath/video_inst/inst_dvid/shift_clock_reg[5]/C
                            (rising edge-triggered cell FDRE clocked by clk_out2_clk_wiz_0  {rise@0.000ns fall@4.000ns period=8.000ns})
  Destination:            datapath/video_inst/inst_dvid/shift_clock_reg[3]/D
                            (rising edge-triggered cell FDRE clocked by clk_out2_clk_wiz_0  {rise@0.000ns fall@4.000ns period=8.000ns})
  Path Group:             clk_out2_clk_wiz_0
  Path Type:              Hold (Min at Fast Process Corner)
  Requirement:            0.000ns  (clk_out2_clk_wiz_0 rise@0.000ns - clk_out2_clk_wiz_0 rise@0.000ns)
  Data Path Delay:        0.285ns  (logic 0.164ns (57.535%)  route 0.121ns (42.465%))
  Logic Levels:           0  
  Clock Path Skew:        0.000ns (DCD - SCD - CPR)
    Destination Clock Delay (DCD):    0.922ns
    Source Clock Delay      (SCD):    0.649ns
    Clock Pessimism Removal (CPR):    0.273ns

    Location             Delay type                Incr(ns)  Path(ns)    Netlist Resource(s)
  -------------------------------------------------------------------    -------------------
                         (clock clk_out2_clk_wiz_0 rise edge)
                                                      0.000     0.000 r  
    BUFGCTRL_X0Y2        BUFG                         0.000     0.000 r  clk_IBUF_BUFG_inst/O
                         net (fo=334, routed)         0.745     0.745    datapath/video_inst/mmcm_adv_inst_display_clocks/inst/clk_in1
    MMCME2_ADV_X1Y0      MMCME2_ADV (Prop_mmcme2_adv_CLKIN1_CLKOUT1)
                                                     -1.683    -0.938 r  datapath/video_inst/mmcm_adv_inst_display_clocks/inst/mmcm_adv_inst/CLKOUT1
                         net (fo=1, routed)           0.912    -0.026    datapath/video_inst/mmcm_adv_inst_display_clocks/inst/clk_out2_clk_wiz_0
    BUFGCTRL_X0Y0        BUFG (Prop_bufg_I_O)         0.026    -0.000 r  datapath/video_inst/mmcm_adv_inst_display_clocks/inst/clkout2_buf/O
                         net (fo=44, routed)          0.649     0.649    datapath/video_inst/inst_dvid/clk_out2
    SLICE_X162Y147       FDRE                                         r  datapath/video_inst/inst_dvid/shift_clock_reg[5]/C
  -------------------------------------------------------------------    -------------------
    SLICE_X162Y147       FDRE (Prop_fdre_C_Q)         0.164     0.813 r  datapath/video_inst/inst_dvid/shift_clock_reg[5]/Q
                         net (fo=2, routed)           0.121     0.934    datapath/video_inst/inst_dvid/shift_clock_reg_n_0_[5]
    SLICE_X162Y147       FDRE                                         r  datapath/video_inst/inst_dvid/shift_clock_reg[3]/D
  -------------------------------------------------------------------    -------------------

                         (clock clk_out2_clk_wiz_0 rise edge)
                                                      0.000     0.000 r  
    BUFGCTRL_X0Y2        BUFG                         0.000     0.000 r  clk_IBUF_BUFG_inst/O
                         net (fo=334, routed)         1.022     1.022    datapath/video_inst/mmcm_adv_inst_display_clocks/inst/clk_in1
    MMCME2_ADV_X1Y0      MMCME2_ADV (Prop_mmcme2_adv_CLKIN1_CLKOUT1)
                                                     -2.040    -1.018 r  datapath/video_inst/mmcm_adv_inst_display_clocks/inst/mmcm_adv_inst/CLKOUT1
                         net (fo=1, routed)           0.989    -0.029    datapath/video_inst/mmcm_adv_inst_display_clocks/inst/clk_out2_clk_wiz_0
    BUFGCTRL_X0Y0        BUFG (Prop_bufg_I_O)         0.029    -0.000 r  datapath/video_inst/mmcm_adv_inst_display_clocks/inst/clkout2_buf/O
                         net (fo=44, routed)          0.922     0.922    datapath/video_inst/inst_dvid/clk_out2
    SLICE_X162Y147       FDRE                                         r  datapath/video_inst/inst_dvid/shift_clock_reg[3]/C
                         clock pessimism             -0.273     0.649    
    SLICE_X162Y147       FDRE (Hold_fdre_C_D)         0.052     0.701    datapath/video_inst/inst_dvid/shift_clock_reg[3]
  -------------------------------------------------------------------
                         required time                         -0.701    
                         arrival time                           0.934    
  -------------------------------------------------------------------
                         slack                                  0.233    

Slack (MET) :             0.233ns  (arrival time - required time)
  Source:                 datapath/video_inst/inst_dvid/shift_clock_reg[9]/C
                            (rising edge-triggered cell FDRE clocked by clk_out2_clk_wiz_0  {rise@0.000ns fall@4.000ns period=8.000ns})
  Destination:            datapath/video_inst/inst_dvid/shift_clock_reg[7]/D
                            (rising edge-triggered cell FDRE clocked by clk_out2_clk_wiz_0  {rise@0.000ns fall@4.000ns period=8.000ns})
  Path Group:             clk_out2_clk_wiz_0
  Path Type:              Hold (Min at Fast Process Corner)
  Requirement:            0.000ns  (clk_out2_clk_wiz_0 rise@0.000ns - clk_out2_clk_wiz_0 rise@0.000ns)
  Data Path Delay:        0.285ns  (logic 0.164ns (57.535%)  route 0.121ns (42.465%))
  Logic Levels:           0  
  Clock Path Skew:        0.000ns (DCD - SCD - CPR)
    Destination Clock Delay (DCD):    0.922ns
    Source Clock Delay      (SCD):    0.649ns
    Clock Pessimism Removal (CPR):    0.273ns

    Location             Delay type                Incr(ns)  Path(ns)    Netlist Resource(s)
  -------------------------------------------------------------------    -------------------
                         (clock clk_out2_clk_wiz_0 rise edge)
                                                      0.000     0.000 r  
    BUFGCTRL_X0Y2        BUFG                         0.000     0.000 r  clk_IBUF_BUFG_inst/O
                         net (fo=334, routed)         0.745     0.745    datapath/video_inst/mmcm_adv_inst_display_clocks/inst/clk_in1
    MMCME2_ADV_X1Y0      MMCME2_ADV (Prop_mmcme2_adv_CLKIN1_CLKOUT1)
                                                     -1.683    -0.938 r  datapath/video_inst/mmcm_adv_inst_display_clocks/inst/mmcm_adv_inst/CLKOUT1
                         net (fo=1, routed)           0.912    -0.026    datapath/video_inst/mmcm_adv_inst_display_clocks/inst/clk_out2_clk_wiz_0
    BUFGCTRL_X0Y0        BUFG (Prop_bufg_I_O)         0.026    -0.000 r  datapath/video_inst/mmcm_adv_inst_display_clocks/inst/clkout2_buf/O
                         net (fo=44, routed)          0.649     0.649    datapath/video_inst/inst_dvid/clk_out2
    SLICE_X162Y148       FDRE                                         r  datapath/video_inst/inst_dvid/shift_clock_reg[9]/C
  -------------------------------------------------------------------    -------------------
    SLICE_X162Y148       FDRE (Prop_fdre_C_Q)         0.164     0.813 r  datapath/video_inst/inst_dvid/shift_clock_reg[9]/Q
                         net (fo=2, routed)           0.121     0.934    datapath/video_inst/inst_dvid/shift_clock_reg_n_0_[9]
    SLICE_X162Y148       FDRE                                         r  datapath/video_inst/inst_dvid/shift_clock_reg[7]/D
  -------------------------------------------------------------------    -------------------

                         (clock clk_out2_clk_wiz_0 rise edge)
                                                      0.000     0.000 r  
    BUFGCTRL_X0Y2        BUFG                         0.000     0.000 r  clk_IBUF_BUFG_inst/O
                         net (fo=334, routed)         1.022     1.022    datapath/video_inst/mmcm_adv_inst_display_clocks/inst/clk_in1
    MMCME2_ADV_X1Y0      MMCME2_ADV (Prop_mmcme2_adv_CLKIN1_CLKOUT1)
                                                     -2.040    -1.018 r  datapath/video_inst/mmcm_adv_inst_display_clocks/inst/mmcm_adv_inst/CLKOUT1
                         net (fo=1, routed)           0.989    -0.029    datapath/video_inst/mmcm_adv_inst_display_clocks/inst/clk_out2_clk_wiz_0
    BUFGCTRL_X0Y0        BUFG (Prop_bufg_I_O)         0.029    -0.000 r  datapath/video_inst/mmcm_adv_inst_display_clocks/inst/clkout2_buf/O
                         net (fo=44, routed)          0.922     0.922    datapath/video_inst/inst_dvid/clk_out2
    SLICE_X162Y148       FDRE                                         r  datapath/video_inst/inst_dvid/shift_clock_reg[7]/C
                         clock pessimism             -0.273     0.649    
    SLICE_X162Y148       FDRE (Hold_fdre_C_D)         0.052     0.701    datapath/video_inst/inst_dvid/shift_clock_reg[7]
  -------------------------------------------------------------------
                         required time                         -0.701    
                         arrival time                           0.934    
  -------------------------------------------------------------------
                         slack                                  0.233    

Slack (MET) :             0.233ns  (arrival time - required time)
  Source:                 datapath/video_inst/inst_dvid/shift_clock_reg[8]/C
                            (rising edge-triggered cell FDRE clocked by clk_out2_clk_wiz_0  {rise@0.000ns fall@4.000ns period=8.000ns})
  Destination:            datapath/video_inst/inst_dvid/shift_clock_reg[6]/D
                            (rising edge-triggered cell FDRE clocked by clk_out2_clk_wiz_0  {rise@0.000ns fall@4.000ns period=8.000ns})
  Path Group:             clk_out2_clk_wiz_0
  Path Type:              Hold (Min at Fast Process Corner)
  Requirement:            0.000ns  (clk_out2_clk_wiz_0 rise@0.000ns - clk_out2_clk_wiz_0 rise@0.000ns)
  Data Path Delay:        0.292ns  (logic 0.164ns (56.094%)  route 0.128ns (43.906%))
  Logic Levels:           0  
  Clock Path Skew:        0.000ns (DCD - SCD - CPR)
    Destination Clock Delay (DCD):    0.922ns
    Source Clock Delay      (SCD):    0.649ns
    Clock Pessimism Removal (CPR):    0.273ns

    Location             Delay type                Incr(ns)  Path(ns)    Netlist Resource(s)
  -------------------------------------------------------------------    -------------------
                         (clock clk_out2_clk_wiz_0 rise edge)
                                                      0.000     0.000 r  
    BUFGCTRL_X0Y2        BUFG                         0.000     0.000 r  clk_IBUF_BUFG_inst/O
                         net (fo=334, routed)         0.745     0.745    datapath/video_inst/mmcm_adv_inst_display_clocks/inst/clk_in1
    MMCME2_ADV_X1Y0      MMCME2_ADV (Prop_mmcme2_adv_CLKIN1_CLKOUT1)
                                                     -1.683    -0.938 r  datapath/video_inst/mmcm_adv_inst_display_clocks/inst/mmcm_adv_inst/CLKOUT1
                         net (fo=1, routed)           0.912    -0.026    datapath/video_inst/mmcm_adv_inst_display_clocks/inst/clk_out2_clk_wiz_0
    BUFGCTRL_X0Y0        BUFG (Prop_bufg_I_O)         0.026    -0.000 r  datapath/video_inst/mmcm_adv_inst_display_clocks/inst/clkout2_buf/O
                         net (fo=44, routed)          0.649     0.649    datapath/video_inst/inst_dvid/clk_out2
    SLICE_X162Y148       FDRE                                         r  datapath/video_inst/inst_dvid/shift_clock_reg[8]/C
  -------------------------------------------------------------------    -------------------
    SLICE_X162Y148       FDRE (Prop_fdre_C_Q)         0.164     0.813 r  datapath/video_inst/inst_dvid/shift_clock_reg[8]/Q
                         net (fo=2, routed)           0.128     0.941    datapath/video_inst/inst_dvid/shift_clock_reg_n_0_[8]
    SLICE_X162Y148       FDRE                                         r  datapath/video_inst/inst_dvid/shift_clock_reg[6]/D
  -------------------------------------------------------------------    -------------------

                         (clock clk_out2_clk_wiz_0 rise edge)
                                                      0.000     0.000 r  
    BUFGCTRL_X0Y2        BUFG                         0.000     0.000 r  clk_IBUF_BUFG_inst/O
                         net (fo=334, routed)         1.022     1.022    datapath/video_inst/mmcm_adv_inst_display_clocks/inst/clk_in1
    MMCME2_ADV_X1Y0      MMCME2_ADV (Prop_mmcme2_adv_CLKIN1_CLKOUT1)
                                                     -2.040    -1.018 r  datapath/video_inst/mmcm_adv_inst_display_clocks/inst/mmcm_adv_inst/CLKOUT1
                         net (fo=1, routed)           0.989    -0.029    datapath/video_inst/mmcm_adv_inst_display_clocks/inst/clk_out2_clk_wiz_0
    BUFGCTRL_X0Y0        BUFG (Prop_bufg_I_O)         0.029    -0.000 r  datapath/video_inst/mmcm_adv_inst_display_clocks/inst/clkout2_buf/O
                         net (fo=44, routed)          0.922     0.922    datapath/video_inst/inst_dvid/clk_out2
    SLICE_X162Y148       FDRE                                         r  datapath/video_inst/inst_dvid/shift_clock_reg[6]/C
                         clock pessimism             -0.273     0.649    
    SLICE_X162Y148       FDRE (Hold_fdre_C_D)         0.059     0.708    datapath/video_inst/inst_dvid/shift_clock_reg[6]
  -------------------------------------------------------------------
                         required time                         -0.708    
                         arrival time                           0.941    
  -------------------------------------------------------------------
                         slack                                  0.233    

Slack (MET) :             0.238ns  (arrival time - required time)
  Source:                 datapath/video_inst/inst_dvid/shift_red_reg[2]/C
                            (rising edge-triggered cell FDRE clocked by clk_out2_clk_wiz_0  {rise@0.000ns fall@4.000ns period=8.000ns})
  Destination:            datapath/video_inst/inst_dvid/shift_red_reg[0]/D
                            (rising edge-triggered cell FDSE clocked by clk_out2_clk_wiz_0  {rise@0.000ns fall@4.000ns period=8.000ns})
  Path Group:             clk_out2_clk_wiz_0
  Path Type:              Hold (Min at Fast Process Corner)
  Requirement:            0.000ns  (clk_out2_clk_wiz_0 rise@0.000ns - clk_out2_clk_wiz_0 rise@0.000ns)
  Data Path Delay:        0.372ns  (logic 0.186ns (49.977%)  route 0.186ns (50.023%))
  Logic Levels:           1  (LUT2=1)
  Clock Path Skew:        0.014ns (DCD - SCD - CPR)
    Destination Clock Delay (DCD):    0.914ns
    Source Clock Delay      (SCD):    0.643ns
    Clock Pessimism Removal (CPR):    0.257ns

    Location             Delay type                Incr(ns)  Path(ns)    Netlist Resource(s)
  -------------------------------------------------------------------    -------------------
                         (clock clk_out2_clk_wiz_0 rise edge)
                                                      0.000     0.000 r  
    BUFGCTRL_X0Y2        BUFG                         0.000     0.000 r  clk_IBUF_BUFG_inst/O
                         net (fo=334, routed)         0.745     0.745    datapath/video_inst/mmcm_adv_inst_display_clocks/inst/clk_in1
    MMCME2_ADV_X1Y0      MMCME2_ADV (Prop_mmcme2_adv_CLKIN1_CLKOUT1)
                                                     -1.683    -0.938 r  datapath/video_inst/mmcm_adv_inst_display_clocks/inst/mmcm_adv_inst/CLKOUT1
                         net (fo=1, routed)           0.912    -0.026    datapath/video_inst/mmcm_adv_inst_display_clocks/inst/clk_out2_clk_wiz_0
    BUFGCTRL_X0Y0        BUFG (Prop_bufg_I_O)         0.026    -0.000 r  datapath/video_inst/mmcm_adv_inst_display_clocks/inst/clkout2_buf/O
                         net (fo=44, routed)          0.643     0.643    datapath/video_inst/inst_dvid/clk_out2
    SLICE_X161Y133       FDRE                                         r  datapath/video_inst/inst_dvid/shift_red_reg[2]/C
  -------------------------------------------------------------------    -------------------
    SLICE_X161Y133       FDRE (Prop_fdre_C_Q)         0.141     0.784 r  datapath/video_inst/inst_dvid/shift_red_reg[2]/Q
                         net (fo=1, routed)           0.186     0.970    datapath/video_inst/inst_dvid/data1[0]
    SLICE_X162Y133       LUT2 (Prop_lut2_I1_O)        0.045     1.015 r  datapath/video_inst/inst_dvid/shift_red[0]_i_1/O
                         net (fo=1, routed)           0.000     1.015    datapath/video_inst/inst_dvid/shift_red[0]_i_1_n_0
    SLICE_X162Y133       FDSE                                         r  datapath/video_inst/inst_dvid/shift_red_reg[0]/D
  -------------------------------------------------------------------    -------------------

                         (clock clk_out2_clk_wiz_0 rise edge)
                                                      0.000     0.000 r  
    BUFGCTRL_X0Y2        BUFG                         0.000     0.000 r  clk_IBUF_BUFG_inst/O
                         net (fo=334, routed)         1.022     1.022    datapath/video_inst/mmcm_adv_inst_display_clocks/inst/clk_in1
    MMCME2_ADV_X1Y0      MMCME2_ADV (Prop_mmcme2_adv_CLKIN1_CLKOUT1)
                                                     -2.040    -1.018 r  datapath/video_inst/mmcm_adv_inst_display_clocks/inst/mmcm_adv_inst/CLKOUT1
                         net (fo=1, routed)           0.989    -0.029    datapath/video_inst/mmcm_adv_inst_display_clocks/inst/clk_out2_clk_wiz_0
    BUFGCTRL_X0Y0        BUFG (Prop_bufg_I_O)         0.029    -0.000 r  datapath/video_inst/mmcm_adv_inst_display_clocks/inst/clkout2_buf/O
                         net (fo=44, routed)          0.914     0.914    datapath/video_inst/inst_dvid/clk_out2
    SLICE_X162Y133       FDSE                                         r  datapath/video_inst/inst_dvid/shift_red_reg[0]/C
                         clock pessimism             -0.257     0.657    
    SLICE_X162Y133       FDSE (Hold_fdse_C_D)         0.120     0.777    datapath/video_inst/inst_dvid/shift_red_reg[0]
  -------------------------------------------------------------------
                         required time                         -0.777    
                         arrival time                           1.015    
  -------------------------------------------------------------------
                         slack                                  0.238    





Pulse Width Checks
--------------------------------------------------------------------------------------
Clock Name:         clk_out2_clk_wiz_0
Waveform(ns):       { 0.000 4.000 }
Period(ns):         8.000
Sources:            { datapath/video_inst/mmcm_adv_inst_display_clocks/inst/mmcm_adv_inst/CLKOUT1 }

Check Type        Corner  Lib Pin             Reference Pin  Required(ns)  Actual(ns)  Slack(ns)  Location         Pin
Min Period        n/a     BUFG/I              n/a            2.155         8.000       5.845      BUFGCTRL_X0Y0    datapath/video_inst/mmcm_adv_inst_display_clocks/inst/clkout2_buf/I
Min Period        n/a     ODDR/C              n/a            1.474         8.000       6.526      OLOGIC_X1Y140    datapath/video_inst/inst_dvid/ODDR2_blue/C
Min Period        n/a     ODDR/C              n/a            1.474         8.000       6.526      OLOGIC_X1Y148    datapath/video_inst/inst_dvid/ODDR2_clock/C
Min Period        n/a     ODDR/C              n/a            1.474         8.000       6.526      OLOGIC_X1Y136    datapath/video_inst/inst_dvid/ODDR2_green/C
Min Period        n/a     ODDR/C              n/a            1.474         8.000       6.526      OLOGIC_X1Y134    datapath/video_inst/inst_dvid/ODDR2_red/C
Min Period        n/a     MMCME2_ADV/CLKOUT1  n/a            1.249         8.000       6.751      MMCME2_ADV_X1Y0  datapath/video_inst/mmcm_adv_inst_display_clocks/inst/mmcm_adv_inst/CLKOUT1
Min Period        n/a     FDRE/C              n/a            1.000         8.000       7.000      SLICE_X160Y136   datapath/video_inst/inst_dvid/shift_blue_reg[0]/C
Min Period        n/a     FDRE/C              n/a            1.000         8.000       7.000      SLICE_X160Y136   datapath/video_inst/inst_dvid/shift_blue_reg[1]/C
Min Period        n/a     FDRE/C              n/a            1.000         8.000       7.000      SLICE_X160Y136   datapath/video_inst/inst_dvid/shift_blue_reg[2]/C
Min Period        n/a     FDRE/C              n/a            1.000         8.000       7.000      SLICE_X160Y136   datapath/video_inst/inst_dvid/shift_blue_reg[3]/C
Max Period        n/a     MMCME2_ADV/CLKOUT1  n/a            213.360       8.000       205.360    MMCME2_ADV_X1Y0  datapath/video_inst/mmcm_adv_inst_display_clocks/inst/mmcm_adv_inst/CLKOUT1
Low Pulse Width   Slow    FDRE/C              n/a            0.500         4.000       3.500      SLICE_X160Y136   datapath/video_inst/inst_dvid/shift_blue_reg[0]/C
Low Pulse Width   Fast    FDRE/C              n/a            0.500         4.000       3.500      SLICE_X160Y136   datapath/video_inst/inst_dvid/shift_blue_reg[0]/C
Low Pulse Width   Slow    FDRE/C              n/a            0.500         4.000       3.500      SLICE_X160Y136   datapath/video_inst/inst_dvid/shift_blue_reg[1]/C
Low Pulse Width   Fast    FDRE/C              n/a            0.500         4.000       3.500      SLICE_X160Y136   datapath/video_inst/inst_dvid/shift_blue_reg[1]/C
Low Pulse Width   Slow    FDRE/C              n/a            0.500         4.000       3.500      SLICE_X160Y136   datapath/video_inst/inst_dvid/shift_blue_reg[2]/C
Low Pulse Width   Fast    FDRE/C              n/a            0.500         4.000       3.500      SLICE_X160Y136   datapath/video_inst/inst_dvid/shift_blue_reg[2]/C
Low Pulse Width   Slow    FDRE/C              n/a            0.500         4.000       3.500      SLICE_X160Y136   datapath/video_inst/inst_dvid/shift_blue_reg[3]/C
Low Pulse Width   Fast    FDRE/C              n/a            0.500         4.000       3.500      SLICE_X160Y136   datapath/video_inst/inst_dvid/shift_blue_reg[3]/C
Low Pulse Width   Slow    FDRE/C              n/a            0.500         4.000       3.500      SLICE_X160Y135   datapath/video_inst/inst_dvid/shift_blue_reg[4]/C
Low Pulse Width   Fast    FDRE/C              n/a            0.500         4.000       3.500      SLICE_X160Y135   datapath/video_inst/inst_dvid/shift_blue_reg[4]/C
High Pulse Width  Slow    FDRE/C              n/a            0.500         4.000       3.500      SLICE_X160Y136   datapath/video_inst/inst_dvid/shift_blue_reg[0]/C
High Pulse Width  Fast    FDRE/C              n/a            0.500         4.000       3.500      SLICE_X160Y136   datapath/video_inst/inst_dvid/shift_blue_reg[0]/C
High Pulse Width  Slow    FDRE/C              n/a            0.500         4.000       3.500      SLICE_X160Y136   datapath/video_inst/inst_dvid/shift_blue_reg[1]/C
High Pulse Width  Fast    FDRE/C              n/a            0.500         4.000       3.500      SLICE_X160Y136   datapath/video_inst/inst_dvid/shift_blue_reg[1]/C
High Pulse Width  Slow    FDRE/C              n/a            0.500         4.000       3.500      SLICE_X160Y136   datapath/video_inst/inst_dvid/shift_blue_reg[2]/C
High Pulse Width  Fast    FDRE/C              n/a            0.500         4.000       3.500      SLICE_X160Y136   datapath/video_inst/inst_dvid/shift_blue_reg[2]/C
High Pulse Width  Slow    FDRE/C              n/a            0.500         4.000       3.500      SLICE_X160Y136   datapath/video_inst/inst_dvid/shift_blue_reg[3]/C
High Pulse Width  Fast    FDRE/C              n/a            0.500         4.000       3.500      SLICE_X160Y136   datapath/video_inst/inst_dvid/shift_blue_reg[3]/C
High Pulse Width  Slow    FDRE/C              n/a            0.500         4.000       3.500      SLICE_X160Y135   datapath/video_inst/inst_dvid/shift_blue_reg[4]/C
High Pulse Width  Fast    FDRE/C              n/a            0.500         4.000       3.500      SLICE_X160Y135   datapath/video_inst/inst_dvid/shift_blue_reg[4]/C



---------------------------------------------------------------------------------------------------
From Clock:  clkfbout_clk_wiz_0
  To Clock:  clkfbout_clk_wiz_0

Setup :           NA  Failing Endpoints,  Worst Slack           NA  ,  Total Violation           NA
Hold  :           NA  Failing Endpoints,  Worst Slack           NA  ,  Total Violation           NA
PW    :            0  Failing Endpoints,  Worst Slack        7.845ns,  Total Violation        0.000ns
---------------------------------------------------------------------------------------------------


Pulse Width Checks
--------------------------------------------------------------------------------------
Clock Name:         clkfbout_clk_wiz_0
Waveform(ns):       { 0.000 5.000 }
Period(ns):         10.000
Sources:            { datapath/video_inst/mmcm_adv_inst_display_clocks/inst/mmcm_adv_inst/CLKFBOUT }

Check Type  Corner  Lib Pin              Reference Pin  Required(ns)  Actual(ns)  Slack(ns)  Location         Pin
Min Period  n/a     BUFG/I               n/a            2.155         10.000      7.845      BUFGCTRL_X0Y6    datapath/video_inst/mmcm_adv_inst_display_clocks/inst/clkf_buf/I
Min Period  n/a     MMCME2_ADV/CLKFBOUT  n/a            1.249         10.000      8.751      MMCME2_ADV_X1Y0  datapath/video_inst/mmcm_adv_inst_display_clocks/inst/mmcm_adv_inst/CLKFBOUT
Min Period  n/a     MMCME2_ADV/CLKFBIN   n/a            1.249         10.000      8.751      MMCME2_ADV_X1Y0  datapath/video_inst/mmcm_adv_inst_display_clocks/inst/mmcm_adv_inst/CLKFBIN
Max Period  n/a     MMCME2_ADV/CLKFBIN   n/a            100.000       10.000      90.000     MMCME2_ADV_X1Y0  datapath/video_inst/mmcm_adv_inst_display_clocks/inst/mmcm_adv_inst/CLKFBIN
Max Period  n/a     MMCME2_ADV/CLKFBOUT  n/a            213.360       10.000      203.360    MMCME2_ADV_X1Y0  datapath/video_inst/mmcm_adv_inst_display_clocks/inst/mmcm_adv_inst/CLKFBOUT



---------------------------------------------------------------------------------------------------
From Clock:  clk_out1_clk_wiz_0
  To Clock:  clk_out2_clk_wiz_0

Setup :            0  Failing Endpoints,  Worst Slack        4.890ns,  Total Violation        0.000ns
Hold  :            0  Failing Endpoints,  Worst Slack        0.108ns,  Total Violation        0.000ns
---------------------------------------------------------------------------------------------------


Max Delay Paths
--------------------------------------------------------------------------------------
Slack (MET) :             4.890ns  (required time - arrival time)
  Source:                 datapath/video_inst/inst_dvid/latched_red_reg[0]/C
                            (rising edge-triggered cell FDRE clocked by clk_out1_clk_wiz_0  {rise@0.000ns fall@20.000ns period=40.000ns})
  Destination:            datapath/video_inst/inst_dvid/shift_red_reg[0]/S
                            (rising edge-triggered cell FDSE clocked by clk_out2_clk_wiz_0  {rise@0.000ns fall@4.000ns period=8.000ns})
  Path Group:             clk_out2_clk_wiz_0
  Path Type:              Setup (Max at Slow Process Corner)
  Requirement:            8.000ns  (clk_out2_clk_wiz_0 rise@8.000ns - clk_out1_clk_wiz_0 rise@0.000ns)
  Data Path Delay:        2.131ns  (logic 0.580ns (27.215%)  route 1.551ns (72.785%))
  Logic Levels:           1  (LUT2=1)
  Clock Path Skew:        -0.240ns (DCD - SCD + CPR)
    Destination Clock Delay (DCD):    1.706ns = ( 9.706 - 8.000 ) 
    Source Clock Delay      (SCD):    1.818ns
    Clock Pessimism Removal (CPR):    -0.128ns
  Clock Uncertainty:      0.215ns  ((TSJ^2 + DJ^2)^1/2) / 2 + PE
    Total System Jitter     (TSJ):    0.071ns
    Discrete Jitter          (DJ):    0.175ns
    Phase Error              (PE):    0.120ns

    Location             Delay type                Incr(ns)  Path(ns)    Netlist Resource(s)
  -------------------------------------------------------------------    -------------------
                         (clock clk_out1_clk_wiz_0 rise edge)
                                                      0.000     0.000 r  
    BUFGCTRL_X0Y2        BUFG                         0.000     0.000 r  clk_IBUF_BUFG_inst/O
                         net (fo=334, routed)         2.106     2.106    datapath/video_inst/mmcm_adv_inst_display_clocks/inst/clk_in1
    MMCME2_ADV_X1Y0      MMCME2_ADV (Prop_mmcme2_adv_CLKIN1_CLKOUT0)
                                                     -4.900    -2.793 r  datapath/video_inst/mmcm_adv_inst_display_clocks/inst/mmcm_adv_inst/CLKOUT0
                         net (fo=1, routed)           2.697    -0.096    datapath/video_inst/mmcm_adv_inst_display_clocks/inst/clk_out1_clk_wiz_0
    BUFGCTRL_X0Y4        BUFG (Prop_bufg_I_O)         0.096    -0.000 r  datapath/video_inst/mmcm_adv_inst_display_clocks/inst/clkout1_buf/O
                         net (fo=67, routed)          1.818     1.818    datapath/video_inst/inst_dvid/clk_out1
    SLICE_X159Y130       FDRE                                         r  datapath/video_inst/inst_dvid/latched_red_reg[0]/C
  -------------------------------------------------------------------    -------------------
    SLICE_X159Y130       FDRE (Prop_fdre_C_Q)         0.456     2.274 r  datapath/video_inst/inst_dvid/latched_red_reg[0]/Q
                         net (fo=1, routed)           1.022     3.296    datapath/video_inst/inst_dvid/latched_red[0]
    SLICE_X162Y133       LUT2 (Prop_lut2_I0_O)        0.124     3.420 r  datapath/video_inst/inst_dvid/shift_red[7]_i_1/O
                         net (fo=5, routed)           0.529     3.950    datapath/video_inst/inst_dvid/shift_red[7]_i_1_n_0
    SLICE_X162Y133       FDSE                                         r  datapath/video_inst/inst_dvid/shift_red_reg[0]/S
  -------------------------------------------------------------------    -------------------

                         (clock clk_out2_clk_wiz_0 rise edge)
                                                      8.000     8.000 r  
    BUFGCTRL_X0Y2        BUFG                         0.000     8.000 r  clk_IBUF_BUFG_inst/O
                         net (fo=334, routed)         1.972     9.972    datapath/video_inst/mmcm_adv_inst_display_clocks/inst/clk_in1
    MMCME2_ADV_X1Y0      MMCME2_ADV (Prop_mmcme2_adv_CLKIN1_CLKOUT1)
                                                     -4.637     5.335 r  datapath/video_inst/mmcm_adv_inst_display_clocks/inst/mmcm_adv_inst/CLKOUT1
                         net (fo=1, routed)           2.574     7.909    datapath/video_inst/mmcm_adv_inst_display_clocks/inst/clk_out2_clk_wiz_0
    BUFGCTRL_X0Y0        BUFG (Prop_bufg_I_O)         0.091     8.000 r  datapath/video_inst/mmcm_adv_inst_display_clocks/inst/clkout2_buf/O
                         net (fo=44, routed)          1.706     9.706    datapath/video_inst/inst_dvid/clk_out2
    SLICE_X162Y133       FDSE                                         r  datapath/video_inst/inst_dvid/shift_red_reg[0]/C
                         clock pessimism             -0.128     9.578    
                         clock uncertainty           -0.215     9.364    
    SLICE_X162Y133       FDSE (Setup_fdse_C_S)       -0.524     8.840    datapath/video_inst/inst_dvid/shift_red_reg[0]
  -------------------------------------------------------------------
                         required time                          8.840    
                         arrival time                          -3.950    
  -------------------------------------------------------------------
                         slack                                  4.890    

Slack (MET) :             4.890ns  (required time - arrival time)
  Source:                 datapath/video_inst/inst_dvid/latched_red_reg[0]/C
                            (rising edge-triggered cell FDRE clocked by clk_out1_clk_wiz_0  {rise@0.000ns fall@20.000ns period=40.000ns})
  Destination:            datapath/video_inst/inst_dvid/shift_red_reg[1]/S
                            (rising edge-triggered cell FDSE clocked by clk_out2_clk_wiz_0  {rise@0.000ns fall@4.000ns period=8.000ns})
  Path Group:             clk_out2_clk_wiz_0
  Path Type:              Setup (Max at Slow Process Corner)
  Requirement:            8.000ns  (clk_out2_clk_wiz_0 rise@8.000ns - clk_out1_clk_wiz_0 rise@0.000ns)
  Data Path Delay:        2.131ns  (logic 0.580ns (27.215%)  route 1.551ns (72.785%))
  Logic Levels:           1  (LUT2=1)
  Clock Path Skew:        -0.240ns (DCD - SCD + CPR)
    Destination Clock Delay (DCD):    1.706ns = ( 9.706 - 8.000 ) 
    Source Clock Delay      (SCD):    1.818ns
    Clock Pessimism Removal (CPR):    -0.128ns
  Clock Uncertainty:      0.215ns  ((TSJ^2 + DJ^2)^1/2) / 2 + PE
    Total System Jitter     (TSJ):    0.071ns
    Discrete Jitter          (DJ):    0.175ns
    Phase Error              (PE):    0.120ns

    Location             Delay type                Incr(ns)  Path(ns)    Netlist Resource(s)
  -------------------------------------------------------------------    -------------------
                         (clock clk_out1_clk_wiz_0 rise edge)
                                                      0.000     0.000 r  
    BUFGCTRL_X0Y2        BUFG                         0.000     0.000 r  clk_IBUF_BUFG_inst/O
                         net (fo=334, routed)         2.106     2.106    datapath/video_inst/mmcm_adv_inst_display_clocks/inst/clk_in1
    MMCME2_ADV_X1Y0      MMCME2_ADV (Prop_mmcme2_adv_CLKIN1_CLKOUT0)
                                                     -4.900    -2.793 r  datapath/video_inst/mmcm_adv_inst_display_clocks/inst/mmcm_adv_inst/CLKOUT0
                         net (fo=1, routed)           2.697    -0.096    datapath/video_inst/mmcm_adv_inst_display_clocks/inst/clk_out1_clk_wiz_0
    BUFGCTRL_X0Y4        BUFG (Prop_bufg_I_O)         0.096    -0.000 r  datapath/video_inst/mmcm_adv_inst_display_clocks/inst/clkout1_buf/O
                         net (fo=67, routed)          1.818     1.818    datapath/video_inst/inst_dvid/clk_out1
    SLICE_X159Y130       FDRE                                         r  datapath/video_inst/inst_dvid/latched_red_reg[0]/C
  -------------------------------------------------------------------    -------------------
    SLICE_X159Y130       FDRE (Prop_fdre_C_Q)         0.456     2.274 r  datapath/video_inst/inst_dvid/latched_red_reg[0]/Q
                         net (fo=1, routed)           1.022     3.296    datapath/video_inst/inst_dvid/latched_red[0]
    SLICE_X162Y133       LUT2 (Prop_lut2_I0_O)        0.124     3.420 r  datapath/video_inst/inst_dvid/shift_red[7]_i_1/O
                         net (fo=5, routed)           0.529     3.950    datapath/video_inst/inst_dvid/shift_red[7]_i_1_n_0
    SLICE_X162Y133       FDSE                                         r  datapath/video_inst/inst_dvid/shift_red_reg[1]/S
  -------------------------------------------------------------------    -------------------

                         (clock clk_out2_clk_wiz_0 rise edge)
                                                      8.000     8.000 r  
    BUFGCTRL_X0Y2        BUFG                         0.000     8.000 r  clk_IBUF_BUFG_inst/O
                         net (fo=334, routed)         1.972     9.972    datapath/video_inst/mmcm_adv_inst_display_clocks/inst/clk_in1
    MMCME2_ADV_X1Y0      MMCME2_ADV (Prop_mmcme2_adv_CLKIN1_CLKOUT1)
                                                     -4.637     5.335 r  datapath/video_inst/mmcm_adv_inst_display_clocks/inst/mmcm_adv_inst/CLKOUT1
                         net (fo=1, routed)           2.574     7.909    datapath/video_inst/mmcm_adv_inst_display_clocks/inst/clk_out2_clk_wiz_0
    BUFGCTRL_X0Y0        BUFG (Prop_bufg_I_O)         0.091     8.000 r  datapath/video_inst/mmcm_adv_inst_display_clocks/inst/clkout2_buf/O
                         net (fo=44, routed)          1.706     9.706    datapath/video_inst/inst_dvid/clk_out2
    SLICE_X162Y133       FDSE                                         r  datapath/video_inst/inst_dvid/shift_red_reg[1]/C
                         clock pessimism             -0.128     9.578    
                         clock uncertainty           -0.215     9.364    
    SLICE_X162Y133       FDSE (Setup_fdse_C_S)       -0.524     8.840    datapath/video_inst/inst_dvid/shift_red_reg[1]
  -------------------------------------------------------------------
                         required time                          8.840    
                         arrival time                          -3.950    
  -------------------------------------------------------------------
                         slack                                  4.890    

Slack (MET) :             4.890ns  (required time - arrival time)
  Source:                 datapath/video_inst/inst_dvid/latched_red_reg[0]/C
                            (rising edge-triggered cell FDRE clocked by clk_out1_clk_wiz_0  {rise@0.000ns fall@20.000ns period=40.000ns})
  Destination:            datapath/video_inst/inst_dvid/shift_red_reg[3]/S
                            (rising edge-triggered cell FDSE clocked by clk_out2_clk_wiz_0  {rise@0.000ns fall@4.000ns period=8.000ns})
  Path Group:             clk_out2_clk_wiz_0
  Path Type:              Setup (Max at Slow Process Corner)
  Requirement:            8.000ns  (clk_out2_clk_wiz_0 rise@8.000ns - clk_out1_clk_wiz_0 rise@0.000ns)
  Data Path Delay:        2.131ns  (logic 0.580ns (27.215%)  route 1.551ns (72.785%))
  Logic Levels:           1  (LUT2=1)
  Clock Path Skew:        -0.240ns (DCD - SCD + CPR)
    Destination Clock Delay (DCD):    1.706ns = ( 9.706 - 8.000 ) 
    Source Clock Delay      (SCD):    1.818ns
    Clock Pessimism Removal (CPR):    -0.128ns
  Clock Uncertainty:      0.215ns  ((TSJ^2 + DJ^2)^1/2) / 2 + PE
    Total System Jitter     (TSJ):    0.071ns
    Discrete Jitter          (DJ):    0.175ns
    Phase Error              (PE):    0.120ns

    Location             Delay type                Incr(ns)  Path(ns)    Netlist Resource(s)
  -------------------------------------------------------------------    -------------------
                         (clock clk_out1_clk_wiz_0 rise edge)
                                                      0.000     0.000 r  
    BUFGCTRL_X0Y2        BUFG                         0.000     0.000 r  clk_IBUF_BUFG_inst/O
                         net (fo=334, routed)         2.106     2.106    datapath/video_inst/mmcm_adv_inst_display_clocks/inst/clk_in1
    MMCME2_ADV_X1Y0      MMCME2_ADV (Prop_mmcme2_adv_CLKIN1_CLKOUT0)
                                                     -4.900    -2.793 r  datapath/video_inst/mmcm_adv_inst_display_clocks/inst/mmcm_adv_inst/CLKOUT0
                         net (fo=1, routed)           2.697    -0.096    datapath/video_inst/mmcm_adv_inst_display_clocks/inst/clk_out1_clk_wiz_0
    BUFGCTRL_X0Y4        BUFG (Prop_bufg_I_O)         0.096    -0.000 r  datapath/video_inst/mmcm_adv_inst_display_clocks/inst/clkout1_buf/O
                         net (fo=67, routed)          1.818     1.818    datapath/video_inst/inst_dvid/clk_out1
    SLICE_X159Y130       FDRE                                         r  datapath/video_inst/inst_dvid/latched_red_reg[0]/C
  -------------------------------------------------------------------    -------------------
    SLICE_X159Y130       FDRE (Prop_fdre_C_Q)         0.456     2.274 r  datapath/video_inst/inst_dvid/latched_red_reg[0]/Q
                         net (fo=1, routed)           1.022     3.296    datapath/video_inst/inst_dvid/latched_red[0]
    SLICE_X162Y133       LUT2 (Prop_lut2_I0_O)        0.124     3.420 r  datapath/video_inst/inst_dvid/shift_red[7]_i_1/O
                         net (fo=5, routed)           0.529     3.950    datapath/video_inst/inst_dvid/shift_red[7]_i_1_n_0
    SLICE_X162Y133       FDSE                                         r  datapath/video_inst/inst_dvid/shift_red_reg[3]/S
  -------------------------------------------------------------------    -------------------

                         (clock clk_out2_clk_wiz_0 rise edge)
                                                      8.000     8.000 r  
    BUFGCTRL_X0Y2        BUFG                         0.000     8.000 r  clk_IBUF_BUFG_inst/O
                         net (fo=334, routed)         1.972     9.972    datapath/video_inst/mmcm_adv_inst_display_clocks/inst/clk_in1
    MMCME2_ADV_X1Y0      MMCME2_ADV (Prop_mmcme2_adv_CLKIN1_CLKOUT1)
                                                     -4.637     5.335 r  datapath/video_inst/mmcm_adv_inst_display_clocks/inst/mmcm_adv_inst/CLKOUT1
                         net (fo=1, routed)           2.574     7.909    datapath/video_inst/mmcm_adv_inst_display_clocks/inst/clk_out2_clk_wiz_0
    BUFGCTRL_X0Y0        BUFG (Prop_bufg_I_O)         0.091     8.000 r  datapath/video_inst/mmcm_adv_inst_display_clocks/inst/clkout2_buf/O
                         net (fo=44, routed)          1.706     9.706    datapath/video_inst/inst_dvid/clk_out2
    SLICE_X162Y133       FDSE                                         r  datapath/video_inst/inst_dvid/shift_red_reg[3]/C
                         clock pessimism             -0.128     9.578    
                         clock uncertainty           -0.215     9.364    
    SLICE_X162Y133       FDSE (Setup_fdse_C_S)       -0.524     8.840    datapath/video_inst/inst_dvid/shift_red_reg[3]
  -------------------------------------------------------------------
                         required time                          8.840    
                         arrival time                          -3.950    
  -------------------------------------------------------------------
                         slack                                  4.890    

Slack (MET) :             4.890ns  (required time - arrival time)
  Source:                 datapath/video_inst/inst_dvid/latched_red_reg[0]/C
                            (rising edge-triggered cell FDRE clocked by clk_out1_clk_wiz_0  {rise@0.000ns fall@20.000ns period=40.000ns})
  Destination:            datapath/video_inst/inst_dvid/shift_red_reg[5]/S
                            (rising edge-triggered cell FDSE clocked by clk_out2_clk_wiz_0  {rise@0.000ns fall@4.000ns period=8.000ns})
  Path Group:             clk_out2_clk_wiz_0
  Path Type:              Setup (Max at Slow Process Corner)
  Requirement:            8.000ns  (clk_out2_clk_wiz_0 rise@8.000ns - clk_out1_clk_wiz_0 rise@0.000ns)
  Data Path Delay:        2.131ns  (logic 0.580ns (27.215%)  route 1.551ns (72.785%))
  Logic Levels:           1  (LUT2=1)
  Clock Path Skew:        -0.240ns (DCD - SCD + CPR)
    Destination Clock Delay (DCD):    1.706ns = ( 9.706 - 8.000 ) 
    Source Clock Delay      (SCD):    1.818ns
    Clock Pessimism Removal (CPR):    -0.128ns
  Clock Uncertainty:      0.215ns  ((TSJ^2 + DJ^2)^1/2) / 2 + PE
    Total System Jitter     (TSJ):    0.071ns
    Discrete Jitter          (DJ):    0.175ns
    Phase Error              (PE):    0.120ns

    Location             Delay type                Incr(ns)  Path(ns)    Netlist Resource(s)
  -------------------------------------------------------------------    -------------------
                         (clock clk_out1_clk_wiz_0 rise edge)
                                                      0.000     0.000 r  
    BUFGCTRL_X0Y2        BUFG                         0.000     0.000 r  clk_IBUF_BUFG_inst/O
                         net (fo=334, routed)         2.106     2.106    datapath/video_inst/mmcm_adv_inst_display_clocks/inst/clk_in1
    MMCME2_ADV_X1Y0      MMCME2_ADV (Prop_mmcme2_adv_CLKIN1_CLKOUT0)
                                                     -4.900    -2.793 r  datapath/video_inst/mmcm_adv_inst_display_clocks/inst/mmcm_adv_inst/CLKOUT0
                         net (fo=1, routed)           2.697    -0.096    datapath/video_inst/mmcm_adv_inst_display_clocks/inst/clk_out1_clk_wiz_0
    BUFGCTRL_X0Y4        BUFG (Prop_bufg_I_O)         0.096    -0.000 r  datapath/video_inst/mmcm_adv_inst_display_clocks/inst/clkout1_buf/O
                         net (fo=67, routed)          1.818     1.818    datapath/video_inst/inst_dvid/clk_out1
    SLICE_X159Y130       FDRE                                         r  datapath/video_inst/inst_dvid/latched_red_reg[0]/C
  -------------------------------------------------------------------    -------------------
    SLICE_X159Y130       FDRE (Prop_fdre_C_Q)         0.456     2.274 r  datapath/video_inst/inst_dvid/latched_red_reg[0]/Q
                         net (fo=1, routed)           1.022     3.296    datapath/video_inst/inst_dvid/latched_red[0]
    SLICE_X162Y133       LUT2 (Prop_lut2_I0_O)        0.124     3.420 r  datapath/video_inst/inst_dvid/shift_red[7]_i_1/O
                         net (fo=5, routed)           0.529     3.950    datapath/video_inst/inst_dvid/shift_red[7]_i_1_n_0
    SLICE_X162Y133       FDSE                                         r  datapath/video_inst/inst_dvid/shift_red_reg[5]/S
  -------------------------------------------------------------------    -------------------

                         (clock clk_out2_clk_wiz_0 rise edge)
                                                      8.000     8.000 r  
    BUFGCTRL_X0Y2        BUFG                         0.000     8.000 r  clk_IBUF_BUFG_inst/O
                         net (fo=334, routed)         1.972     9.972    datapath/video_inst/mmcm_adv_inst_display_clocks/inst/clk_in1
    MMCME2_ADV_X1Y0      MMCME2_ADV (Prop_mmcme2_adv_CLKIN1_CLKOUT1)
                                                     -4.637     5.335 r  datapath/video_inst/mmcm_adv_inst_display_clocks/inst/mmcm_adv_inst/CLKOUT1
                         net (fo=1, routed)           2.574     7.909    datapath/video_inst/mmcm_adv_inst_display_clocks/inst/clk_out2_clk_wiz_0
    BUFGCTRL_X0Y0        BUFG (Prop_bufg_I_O)         0.091     8.000 r  datapath/video_inst/mmcm_adv_inst_display_clocks/inst/clkout2_buf/O
                         net (fo=44, routed)          1.706     9.706    datapath/video_inst/inst_dvid/clk_out2
    SLICE_X162Y133       FDSE                                         r  datapath/video_inst/inst_dvid/shift_red_reg[5]/C
                         clock pessimism             -0.128     9.578    
                         clock uncertainty           -0.215     9.364    
    SLICE_X162Y133       FDSE (Setup_fdse_C_S)       -0.524     8.840    datapath/video_inst/inst_dvid/shift_red_reg[5]
  -------------------------------------------------------------------
                         required time                          8.840    
                         arrival time                          -3.950    
  -------------------------------------------------------------------
                         slack                                  4.890    

Slack (MET) :             4.890ns  (required time - arrival time)
  Source:                 datapath/video_inst/inst_dvid/latched_red_reg[0]/C
                            (rising edge-triggered cell FDRE clocked by clk_out1_clk_wiz_0  {rise@0.000ns fall@20.000ns period=40.000ns})
  Destination:            datapath/video_inst/inst_dvid/shift_red_reg[7]/S
                            (rising edge-triggered cell FDSE clocked by clk_out2_clk_wiz_0  {rise@0.000ns fall@4.000ns period=8.000ns})
  Path Group:             clk_out2_clk_wiz_0
  Path Type:              Setup (Max at Slow Process Corner)
  Requirement:            8.000ns  (clk_out2_clk_wiz_0 rise@8.000ns - clk_out1_clk_wiz_0 rise@0.000ns)
  Data Path Delay:        2.131ns  (logic 0.580ns (27.215%)  route 1.551ns (72.785%))
  Logic Levels:           1  (LUT2=1)
  Clock Path Skew:        -0.240ns (DCD - SCD + CPR)
    Destination Clock Delay (DCD):    1.706ns = ( 9.706 - 8.000 ) 
    Source Clock Delay      (SCD):    1.818ns
    Clock Pessimism Removal (CPR):    -0.128ns
  Clock Uncertainty:      0.215ns  ((TSJ^2 + DJ^2)^1/2) / 2 + PE
    Total System Jitter     (TSJ):    0.071ns
    Discrete Jitter          (DJ):    0.175ns
    Phase Error              (PE):    0.120ns

    Location             Delay type                Incr(ns)  Path(ns)    Netlist Resource(s)
  -------------------------------------------------------------------    -------------------
                         (clock clk_out1_clk_wiz_0 rise edge)
                                                      0.000     0.000 r  
    BUFGCTRL_X0Y2        BUFG                         0.000     0.000 r  clk_IBUF_BUFG_inst/O
                         net (fo=334, routed)         2.106     2.106    datapath/video_inst/mmcm_adv_inst_display_clocks/inst/clk_in1
    MMCME2_ADV_X1Y0      MMCME2_ADV (Prop_mmcme2_adv_CLKIN1_CLKOUT0)
                                                     -4.900    -2.793 r  datapath/video_inst/mmcm_adv_inst_display_clocks/inst/mmcm_adv_inst/CLKOUT0
                         net (fo=1, routed)           2.697    -0.096    datapath/video_inst/mmcm_adv_inst_display_clocks/inst/clk_out1_clk_wiz_0
    BUFGCTRL_X0Y4        BUFG (Prop_bufg_I_O)         0.096    -0.000 r  datapath/video_inst/mmcm_adv_inst_display_clocks/inst/clkout1_buf/O
                         net (fo=67, routed)          1.818     1.818    datapath/video_inst/inst_dvid/clk_out1
    SLICE_X159Y130       FDRE                                         r  datapath/video_inst/inst_dvid/latched_red_reg[0]/C
  -------------------------------------------------------------------    -------------------
    SLICE_X159Y130       FDRE (Prop_fdre_C_Q)         0.456     2.274 r  datapath/video_inst/inst_dvid/latched_red_reg[0]/Q
                         net (fo=1, routed)           1.022     3.296    datapath/video_inst/inst_dvid/latched_red[0]
    SLICE_X162Y133       LUT2 (Prop_lut2_I0_O)        0.124     3.420 r  datapath/video_inst/inst_dvid/shift_red[7]_i_1/O
                         net (fo=5, routed)           0.529     3.950    datapath/video_inst/inst_dvid/shift_red[7]_i_1_n_0
    SLICE_X162Y133       FDSE                                         r  datapath/video_inst/inst_dvid/shift_red_reg[7]/S
  -------------------------------------------------------------------    -------------------

                         (clock clk_out2_clk_wiz_0 rise edge)
                                                      8.000     8.000 r  
    BUFGCTRL_X0Y2        BUFG                         0.000     8.000 r  clk_IBUF_BUFG_inst/O
                         net (fo=334, routed)         1.972     9.972    datapath/video_inst/mmcm_adv_inst_display_clocks/inst/clk_in1
    MMCME2_ADV_X1Y0      MMCME2_ADV (Prop_mmcme2_adv_CLKIN1_CLKOUT1)
                                                     -4.637     5.335 r  datapath/video_inst/mmcm_adv_inst_display_clocks/inst/mmcm_adv_inst/CLKOUT1
                         net (fo=1, routed)           2.574     7.909    datapath/video_inst/mmcm_adv_inst_display_clocks/inst/clk_out2_clk_wiz_0
    BUFGCTRL_X0Y0        BUFG (Prop_bufg_I_O)         0.091     8.000 r  datapath/video_inst/mmcm_adv_inst_display_clocks/inst/clkout2_buf/O
                         net (fo=44, routed)          1.706     9.706    datapath/video_inst/inst_dvid/clk_out2
    SLICE_X162Y133       FDSE                                         r  datapath/video_inst/inst_dvid/shift_red_reg[7]/C
                         clock pessimism             -0.128     9.578    
                         clock uncertainty           -0.215     9.364    
    SLICE_X162Y133       FDSE (Setup_fdse_C_S)       -0.524     8.840    datapath/video_inst/inst_dvid/shift_red_reg[7]
  -------------------------------------------------------------------
                         required time                          8.840    
                         arrival time                          -3.950    
  -------------------------------------------------------------------
                         slack                                  4.890    

Slack (MET) :             4.911ns  (required time - arrival time)
  Source:                 datapath/video_inst/inst_dvid/latched_green_reg[1]/C
                            (rising edge-triggered cell FDRE clocked by clk_out1_clk_wiz_0  {rise@0.000ns fall@20.000ns period=40.000ns})
  Destination:            datapath/video_inst/inst_dvid/shift_green_reg[0]/D
                            (rising edge-triggered cell FDRE clocked by clk_out2_clk_wiz_0  {rise@0.000ns fall@4.000ns period=8.000ns})
  Path Group:             clk_out2_clk_wiz_0
  Path Type:              Setup (Max at Slow Process Corner)
  Requirement:            8.000ns  (clk_out2_clk_wiz_0 rise@8.000ns - clk_out1_clk_wiz_0 rise@0.000ns)
  Data Path Delay:        2.658ns  (logic 0.580ns (21.818%)  route 2.078ns (78.182%))
  Logic Levels:           1  (LUT3=1)
  Clock Path Skew:        -0.245ns (DCD - SCD + CPR)
    Destination Clock Delay (DCD):    1.708ns = ( 9.708 - 8.000 ) 
    Source Clock Delay      (SCD):    1.825ns
    Clock Pessimism Removal (CPR):    -0.128ns
  Clock Uncertainty:      0.215ns  ((TSJ^2 + DJ^2)^1/2) / 2 + PE
    Total System Jitter     (TSJ):    0.071ns
    Discrete Jitter          (DJ):    0.175ns
    Phase Error              (PE):    0.120ns

    Location             Delay type                Incr(ns)  Path(ns)    Netlist Resource(s)
  -------------------------------------------------------------------    -------------------
                         (clock clk_out1_clk_wiz_0 rise edge)
                                                      0.000     0.000 r  
    BUFGCTRL_X0Y2        BUFG                         0.000     0.000 r  clk_IBUF_BUFG_inst/O
                         net (fo=334, routed)         2.106     2.106    datapath/video_inst/mmcm_adv_inst_display_clocks/inst/clk_in1
    MMCME2_ADV_X1Y0      MMCME2_ADV (Prop_mmcme2_adv_CLKIN1_CLKOUT0)
                                                     -4.900    -2.793 r  datapath/video_inst/mmcm_adv_inst_display_clocks/inst/mmcm_adv_inst/CLKOUT0
                         net (fo=1, routed)           2.697    -0.096    datapath/video_inst/mmcm_adv_inst_display_clocks/inst/clk_out1_clk_wiz_0
    BUFGCTRL_X0Y4        BUFG (Prop_bufg_I_O)         0.096    -0.000 r  datapath/video_inst/mmcm_adv_inst_display_clocks/inst/clkout1_buf/O
                         net (fo=67, routed)          1.825     1.825    datapath/video_inst/inst_dvid/clk_out1
    SLICE_X160Y134       FDRE                                         r  datapath/video_inst/inst_dvid/latched_green_reg[1]/C
  -------------------------------------------------------------------    -------------------
    SLICE_X160Y134       FDRE (Prop_fdre_C_Q)         0.456     2.281 r  datapath/video_inst/inst_dvid/latched_green_reg[1]/Q
                         net (fo=5, routed)           2.078     4.360    datapath/video_inst/inst_dvid/latched_green[1]
    SLICE_X161Y135       LUT3 (Prop_lut3_I2_O)        0.124     4.484 r  datapath/video_inst/inst_dvid/shift_green[0]_i_1/O
                         net (fo=1, routed)           0.000     4.484    datapath/video_inst/inst_dvid/shift_green_1[0]
    SLICE_X161Y135       FDRE                                         r  datapath/video_inst/inst_dvid/shift_green_reg[0]/D
  -------------------------------------------------------------------    -------------------

                         (clock clk_out2_clk_wiz_0 rise edge)
                                                      8.000     8.000 r  
    BUFGCTRL_X0Y2        BUFG                         0.000     8.000 r  clk_IBUF_BUFG_inst/O
                         net (fo=334, routed)         1.972     9.972    datapath/video_inst/mmcm_adv_inst_display_clocks/inst/clk_in1
    MMCME2_ADV_X1Y0      MMCME2_ADV (Prop_mmcme2_adv_CLKIN1_CLKOUT1)
                                                     -4.637     5.335 r  datapath/video_inst/mmcm_adv_inst_display_clocks/inst/mmcm_adv_inst/CLKOUT1
                         net (fo=1, routed)           2.574     7.909    datapath/video_inst/mmcm_adv_inst_display_clocks/inst/clk_out2_clk_wiz_0
    BUFGCTRL_X0Y0        BUFG (Prop_bufg_I_O)         0.091     8.000 r  datapath/video_inst/mmcm_adv_inst_display_clocks/inst/clkout2_buf/O
                         net (fo=44, routed)          1.708     9.708    datapath/video_inst/inst_dvid/clk_out2
    SLICE_X161Y135       FDRE                                         r  datapath/video_inst/inst_dvid/shift_green_reg[0]/C
                         clock pessimism             -0.128     9.580    
                         clock uncertainty           -0.215     9.366    
    SLICE_X161Y135       FDRE (Setup_fdre_C_D)        0.029     9.395    datapath/video_inst/inst_dvid/shift_green_reg[0]
  -------------------------------------------------------------------
                         required time                          9.395    
                         arrival time                          -4.484    
  -------------------------------------------------------------------
                         slack                                  4.911    

Slack (MET) :             4.923ns  (required time - arrival time)
  Source:                 datapath/video_inst/inst_dvid/latched_red_reg[2]/C
                            (rising edge-triggered cell FDRE clocked by clk_out1_clk_wiz_0  {rise@0.000ns fall@20.000ns period=40.000ns})
  Destination:            datapath/video_inst/inst_dvid/shift_red_reg[2]/D
                            (rising edge-triggered cell FDRE clocked by clk_out2_clk_wiz_0  {rise@0.000ns fall@4.000ns period=8.000ns})
  Path Group:             clk_out2_clk_wiz_0
  Path Type:              Setup (Max at Slow Process Corner)
  Requirement:            8.000ns  (clk_out2_clk_wiz_0 rise@8.000ns - clk_out1_clk_wiz_0 rise@0.000ns)
  Data Path Delay:        2.646ns  (logic 0.580ns (21.916%)  route 2.066ns (78.084%))
  Logic Levels:           1  (LUT3=1)
  Clock Path Skew:        -0.245ns (DCD - SCD + CPR)
    Destination Clock Delay (DCD):    1.706ns = ( 9.706 - 8.000 ) 
    Source Clock Delay      (SCD):    1.823ns
    Clock Pessimism Removal (CPR):    -0.128ns
  Clock Uncertainty:      0.215ns  ((TSJ^2 + DJ^2)^1/2) / 2 + PE
    Total System Jitter     (TSJ):    0.071ns
    Discrete Jitter          (DJ):    0.175ns
    Phase Error              (PE):    0.120ns

    Location             Delay type                Incr(ns)  Path(ns)    Netlist Resource(s)
  -------------------------------------------------------------------    -------------------
                         (clock clk_out1_clk_wiz_0 rise edge)
                                                      0.000     0.000 r  
    BUFGCTRL_X0Y2        BUFG                         0.000     0.000 r  clk_IBUF_BUFG_inst/O
                         net (fo=334, routed)         2.106     2.106    datapath/video_inst/mmcm_adv_inst_display_clocks/inst/clk_in1
    MMCME2_ADV_X1Y0      MMCME2_ADV (Prop_mmcme2_adv_CLKIN1_CLKOUT0)
                                                     -4.900    -2.793 r  datapath/video_inst/mmcm_adv_inst_display_clocks/inst/mmcm_adv_inst/CLKOUT0
                         net (fo=1, routed)           2.697    -0.096    datapath/video_inst/mmcm_adv_inst_display_clocks/inst/clk_out1_clk_wiz_0
    BUFGCTRL_X0Y4        BUFG (Prop_bufg_I_O)         0.096    -0.000 r  datapath/video_inst/mmcm_adv_inst_display_clocks/inst/clkout1_buf/O
                         net (fo=67, routed)          1.823     1.823    datapath/video_inst/inst_dvid/clk_out1
    SLICE_X161Y132       FDRE                                         r  datapath/video_inst/inst_dvid/latched_red_reg[2]/C
  -------------------------------------------------------------------    -------------------
    SLICE_X161Y132       FDRE (Prop_fdre_C_Q)         0.456     2.279 r  datapath/video_inst/inst_dvid/latched_red_reg[2]/Q
                         net (fo=3, routed)           2.066     4.346    datapath/video_inst/inst_dvid/latched_red[2]
    SLICE_X161Y133       LUT3 (Prop_lut3_I2_O)        0.124     4.470 r  datapath/video_inst/inst_dvid/shift_red[2]_i_1/O
                         net (fo=1, routed)           0.000     4.470    datapath/video_inst/inst_dvid/shift_red[2]
    SLICE_X161Y133       FDRE                                         r  datapath/video_inst/inst_dvid/shift_red_reg[2]/D
  -------------------------------------------------------------------    -------------------

                         (clock clk_out2_clk_wiz_0 rise edge)
                                                      8.000     8.000 r  
    BUFGCTRL_X0Y2        BUFG                         0.000     8.000 r  clk_IBUF_BUFG_inst/O
                         net (fo=334, routed)         1.972     9.972    datapath/video_inst/mmcm_adv_inst_display_clocks/inst/clk_in1
    MMCME2_ADV_X1Y0      MMCME2_ADV (Prop_mmcme2_adv_CLKIN1_CLKOUT1)
                                                     -4.637     5.335 r  datapath/video_inst/mmcm_adv_inst_display_clocks/inst/mmcm_adv_inst/CLKOUT1
                         net (fo=1, routed)           2.574     7.909    datapath/video_inst/mmcm_adv_inst_display_clocks/inst/clk_out2_clk_wiz_0
    BUFGCTRL_X0Y0        BUFG (Prop_bufg_I_O)         0.091     8.000 r  datapath/video_inst/mmcm_adv_inst_display_clocks/inst/clkout2_buf/O
                         net (fo=44, routed)          1.706     9.706    datapath/video_inst/inst_dvid/clk_out2
    SLICE_X161Y133       FDRE                                         r  datapath/video_inst/inst_dvid/shift_red_reg[2]/C
                         clock pessimism             -0.128     9.578    
                         clock uncertainty           -0.215     9.364    
    SLICE_X161Y133       FDRE (Setup_fdre_C_D)        0.029     9.393    datapath/video_inst/inst_dvid/shift_red_reg[2]
  -------------------------------------------------------------------
                         required time                          9.393    
                         arrival time                          -4.470    
  -------------------------------------------------------------------
                         slack                                  4.923    

Slack (MET) :             4.929ns  (required time - arrival time)
  Source:                 datapath/video_inst/inst_dvid/latched_green_reg[1]/C
                            (rising edge-triggered cell FDRE clocked by clk_out1_clk_wiz_0  {rise@0.000ns fall@20.000ns period=40.000ns})
  Destination:            datapath/video_inst/inst_dvid/shift_green_reg[1]/D
                            (rising edge-triggered cell FDRE clocked by clk_out2_clk_wiz_0  {rise@0.000ns fall@4.000ns period=8.000ns})
  Path Group:             clk_out2_clk_wiz_0
  Path Type:              Setup (Max at Slow Process Corner)
  Requirement:            8.000ns  (clk_out2_clk_wiz_0 rise@8.000ns - clk_out1_clk_wiz_0 rise@0.000ns)
  Data Path Delay:        2.686ns  (logic 0.608ns (22.633%)  route 2.078ns (77.367%))
  Logic Levels:           1  (LUT3=1)
  Clock Path Skew:        -0.245ns (DCD - SCD + CPR)
    Destination Clock Delay (DCD):    1.708ns = ( 9.708 - 8.000 ) 
    Source Clock Delay      (SCD):    1.825ns
    Clock Pessimism Removal (CPR):    -0.128ns
  Clock Uncertainty:      0.215ns  ((TSJ^2 + DJ^2)^1/2) / 2 + PE
    Total System Jitter     (TSJ):    0.071ns
    Discrete Jitter          (DJ):    0.175ns
    Phase Error              (PE):    0.120ns

    Location             Delay type                Incr(ns)  Path(ns)    Netlist Resource(s)
  -------------------------------------------------------------------    -------------------
                         (clock clk_out1_clk_wiz_0 rise edge)
                                                      0.000     0.000 r  
    BUFGCTRL_X0Y2        BUFG                         0.000     0.000 r  clk_IBUF_BUFG_inst/O
                         net (fo=334, routed)         2.106     2.106    datapath/video_inst/mmcm_adv_inst_display_clocks/inst/clk_in1
    MMCME2_ADV_X1Y0      MMCME2_ADV (Prop_mmcme2_adv_CLKIN1_CLKOUT0)
                                                     -4.900    -2.793 r  datapath/video_inst/mmcm_adv_inst_display_clocks/inst/mmcm_adv_inst/CLKOUT0
                         net (fo=1, routed)           2.697    -0.096    datapath/video_inst/mmcm_adv_inst_display_clocks/inst/clk_out1_clk_wiz_0
    BUFGCTRL_X0Y4        BUFG (Prop_bufg_I_O)         0.096    -0.000 r  datapath/video_inst/mmcm_adv_inst_display_clocks/inst/clkout1_buf/O
                         net (fo=67, routed)          1.825     1.825    datapath/video_inst/inst_dvid/clk_out1
    SLICE_X160Y134       FDRE                                         r  datapath/video_inst/inst_dvid/latched_green_reg[1]/C
  -------------------------------------------------------------------    -------------------
    SLICE_X160Y134       FDRE (Prop_fdre_C_Q)         0.456     2.281 r  datapath/video_inst/inst_dvid/latched_green_reg[1]/Q
                         net (fo=5, routed)           2.078     4.360    datapath/video_inst/inst_dvid/latched_green[1]
    SLICE_X161Y135       LUT3 (Prop_lut3_I2_O)        0.152     4.512 r  datapath/video_inst/inst_dvid/shift_green[1]_i_1/O
                         net (fo=1, routed)           0.000     4.512    datapath/video_inst/inst_dvid/shift_green_1[1]
    SLICE_X161Y135       FDRE                                         r  datapath/video_inst/inst_dvid/shift_green_reg[1]/D
  -------------------------------------------------------------------    -------------------

                         (clock clk_out2_clk_wiz_0 rise edge)
                                                      8.000     8.000 r  
    BUFGCTRL_X0Y2        BUFG                         0.000     8.000 r  clk_IBUF_BUFG_inst/O
                         net (fo=334, routed)         1.972     9.972    datapath/video_inst/mmcm_adv_inst_display_clocks/inst/clk_in1
    MMCME2_ADV_X1Y0      MMCME2_ADV (Prop_mmcme2_adv_CLKIN1_CLKOUT1)
                                                     -4.637     5.335 r  datapath/video_inst/mmcm_adv_inst_display_clocks/inst/mmcm_adv_inst/CLKOUT1
                         net (fo=1, routed)           2.574     7.909    datapath/video_inst/mmcm_adv_inst_display_clocks/inst/clk_out2_clk_wiz_0
    BUFGCTRL_X0Y0        BUFG (Prop_bufg_I_O)         0.091     8.000 r  datapath/video_inst/mmcm_adv_inst_display_clocks/inst/clkout2_buf/O
                         net (fo=44, routed)          1.708     9.708    datapath/video_inst/inst_dvid/clk_out2
    SLICE_X161Y135       FDRE                                         r  datapath/video_inst/inst_dvid/shift_green_reg[1]/C
                         clock pessimism             -0.128     9.580    
                         clock uncertainty           -0.215     9.366    
    SLICE_X161Y135       FDRE (Setup_fdre_C_D)        0.075     9.441    datapath/video_inst/inst_dvid/shift_green_reg[1]
  -------------------------------------------------------------------
                         required time                          9.441    
                         arrival time                          -4.512    
  -------------------------------------------------------------------
                         slack                                  4.929    

Slack (MET) :             4.941ns  (required time - arrival time)
  Source:                 datapath/video_inst/inst_dvid/latched_red_reg[2]/C
                            (rising edge-triggered cell FDRE clocked by clk_out1_clk_wiz_0  {rise@0.000ns fall@20.000ns period=40.000ns})
  Destination:            datapath/video_inst/inst_dvid/shift_red_reg[4]/D
                            (rising edge-triggered cell FDRE clocked by clk_out2_clk_wiz_0  {rise@0.000ns fall@4.000ns period=8.000ns})
  Path Group:             clk_out2_clk_wiz_0
  Path Type:              Setup (Max at Slow Process Corner)
  Requirement:            8.000ns  (clk_out2_clk_wiz_0 rise@8.000ns - clk_out1_clk_wiz_0 rise@0.000ns)
  Data Path Delay:        2.674ns  (logic 0.608ns (22.734%)  route 2.066ns (77.266%))
  Logic Levels:           1  (LUT3=1)
  Clock Path Skew:        -0.245ns (DCD - SCD + CPR)
    Destination Clock Delay (DCD):    1.706ns = ( 9.706 - 8.000 ) 
    Source Clock Delay      (SCD):    1.823ns
    Clock Pessimism Removal (CPR):    -0.128ns
  Clock Uncertainty:      0.215ns  ((TSJ^2 + DJ^2)^1/2) / 2 + PE
    Total System Jitter     (TSJ):    0.071ns
    Discrete Jitter          (DJ):    0.175ns
    Phase Error              (PE):    0.120ns

    Location             Delay type                Incr(ns)  Path(ns)    Netlist Resource(s)
  -------------------------------------------------------------------    -------------------
                         (clock clk_out1_clk_wiz_0 rise edge)
                                                      0.000     0.000 r  
    BUFGCTRL_X0Y2        BUFG                         0.000     0.000 r  clk_IBUF_BUFG_inst/O
                         net (fo=334, routed)         2.106     2.106    datapath/video_inst/mmcm_adv_inst_display_clocks/inst/clk_in1
    MMCME2_ADV_X1Y0      MMCME2_ADV (Prop_mmcme2_adv_CLKIN1_CLKOUT0)
                                                     -4.900    -2.793 r  datapath/video_inst/mmcm_adv_inst_display_clocks/inst/mmcm_adv_inst/CLKOUT0
                         net (fo=1, routed)           2.697    -0.096    datapath/video_inst/mmcm_adv_inst_display_clocks/inst/clk_out1_clk_wiz_0
    BUFGCTRL_X0Y4        BUFG (Prop_bufg_I_O)         0.096    -0.000 r  datapath/video_inst/mmcm_adv_inst_display_clocks/inst/clkout1_buf/O
                         net (fo=67, routed)          1.823     1.823    datapath/video_inst/inst_dvid/clk_out1
    SLICE_X161Y132       FDRE                                         r  datapath/video_inst/inst_dvid/latched_red_reg[2]/C
  -------------------------------------------------------------------    -------------------
    SLICE_X161Y132       FDRE (Prop_fdre_C_Q)         0.456     2.279 r  datapath/video_inst/inst_dvid/latched_red_reg[2]/Q
                         net (fo=3, routed)           2.066     4.346    datapath/video_inst/inst_dvid/latched_red[2]
    SLICE_X161Y133       LUT3 (Prop_lut3_I2_O)        0.152     4.498 r  datapath/video_inst/inst_dvid/shift_red[4]_i_1/O
                         net (fo=1, routed)           0.000     4.498    datapath/video_inst/inst_dvid/shift_red[4]
    SLICE_X161Y133       FDRE                                         r  datapath/video_inst/inst_dvid/shift_red_reg[4]/D
  -------------------------------------------------------------------    -------------------

                         (clock clk_out2_clk_wiz_0 rise edge)
                                                      8.000     8.000 r  
    BUFGCTRL_X0Y2        BUFG                         0.000     8.000 r  clk_IBUF_BUFG_inst/O
                         net (fo=334, routed)         1.972     9.972    datapath/video_inst/mmcm_adv_inst_display_clocks/inst/clk_in1
    MMCME2_ADV_X1Y0      MMCME2_ADV (Prop_mmcme2_adv_CLKIN1_CLKOUT1)
                                                     -4.637     5.335 r  datapath/video_inst/mmcm_adv_inst_display_clocks/inst/mmcm_adv_inst/CLKOUT1
                         net (fo=1, routed)           2.574     7.909    datapath/video_inst/mmcm_adv_inst_display_clocks/inst/clk_out2_clk_wiz_0
    BUFGCTRL_X0Y0        BUFG (Prop_bufg_I_O)         0.091     8.000 r  datapath/video_inst/mmcm_adv_inst_display_clocks/inst/clkout2_buf/O
                         net (fo=44, routed)          1.706     9.706    datapath/video_inst/inst_dvid/clk_out2
    SLICE_X161Y133       FDRE                                         r  datapath/video_inst/inst_dvid/shift_red_reg[4]/C
                         clock pessimism             -0.128     9.578    
                         clock uncertainty           -0.215     9.364    
    SLICE_X161Y133       FDRE (Setup_fdre_C_D)        0.075     9.439    datapath/video_inst/inst_dvid/shift_red_reg[4]
  -------------------------------------------------------------------
                         required time                          9.439    
                         arrival time                          -4.498    
  -------------------------------------------------------------------
                         slack                                  4.941    

Slack (MET) :             4.991ns  (required time - arrival time)
  Source:                 datapath/video_inst/inst_dvid/latched_blue_reg[1]/C
                            (rising edge-triggered cell FDRE clocked by clk_out1_clk_wiz_0  {rise@0.000ns fall@20.000ns period=40.000ns})
  Destination:            datapath/video_inst/inst_dvid/shift_blue_reg[1]/D
                            (rising edge-triggered cell FDRE clocked by clk_out2_clk_wiz_0  {rise@0.000ns fall@4.000ns period=8.000ns})
  Path Group:             clk_out2_clk_wiz_0
  Path Type:              Setup (Max at Slow Process Corner)
  Requirement:            8.000ns  (clk_out2_clk_wiz_0 rise@8.000ns - clk_out1_clk_wiz_0 rise@0.000ns)
  Data Path Delay:        2.624ns  (logic 0.608ns (23.171%)  route 2.016ns (76.829%))
  Logic Levels:           1  (LUT3=1)
  Clock Path Skew:        -0.245ns (DCD - SCD + CPR)
    Destination Clock Delay (DCD):    1.708ns = ( 9.708 - 8.000 ) 
    Source Clock Delay      (SCD):    1.825ns
    Clock Pessimism Removal (CPR):    -0.128ns
  Clock Uncertainty:      0.215ns  ((TSJ^2 + DJ^2)^1/2) / 2 + PE
    Total System Jitter     (TSJ):    0.071ns
    Discrete Jitter          (DJ):    0.175ns
    Phase Error              (PE):    0.120ns

    Location             Delay type                Incr(ns)  Path(ns)    Netlist Resource(s)
  -------------------------------------------------------------------    -------------------
                         (clock clk_out1_clk_wiz_0 rise edge)
                                                      0.000     0.000 r  
    BUFGCTRL_X0Y2        BUFG                         0.000     0.000 r  clk_IBUF_BUFG_inst/O
                         net (fo=334, routed)         2.106     2.106    datapath/video_inst/mmcm_adv_inst_display_clocks/inst/clk_in1
    MMCME2_ADV_X1Y0      MMCME2_ADV (Prop_mmcme2_adv_CLKIN1_CLKOUT0)
                                                     -4.900    -2.793 r  datapath/video_inst/mmcm_adv_inst_display_clocks/inst/mmcm_adv_inst/CLKOUT0
                         net (fo=1, routed)           2.697    -0.096    datapath/video_inst/mmcm_adv_inst_display_clocks/inst/clk_out1_clk_wiz_0
    BUFGCTRL_X0Y4        BUFG (Prop_bufg_I_O)         0.096    -0.000 r  datapath/video_inst/mmcm_adv_inst_display_clocks/inst/clkout1_buf/O
                         net (fo=67, routed)          1.825     1.825    datapath/video_inst/inst_dvid/clk_out1
    SLICE_X159Y135       FDRE                                         r  datapath/video_inst/inst_dvid/latched_blue_reg[1]/C
  -------------------------------------------------------------------    -------------------
    SLICE_X159Y135       FDRE (Prop_fdre_C_Q)         0.456     2.281 r  datapath/video_inst/inst_dvid/latched_blue_reg[1]/Q
                         net (fo=4, routed)           2.016     4.297    datapath/video_inst/inst_dvid/latched_blue[1]
    SLICE_X160Y136       LUT3 (Prop_lut3_I2_O)        0.152     4.449 r  datapath/video_inst/inst_dvid/shift_blue[1]_i_1/O
                         net (fo=1, routed)           0.000     4.449    datapath/video_inst/inst_dvid/shift_blue_0[1]
    SLICE_X160Y136       FDRE                                         r  datapath/video_inst/inst_dvid/shift_blue_reg[1]/D
  -------------------------------------------------------------------    -------------------

                         (clock clk_out2_clk_wiz_0 rise edge)
                                                      8.000     8.000 r  
    BUFGCTRL_X0Y2        BUFG                         0.000     8.000 r  clk_IBUF_BUFG_inst/O
                         net (fo=334, routed)         1.972     9.972    datapath/video_inst/mmcm_adv_inst_display_clocks/inst/clk_in1
    MMCME2_ADV_X1Y0      MMCME2_ADV (Prop_mmcme2_adv_CLKIN1_CLKOUT1)
                                                     -4.637     5.335 r  datapath/video_inst/mmcm_adv_inst_display_clocks/inst/mmcm_adv_inst/CLKOUT1
                         net (fo=1, routed)           2.574     7.909    datapath/video_inst/mmcm_adv_inst_display_clocks/inst/clk_out2_clk_wiz_0
    BUFGCTRL_X0Y0        BUFG (Prop_bufg_I_O)         0.091     8.000 r  datapath/video_inst/mmcm_adv_inst_display_clocks/inst/clkout2_buf/O
                         net (fo=44, routed)          1.708     9.708    datapath/video_inst/inst_dvid/clk_out2
    SLICE_X160Y136       FDRE                                         r  datapath/video_inst/inst_dvid/shift_blue_reg[1]/C
                         clock pessimism             -0.128     9.580    
                         clock uncertainty           -0.215     9.366    
    SLICE_X160Y136       FDRE (Setup_fdre_C_D)        0.075     9.441    datapath/video_inst/inst_dvid/shift_blue_reg[1]
  -------------------------------------------------------------------
                         required time                          9.441    
                         arrival time                          -4.449    
  -------------------------------------------------------------------
                         slack                                  4.991    





Min Delay Paths
--------------------------------------------------------------------------------------
Slack (MET) :             0.108ns  (arrival time - required time)
  Source:                 datapath/video_inst/inst_dvid/latched_red_reg[0]/C
                            (rising edge-triggered cell FDRE clocked by clk_out1_clk_wiz_0  {rise@0.000ns fall@20.000ns period=40.000ns})
  Destination:            datapath/video_inst/inst_dvid/shift_red_reg[0]/S
                            (rising edge-triggered cell FDSE clocked by clk_out2_clk_wiz_0  {rise@0.000ns fall@4.000ns period=8.000ns})
  Path Group:             clk_out2_clk_wiz_0
  Path Type:              Hold (Min at Fast Process Corner)
  Requirement:            0.000ns  (clk_out2_clk_wiz_0 rise@0.000ns - clk_out1_clk_wiz_0 rise@0.000ns)
  Data Path Delay:        0.687ns  (logic 0.186ns (27.066%)  route 0.501ns (72.934%))
  Logic Levels:           1  (LUT2=1)
  Clock Path Skew:        0.355ns (DCD - SCD - CPR)
    Destination Clock Delay (DCD):    0.914ns
    Source Clock Delay      (SCD):    0.639ns
    Clock Pessimism Removal (CPR):    -0.080ns
  Clock Uncertainty:      0.215ns  ((TSJ^2 + DJ^2)^1/2) / 2 + PE
    Total System Jitter     (TSJ):    0.071ns
    Discrete Jitter          (DJ):    0.175ns
    Phase Error              (PE):    0.120ns

    Location             Delay type                Incr(ns)  Path(ns)    Netlist Resource(s)
  -------------------------------------------------------------------    -------------------
                         (clock clk_out1_clk_wiz_0 rise edge)
                                                      0.000     0.000 r  
    BUFGCTRL_X0Y2        BUFG                         0.000     0.000 r  clk_IBUF_BUFG_inst/O
                         net (fo=334, routed)         0.745     0.745    datapath/video_inst/mmcm_adv_inst_display_clocks/inst/clk_in1
    MMCME2_ADV_X1Y0      MMCME2_ADV (Prop_mmcme2_adv_CLKIN1_CLKOUT0)
                                                     -1.683    -0.938 r  datapath/video_inst/mmcm_adv_inst_display_clocks/inst/mmcm_adv_inst/CLKOUT0
                         net (fo=1, routed)           0.912    -0.026    datapath/video_inst/mmcm_adv_inst_display_clocks/inst/clk_out1_clk_wiz_0
    BUFGCTRL_X0Y4        BUFG (Prop_bufg_I_O)         0.026    -0.000 r  datapath/video_inst/mmcm_adv_inst_display_clocks/inst/clkout1_buf/O
                         net (fo=67, routed)          0.639     0.639    datapath/video_inst/inst_dvid/clk_out1
    SLICE_X159Y130       FDRE                                         r  datapath/video_inst/inst_dvid/latched_red_reg[0]/C
  -------------------------------------------------------------------    -------------------
    SLICE_X159Y130       FDRE (Prop_fdre_C_Q)         0.141     0.780 r  datapath/video_inst/inst_dvid/latched_red_reg[0]/Q
                         net (fo=1, routed)           0.326     1.105    datapath/video_inst/inst_dvid/latched_red[0]
    SLICE_X162Y133       LUT2 (Prop_lut2_I0_O)        0.045     1.150 r  datapath/video_inst/inst_dvid/shift_red[7]_i_1/O
                         net (fo=5, routed)           0.175     1.326    datapath/video_inst/inst_dvid/shift_red[7]_i_1_n_0
    SLICE_X162Y133       FDSE                                         r  datapath/video_inst/inst_dvid/shift_red_reg[0]/S
  -------------------------------------------------------------------    -------------------

                         (clock clk_out2_clk_wiz_0 rise edge)
                                                      0.000     0.000 r  
    BUFGCTRL_X0Y2        BUFG                         0.000     0.000 r  clk_IBUF_BUFG_inst/O
                         net (fo=334, routed)         1.022     1.022    datapath/video_inst/mmcm_adv_inst_display_clocks/inst/clk_in1
    MMCME2_ADV_X1Y0      MMCME2_ADV (Prop_mmcme2_adv_CLKIN1_CLKOUT1)
                                                     -2.040    -1.018 r  datapath/video_inst/mmcm_adv_inst_display_clocks/inst/mmcm_adv_inst/CLKOUT1
                         net (fo=1, routed)           0.989    -0.029    datapath/video_inst/mmcm_adv_inst_display_clocks/inst/clk_out2_clk_wiz_0
    BUFGCTRL_X0Y0        BUFG (Prop_bufg_I_O)         0.029    -0.000 r  datapath/video_inst/mmcm_adv_inst_display_clocks/inst/clkout2_buf/O
                         net (fo=44, routed)          0.914     0.914    datapath/video_inst/inst_dvid/clk_out2
    SLICE_X162Y133       FDSE                                         r  datapath/video_inst/inst_dvid/shift_red_reg[0]/C
                         clock pessimism              0.080     0.994    
                         clock uncertainty            0.215     1.208    
    SLICE_X162Y133       FDSE (Hold_fdse_C_S)         0.009     1.217    datapath/video_inst/inst_dvid/shift_red_reg[0]
  -------------------------------------------------------------------
                         required time                         -1.217    
                         arrival time                           1.326    
  -------------------------------------------------------------------
                         slack                                  0.108    

Slack (MET) :             0.108ns  (arrival time - required time)
  Source:                 datapath/video_inst/inst_dvid/latched_red_reg[0]/C
                            (rising edge-triggered cell FDRE clocked by clk_out1_clk_wiz_0  {rise@0.000ns fall@20.000ns period=40.000ns})
  Destination:            datapath/video_inst/inst_dvid/shift_red_reg[1]/S
                            (rising edge-triggered cell FDSE clocked by clk_out2_clk_wiz_0  {rise@0.000ns fall@4.000ns period=8.000ns})
  Path Group:             clk_out2_clk_wiz_0
  Path Type:              Hold (Min at Fast Process Corner)
  Requirement:            0.000ns  (clk_out2_clk_wiz_0 rise@0.000ns - clk_out1_clk_wiz_0 rise@0.000ns)
  Data Path Delay:        0.687ns  (logic 0.186ns (27.066%)  route 0.501ns (72.934%))
  Logic Levels:           1  (LUT2=1)
  Clock Path Skew:        0.355ns (DCD - SCD - CPR)
    Destination Clock Delay (DCD):    0.914ns
    Source Clock Delay      (SCD):    0.639ns
    Clock Pessimism Removal (CPR):    -0.080ns
  Clock Uncertainty:      0.215ns  ((TSJ^2 + DJ^2)^1/2) / 2 + PE
    Total System Jitter     (TSJ):    0.071ns
    Discrete Jitter          (DJ):    0.175ns
    Phase Error              (PE):    0.120ns

    Location             Delay type                Incr(ns)  Path(ns)    Netlist Resource(s)
  -------------------------------------------------------------------    -------------------
                         (clock clk_out1_clk_wiz_0 rise edge)
                                                      0.000     0.000 r  
    BUFGCTRL_X0Y2        BUFG                         0.000     0.000 r  clk_IBUF_BUFG_inst/O
                         net (fo=334, routed)         0.745     0.745    datapath/video_inst/mmcm_adv_inst_display_clocks/inst/clk_in1
    MMCME2_ADV_X1Y0      MMCME2_ADV (Prop_mmcme2_adv_CLKIN1_CLKOUT0)
                                                     -1.683    -0.938 r  datapath/video_inst/mmcm_adv_inst_display_clocks/inst/mmcm_adv_inst/CLKOUT0
                         net (fo=1, routed)           0.912    -0.026    datapath/video_inst/mmcm_adv_inst_display_clocks/inst/clk_out1_clk_wiz_0
    BUFGCTRL_X0Y4        BUFG (Prop_bufg_I_O)         0.026    -0.000 r  datapath/video_inst/mmcm_adv_inst_display_clocks/inst/clkout1_buf/O
                         net (fo=67, routed)          0.639     0.639    datapath/video_inst/inst_dvid/clk_out1
    SLICE_X159Y130       FDRE                                         r  datapath/video_inst/inst_dvid/latched_red_reg[0]/C
  -------------------------------------------------------------------    -------------------
    SLICE_X159Y130       FDRE (Prop_fdre_C_Q)         0.141     0.780 r  datapath/video_inst/inst_dvid/latched_red_reg[0]/Q
                         net (fo=1, routed)           0.326     1.105    datapath/video_inst/inst_dvid/latched_red[0]
    SLICE_X162Y133       LUT2 (Prop_lut2_I0_O)        0.045     1.150 r  datapath/video_inst/inst_dvid/shift_red[7]_i_1/O
                         net (fo=5, routed)           0.175     1.326    datapath/video_inst/inst_dvid/shift_red[7]_i_1_n_0
    SLICE_X162Y133       FDSE                                         r  datapath/video_inst/inst_dvid/shift_red_reg[1]/S
  -------------------------------------------------------------------    -------------------

                         (clock clk_out2_clk_wiz_0 rise edge)
                                                      0.000     0.000 r  
    BUFGCTRL_X0Y2        BUFG                         0.000     0.000 r  clk_IBUF_BUFG_inst/O
                         net (fo=334, routed)         1.022     1.022    datapath/video_inst/mmcm_adv_inst_display_clocks/inst/clk_in1
    MMCME2_ADV_X1Y0      MMCME2_ADV (Prop_mmcme2_adv_CLKIN1_CLKOUT1)
                                                     -2.040    -1.018 r  datapath/video_inst/mmcm_adv_inst_display_clocks/inst/mmcm_adv_inst/CLKOUT1
                         net (fo=1, routed)           0.989    -0.029    datapath/video_inst/mmcm_adv_inst_display_clocks/inst/clk_out2_clk_wiz_0
    BUFGCTRL_X0Y0        BUFG (Prop_bufg_I_O)         0.029    -0.000 r  datapath/video_inst/mmcm_adv_inst_display_clocks/inst/clkout2_buf/O
                         net (fo=44, routed)          0.914     0.914    datapath/video_inst/inst_dvid/clk_out2
    SLICE_X162Y133       FDSE                                         r  datapath/video_inst/inst_dvid/shift_red_reg[1]/C
                         clock pessimism              0.080     0.994    
                         clock uncertainty            0.215     1.208    
    SLICE_X162Y133       FDSE (Hold_fdse_C_S)         0.009     1.217    datapath/video_inst/inst_dvid/shift_red_reg[1]
  -------------------------------------------------------------------
                         required time                         -1.217    
                         arrival time                           1.326    
  -------------------------------------------------------------------
                         slack                                  0.108    

Slack (MET) :             0.108ns  (arrival time - required time)
  Source:                 datapath/video_inst/inst_dvid/latched_red_reg[0]/C
                            (rising edge-triggered cell FDRE clocked by clk_out1_clk_wiz_0  {rise@0.000ns fall@20.000ns period=40.000ns})
  Destination:            datapath/video_inst/inst_dvid/shift_red_reg[3]/S
                            (rising edge-triggered cell FDSE clocked by clk_out2_clk_wiz_0  {rise@0.000ns fall@4.000ns period=8.000ns})
  Path Group:             clk_out2_clk_wiz_0
  Path Type:              Hold (Min at Fast Process Corner)
  Requirement:            0.000ns  (clk_out2_clk_wiz_0 rise@0.000ns - clk_out1_clk_wiz_0 rise@0.000ns)
  Data Path Delay:        0.687ns  (logic 0.186ns (27.066%)  route 0.501ns (72.934%))
  Logic Levels:           1  (LUT2=1)
  Clock Path Skew:        0.355ns (DCD - SCD - CPR)
    Destination Clock Delay (DCD):    0.914ns
    Source Clock Delay      (SCD):    0.639ns
    Clock Pessimism Removal (CPR):    -0.080ns
  Clock Uncertainty:      0.215ns  ((TSJ^2 + DJ^2)^1/2) / 2 + PE
    Total System Jitter     (TSJ):    0.071ns
    Discrete Jitter          (DJ):    0.175ns
    Phase Error              (PE):    0.120ns

    Location             Delay type                Incr(ns)  Path(ns)    Netlist Resource(s)
  -------------------------------------------------------------------    -------------------
                         (clock clk_out1_clk_wiz_0 rise edge)
                                                      0.000     0.000 r  
    BUFGCTRL_X0Y2        BUFG                         0.000     0.000 r  clk_IBUF_BUFG_inst/O
                         net (fo=334, routed)         0.745     0.745    datapath/video_inst/mmcm_adv_inst_display_clocks/inst/clk_in1
    MMCME2_ADV_X1Y0      MMCME2_ADV (Prop_mmcme2_adv_CLKIN1_CLKOUT0)
                                                     -1.683    -0.938 r  datapath/video_inst/mmcm_adv_inst_display_clocks/inst/mmcm_adv_inst/CLKOUT0
                         net (fo=1, routed)           0.912    -0.026    datapath/video_inst/mmcm_adv_inst_display_clocks/inst/clk_out1_clk_wiz_0
    BUFGCTRL_X0Y4        BUFG (Prop_bufg_I_O)         0.026    -0.000 r  datapath/video_inst/mmcm_adv_inst_display_clocks/inst/clkout1_buf/O
                         net (fo=67, routed)          0.639     0.639    datapath/video_inst/inst_dvid/clk_out1
    SLICE_X159Y130       FDRE                                         r  datapath/video_inst/inst_dvid/latched_red_reg[0]/C
  -------------------------------------------------------------------    -------------------
    SLICE_X159Y130       FDRE (Prop_fdre_C_Q)         0.141     0.780 r  datapath/video_inst/inst_dvid/latched_red_reg[0]/Q
                         net (fo=1, routed)           0.326     1.105    datapath/video_inst/inst_dvid/latched_red[0]
    SLICE_X162Y133       LUT2 (Prop_lut2_I0_O)        0.045     1.150 r  datapath/video_inst/inst_dvid/shift_red[7]_i_1/O
                         net (fo=5, routed)           0.175     1.326    datapath/video_inst/inst_dvid/shift_red[7]_i_1_n_0
    SLICE_X162Y133       FDSE                                         r  datapath/video_inst/inst_dvid/shift_red_reg[3]/S
  -------------------------------------------------------------------    -------------------

                         (clock clk_out2_clk_wiz_0 rise edge)
                                                      0.000     0.000 r  
    BUFGCTRL_X0Y2        BUFG                         0.000     0.000 r  clk_IBUF_BUFG_inst/O
                         net (fo=334, routed)         1.022     1.022    datapath/video_inst/mmcm_adv_inst_display_clocks/inst/clk_in1
    MMCME2_ADV_X1Y0      MMCME2_ADV (Prop_mmcme2_adv_CLKIN1_CLKOUT1)
                                                     -2.040    -1.018 r  datapath/video_inst/mmcm_adv_inst_display_clocks/inst/mmcm_adv_inst/CLKOUT1
                         net (fo=1, routed)           0.989    -0.029    datapath/video_inst/mmcm_adv_inst_display_clocks/inst/clk_out2_clk_wiz_0
    BUFGCTRL_X0Y0        BUFG (Prop_bufg_I_O)         0.029    -0.000 r  datapath/video_inst/mmcm_adv_inst_display_clocks/inst/clkout2_buf/O
                         net (fo=44, routed)          0.914     0.914    datapath/video_inst/inst_dvid/clk_out2
    SLICE_X162Y133       FDSE                                         r  datapath/video_inst/inst_dvid/shift_red_reg[3]/C
                         clock pessimism              0.080     0.994    
                         clock uncertainty            0.215     1.208    
    SLICE_X162Y133       FDSE (Hold_fdse_C_S)         0.009     1.217    datapath/video_inst/inst_dvid/shift_red_reg[3]
  -------------------------------------------------------------------
                         required time                         -1.217    
                         arrival time                           1.326    
  -------------------------------------------------------------------
                         slack                                  0.108    

Slack (MET) :             0.108ns  (arrival time - required time)
  Source:                 datapath/video_inst/inst_dvid/latched_red_reg[0]/C
                            (rising edge-triggered cell FDRE clocked by clk_out1_clk_wiz_0  {rise@0.000ns fall@20.000ns period=40.000ns})
  Destination:            datapath/video_inst/inst_dvid/shift_red_reg[5]/S
                            (rising edge-triggered cell FDSE clocked by clk_out2_clk_wiz_0  {rise@0.000ns fall@4.000ns period=8.000ns})
  Path Group:             clk_out2_clk_wiz_0
  Path Type:              Hold (Min at Fast Process Corner)
  Requirement:            0.000ns  (clk_out2_clk_wiz_0 rise@0.000ns - clk_out1_clk_wiz_0 rise@0.000ns)
  Data Path Delay:        0.687ns  (logic 0.186ns (27.066%)  route 0.501ns (72.934%))
  Logic Levels:           1  (LUT2=1)
  Clock Path Skew:        0.355ns (DCD - SCD - CPR)
    Destination Clock Delay (DCD):    0.914ns
    Source Clock Delay      (SCD):    0.639ns
    Clock Pessimism Removal (CPR):    -0.080ns
  Clock Uncertainty:      0.215ns  ((TSJ^2 + DJ^2)^1/2) / 2 + PE
    Total System Jitter     (TSJ):    0.071ns
    Discrete Jitter          (DJ):    0.175ns
    Phase Error              (PE):    0.120ns

    Location             Delay type                Incr(ns)  Path(ns)    Netlist Resource(s)
  -------------------------------------------------------------------    -------------------
                         (clock clk_out1_clk_wiz_0 rise edge)
                                                      0.000     0.000 r  
    BUFGCTRL_X0Y2        BUFG                         0.000     0.000 r  clk_IBUF_BUFG_inst/O
                         net (fo=334, routed)         0.745     0.745    datapath/video_inst/mmcm_adv_inst_display_clocks/inst/clk_in1
    MMCME2_ADV_X1Y0      MMCME2_ADV (Prop_mmcme2_adv_CLKIN1_CLKOUT0)
                                                     -1.683    -0.938 r  datapath/video_inst/mmcm_adv_inst_display_clocks/inst/mmcm_adv_inst/CLKOUT0
                         net (fo=1, routed)           0.912    -0.026    datapath/video_inst/mmcm_adv_inst_display_clocks/inst/clk_out1_clk_wiz_0
    BUFGCTRL_X0Y4        BUFG (Prop_bufg_I_O)         0.026    -0.000 r  datapath/video_inst/mmcm_adv_inst_display_clocks/inst/clkout1_buf/O
                         net (fo=67, routed)          0.639     0.639    datapath/video_inst/inst_dvid/clk_out1
    SLICE_X159Y130       FDRE                                         r  datapath/video_inst/inst_dvid/latched_red_reg[0]/C
  -------------------------------------------------------------------    -------------------
    SLICE_X159Y130       FDRE (Prop_fdre_C_Q)         0.141     0.780 r  datapath/video_inst/inst_dvid/latched_red_reg[0]/Q
                         net (fo=1, routed)           0.326     1.105    datapath/video_inst/inst_dvid/latched_red[0]
    SLICE_X162Y133       LUT2 (Prop_lut2_I0_O)        0.045     1.150 r  datapath/video_inst/inst_dvid/shift_red[7]_i_1/O
                         net (fo=5, routed)           0.175     1.326    datapath/video_inst/inst_dvid/shift_red[7]_i_1_n_0
    SLICE_X162Y133       FDSE                                         r  datapath/video_inst/inst_dvid/shift_red_reg[5]/S
  -------------------------------------------------------------------    -------------------

                         (clock clk_out2_clk_wiz_0 rise edge)
                                                      0.000     0.000 r  
    BUFGCTRL_X0Y2        BUFG                         0.000     0.000 r  clk_IBUF_BUFG_inst/O
                         net (fo=334, routed)         1.022     1.022    datapath/video_inst/mmcm_adv_inst_display_clocks/inst/clk_in1
    MMCME2_ADV_X1Y0      MMCME2_ADV (Prop_mmcme2_adv_CLKIN1_CLKOUT1)
                                                     -2.040    -1.018 r  datapath/video_inst/mmcm_adv_inst_display_clocks/inst/mmcm_adv_inst/CLKOUT1
                         net (fo=1, routed)           0.989    -0.029    datapath/video_inst/mmcm_adv_inst_display_clocks/inst/clk_out2_clk_wiz_0
    BUFGCTRL_X0Y0        BUFG (Prop_bufg_I_O)         0.029    -0.000 r  datapath/video_inst/mmcm_adv_inst_display_clocks/inst/clkout2_buf/O
                         net (fo=44, routed)          0.914     0.914    datapath/video_inst/inst_dvid/clk_out2
    SLICE_X162Y133       FDSE                                         r  datapath/video_inst/inst_dvid/shift_red_reg[5]/C
                         clock pessimism              0.080     0.994    
                         clock uncertainty            0.215     1.208    
    SLICE_X162Y133       FDSE (Hold_fdse_C_S)         0.009     1.217    datapath/video_inst/inst_dvid/shift_red_reg[5]
  -------------------------------------------------------------------
                         required time                         -1.217    
                         arrival time                           1.326    
  -------------------------------------------------------------------
                         slack                                  0.108    

Slack (MET) :             0.108ns  (arrival time - required time)
  Source:                 datapath/video_inst/inst_dvid/latched_red_reg[0]/C
                            (rising edge-triggered cell FDRE clocked by clk_out1_clk_wiz_0  {rise@0.000ns fall@20.000ns period=40.000ns})
  Destination:            datapath/video_inst/inst_dvid/shift_red_reg[7]/S
                            (rising edge-triggered cell FDSE clocked by clk_out2_clk_wiz_0  {rise@0.000ns fall@4.000ns period=8.000ns})
  Path Group:             clk_out2_clk_wiz_0
  Path Type:              Hold (Min at Fast Process Corner)
  Requirement:            0.000ns  (clk_out2_clk_wiz_0 rise@0.000ns - clk_out1_clk_wiz_0 rise@0.000ns)
  Data Path Delay:        0.687ns  (logic 0.186ns (27.066%)  route 0.501ns (72.934%))
  Logic Levels:           1  (LUT2=1)
  Clock Path Skew:        0.355ns (DCD - SCD - CPR)
    Destination Clock Delay (DCD):    0.914ns
    Source Clock Delay      (SCD):    0.639ns
    Clock Pessimism Removal (CPR):    -0.080ns
  Clock Uncertainty:      0.215ns  ((TSJ^2 + DJ^2)^1/2) / 2 + PE
    Total System Jitter     (TSJ):    0.071ns
    Discrete Jitter          (DJ):    0.175ns
    Phase Error              (PE):    0.120ns

    Location             Delay type                Incr(ns)  Path(ns)    Netlist Resource(s)
  -------------------------------------------------------------------    -------------------
                         (clock clk_out1_clk_wiz_0 rise edge)
                                                      0.000     0.000 r  
    BUFGCTRL_X0Y2        BUFG                         0.000     0.000 r  clk_IBUF_BUFG_inst/O
                         net (fo=334, routed)         0.745     0.745    datapath/video_inst/mmcm_adv_inst_display_clocks/inst/clk_in1
    MMCME2_ADV_X1Y0      MMCME2_ADV (Prop_mmcme2_adv_CLKIN1_CLKOUT0)
                                                     -1.683    -0.938 r  datapath/video_inst/mmcm_adv_inst_display_clocks/inst/mmcm_adv_inst/CLKOUT0
                         net (fo=1, routed)           0.912    -0.026    datapath/video_inst/mmcm_adv_inst_display_clocks/inst/clk_out1_clk_wiz_0
    BUFGCTRL_X0Y4        BUFG (Prop_bufg_I_O)         0.026    -0.000 r  datapath/video_inst/mmcm_adv_inst_display_clocks/inst/clkout1_buf/O
                         net (fo=67, routed)          0.639     0.639    datapath/video_inst/inst_dvid/clk_out1
    SLICE_X159Y130       FDRE                                         r  datapath/video_inst/inst_dvid/latched_red_reg[0]/C
  -------------------------------------------------------------------    -------------------
    SLICE_X159Y130       FDRE (Prop_fdre_C_Q)         0.141     0.780 r  datapath/video_inst/inst_dvid/latched_red_reg[0]/Q
                         net (fo=1, routed)           0.326     1.105    datapath/video_inst/inst_dvid/latched_red[0]
    SLICE_X162Y133       LUT2 (Prop_lut2_I0_O)        0.045     1.150 r  datapath/video_inst/inst_dvid/shift_red[7]_i_1/O
                         net (fo=5, routed)           0.175     1.326    datapath/video_inst/inst_dvid/shift_red[7]_i_1_n_0
    SLICE_X162Y133       FDSE                                         r  datapath/video_inst/inst_dvid/shift_red_reg[7]/S
  -------------------------------------------------------------------    -------------------

                         (clock clk_out2_clk_wiz_0 rise edge)
                                                      0.000     0.000 r  
    BUFGCTRL_X0Y2        BUFG                         0.000     0.000 r  clk_IBUF_BUFG_inst/O
                         net (fo=334, routed)         1.022     1.022    datapath/video_inst/mmcm_adv_inst_display_clocks/inst/clk_in1
    MMCME2_ADV_X1Y0      MMCME2_ADV (Prop_mmcme2_adv_CLKIN1_CLKOUT1)
                                                     -2.040    -1.018 r  datapath/video_inst/mmcm_adv_inst_display_clocks/inst/mmcm_adv_inst/CLKOUT1
                         net (fo=1, routed)           0.989    -0.029    datapath/video_inst/mmcm_adv_inst_display_clocks/inst/clk_out2_clk_wiz_0
    BUFGCTRL_X0Y0        BUFG (Prop_bufg_I_O)         0.029    -0.000 r  datapath/video_inst/mmcm_adv_inst_display_clocks/inst/clkout2_buf/O
                         net (fo=44, routed)          0.914     0.914    datapath/video_inst/inst_dvid/clk_out2
    SLICE_X162Y133       FDSE                                         r  datapath/video_inst/inst_dvid/shift_red_reg[7]/C
                         clock pessimism              0.080     0.994    
                         clock uncertainty            0.215     1.208    
    SLICE_X162Y133       FDSE (Hold_fdse_C_S)         0.009     1.217    datapath/video_inst/inst_dvid/shift_red_reg[7]
  -------------------------------------------------------------------
                         required time                         -1.217    
                         arrival time                           1.326    
  -------------------------------------------------------------------
                         slack                                  0.108    

Slack (MET) :             0.162ns  (arrival time - required time)
  Source:                 datapath/video_inst/inst_dvid/latched_red_reg[8]/C
                            (rising edge-triggered cell FDRE clocked by clk_out1_clk_wiz_0  {rise@0.000ns fall@20.000ns period=40.000ns})
  Destination:            datapath/video_inst/inst_dvid/shift_red_reg[8]/D
                            (rising edge-triggered cell FDRE clocked by clk_out2_clk_wiz_0  {rise@0.000ns fall@4.000ns period=8.000ns})
  Path Group:             clk_out2_clk_wiz_0
  Path Type:              Hold (Min at Fast Process Corner)
  Requirement:            0.000ns  (clk_out2_clk_wiz_0 rise@0.000ns - clk_out1_clk_wiz_0 rise@0.000ns)
  Data Path Delay:        0.799ns  (logic 0.141ns (17.653%)  route 0.658ns (82.347%))
  Logic Levels:           0  
  Clock Path Skew:        0.352ns (DCD - SCD - CPR)
    Destination Clock Delay (DCD):    0.911ns
    Source Clock Delay      (SCD):    0.639ns
    Clock Pessimism Removal (CPR):    -0.080ns
  Clock Uncertainty:      0.215ns  ((TSJ^2 + DJ^2)^1/2) / 2 + PE
    Total System Jitter     (TSJ):    0.071ns
    Discrete Jitter          (DJ):    0.175ns
    Phase Error              (PE):    0.120ns

    Location             Delay type                Incr(ns)  Path(ns)    Netlist Resource(s)
  -------------------------------------------------------------------    -------------------
                         (clock clk_out1_clk_wiz_0 rise edge)
                                                      0.000     0.000 r  
    BUFGCTRL_X0Y2        BUFG                         0.000     0.000 r  clk_IBUF_BUFG_inst/O
                         net (fo=334, routed)         0.745     0.745    datapath/video_inst/mmcm_adv_inst_display_clocks/inst/clk_in1
    MMCME2_ADV_X1Y0      MMCME2_ADV (Prop_mmcme2_adv_CLKIN1_CLKOUT0)
                                                     -1.683    -0.938 r  datapath/video_inst/mmcm_adv_inst_display_clocks/inst/mmcm_adv_inst/CLKOUT0
                         net (fo=1, routed)           0.912    -0.026    datapath/video_inst/mmcm_adv_inst_display_clocks/inst/clk_out1_clk_wiz_0
    BUFGCTRL_X0Y4        BUFG (Prop_bufg_I_O)         0.026    -0.000 r  datapath/video_inst/mmcm_adv_inst_display_clocks/inst/clkout1_buf/O
                         net (fo=67, routed)          0.639     0.639    datapath/video_inst/inst_dvid/clk_out1
    SLICE_X159Y130       FDRE                                         r  datapath/video_inst/inst_dvid/latched_red_reg[8]/C
  -------------------------------------------------------------------    -------------------
    SLICE_X159Y130       FDRE (Prop_fdre_C_Q)         0.141     0.780 r  datapath/video_inst/inst_dvid/latched_red_reg[8]/Q
                         net (fo=1, routed)           0.658     1.437    datapath/video_inst/inst_dvid/latched_red[8]
    SLICE_X159Y131       FDRE                                         r  datapath/video_inst/inst_dvid/shift_red_reg[8]/D
  -------------------------------------------------------------------    -------------------

                         (clock clk_out2_clk_wiz_0 rise edge)
                                                      0.000     0.000 r  
    BUFGCTRL_X0Y2        BUFG                         0.000     0.000 r  clk_IBUF_BUFG_inst/O
                         net (fo=334, routed)         1.022     1.022    datapath/video_inst/mmcm_adv_inst_display_clocks/inst/clk_in1
    MMCME2_ADV_X1Y0      MMCME2_ADV (Prop_mmcme2_adv_CLKIN1_CLKOUT1)
                                                     -2.040    -1.018 r  datapath/video_inst/mmcm_adv_inst_display_clocks/inst/mmcm_adv_inst/CLKOUT1
                         net (fo=1, routed)           0.989    -0.029    datapath/video_inst/mmcm_adv_inst_display_clocks/inst/clk_out2_clk_wiz_0
    BUFGCTRL_X0Y0        BUFG (Prop_bufg_I_O)         0.029    -0.000 r  datapath/video_inst/mmcm_adv_inst_display_clocks/inst/clkout2_buf/O
                         net (fo=44, routed)          0.911     0.911    datapath/video_inst/inst_dvid/clk_out2
    SLICE_X159Y131       FDRE                                         r  datapath/video_inst/inst_dvid/shift_red_reg[8]/C
                         clock pessimism              0.080     0.991    
                         clock uncertainty            0.215     1.205    
    SLICE_X159Y131       FDRE (Hold_fdre_C_D)         0.070     1.275    datapath/video_inst/inst_dvid/shift_red_reg[8]
  -------------------------------------------------------------------
                         required time                         -1.275    
                         arrival time                           1.437    
  -------------------------------------------------------------------
                         slack                                  0.162    

Slack (MET) :             0.212ns  (arrival time - required time)
  Source:                 datapath/video_inst/inst_dvid/latched_green_reg[8]/C
                            (rising edge-triggered cell FDRE clocked by clk_out1_clk_wiz_0  {rise@0.000ns fall@20.000ns period=40.000ns})
  Destination:            datapath/video_inst/inst_dvid/shift_green_reg[8]/D
                            (rising edge-triggered cell FDRE clocked by clk_out2_clk_wiz_0  {rise@0.000ns fall@4.000ns period=8.000ns})
  Path Group:             clk_out2_clk_wiz_0
  Path Type:              Hold (Min at Fast Process Corner)
  Requirement:            0.000ns  (clk_out2_clk_wiz_0 rise@0.000ns - clk_out1_clk_wiz_0 rise@0.000ns)
  Data Path Delay:        0.850ns  (logic 0.141ns (16.597%)  route 0.709ns (83.403%))
  Logic Levels:           0  
  Clock Path Skew:        0.353ns (DCD - SCD - CPR)
    Destination Clock Delay (DCD):    0.915ns
    Source Clock Delay      (SCD):    0.642ns
    Clock Pessimism Removal (CPR):    -0.080ns
  Clock Uncertainty:      0.215ns  ((TSJ^2 + DJ^2)^1/2) / 2 + PE
    Total System Jitter     (TSJ):    0.071ns
    Discrete Jitter          (DJ):    0.175ns
    Phase Error              (PE):    0.120ns

    Location             Delay type                Incr(ns)  Path(ns)    Netlist Resource(s)
  -------------------------------------------------------------------    -------------------
                         (clock clk_out1_clk_wiz_0 rise edge)
                                                      0.000     0.000 r  
    BUFGCTRL_X0Y2        BUFG                         0.000     0.000 r  clk_IBUF_BUFG_inst/O
                         net (fo=334, routed)         0.745     0.745    datapath/video_inst/mmcm_adv_inst_display_clocks/inst/clk_in1
    MMCME2_ADV_X1Y0      MMCME2_ADV (Prop_mmcme2_adv_CLKIN1_CLKOUT0)
                                                     -1.683    -0.938 r  datapath/video_inst/mmcm_adv_inst_display_clocks/inst/mmcm_adv_inst/CLKOUT0
                         net (fo=1, routed)           0.912    -0.026    datapath/video_inst/mmcm_adv_inst_display_clocks/inst/clk_out1_clk_wiz_0
    BUFGCTRL_X0Y4        BUFG (Prop_bufg_I_O)         0.026    -0.000 r  datapath/video_inst/mmcm_adv_inst_display_clocks/inst/clkout1_buf/O
                         net (fo=67, routed)          0.642     0.642    datapath/video_inst/inst_dvid/clk_out1
    SLICE_X161Y132       FDRE                                         r  datapath/video_inst/inst_dvid/latched_green_reg[8]/C
  -------------------------------------------------------------------    -------------------
    SLICE_X161Y132       FDRE (Prop_fdre_C_Q)         0.141     0.783 r  datapath/video_inst/inst_dvid/latched_green_reg[8]/Q
                         net (fo=1, routed)           0.709     1.491    datapath/video_inst/inst_dvid/latched_green[8]
    SLICE_X161Y134       FDRE                                         r  datapath/video_inst/inst_dvid/shift_green_reg[8]/D
  -------------------------------------------------------------------    -------------------

                         (clock clk_out2_clk_wiz_0 rise edge)
                                                      0.000     0.000 r  
    BUFGCTRL_X0Y2        BUFG                         0.000     0.000 r  clk_IBUF_BUFG_inst/O
                         net (fo=334, routed)         1.022     1.022    datapath/video_inst/mmcm_adv_inst_display_clocks/inst/clk_in1
    MMCME2_ADV_X1Y0      MMCME2_ADV (Prop_mmcme2_adv_CLKIN1_CLKOUT1)
                                                     -2.040    -1.018 r  datapath/video_inst/mmcm_adv_inst_display_clocks/inst/mmcm_adv_inst/CLKOUT1
                         net (fo=1, routed)           0.989    -0.029    datapath/video_inst/mmcm_adv_inst_display_clocks/inst/clk_out2_clk_wiz_0
    BUFGCTRL_X0Y0        BUFG (Prop_bufg_I_O)         0.029    -0.000 r  datapath/video_inst/mmcm_adv_inst_display_clocks/inst/clkout2_buf/O
                         net (fo=44, routed)          0.915     0.915    datapath/video_inst/inst_dvid/clk_out2
    SLICE_X161Y134       FDRE                                         r  datapath/video_inst/inst_dvid/shift_green_reg[8]/C
                         clock pessimism              0.080     0.995    
                         clock uncertainty            0.215     1.209    
    SLICE_X161Y134       FDRE (Hold_fdre_C_D)         0.070     1.279    datapath/video_inst/inst_dvid/shift_green_reg[8]
  -------------------------------------------------------------------
                         required time                         -1.279    
                         arrival time                           1.491    
  -------------------------------------------------------------------
                         slack                                  0.212    

Slack (MET) :             0.223ns  (arrival time - required time)
  Source:                 datapath/video_inst/inst_dvid/latched_blue_reg[8]/C
                            (rising edge-triggered cell FDRE clocked by clk_out1_clk_wiz_0  {rise@0.000ns fall@20.000ns period=40.000ns})
  Destination:            datapath/video_inst/inst_dvid/shift_blue_reg[8]/D
                            (rising edge-triggered cell FDRE clocked by clk_out2_clk_wiz_0  {rise@0.000ns fall@4.000ns period=8.000ns})
  Path Group:             clk_out2_clk_wiz_0
  Path Type:              Hold (Min at Fast Process Corner)
  Requirement:            0.000ns  (clk_out2_clk_wiz_0 rise@0.000ns - clk_out1_clk_wiz_0 rise@0.000ns)
  Data Path Delay:        0.806ns  (logic 0.128ns (15.880%)  route 0.678ns (84.120%))
  Logic Levels:           0  
  Clock Path Skew:        0.351ns (DCD - SCD - CPR)
    Destination Clock Delay (DCD):    0.915ns
    Source Clock Delay      (SCD):    0.644ns
    Clock Pessimism Removal (CPR):    -0.080ns
  Clock Uncertainty:      0.215ns  ((TSJ^2 + DJ^2)^1/2) / 2 + PE
    Total System Jitter     (TSJ):    0.071ns
    Discrete Jitter          (DJ):    0.175ns
    Phase Error              (PE):    0.120ns

    Location             Delay type                Incr(ns)  Path(ns)    Netlist Resource(s)
  -------------------------------------------------------------------    -------------------
                         (clock clk_out1_clk_wiz_0 rise edge)
                                                      0.000     0.000 r  
    BUFGCTRL_X0Y2        BUFG                         0.000     0.000 r  clk_IBUF_BUFG_inst/O
                         net (fo=334, routed)         0.745     0.745    datapath/video_inst/mmcm_adv_inst_display_clocks/inst/clk_in1
    MMCME2_ADV_X1Y0      MMCME2_ADV (Prop_mmcme2_adv_CLKIN1_CLKOUT0)
                                                     -1.683    -0.938 r  datapath/video_inst/mmcm_adv_inst_display_clocks/inst/mmcm_adv_inst/CLKOUT0
                         net (fo=1, routed)           0.912    -0.026    datapath/video_inst/mmcm_adv_inst_display_clocks/inst/clk_out1_clk_wiz_0
    BUFGCTRL_X0Y4        BUFG (Prop_bufg_I_O)         0.026    -0.000 r  datapath/video_inst/mmcm_adv_inst_display_clocks/inst/clkout1_buf/O
                         net (fo=67, routed)          0.644     0.644    datapath/video_inst/inst_dvid/clk_out1
    SLICE_X160Y134       FDRE                                         r  datapath/video_inst/inst_dvid/latched_blue_reg[8]/C
  -------------------------------------------------------------------    -------------------
    SLICE_X160Y134       FDRE (Prop_fdre_C_Q)         0.128     0.772 r  datapath/video_inst/inst_dvid/latched_blue_reg[8]/Q
                         net (fo=1, routed)           0.678     1.450    datapath/video_inst/inst_dvid/latched_blue[8]
    SLICE_X161Y134       FDRE                                         r  datapath/video_inst/inst_dvid/shift_blue_reg[8]/D
  -------------------------------------------------------------------    -------------------

                         (clock clk_out2_clk_wiz_0 rise edge)
                                                      0.000     0.000 r  
    BUFGCTRL_X0Y2        BUFG                         0.000     0.000 r  clk_IBUF_BUFG_inst/O
                         net (fo=334, routed)         1.022     1.022    datapath/video_inst/mmcm_adv_inst_display_clocks/inst/clk_in1
    MMCME2_ADV_X1Y0      MMCME2_ADV (Prop_mmcme2_adv_CLKIN1_CLKOUT1)
                                                     -2.040    -1.018 r  datapath/video_inst/mmcm_adv_inst_display_clocks/inst/mmcm_adv_inst/CLKOUT1
                         net (fo=1, routed)           0.989    -0.029    datapath/video_inst/mmcm_adv_inst_display_clocks/inst/clk_out2_clk_wiz_0
    BUFGCTRL_X0Y0        BUFG (Prop_bufg_I_O)         0.029    -0.000 r  datapath/video_inst/mmcm_adv_inst_display_clocks/inst/clkout2_buf/O
                         net (fo=44, routed)          0.915     0.915    datapath/video_inst/inst_dvid/clk_out2
    SLICE_X161Y134       FDRE                                         r  datapath/video_inst/inst_dvid/shift_blue_reg[8]/C
                         clock pessimism              0.080     0.995    
                         clock uncertainty            0.215     1.209    
    SLICE_X161Y134       FDRE (Hold_fdre_C_D)         0.017     1.226    datapath/video_inst/inst_dvid/shift_blue_reg[8]
  -------------------------------------------------------------------
                         required time                         -1.226    
                         arrival time                           1.450    
  -------------------------------------------------------------------
                         slack                                  0.223    

Slack (MET) :             0.224ns  (arrival time - required time)
  Source:                 datapath/video_inst/inst_dvid/latched_green_reg[9]/C
                            (rising edge-triggered cell FDRE clocked by clk_out1_clk_wiz_0  {rise@0.000ns fall@20.000ns period=40.000ns})
  Destination:            datapath/video_inst/inst_dvid/shift_green_reg[9]/D
                            (rising edge-triggered cell FDRE clocked by clk_out2_clk_wiz_0  {rise@0.000ns fall@4.000ns period=8.000ns})
  Path Group:             clk_out2_clk_wiz_0
  Path Type:              Hold (Min at Fast Process Corner)
  Requirement:            0.000ns  (clk_out2_clk_wiz_0 rise@0.000ns - clk_out1_clk_wiz_0 rise@0.000ns)
  Data Path Delay:        0.864ns  (logic 0.141ns (16.320%)  route 0.723ns (83.680%))
  Logic Levels:           0  
  Clock Path Skew:        0.353ns (DCD - SCD - CPR)
    Destination Clock Delay (DCD):    0.915ns
    Source Clock Delay      (SCD):    0.642ns
    Clock Pessimism Removal (CPR):    -0.080ns
  Clock Uncertainty:      0.215ns  ((TSJ^2 + DJ^2)^1/2) / 2 + PE
    Total System Jitter     (TSJ):    0.071ns
    Discrete Jitter          (DJ):    0.175ns
    Phase Error              (PE):    0.120ns

    Location             Delay type                Incr(ns)  Path(ns)    Netlist Resource(s)
  -------------------------------------------------------------------    -------------------
                         (clock clk_out1_clk_wiz_0 rise edge)
                                                      0.000     0.000 r  
    BUFGCTRL_X0Y2        BUFG                         0.000     0.000 r  clk_IBUF_BUFG_inst/O
                         net (fo=334, routed)         0.745     0.745    datapath/video_inst/mmcm_adv_inst_display_clocks/inst/clk_in1
    MMCME2_ADV_X1Y0      MMCME2_ADV (Prop_mmcme2_adv_CLKIN1_CLKOUT0)
                                                     -1.683    -0.938 r  datapath/video_inst/mmcm_adv_inst_display_clocks/inst/mmcm_adv_inst/CLKOUT0
                         net (fo=1, routed)           0.912    -0.026    datapath/video_inst/mmcm_adv_inst_display_clocks/inst/clk_out1_clk_wiz_0
    BUFGCTRL_X0Y4        BUFG (Prop_bufg_I_O)         0.026    -0.000 r  datapath/video_inst/mmcm_adv_inst_display_clocks/inst/clkout1_buf/O
                         net (fo=67, routed)          0.642     0.642    datapath/video_inst/inst_dvid/clk_out1
    SLICE_X161Y132       FDRE                                         r  datapath/video_inst/inst_dvid/latched_green_reg[9]/C
  -------------------------------------------------------------------    -------------------
    SLICE_X161Y132       FDRE (Prop_fdre_C_Q)         0.141     0.783 r  datapath/video_inst/inst_dvid/latched_green_reg[9]/Q
                         net (fo=1, routed)           0.723     1.506    datapath/video_inst/inst_dvid/latched_green[9]
    SLICE_X161Y134       FDRE                                         r  datapath/video_inst/inst_dvid/shift_green_reg[9]/D
  -------------------------------------------------------------------    -------------------

                         (clock clk_out2_clk_wiz_0 rise edge)
                                                      0.000     0.000 r  
    BUFGCTRL_X0Y2        BUFG                         0.000     0.000 r  clk_IBUF_BUFG_inst/O
                         net (fo=334, routed)         1.022     1.022    datapath/video_inst/mmcm_adv_inst_display_clocks/inst/clk_in1
    MMCME2_ADV_X1Y0      MMCME2_ADV (Prop_mmcme2_adv_CLKIN1_CLKOUT1)
                                                     -2.040    -1.018 r  datapath/video_inst/mmcm_adv_inst_display_clocks/inst/mmcm_adv_inst/CLKOUT1
                         net (fo=1, routed)           0.989    -0.029    datapath/video_inst/mmcm_adv_inst_display_clocks/inst/clk_out2_clk_wiz_0
    BUFGCTRL_X0Y0        BUFG (Prop_bufg_I_O)         0.029    -0.000 r  datapath/video_inst/mmcm_adv_inst_display_clocks/inst/clkout2_buf/O
                         net (fo=44, routed)          0.915     0.915    datapath/video_inst/inst_dvid/clk_out2
    SLICE_X161Y134       FDRE                                         r  datapath/video_inst/inst_dvid/shift_green_reg[9]/C
                         clock pessimism              0.080     0.995    
                         clock uncertainty            0.215     1.209    
    SLICE_X161Y134       FDRE (Hold_fdre_C_D)         0.072     1.281    datapath/video_inst/inst_dvid/shift_green_reg[9]
  -------------------------------------------------------------------
                         required time                         -1.281    
                         arrival time                           1.506    
  -------------------------------------------------------------------
                         slack                                  0.224    

Slack (MET) :             0.233ns  (arrival time - required time)
  Source:                 datapath/video_inst/inst_dvid/latched_green_reg[2]/C
                            (rising edge-triggered cell FDRE clocked by clk_out1_clk_wiz_0  {rise@0.000ns fall@20.000ns period=40.000ns})
  Destination:            datapath/video_inst/inst_dvid/shift_green_reg[4]/D
                            (rising edge-triggered cell FDRE clocked by clk_out2_clk_wiz_0  {rise@0.000ns fall@4.000ns period=8.000ns})
  Path Group:             clk_out2_clk_wiz_0
  Path Type:              Hold (Min at Fast Process Corner)
  Requirement:            0.000ns  (clk_out2_clk_wiz_0 rise@0.000ns - clk_out1_clk_wiz_0 rise@0.000ns)
  Data Path Delay:        0.907ns  (logic 0.224ns (24.704%)  route 0.683ns (75.296%))
  Logic Levels:           1  (LUT3=1)
  Clock Path Skew:        0.352ns (DCD - SCD - CPR)
    Destination Clock Delay (DCD):    0.916ns
    Source Clock Delay      (SCD):    0.644ns
    Clock Pessimism Removal (CPR):    -0.080ns
  Clock Uncertainty:      0.215ns  ((TSJ^2 + DJ^2)^1/2) / 2 + PE
    Total System Jitter     (TSJ):    0.071ns
    Discrete Jitter          (DJ):    0.175ns
    Phase Error              (PE):    0.120ns

    Location             Delay type                Incr(ns)  Path(ns)    Netlist Resource(s)
  -------------------------------------------------------------------    -------------------
                         (clock clk_out1_clk_wiz_0 rise edge)
                                                      0.000     0.000 r  
    BUFGCTRL_X0Y2        BUFG                         0.000     0.000 r  clk_IBUF_BUFG_inst/O
                         net (fo=334, routed)         0.745     0.745    datapath/video_inst/mmcm_adv_inst_display_clocks/inst/clk_in1
    MMCME2_ADV_X1Y0      MMCME2_ADV (Prop_mmcme2_adv_CLKIN1_CLKOUT0)
                                                     -1.683    -0.938 r  datapath/video_inst/mmcm_adv_inst_display_clocks/inst/mmcm_adv_inst/CLKOUT0
                         net (fo=1, routed)           0.912    -0.026    datapath/video_inst/mmcm_adv_inst_display_clocks/inst/clk_out1_clk_wiz_0
    BUFGCTRL_X0Y4        BUFG (Prop_bufg_I_O)         0.026    -0.000 r  datapath/video_inst/mmcm_adv_inst_display_clocks/inst/clkout1_buf/O
                         net (fo=67, routed)          0.644     0.644    datapath/video_inst/inst_dvid/clk_out1
    SLICE_X160Y134       FDRE                                         r  datapath/video_inst/inst_dvid/latched_green_reg[2]/C
  -------------------------------------------------------------------    -------------------
    SLICE_X160Y134       FDRE (Prop_fdre_C_Q)         0.128     0.772 r  datapath/video_inst/inst_dvid/latched_green_reg[2]/Q
                         net (fo=3, routed)           0.683     1.454    datapath/video_inst/inst_dvid/latched_green[2]
    SLICE_X161Y135       LUT3 (Prop_lut3_I2_O)        0.096     1.550 r  datapath/video_inst/inst_dvid/shift_green[4]_i_1/O
                         net (fo=1, routed)           0.000     1.550    datapath/video_inst/inst_dvid/shift_green_1[4]
    SLICE_X161Y135       FDRE                                         r  datapath/video_inst/inst_dvid/shift_green_reg[4]/D
  -------------------------------------------------------------------    -------------------

                         (clock clk_out2_clk_wiz_0 rise edge)
                                                      0.000     0.000 r  
    BUFGCTRL_X0Y2        BUFG                         0.000     0.000 r  clk_IBUF_BUFG_inst/O
                         net (fo=334, routed)         1.022     1.022    datapath/video_inst/mmcm_adv_inst_display_clocks/inst/clk_in1
    MMCME2_ADV_X1Y0      MMCME2_ADV (Prop_mmcme2_adv_CLKIN1_CLKOUT1)
                                                     -2.040    -1.018 r  datapath/video_inst/mmcm_adv_inst_display_clocks/inst/mmcm_adv_inst/CLKOUT1
                         net (fo=1, routed)           0.989    -0.029    datapath/video_inst/mmcm_adv_inst_display_clocks/inst/clk_out2_clk_wiz_0
    BUFGCTRL_X0Y0        BUFG (Prop_bufg_I_O)         0.029    -0.000 r  datapath/video_inst/mmcm_adv_inst_display_clocks/inst/clkout2_buf/O
                         net (fo=44, routed)          0.916     0.916    datapath/video_inst/inst_dvid/clk_out2
    SLICE_X161Y135       FDRE                                         r  datapath/video_inst/inst_dvid/shift_green_reg[4]/C
                         clock pessimism              0.080     0.996    
                         clock uncertainty            0.215     1.210    
    SLICE_X161Y135       FDRE (Hold_fdre_C_D)         0.107     1.317    datapath/video_inst/inst_dvid/shift_green_reg[4]
  -------------------------------------------------------------------
                         required time                         -1.317    
                         arrival time                           1.550    
  -------------------------------------------------------------------
                         slack                                  0.233    





--------------------------------------------------------------------------------------
Path Group:  (none)
From Clock:  
  To Clock:  

Max Delay           895 Endpoints
Min Delay           895 Endpoints
--------------------------------------------------------------------------------------


Max Delay Paths
--------------------------------------------------------------------------------------
Slack:                    inf
  Source:                 switch[3]
                            (input port)
  Destination:            oled/Example/temp_char_reg[1]/D
  Path Group:             (none)
  Path Type:              Max at Slow Process Corner
  Data Path Delay:        13.199ns  (logic 1.441ns (10.914%)  route 11.759ns (89.085%))
  Logic Levels:           4  (IBUF=1 LUT5=1 LUT6=2)

    Location             Delay type                Incr(ns)  Path(ns)    Netlist Resource(s)
  -------------------------------------------------------------------    -------------------
    G22                                               0.000     0.000 r  switch[3] (IN)
                         net (fo=0)                   0.000     0.000    switch[3]
    G22                  IBUF (Prop_ibuf_I_O)         1.069     1.069 r  switch_IBUF[3]_inst/O
                         net (fo=51, routed)         10.161    11.230    oled/Example/switch_IBUF[3]
    SLICE_X154Y110       LUT5 (Prop_lut5_I4_O)        0.124    11.354 f  oled/Example/temp_char[1]_i_11/O
                         net (fo=1, routed)           0.796    12.150    oled/Example/temp_char[1]_i_11_n_0
    SLICE_X154Y110       LUT6 (Prop_lut6_I0_O)        0.124    12.274 f  oled/Example/temp_char[1]_i_5/O
                         net (fo=1, routed)           0.801    13.075    oled/Example/temp_char[1]_i_5_n_0
    SLICE_X154Y111       LUT6 (Prop_lut6_I5_O)        0.124    13.199 r  oled/Example/temp_char[1]_i_1/O
                         net (fo=1, routed)           0.000    13.199    oled/Example/temp_char[1]_i_1_n_0
    SLICE_X154Y111       FDRE                                         r  oled/Example/temp_char_reg[1]/D
  -------------------------------------------------------------------    -------------------

Slack:                    inf
  Source:                 switch[3]
                            (input port)
  Destination:            oled/Example/temp_char_reg[3]/D
  Path Group:             (none)
  Path Type:              Max at Slow Process Corner
  Data Path Delay:        12.666ns  (logic 1.669ns (13.175%)  route 10.997ns (86.825%))
  Logic Levels:           4  (IBUF=1 LUT5=1 LUT6=2)

    Location             Delay type                Incr(ns)  Path(ns)    Netlist Resource(s)
  -------------------------------------------------------------------    -------------------
    G22                                               0.000     0.000 f  switch[3] (IN)
                         net (fo=0)                   0.000     0.000    switch[3]
    G22                  IBUF (Prop_ibuf_I_O)         1.069     1.069 f  switch_IBUF[3]_inst/O
                         net (fo=51, routed)          9.843    10.912    oled/Example/switch_IBUF[3]
    SLICE_X152Y110       LUT5 (Prop_lut5_I0_O)        0.148    11.060 r  oled/Example/temp_char[3]_i_7/O
                         net (fo=1, routed)           0.452    11.512    oled/Example/temp_char[3]_i_7_n_0
    SLICE_X152Y110       LUT6 (Prop_lut6_I0_O)        0.328    11.840 r  oled/Example/temp_char[3]_i_4/O
                         net (fo=1, routed)           0.701    12.542    oled/Example/temp_char[3]_i_4_n_0
    SLICE_X153Y110       LUT6 (Prop_lut6_I5_O)        0.124    12.666 r  oled/Example/temp_char[3]_i_1/O
                         net (fo=1, routed)           0.000    12.666    oled/Example/temp_char[3]_i_1_n_0
    SLICE_X153Y110       FDRE                                         r  oled/Example/temp_char_reg[3]/D
  -------------------------------------------------------------------    -------------------

Slack:                    inf
  Source:                 switch[3]
                            (input port)
  Destination:            oled/Example/temp_char_reg[6]/D
  Path Group:             (none)
  Path Type:              Max at Slow Process Corner
  Data Path Delay:        12.447ns  (logic 1.550ns (12.450%)  route 10.898ns (87.550%))
  Logic Levels:           3  (IBUF=1 LUT5=1 LUT6=1)

    Location             Delay type                Incr(ns)  Path(ns)    Netlist Resource(s)
  -------------------------------------------------------------------    -------------------
    G22                                               0.000     0.000 r  switch[3] (IN)
                         net (fo=0)                   0.000     0.000    switch[3]
    G22                  IBUF (Prop_ibuf_I_O)         1.069     1.069 r  switch_IBUF[3]_inst/O
                         net (fo=51, routed)          9.995    11.064    oled/Example/switch_IBUF[3]
    SLICE_X153Y111       LUT5 (Prop_lut5_I2_O)        0.154    11.218 f  oled/Example/temp_char[6]_i_2/O
                         net (fo=3, routed)           0.902    12.120    oled/Example/temp_char[6]_i_2_n_0
    SLICE_X154Y111       LUT6 (Prop_lut6_I4_O)        0.327    12.447 r  oled/Example/temp_char[6]_i_1/O
                         net (fo=1, routed)           0.000    12.447    oled/Example/temp_char[6]_i_1_n_0
    SLICE_X154Y111       FDRE                                         r  oled/Example/temp_char_reg[6]/D
  -------------------------------------------------------------------    -------------------

Slack:                    inf
  Source:                 switch[3]
                            (input port)
  Destination:            oled/Example/temp_char_reg[5]/D
  Path Group:             (none)
  Path Type:              Max at Slow Process Corner
  Data Path Delay:        12.429ns  (logic 1.550ns (12.468%)  route 10.880ns (87.532%))
  Logic Levels:           3  (IBUF=1 LUT5=1 LUT6=1)

    Location             Delay type                Incr(ns)  Path(ns)    Netlist Resource(s)
  -------------------------------------------------------------------    -------------------
    G22                                               0.000     0.000 f  switch[3] (IN)
                         net (fo=0)                   0.000     0.000    switch[3]
    G22                  IBUF (Prop_ibuf_I_O)         1.069     1.069 f  switch_IBUF[3]_inst/O
                         net (fo=51, routed)          9.995    11.064    oled/Example/switch_IBUF[3]
    SLICE_X153Y111       LUT5 (Prop_lut5_I2_O)        0.154    11.218 r  oled/Example/temp_char[6]_i_2/O
                         net (fo=3, routed)           0.884    12.102    oled/Example/temp_char[6]_i_2_n_0
    SLICE_X155Y111       LUT6 (Prop_lut6_I4_O)        0.327    12.429 r  oled/Example/temp_char[5]_i_1/O
                         net (fo=1, routed)           0.000    12.429    oled/Example/temp_char[5]_i_1_n_0
    SLICE_X155Y111       FDRE                                         r  oled/Example/temp_char_reg[5]/D
  -------------------------------------------------------------------    -------------------

Slack:                    inf
  Source:                 switch[3]
                            (input port)
  Destination:            oled/Example/temp_char_reg[0]/D
  Path Group:             (none)
  Path Type:              Max at Slow Process Corner
  Data Path Delay:        12.375ns  (logic 1.441ns (11.641%)  route 10.935ns (88.359%))
  Logic Levels:           4  (IBUF=1 LUT6=3)

    Location             Delay type                Incr(ns)  Path(ns)    Netlist Resource(s)
  -------------------------------------------------------------------    -------------------
    G22                                               0.000     0.000 r  switch[3] (IN)
                         net (fo=0)                   0.000     0.000    switch[3]
    G22                  IBUF (Prop_ibuf_I_O)         1.069     1.069 r  switch_IBUF[3]_inst/O
                         net (fo=51, routed)          9.983    11.052    oled/Example/switch_IBUF[3]
    SLICE_X155Y112       LUT6 (Prop_lut6_I4_O)        0.124    11.176 r  oled/Example/temp_char[0]_i_5/O
                         net (fo=1, routed)           0.151    11.327    oled/Example/temp_char[0]_i_5_n_0
    SLICE_X155Y112       LUT6 (Prop_lut6_I0_O)        0.124    11.451 f  oled/Example/temp_char[0]_i_2/O
                         net (fo=1, routed)           0.800    12.251    oled/Example/temp_char[0]_i_2_n_0
    SLICE_X155Y110       LUT6 (Prop_lut6_I0_O)        0.124    12.375 r  oled/Example/temp_char[0]_i_1/O
                         net (fo=1, routed)           0.000    12.375    oled/Example/temp_char[0]_i_1_n_0
    SLICE_X155Y110       FDRE                                         r  oled/Example/temp_char_reg[0]/D
  -------------------------------------------------------------------    -------------------

Slack:                    inf
  Source:                 switch[3]
                            (input port)
  Destination:            oled/Example/temp_char_reg[4]/D
  Path Group:             (none)
  Path Type:              Max at Slow Process Corner
  Data Path Delay:        12.197ns  (logic 1.550ns (12.705%)  route 10.648ns (87.295%))
  Logic Levels:           3  (IBUF=1 LUT5=1 LUT6=1)

    Location             Delay type                Incr(ns)  Path(ns)    Netlist Resource(s)
  -------------------------------------------------------------------    -------------------
    G22                                               0.000     0.000 f  switch[3] (IN)
                         net (fo=0)                   0.000     0.000    switch[3]
    G22                  IBUF (Prop_ibuf_I_O)         1.069     1.069 f  switch_IBUF[3]_inst/O
                         net (fo=51, routed)          9.995    11.064    oled/Example/switch_IBUF[3]
    SLICE_X153Y111       LUT5 (Prop_lut5_I2_O)        0.154    11.218 r  oled/Example/temp_char[6]_i_2/O
                         net (fo=3, routed)           0.652    11.870    oled/Example/temp_char[6]_i_2_n_0
    SLICE_X153Y110       LUT6 (Prop_lut6_I2_O)        0.327    12.197 r  oled/Example/temp_char[4]_i_1/O
                         net (fo=1, routed)           0.000    12.197    oled/Example/temp_char[4]_i_1_n_0
    SLICE_X153Y110       FDRE                                         r  oled/Example/temp_char_reg[4]/D
  -------------------------------------------------------------------    -------------------

Slack:                    inf
  Source:                 oled/Initialize/temp_res_reg/C
                            (rising edge-triggered cell FDRE)
  Destination:            oled_res
                            (output port)
  Path Group:             (none)
  Path Type:              Max at Slow Process Corner
  Data Path Delay:        12.053ns  (logic 4.077ns (33.824%)  route 7.976ns (66.176%))
  Logic Levels:           2  (FDRE=1 OBUF=1)

    Location             Delay type                Incr(ns)  Path(ns)    Netlist Resource(s)
  -------------------------------------------------------------------    -------------------
    SLICE_X144Y117       FDRE                         0.000     0.000 r  oled/Initialize/temp_res_reg/C
    SLICE_X144Y117       FDRE (Prop_fdre_C_Q)         0.518     0.518 r  oled/Initialize/temp_res_reg/Q
                         net (fo=1, routed)           7.976     8.494    oled_res_OBUF
    U21                  OBUF (Prop_obuf_I_O)         3.559    12.053 r  oled_res_OBUF_inst/O
                         net (fo=0)                   0.000    12.053    oled_res
    U21                                                               r  oled_res (OUT)
  -------------------------------------------------------------------    -------------------

Slack:                    inf
  Source:                 switch[3]
                            (input port)
  Destination:            oled/Example/temp_char_reg[2]/D
  Path Group:             (none)
  Path Type:              Max at Slow Process Corner
  Data Path Delay:        11.981ns  (logic 1.317ns (10.990%)  route 10.664ns (89.010%))
  Logic Levels:           3  (IBUF=1 LUT3=1 LUT6=1)

    Location             Delay type                Incr(ns)  Path(ns)    Netlist Resource(s)
  -------------------------------------------------------------------    -------------------
    G22                                               0.000     0.000 f  switch[3] (IN)
                         net (fo=0)                   0.000     0.000    switch[3]
    G22                  IBUF (Prop_ibuf_I_O)         1.069     1.069 f  switch_IBUF[3]_inst/O
                         net (fo=51, routed)          9.997    11.066    oled/Example/switch_IBUF[3]
    SLICE_X153Y111       LUT3 (Prop_lut3_I1_O)        0.124    11.190 r  oled/Example/temp_char[2]_i_4/O
                         net (fo=1, routed)           0.667    11.857    oled/Example/temp_char[2]_i_4_n_0
    SLICE_X153Y111       LUT6 (Prop_lut6_I3_O)        0.124    11.981 r  oled/Example/temp_char[2]_i_1/O
                         net (fo=1, routed)           0.000    11.981    oled/Example/temp_char[2]_i_1_n_0
    SLICE_X153Y111       FDRE                                         r  oled/Example/temp_char_reg[2]/D
  -------------------------------------------------------------------    -------------------

Slack:                    inf
  Source:                 switch[3]
                            (input port)
  Destination:            datapath/rightChannelMemory/sdp_bl.ramb18_dp_bl.ram18_bl/ADDRBWRADDR[9]
  Path Group:             (none)
  Path Type:              Max at Slow Process Corner
  Data Path Delay:        11.806ns  (logic 1.221ns (10.339%)  route 10.586ns (89.661%))
  Logic Levels:           2  (IBUF=1 LUT2=1)

    Location             Delay type                Incr(ns)  Path(ns)    Netlist Resource(s)
  -------------------------------------------------------------------    -------------------
    G22                                               0.000     0.000 r  switch[3] (IN)
                         net (fo=0)                   0.000     0.000    switch[3]
    G22                  IBUF (Prop_ibuf_I_O)         1.069     1.069 r  switch_IBUF[3]_inst/O
                         net (fo=51, routed)          9.280    10.348    datapath/address_counter/switch_IBUF[0]
    SLICE_X155Y119       LUT2 (Prop_lut2_I1_O)        0.152    10.500 r  datapath/address_counter/sdp_bl.ramb18_dp_bl.ram18_bl_i_5__0/O
                         net (fo=2, routed)           1.306    11.806    datapath/rightChannelMemory/ADDRBWRADDR[5]
    RAMB18_X8Y50         RAMB18E1                                     r  datapath/rightChannelMemory/sdp_bl.ramb18_dp_bl.ram18_bl/ADDRBWRADDR[9]
  -------------------------------------------------------------------    -------------------

Slack:                    inf
  Source:                 switch[3]
                            (input port)
  Destination:            datapath/rightChannelMemory/sdp_bl.ramb18_dp_bl.ram18_bl/ADDRBWRADDR[13]
  Path Group:             (none)
  Path Type:              Max at Slow Process Corner
  Data Path Delay:        11.719ns  (logic 1.222ns (10.424%)  route 10.497ns (89.576%))
  Logic Levels:           2  (IBUF=1 LUT2=1)

    Location             Delay type                Incr(ns)  Path(ns)    Netlist Resource(s)
  -------------------------------------------------------------------    -------------------
    G22                                               0.000     0.000 r  switch[3] (IN)
                         net (fo=0)                   0.000     0.000    switch[3]
    G22                  IBUF (Prop_ibuf_I_O)         1.069     1.069 r  switch_IBUF[3]_inst/O
                         net (fo=51, routed)          9.286    10.355    datapath/address_counter/switch_IBUF[0]
    SLICE_X152Y120       LUT2 (Prop_lut2_I1_O)        0.153    10.508 r  datapath/address_counter/sdp_bl.ramb18_dp_bl.ram18_bl_i_1__1/O
                         net (fo=2, routed)           1.211    11.719    datapath/rightChannelMemory/ADDRBWRADDR[9]
    RAMB18_X8Y50         RAMB18E1                                     r  datapath/rightChannelMemory/sdp_bl.ramb18_dp_bl.ram18_bl/ADDRBWRADDR[13]
  -------------------------------------------------------------------    -------------------





Min Delay Paths
--------------------------------------------------------------------------------------
Slack:                    inf
  Source:                 oled/Initialize/spi_comp/shift_register_reg[7]/C
                            (rising edge-triggered cell FDRE)
  Destination:            oled/Initialize/spi_comp/temp_sdata_reg/D
  Path Group:             (none)
  Path Type:              Min at Fast Process Corner
  Data Path Delay:        0.241ns  (logic 0.128ns (53.025%)  route 0.113ns (46.975%))
  Logic Levels:           1  (FDRE=1)

    Location             Delay type                Incr(ns)  Path(ns)    Netlist Resource(s)
  -------------------------------------------------------------------    -------------------
    SLICE_X149Y114       FDRE                         0.000     0.000 r  oled/Initialize/spi_comp/shift_register_reg[7]/C
    SLICE_X149Y114       FDRE (Prop_fdre_C_Q)         0.128     0.128 r  oled/Initialize/spi_comp/shift_register_reg[7]/Q
                         net (fo=1, routed)           0.113     0.241    oled/Initialize/spi_comp/p_0_in
    SLICE_X148Y114       FDSE                                         r  oled/Initialize/spi_comp/temp_sdata_reg/D
  -------------------------------------------------------------------    -------------------

Slack:                    inf
  Source:                 datapath/Audio_Codec/audio_inout/Data_In_int_reg[21]/C
                            (rising edge-triggered cell FDRE)
  Destination:            datapath/Audio_Codec/audio_inout/D_R_O_int_reg[13]/D
  Path Group:             (none)
  Path Type:              Min at Fast Process Corner
  Data Path Delay:        0.251ns  (logic 0.128ns (51.075%)  route 0.123ns (48.925%))
  Logic Levels:           1  (FDRE=1)

    Location             Delay type                Incr(ns)  Path(ns)    Netlist Resource(s)
  -------------------------------------------------------------------    -------------------
    SLICE_X149Y120       FDRE                         0.000     0.000 r  datapath/Audio_Codec/audio_inout/Data_In_int_reg[21]/C
    SLICE_X149Y120       FDRE (Prop_fdre_C_Q)         0.128     0.128 r  datapath/Audio_Codec/audio_inout/Data_In_int_reg[21]/Q
                         net (fo=3, routed)           0.123     0.251    datapath/Audio_Codec/audio_inout/Data_In_int[21]
    SLICE_X149Y121       FDRE                                         r  datapath/Audio_Codec/audio_inout/D_R_O_int_reg[13]/D
  -------------------------------------------------------------------    -------------------

Slack:                    inf
  Source:                 datapath/Audio_Codec/audio_inout/Data_In_int_reg[13]/C
                            (rising edge-triggered cell FDRE)
  Destination:            datapath/Audio_Codec/audio_inout/Data_In_int_reg[14]/D
  Path Group:             (none)
  Path Type:              Min at Fast Process Corner
  Data Path Delay:        0.253ns  (logic 0.141ns (55.730%)  route 0.112ns (44.270%))
  Logic Levels:           1  (FDRE=1)

    Location             Delay type                Incr(ns)  Path(ns)    Netlist Resource(s)
  -------------------------------------------------------------------    -------------------
    SLICE_X145Y122       FDRE                         0.000     0.000 r  datapath/Audio_Codec/audio_inout/Data_In_int_reg[13]/C
    SLICE_X145Y122       FDRE (Prop_fdre_C_Q)         0.141     0.141 r  datapath/Audio_Codec/audio_inout/Data_In_int_reg[13]/Q
                         net (fo=1, routed)           0.112     0.253    datapath/Audio_Codec/audio_inout/Data_In_int[13]
    SLICE_X144Y122       FDRE                                         r  datapath/Audio_Codec/audio_inout/Data_In_int_reg[14]/D
  -------------------------------------------------------------------    -------------------

Slack:                    inf
  Source:                 oled/Example/temp_char_reg[0]/C
                            (rising edge-triggered cell FDRE)
  Destination:            oled/Example/temp_addr_reg[3]/D
  Path Group:             (none)
  Path Type:              Min at Fast Process Corner
  Data Path Delay:        0.257ns  (logic 0.141ns (54.828%)  route 0.116ns (45.172%))
  Logic Levels:           1  (FDRE=1)

    Location             Delay type                Incr(ns)  Path(ns)    Netlist Resource(s)
  -------------------------------------------------------------------    -------------------
    SLICE_X155Y110       FDRE                         0.000     0.000 r  oled/Example/temp_char_reg[0]/C
    SLICE_X155Y110       FDRE (Prop_fdre_C_Q)         0.141     0.141 r  oled/Example/temp_char_reg[0]/Q
                         net (fo=1, routed)           0.116     0.257    oled/Example/data0[3]
    SLICE_X154Y110       FDRE                                         r  oled/Example/temp_addr_reg[3]/D
  -------------------------------------------------------------------    -------------------

Slack:                    inf
  Source:                 datapath/Audio_Codec/audio_inout/Data_In_int_reg[17]/C
                            (rising edge-triggered cell FDRE)
  Destination:            datapath/Audio_Codec/audio_inout/D_L_O_int_reg[9]/D
  Path Group:             (none)
  Path Type:              Min at Fast Process Corner
  Data Path Delay:        0.263ns  (logic 0.141ns (53.584%)  route 0.122ns (46.416%))
  Logic Levels:           1  (FDRE=1)

    Location             Delay type                Incr(ns)  Path(ns)    Netlist Resource(s)
  -------------------------------------------------------------------    -------------------
    SLICE_X149Y120       FDRE                         0.000     0.000 r  datapath/Audio_Codec/audio_inout/Data_In_int_reg[17]/C
    SLICE_X149Y120       FDRE (Prop_fdre_C_Q)         0.141     0.141 r  datapath/Audio_Codec/audio_inout/Data_In_int_reg[17]/Q
                         net (fo=3, routed)           0.122     0.263    datapath/Audio_Codec/audio_inout/Data_In_int[17]
    SLICE_X149Y119       FDRE                                         r  datapath/Audio_Codec/audio_inout/D_L_O_int_reg[9]/D
  -------------------------------------------------------------------    -------------------

Slack:                    inf
  Source:                 datapath/Audio_Codec/audio_inout/Data_In_int_reg[20]/C
                            (rising edge-triggered cell FDRE)
  Destination:            datapath/Audio_Codec/audio_inout/D_L_O_int_reg[12]/D
  Path Group:             (none)
  Path Type:              Min at Fast Process Corner
  Data Path Delay:        0.265ns  (logic 0.141ns (53.294%)  route 0.124ns (46.706%))
  Logic Levels:           1  (FDRE=1)

    Location             Delay type                Incr(ns)  Path(ns)    Netlist Resource(s)
  -------------------------------------------------------------------    -------------------
    SLICE_X149Y120       FDRE                         0.000     0.000 r  datapath/Audio_Codec/audio_inout/Data_In_int_reg[20]/C
    SLICE_X149Y120       FDRE (Prop_fdre_C_Q)         0.141     0.141 r  datapath/Audio_Codec/audio_inout/Data_In_int_reg[20]/Q
                         net (fo=3, routed)           0.124     0.265    datapath/Audio_Codec/audio_inout/Data_In_int[20]
    SLICE_X150Y120       FDRE                                         r  datapath/Audio_Codec/audio_inout/D_L_O_int_reg[12]/D
  -------------------------------------------------------------------    -------------------

Slack:                    inf
  Source:                 datapath/Audio_Codec/audio_inout/Data_In_int_reg[17]/C
                            (rising edge-triggered cell FDRE)
  Destination:            datapath/Audio_Codec/audio_inout/Data_In_int_reg[18]/D
  Path Group:             (none)
  Path Type:              Min at Fast Process Corner
  Data Path Delay:        0.267ns  (logic 0.141ns (52.773%)  route 0.126ns (47.227%))
  Logic Levels:           1  (FDRE=1)

    Location             Delay type                Incr(ns)  Path(ns)    Netlist Resource(s)
  -------------------------------------------------------------------    -------------------
    SLICE_X149Y120       FDRE                         0.000     0.000 r  datapath/Audio_Codec/audio_inout/Data_In_int_reg[17]/C
    SLICE_X149Y120       FDRE (Prop_fdre_C_Q)         0.141     0.141 r  datapath/Audio_Codec/audio_inout/Data_In_int_reg[17]/Q
                         net (fo=3, routed)           0.126     0.267    datapath/Audio_Codec/audio_inout/Data_In_int[17]
    SLICE_X149Y120       FDRE                                         r  datapath/Audio_Codec/audio_inout/Data_In_int_reg[18]/D
  -------------------------------------------------------------------    -------------------

Slack:                    inf
  Source:                 oled/Example/temp_char_reg[1]/C
                            (rising edge-triggered cell FDRE)
  Destination:            oled/Example/temp_addr_reg[4]/D
  Path Group:             (none)
  Path Type:              Min at Fast Process Corner
  Data Path Delay:        0.274ns  (logic 0.164ns (59.816%)  route 0.110ns (40.184%))
  Logic Levels:           1  (FDRE=1)

    Location             Delay type                Incr(ns)  Path(ns)    Netlist Resource(s)
  -------------------------------------------------------------------    -------------------
    SLICE_X154Y111       FDRE                         0.000     0.000 r  oled/Example/temp_char_reg[1]/C
    SLICE_X154Y111       FDRE (Prop_fdre_C_Q)         0.164     0.164 r  oled/Example/temp_char_reg[1]/Q
                         net (fo=1, routed)           0.110     0.274    oled/Example/data0[4]
    SLICE_X154Y110       FDRE                                         r  oled/Example/temp_addr_reg[4]/D
  -------------------------------------------------------------------    -------------------

Slack:                    inf
  Source:                 datapath/Audio_Codec/audio_inout/Data_In_int_reg[19]/C
                            (rising edge-triggered cell FDRE)
  Destination:            datapath/Audio_Codec/audio_inout/Data_In_int_reg[20]/D
  Path Group:             (none)
  Path Type:              Min at Fast Process Corner
  Data Path Delay:        0.278ns  (logic 0.141ns (50.760%)  route 0.137ns (49.240%))
  Logic Levels:           1  (FDRE=1)

    Location             Delay type                Incr(ns)  Path(ns)    Netlist Resource(s)
  -------------------------------------------------------------------    -------------------
    SLICE_X149Y120       FDRE                         0.000     0.000 r  datapath/Audio_Codec/audio_inout/Data_In_int_reg[19]/C
    SLICE_X149Y120       FDRE (Prop_fdre_C_Q)         0.141     0.141 r  datapath/Audio_Codec/audio_inout/Data_In_int_reg[19]/Q
                         net (fo=3, routed)           0.137     0.278    datapath/Audio_Codec/audio_inout/Data_In_int[19]
    SLICE_X149Y120       FDRE                                         r  datapath/Audio_Codec/audio_inout/Data_In_int_reg[20]/D
  -------------------------------------------------------------------    -------------------

Slack:                    inf
  Source:                 datapath/Audio_Codec/audio_inout/Data_In_int_reg[22]/C
                            (rising edge-triggered cell FDRE)
  Destination:            datapath/Audio_Codec/audio_inout/Data_In_int_reg[23]/D
  Path Group:             (none)
  Path Type:              Min at Fast Process Corner
  Data Path Delay:        0.279ns  (logic 0.128ns (45.828%)  route 0.151ns (54.172%))
  Logic Levels:           1  (FDRE=1)

    Location             Delay type                Incr(ns)  Path(ns)    Netlist Resource(s)
  -------------------------------------------------------------------    -------------------
    SLICE_X149Y120       FDRE                         0.000     0.000 r  datapath/Audio_Codec/audio_inout/Data_In_int_reg[22]/C
    SLICE_X149Y120       FDRE (Prop_fdre_C_Q)         0.128     0.128 r  datapath/Audio_Codec/audio_inout/Data_In_int_reg[22]/Q
                         net (fo=3, routed)           0.151     0.279    datapath/Audio_Codec/audio_inout/Data_In_int[22]
    SLICE_X149Y120       FDRE                                         r  datapath/Audio_Codec/audio_inout/Data_In_int_reg[23]/D
  -------------------------------------------------------------------    -------------------





--------------------------------------------------------------------------------------
Path Group:  (none)
From Clock:  clk_out1_clk_wiz_0
  To Clock:  

Max Delay            20 Endpoints
Min Delay            20 Endpoints
--------------------------------------------------------------------------------------


Max Delay Paths
--------------------------------------------------------------------------------------
Slack:                    inf
  Source:                 datapath/video_inst/Inst_vga/inst_vga_signal_generator/h_counter/processQ_reg[9]/C
                            (rising edge-triggered cell FDRE clocked by clk_out1_clk_wiz_0  {rise@0.000ns fall@20.000ns period=40.000ns})
  Destination:            datapath/leftChannelMemory/sdp_bl.ramb18_dp_bl.ram18_bl/ADDRARDADDR[13]
  Path Group:             (none)
  Path Type:              Max at Slow Process Corner
  Data Path Delay:        3.085ns  (logic 0.456ns (14.780%)  route 2.629ns (85.220%))
  Logic Levels:           0  
  Clock Uncertainty:      0.190ns  ((TSJ^2 + DJ^2)^1/2) / 2 + PE
    Total System Jitter     (TSJ):    0.050ns
    Discrete Jitter          (DJ):    0.175ns
    Phase Error              (PE):    0.099ns

    Location             Delay type                Incr(ns)  Path(ns)    Netlist Resource(s)
  -------------------------------------------------------------------    -------------------
                         (clock clk_out1_clk_wiz_0 rise edge)
                                                      0.000     0.000 r  
    BUFGCTRL_X0Y2        BUFG                         0.000     0.000 r  clk_IBUF_BUFG_inst/O
                         net (fo=334, routed)         2.106     2.106    datapath/video_inst/mmcm_adv_inst_display_clocks/inst/clk_in1
    MMCME2_ADV_X1Y0      MMCME2_ADV (Prop_mmcme2_adv_CLKIN1_CLKOUT0)
                                                     -4.900    -2.793 r  datapath/video_inst/mmcm_adv_inst_display_clocks/inst/mmcm_adv_inst/CLKOUT0
                         net (fo=1, routed)           2.697    -0.096    datapath/video_inst/mmcm_adv_inst_display_clocks/inst/clk_out1_clk_wiz_0
    BUFGCTRL_X0Y4        BUFG (Prop_bufg_I_O)         0.096    -0.000 r  datapath/video_inst/mmcm_adv_inst_display_clocks/inst/clkout1_buf/O
                         net (fo=67, routed)          1.736     1.736    datapath/video_inst/Inst_vga/inst_vga_signal_generator/h_counter/clk_out1
    SLICE_X153Y124       FDRE                                         r  datapath/video_inst/Inst_vga/inst_vga_signal_generator/h_counter/processQ_reg[9]/C
  -------------------------------------------------------------------    -------------------
    SLICE_X153Y124       FDRE (Prop_fdre_C_Q)         0.456     2.192 r  datapath/video_inst/Inst_vga/inst_vga_signal_generator/h_counter/processQ_reg[9]/Q
                         net (fo=45, routed)          2.629     4.822    datapath/leftChannelMemory/position[col][9]
    RAMB18_X8Y49         RAMB18E1                                     r  datapath/leftChannelMemory/sdp_bl.ramb18_dp_bl.ram18_bl/ADDRARDADDR[13]
  -------------------------------------------------------------------    -------------------

Slack:                    inf
  Source:                 datapath/video_inst/Inst_vga/inst_vga_signal_generator/h_counter/processQ_reg[9]/C
                            (rising edge-triggered cell FDRE clocked by clk_out1_clk_wiz_0  {rise@0.000ns fall@20.000ns period=40.000ns})
  Destination:            datapath/rightChannelMemory/sdp_bl.ramb18_dp_bl.ram18_bl/ADDRARDADDR[13]
  Path Group:             (none)
  Path Type:              Max at Slow Process Corner
  Data Path Delay:        2.747ns  (logic 0.456ns (16.598%)  route 2.291ns (83.402%))
  Logic Levels:           0  
  Clock Uncertainty:      0.190ns  ((TSJ^2 + DJ^2)^1/2) / 2 + PE
    Total System Jitter     (TSJ):    0.050ns
    Discrete Jitter          (DJ):    0.175ns
    Phase Error              (PE):    0.099ns

    Location             Delay type                Incr(ns)  Path(ns)    Netlist Resource(s)
  -------------------------------------------------------------------    -------------------
                         (clock clk_out1_clk_wiz_0 rise edge)
                                                      0.000     0.000 r  
    BUFGCTRL_X0Y2        BUFG                         0.000     0.000 r  clk_IBUF_BUFG_inst/O
                         net (fo=334, routed)         2.106     2.106    datapath/video_inst/mmcm_adv_inst_display_clocks/inst/clk_in1
    MMCME2_ADV_X1Y0      MMCME2_ADV (Prop_mmcme2_adv_CLKIN1_CLKOUT0)
                                                     -4.900    -2.793 r  datapath/video_inst/mmcm_adv_inst_display_clocks/inst/mmcm_adv_inst/CLKOUT0
                         net (fo=1, routed)           2.697    -0.096    datapath/video_inst/mmcm_adv_inst_display_clocks/inst/clk_out1_clk_wiz_0
    BUFGCTRL_X0Y4        BUFG (Prop_bufg_I_O)         0.096    -0.000 r  datapath/video_inst/mmcm_adv_inst_display_clocks/inst/clkout1_buf/O
                         net (fo=67, routed)          1.736     1.736    datapath/video_inst/Inst_vga/inst_vga_signal_generator/h_counter/clk_out1
    SLICE_X153Y124       FDRE                                         r  datapath/video_inst/Inst_vga/inst_vga_signal_generator/h_counter/processQ_reg[9]/C
  -------------------------------------------------------------------    -------------------
    SLICE_X153Y124       FDRE (Prop_fdre_C_Q)         0.456     2.192 r  datapath/video_inst/Inst_vga/inst_vga_signal_generator/h_counter/processQ_reg[9]/Q
                         net (fo=45, routed)          2.291     4.484    datapath/rightChannelMemory/position[col][9]
    RAMB18_X8Y50         RAMB18E1                                     r  datapath/rightChannelMemory/sdp_bl.ramb18_dp_bl.ram18_bl/ADDRARDADDR[13]
  -------------------------------------------------------------------    -------------------

Slack:                    inf
  Source:                 datapath/video_inst/Inst_vga/inst_vga_signal_generator/h_counter/processQ_reg[0]/C
                            (rising edge-triggered cell FDRE clocked by clk_out1_clk_wiz_0  {rise@0.000ns fall@20.000ns period=40.000ns})
  Destination:            datapath/leftChannelMemory/sdp_bl.ramb18_dp_bl.ram18_bl/ADDRARDADDR[4]
  Path Group:             (none)
  Path Type:              Max at Slow Process Corner
  Data Path Delay:        2.455ns  (logic 0.518ns (21.097%)  route 1.937ns (78.903%))
  Logic Levels:           0  
  Clock Uncertainty:      0.190ns  ((TSJ^2 + DJ^2)^1/2) / 2 + PE
    Total System Jitter     (TSJ):    0.050ns
    Discrete Jitter          (DJ):    0.175ns
    Phase Error              (PE):    0.099ns

    Location             Delay type                Incr(ns)  Path(ns)    Netlist Resource(s)
  -------------------------------------------------------------------    -------------------
                         (clock clk_out1_clk_wiz_0 rise edge)
                                                      0.000     0.000 r  
    BUFGCTRL_X0Y2        BUFG                         0.000     0.000 r  clk_IBUF_BUFG_inst/O
                         net (fo=334, routed)         2.106     2.106    datapath/video_inst/mmcm_adv_inst_display_clocks/inst/clk_in1
    MMCME2_ADV_X1Y0      MMCME2_ADV (Prop_mmcme2_adv_CLKIN1_CLKOUT0)
                                                     -4.900    -2.793 r  datapath/video_inst/mmcm_adv_inst_display_clocks/inst/mmcm_adv_inst/CLKOUT0
                         net (fo=1, routed)           2.697    -0.096    datapath/video_inst/mmcm_adv_inst_display_clocks/inst/clk_out1_clk_wiz_0
    BUFGCTRL_X0Y4        BUFG (Prop_bufg_I_O)         0.096    -0.000 r  datapath/video_inst/mmcm_adv_inst_display_clocks/inst/clkout1_buf/O
                         net (fo=67, routed)          1.738     1.738    datapath/video_inst/Inst_vga/inst_vga_signal_generator/h_counter/clk_out1
    SLICE_X150Y123       FDRE                                         r  datapath/video_inst/Inst_vga/inst_vga_signal_generator/h_counter/processQ_reg[0]/C
  -------------------------------------------------------------------    -------------------
    SLICE_X150Y123       FDRE (Prop_fdre_C_Q)         0.518     2.256 r  datapath/video_inst/Inst_vga/inst_vga_signal_generator/h_counter/processQ_reg[0]/Q
                         net (fo=57, routed)          1.937     4.194    datapath/leftChannelMemory/position[col][0]
    RAMB18_X8Y49         RAMB18E1                                     r  datapath/leftChannelMemory/sdp_bl.ramb18_dp_bl.ram18_bl/ADDRARDADDR[4]
  -------------------------------------------------------------------    -------------------

Slack:                    inf
  Source:                 datapath/video_inst/Inst_vga/inst_vga_signal_generator/h_counter/processQ_reg[4]/C
                            (rising edge-triggered cell FDRE clocked by clk_out1_clk_wiz_0  {rise@0.000ns fall@20.000ns period=40.000ns})
  Destination:            datapath/leftChannelMemory/sdp_bl.ramb18_dp_bl.ram18_bl/ADDRARDADDR[8]
  Path Group:             (none)
  Path Type:              Max at Slow Process Corner
  Data Path Delay:        2.445ns  (logic 0.456ns (18.653%)  route 1.989ns (81.347%))
  Logic Levels:           0  
  Clock Uncertainty:      0.190ns  ((TSJ^2 + DJ^2)^1/2) / 2 + PE
    Total System Jitter     (TSJ):    0.050ns
    Discrete Jitter          (DJ):    0.175ns
    Phase Error              (PE):    0.099ns

    Location             Delay type                Incr(ns)  Path(ns)    Netlist Resource(s)
  -------------------------------------------------------------------    -------------------
                         (clock clk_out1_clk_wiz_0 rise edge)
                                                      0.000     0.000 r  
    BUFGCTRL_X0Y2        BUFG                         0.000     0.000 r  clk_IBUF_BUFG_inst/O
                         net (fo=334, routed)         2.106     2.106    datapath/video_inst/mmcm_adv_inst_display_clocks/inst/clk_in1
    MMCME2_ADV_X1Y0      MMCME2_ADV (Prop_mmcme2_adv_CLKIN1_CLKOUT0)
                                                     -4.900    -2.793 r  datapath/video_inst/mmcm_adv_inst_display_clocks/inst/mmcm_adv_inst/CLKOUT0
                         net (fo=1, routed)           2.697    -0.096    datapath/video_inst/mmcm_adv_inst_display_clocks/inst/clk_out1_clk_wiz_0
    BUFGCTRL_X0Y4        BUFG (Prop_bufg_I_O)         0.096    -0.000 r  datapath/video_inst/mmcm_adv_inst_display_clocks/inst/clkout1_buf/O
                         net (fo=67, routed)          1.738     1.738    datapath/video_inst/Inst_vga/inst_vga_signal_generator/h_counter/clk_out1
    SLICE_X153Y123       FDRE                                         r  datapath/video_inst/Inst_vga/inst_vga_signal_generator/h_counter/processQ_reg[4]/C
  -------------------------------------------------------------------    -------------------
    SLICE_X153Y123       FDRE (Prop_fdre_C_Q)         0.456     2.194 r  datapath/video_inst/Inst_vga/inst_vga_signal_generator/h_counter/processQ_reg[4]/Q
                         net (fo=61, routed)          1.989     4.183    datapath/leftChannelMemory/position[col][4]
    RAMB18_X8Y49         RAMB18E1                                     r  datapath/leftChannelMemory/sdp_bl.ramb18_dp_bl.ram18_bl/ADDRARDADDR[8]
  -------------------------------------------------------------------    -------------------

Slack:                    inf
  Source:                 datapath/video_inst/Inst_vga/inst_vga_signal_generator/h_counter/processQ_reg[7]/C
                            (rising edge-triggered cell FDRE clocked by clk_out1_clk_wiz_0  {rise@0.000ns fall@20.000ns period=40.000ns})
  Destination:            datapath/leftChannelMemory/sdp_bl.ramb18_dp_bl.ram18_bl/ADDRARDADDR[11]
  Path Group:             (none)
  Path Type:              Max at Slow Process Corner
  Data Path Delay:        2.440ns  (logic 0.518ns (21.229%)  route 1.922ns (78.771%))
  Logic Levels:           0  
  Clock Uncertainty:      0.190ns  ((TSJ^2 + DJ^2)^1/2) / 2 + PE
    Total System Jitter     (TSJ):    0.050ns
    Discrete Jitter          (DJ):    0.175ns
    Phase Error              (PE):    0.099ns

    Location             Delay type                Incr(ns)  Path(ns)    Netlist Resource(s)
  -------------------------------------------------------------------    -------------------
                         (clock clk_out1_clk_wiz_0 rise edge)
                                                      0.000     0.000 r  
    BUFGCTRL_X0Y2        BUFG                         0.000     0.000 r  clk_IBUF_BUFG_inst/O
                         net (fo=334, routed)         2.106     2.106    datapath/video_inst/mmcm_adv_inst_display_clocks/inst/clk_in1
    MMCME2_ADV_X1Y0      MMCME2_ADV (Prop_mmcme2_adv_CLKIN1_CLKOUT0)
                                                     -4.900    -2.793 r  datapath/video_inst/mmcm_adv_inst_display_clocks/inst/mmcm_adv_inst/CLKOUT0
                         net (fo=1, routed)           2.697    -0.096    datapath/video_inst/mmcm_adv_inst_display_clocks/inst/clk_out1_clk_wiz_0
    BUFGCTRL_X0Y4        BUFG (Prop_bufg_I_O)         0.096    -0.000 r  datapath/video_inst/mmcm_adv_inst_display_clocks/inst/clkout1_buf/O
                         net (fo=67, routed)          1.738     1.738    datapath/video_inst/Inst_vga/inst_vga_signal_generator/h_counter/clk_out1
    SLICE_X152Y123       FDRE                                         r  datapath/video_inst/Inst_vga/inst_vga_signal_generator/h_counter/processQ_reg[7]/C
  -------------------------------------------------------------------    -------------------
    SLICE_X152Y123       FDRE (Prop_fdre_C_Q)         0.518     2.256 r  datapath/video_inst/Inst_vga/inst_vga_signal_generator/h_counter/processQ_reg[7]/Q
                         net (fo=52, routed)          1.922     4.178    datapath/leftChannelMemory/position[col][7]
    RAMB18_X8Y49         RAMB18E1                                     r  datapath/leftChannelMemory/sdp_bl.ramb18_dp_bl.ram18_bl/ADDRARDADDR[11]
  -------------------------------------------------------------------    -------------------

Slack:                    inf
  Source:                 datapath/video_inst/Inst_vga/inst_vga_signal_generator/h_counter/processQ_reg[1]/C
                            (rising edge-triggered cell FDRE clocked by clk_out1_clk_wiz_0  {rise@0.000ns fall@20.000ns period=40.000ns})
  Destination:            datapath/leftChannelMemory/sdp_bl.ramb18_dp_bl.ram18_bl/ADDRARDADDR[5]
  Path Group:             (none)
  Path Type:              Max at Slow Process Corner
  Data Path Delay:        2.428ns  (logic 0.478ns (19.689%)  route 1.950ns (80.311%))
  Logic Levels:           0  
  Clock Uncertainty:      0.190ns  ((TSJ^2 + DJ^2)^1/2) / 2 + PE
    Total System Jitter     (TSJ):    0.050ns
    Discrete Jitter          (DJ):    0.175ns
    Phase Error              (PE):    0.099ns

    Location             Delay type                Incr(ns)  Path(ns)    Netlist Resource(s)
  -------------------------------------------------------------------    -------------------
                         (clock clk_out1_clk_wiz_0 rise edge)
                                                      0.000     0.000 r  
    BUFGCTRL_X0Y2        BUFG                         0.000     0.000 r  clk_IBUF_BUFG_inst/O
                         net (fo=334, routed)         2.106     2.106    datapath/video_inst/mmcm_adv_inst_display_clocks/inst/clk_in1
    MMCME2_ADV_X1Y0      MMCME2_ADV (Prop_mmcme2_adv_CLKIN1_CLKOUT0)
                                                     -4.900    -2.793 r  datapath/video_inst/mmcm_adv_inst_display_clocks/inst/mmcm_adv_inst/CLKOUT0
                         net (fo=1, routed)           2.697    -0.096    datapath/video_inst/mmcm_adv_inst_display_clocks/inst/clk_out1_clk_wiz_0
    BUFGCTRL_X0Y4        BUFG (Prop_bufg_I_O)         0.096    -0.000 r  datapath/video_inst/mmcm_adv_inst_display_clocks/inst/clkout1_buf/O
                         net (fo=67, routed)          1.738     1.738    datapath/video_inst/Inst_vga/inst_vga_signal_generator/h_counter/clk_out1
    SLICE_X150Y123       FDRE                                         r  datapath/video_inst/Inst_vga/inst_vga_signal_generator/h_counter/processQ_reg[1]/C
  -------------------------------------------------------------------    -------------------
    SLICE_X150Y123       FDRE (Prop_fdre_C_Q)         0.478     2.216 r  datapath/video_inst/Inst_vga/inst_vga_signal_generator/h_counter/processQ_reg[1]/Q
                         net (fo=64, routed)          1.950     4.166    datapath/leftChannelMemory/position[col][1]
    RAMB18_X8Y49         RAMB18E1                                     r  datapath/leftChannelMemory/sdp_bl.ramb18_dp_bl.ram18_bl/ADDRARDADDR[5]
  -------------------------------------------------------------------    -------------------

Slack:                    inf
  Source:                 datapath/video_inst/Inst_vga/inst_vga_signal_generator/h_counter/processQ_reg[6]/C
                            (rising edge-triggered cell FDRE clocked by clk_out1_clk_wiz_0  {rise@0.000ns fall@20.000ns period=40.000ns})
  Destination:            datapath/rightChannelMemory/sdp_bl.ramb18_dp_bl.ram18_bl/ADDRARDADDR[10]
  Path Group:             (none)
  Path Type:              Max at Slow Process Corner
  Data Path Delay:        2.135ns  (logic 0.518ns (24.264%)  route 1.617ns (75.736%))
  Logic Levels:           0  
  Clock Uncertainty:      0.190ns  ((TSJ^2 + DJ^2)^1/2) / 2 + PE
    Total System Jitter     (TSJ):    0.050ns
    Discrete Jitter          (DJ):    0.175ns
    Phase Error              (PE):    0.099ns

    Location             Delay type                Incr(ns)  Path(ns)    Netlist Resource(s)
  -------------------------------------------------------------------    -------------------
                         (clock clk_out1_clk_wiz_0 rise edge)
                                                      0.000     0.000 r  
    BUFGCTRL_X0Y2        BUFG                         0.000     0.000 r  clk_IBUF_BUFG_inst/O
                         net (fo=334, routed)         2.106     2.106    datapath/video_inst/mmcm_adv_inst_display_clocks/inst/clk_in1
    MMCME2_ADV_X1Y0      MMCME2_ADV (Prop_mmcme2_adv_CLKIN1_CLKOUT0)
                                                     -4.900    -2.793 r  datapath/video_inst/mmcm_adv_inst_display_clocks/inst/mmcm_adv_inst/CLKOUT0
                         net (fo=1, routed)           2.697    -0.096    datapath/video_inst/mmcm_adv_inst_display_clocks/inst/clk_out1_clk_wiz_0
    BUFGCTRL_X0Y4        BUFG (Prop_bufg_I_O)         0.096    -0.000 r  datapath/video_inst/mmcm_adv_inst_display_clocks/inst/clkout1_buf/O
                         net (fo=67, routed)          1.738     1.738    datapath/video_inst/Inst_vga/inst_vga_signal_generator/h_counter/clk_out1
    SLICE_X150Y123       FDRE                                         r  datapath/video_inst/Inst_vga/inst_vga_signal_generator/h_counter/processQ_reg[6]/C
  -------------------------------------------------------------------    -------------------
    SLICE_X150Y123       FDRE (Prop_fdre_C_Q)         0.518     2.256 r  datapath/video_inst/Inst_vga/inst_vga_signal_generator/h_counter/processQ_reg[6]/Q
                         net (fo=57, routed)          1.617     3.873    datapath/rightChannelMemory/position[col][6]
    RAMB18_X8Y50         RAMB18E1                                     r  datapath/rightChannelMemory/sdp_bl.ramb18_dp_bl.ram18_bl/ADDRARDADDR[10]
  -------------------------------------------------------------------    -------------------

Slack:                    inf
  Source:                 datapath/video_inst/Inst_vga/inst_vga_signal_generator/h_counter/processQ_reg[0]/C
                            (rising edge-triggered cell FDRE clocked by clk_out1_clk_wiz_0  {rise@0.000ns fall@20.000ns period=40.000ns})
  Destination:            datapath/rightChannelMemory/sdp_bl.ramb18_dp_bl.ram18_bl/ADDRARDADDR[4]
  Path Group:             (none)
  Path Type:              Max at Slow Process Corner
  Data Path Delay:        2.117ns  (logic 0.518ns (24.465%)  route 1.599ns (75.535%))
  Logic Levels:           0  
  Clock Uncertainty:      0.190ns  ((TSJ^2 + DJ^2)^1/2) / 2 + PE
    Total System Jitter     (TSJ):    0.050ns
    Discrete Jitter          (DJ):    0.175ns
    Phase Error              (PE):    0.099ns

    Location             Delay type                Incr(ns)  Path(ns)    Netlist Resource(s)
  -------------------------------------------------------------------    -------------------
                         (clock clk_out1_clk_wiz_0 rise edge)
                                                      0.000     0.000 r  
    BUFGCTRL_X0Y2        BUFG                         0.000     0.000 r  clk_IBUF_BUFG_inst/O
                         net (fo=334, routed)         2.106     2.106    datapath/video_inst/mmcm_adv_inst_display_clocks/inst/clk_in1
    MMCME2_ADV_X1Y0      MMCME2_ADV (Prop_mmcme2_adv_CLKIN1_CLKOUT0)
                                                     -4.900    -2.793 r  datapath/video_inst/mmcm_adv_inst_display_clocks/inst/mmcm_adv_inst/CLKOUT0
                         net (fo=1, routed)           2.697    -0.096    datapath/video_inst/mmcm_adv_inst_display_clocks/inst/clk_out1_clk_wiz_0
    BUFGCTRL_X0Y4        BUFG (Prop_bufg_I_O)         0.096    -0.000 r  datapath/video_inst/mmcm_adv_inst_display_clocks/inst/clkout1_buf/O
                         net (fo=67, routed)          1.738     1.738    datapath/video_inst/Inst_vga/inst_vga_signal_generator/h_counter/clk_out1
    SLICE_X150Y123       FDRE                                         r  datapath/video_inst/Inst_vga/inst_vga_signal_generator/h_counter/processQ_reg[0]/C
  -------------------------------------------------------------------    -------------------
    SLICE_X150Y123       FDRE (Prop_fdre_C_Q)         0.518     2.256 r  datapath/video_inst/Inst_vga/inst_vga_signal_generator/h_counter/processQ_reg[0]/Q
                         net (fo=57, routed)          1.599     3.856    datapath/rightChannelMemory/position[col][0]
    RAMB18_X8Y50         RAMB18E1                                     r  datapath/rightChannelMemory/sdp_bl.ramb18_dp_bl.ram18_bl/ADDRARDADDR[4]
  -------------------------------------------------------------------    -------------------

Slack:                    inf
  Source:                 datapath/video_inst/Inst_vga/inst_vga_signal_generator/h_counter/processQ_reg[4]/C
                            (rising edge-triggered cell FDRE clocked by clk_out1_clk_wiz_0  {rise@0.000ns fall@20.000ns period=40.000ns})
  Destination:            datapath/rightChannelMemory/sdp_bl.ramb18_dp_bl.ram18_bl/ADDRARDADDR[8]
  Path Group:             (none)
  Path Type:              Max at Slow Process Corner
  Data Path Delay:        2.107ns  (logic 0.456ns (21.646%)  route 1.651ns (78.354%))
  Logic Levels:           0  
  Clock Uncertainty:      0.190ns  ((TSJ^2 + DJ^2)^1/2) / 2 + PE
    Total System Jitter     (TSJ):    0.050ns
    Discrete Jitter          (DJ):    0.175ns
    Phase Error              (PE):    0.099ns

    Location             Delay type                Incr(ns)  Path(ns)    Netlist Resource(s)
  -------------------------------------------------------------------    -------------------
                         (clock clk_out1_clk_wiz_0 rise edge)
                                                      0.000     0.000 r  
    BUFGCTRL_X0Y2        BUFG                         0.000     0.000 r  clk_IBUF_BUFG_inst/O
                         net (fo=334, routed)         2.106     2.106    datapath/video_inst/mmcm_adv_inst_display_clocks/inst/clk_in1
    MMCME2_ADV_X1Y0      MMCME2_ADV (Prop_mmcme2_adv_CLKIN1_CLKOUT0)
                                                     -4.900    -2.793 r  datapath/video_inst/mmcm_adv_inst_display_clocks/inst/mmcm_adv_inst/CLKOUT0
                         net (fo=1, routed)           2.697    -0.096    datapath/video_inst/mmcm_adv_inst_display_clocks/inst/clk_out1_clk_wiz_0
    BUFGCTRL_X0Y4        BUFG (Prop_bufg_I_O)         0.096    -0.000 r  datapath/video_inst/mmcm_adv_inst_display_clocks/inst/clkout1_buf/O
                         net (fo=67, routed)          1.738     1.738    datapath/video_inst/Inst_vga/inst_vga_signal_generator/h_counter/clk_out1
    SLICE_X153Y123       FDRE                                         r  datapath/video_inst/Inst_vga/inst_vga_signal_generator/h_counter/processQ_reg[4]/C
  -------------------------------------------------------------------    -------------------
    SLICE_X153Y123       FDRE (Prop_fdre_C_Q)         0.456     2.194 r  datapath/video_inst/Inst_vga/inst_vga_signal_generator/h_counter/processQ_reg[4]/Q
                         net (fo=61, routed)          1.651     3.845    datapath/rightChannelMemory/position[col][4]
    RAMB18_X8Y50         RAMB18E1                                     r  datapath/rightChannelMemory/sdp_bl.ramb18_dp_bl.ram18_bl/ADDRARDADDR[8]
  -------------------------------------------------------------------    -------------------

Slack:                    inf
  Source:                 datapath/video_inst/Inst_vga/inst_vga_signal_generator/h_counter/processQ_reg[7]/C
                            (rising edge-triggered cell FDRE clocked by clk_out1_clk_wiz_0  {rise@0.000ns fall@20.000ns period=40.000ns})
  Destination:            datapath/rightChannelMemory/sdp_bl.ramb18_dp_bl.ram18_bl/ADDRARDADDR[11]
  Path Group:             (none)
  Path Type:              Max at Slow Process Corner
  Data Path Delay:        2.102ns  (logic 0.518ns (24.643%)  route 1.584ns (75.357%))
  Logic Levels:           0  
  Clock Uncertainty:      0.190ns  ((TSJ^2 + DJ^2)^1/2) / 2 + PE
    Total System Jitter     (TSJ):    0.050ns
    Discrete Jitter          (DJ):    0.175ns
    Phase Error              (PE):    0.099ns

    Location             Delay type                Incr(ns)  Path(ns)    Netlist Resource(s)
  -------------------------------------------------------------------    -------------------
                         (clock clk_out1_clk_wiz_0 rise edge)
                                                      0.000     0.000 r  
    BUFGCTRL_X0Y2        BUFG                         0.000     0.000 r  clk_IBUF_BUFG_inst/O
                         net (fo=334, routed)         2.106     2.106    datapath/video_inst/mmcm_adv_inst_display_clocks/inst/clk_in1
    MMCME2_ADV_X1Y0      MMCME2_ADV (Prop_mmcme2_adv_CLKIN1_CLKOUT0)
                                                     -4.900    -2.793 r  datapath/video_inst/mmcm_adv_inst_display_clocks/inst/mmcm_adv_inst/CLKOUT0
                         net (fo=1, routed)           2.697    -0.096    datapath/video_inst/mmcm_adv_inst_display_clocks/inst/clk_out1_clk_wiz_0
    BUFGCTRL_X0Y4        BUFG (Prop_bufg_I_O)         0.096    -0.000 r  datapath/video_inst/mmcm_adv_inst_display_clocks/inst/clkout1_buf/O
                         net (fo=67, routed)          1.738     1.738    datapath/video_inst/Inst_vga/inst_vga_signal_generator/h_counter/clk_out1
    SLICE_X152Y123       FDRE                                         r  datapath/video_inst/Inst_vga/inst_vga_signal_generator/h_counter/processQ_reg[7]/C
  -------------------------------------------------------------------    -------------------
    SLICE_X152Y123       FDRE (Prop_fdre_C_Q)         0.518     2.256 r  datapath/video_inst/Inst_vga/inst_vga_signal_generator/h_counter/processQ_reg[7]/Q
                         net (fo=52, routed)          1.584     3.840    datapath/rightChannelMemory/position[col][7]
    RAMB18_X8Y50         RAMB18E1                                     r  datapath/rightChannelMemory/sdp_bl.ramb18_dp_bl.ram18_bl/ADDRARDADDR[11]
  -------------------------------------------------------------------    -------------------





Min Delay Paths
--------------------------------------------------------------------------------------
Slack:                    inf
  Source:                 datapath/video_inst/Inst_vga/inst_vga_signal_generator/h_counter/processQ_reg[2]/C
                            (rising edge-triggered cell FDRE clocked by clk_out1_clk_wiz_0  {rise@0.000ns fall@20.000ns period=40.000ns})
  Destination:            datapath/leftChannelMemory/sdp_bl.ramb18_dp_bl.ram18_bl/ADDRARDADDR[6]
  Path Group:             (none)
  Path Type:              Min at Fast Process Corner
  Data Path Delay:        0.418ns  (logic 0.164ns (39.239%)  route 0.254ns (60.761%))
  Logic Levels:           0  
  Clock Uncertainty:      0.190ns  ((TSJ^2 + DJ^2)^1/2) / 2 + PE
    Total System Jitter     (TSJ):    0.050ns
    Discrete Jitter          (DJ):    0.175ns
    Phase Error              (PE):    0.099ns

    Location             Delay type                Incr(ns)  Path(ns)    Netlist Resource(s)
  -------------------------------------------------------------------    -------------------
                         (clock clk_out1_clk_wiz_0 rise edge)
                                                      0.000     0.000 r  
    BUFGCTRL_X0Y2        BUFG                         0.000     0.000 r  clk_IBUF_BUFG_inst/O
                         net (fo=334, routed)         0.745     0.745    datapath/video_inst/mmcm_adv_inst_display_clocks/inst/clk_in1
    MMCME2_ADV_X1Y0      MMCME2_ADV (Prop_mmcme2_adv_CLKIN1_CLKOUT0)
                                                     -1.683    -0.938 r  datapath/video_inst/mmcm_adv_inst_display_clocks/inst/mmcm_adv_inst/CLKOUT0
                         net (fo=1, routed)           0.912    -0.026    datapath/video_inst/mmcm_adv_inst_display_clocks/inst/clk_out1_clk_wiz_0
    BUFGCTRL_X0Y4        BUFG (Prop_bufg_I_O)         0.026    -0.000 r  datapath/video_inst/mmcm_adv_inst_display_clocks/inst/clkout1_buf/O
                         net (fo=67, routed)          0.609     0.609    datapath/video_inst/Inst_vga/inst_vga_signal_generator/h_counter/clk_out1
    SLICE_X152Y123       FDRE                                         r  datapath/video_inst/Inst_vga/inst_vga_signal_generator/h_counter/processQ_reg[2]/C
  -------------------------------------------------------------------    -------------------
    SLICE_X152Y123       FDRE (Prop_fdre_C_Q)         0.164     0.773 r  datapath/video_inst/Inst_vga/inst_vga_signal_generator/h_counter/processQ_reg[2]/Q
                         net (fo=80, routed)          0.254     1.027    datapath/leftChannelMemory/position[col][2]
    RAMB18_X8Y49         RAMB18E1                                     r  datapath/leftChannelMemory/sdp_bl.ramb18_dp_bl.ram18_bl/ADDRARDADDR[6]
  -------------------------------------------------------------------    -------------------

Slack:                    inf
  Source:                 datapath/video_inst/Inst_vga/inst_vga_signal_generator/h_counter/processQ_reg[8]/C
                            (rising edge-triggered cell FDRE clocked by clk_out1_clk_wiz_0  {rise@0.000ns fall@20.000ns period=40.000ns})
  Destination:            datapath/leftChannelMemory/sdp_bl.ramb18_dp_bl.ram18_bl/ADDRARDADDR[12]
  Path Group:             (none)
  Path Type:              Min at Fast Process Corner
  Data Path Delay:        0.502ns  (logic 0.148ns (29.484%)  route 0.354ns (70.516%))
  Logic Levels:           0  
  Clock Uncertainty:      0.190ns  ((TSJ^2 + DJ^2)^1/2) / 2 + PE
    Total System Jitter     (TSJ):    0.050ns
    Discrete Jitter          (DJ):    0.175ns
    Phase Error              (PE):    0.099ns

    Location             Delay type                Incr(ns)  Path(ns)    Netlist Resource(s)
  -------------------------------------------------------------------    -------------------
                         (clock clk_out1_clk_wiz_0 rise edge)
                                                      0.000     0.000 r  
    BUFGCTRL_X0Y2        BUFG                         0.000     0.000 r  clk_IBUF_BUFG_inst/O
                         net (fo=334, routed)         0.745     0.745    datapath/video_inst/mmcm_adv_inst_display_clocks/inst/clk_in1
    MMCME2_ADV_X1Y0      MMCME2_ADV (Prop_mmcme2_adv_CLKIN1_CLKOUT0)
                                                     -1.683    -0.938 r  datapath/video_inst/mmcm_adv_inst_display_clocks/inst/mmcm_adv_inst/CLKOUT0
                         net (fo=1, routed)           0.912    -0.026    datapath/video_inst/mmcm_adv_inst_display_clocks/inst/clk_out1_clk_wiz_0
    BUFGCTRL_X0Y4        BUFG (Prop_bufg_I_O)         0.026    -0.000 r  datapath/video_inst/mmcm_adv_inst_display_clocks/inst/clkout1_buf/O
                         net (fo=67, routed)          0.609     0.609    datapath/video_inst/Inst_vga/inst_vga_signal_generator/h_counter/clk_out1
    SLICE_X152Y123       FDRE                                         r  datapath/video_inst/Inst_vga/inst_vga_signal_generator/h_counter/processQ_reg[8]/C
  -------------------------------------------------------------------    -------------------
    SLICE_X152Y123       FDRE (Prop_fdre_C_Q)         0.148     0.757 r  datapath/video_inst/Inst_vga/inst_vga_signal_generator/h_counter/processQ_reg[8]/Q
                         net (fo=48, routed)          0.354     1.111    datapath/leftChannelMemory/position[col][8]
    RAMB18_X8Y49         RAMB18E1                                     r  datapath/leftChannelMemory/sdp_bl.ramb18_dp_bl.ram18_bl/ADDRARDADDR[12]
  -------------------------------------------------------------------    -------------------

Slack:                    inf
  Source:                 datapath/video_inst/Inst_vga/inst_vga_signal_generator/h_counter/processQ_reg[5]/C
                            (rising edge-triggered cell FDRE clocked by clk_out1_clk_wiz_0  {rise@0.000ns fall@20.000ns period=40.000ns})
  Destination:            datapath/leftChannelMemory/sdp_bl.ramb18_dp_bl.ram18_bl/ADDRARDADDR[9]
  Path Group:             (none)
  Path Type:              Min at Fast Process Corner
  Data Path Delay:        0.505ns  (logic 0.141ns (27.898%)  route 0.364ns (72.102%))
  Logic Levels:           0  
  Clock Uncertainty:      0.190ns  ((TSJ^2 + DJ^2)^1/2) / 2 + PE
    Total System Jitter     (TSJ):    0.050ns
    Discrete Jitter          (DJ):    0.175ns
    Phase Error              (PE):    0.099ns

    Location             Delay type                Incr(ns)  Path(ns)    Netlist Resource(s)
  -------------------------------------------------------------------    -------------------
                         (clock clk_out1_clk_wiz_0 rise edge)
                                                      0.000     0.000 r  
    BUFGCTRL_X0Y2        BUFG                         0.000     0.000 r  clk_IBUF_BUFG_inst/O
                         net (fo=334, routed)         0.745     0.745    datapath/video_inst/mmcm_adv_inst_display_clocks/inst/clk_in1
    MMCME2_ADV_X1Y0      MMCME2_ADV (Prop_mmcme2_adv_CLKIN1_CLKOUT0)
                                                     -1.683    -0.938 r  datapath/video_inst/mmcm_adv_inst_display_clocks/inst/mmcm_adv_inst/CLKOUT0
                         net (fo=1, routed)           0.912    -0.026    datapath/video_inst/mmcm_adv_inst_display_clocks/inst/clk_out1_clk_wiz_0
    BUFGCTRL_X0Y4        BUFG (Prop_bufg_I_O)         0.026    -0.000 r  datapath/video_inst/mmcm_adv_inst_display_clocks/inst/clkout1_buf/O
                         net (fo=67, routed)          0.609     0.609    datapath/video_inst/Inst_vga/inst_vga_signal_generator/h_counter/clk_out1
    SLICE_X153Y123       FDRE                                         r  datapath/video_inst/Inst_vga/inst_vga_signal_generator/h_counter/processQ_reg[5]/C
  -------------------------------------------------------------------    -------------------
    SLICE_X153Y123       FDRE (Prop_fdre_C_Q)         0.141     0.750 r  datapath/video_inst/Inst_vga/inst_vga_signal_generator/h_counter/processQ_reg[5]/Q
                         net (fo=69, routed)          0.364     1.114    datapath/leftChannelMemory/position[col][5]
    RAMB18_X8Y49         RAMB18E1                                     r  datapath/leftChannelMemory/sdp_bl.ramb18_dp_bl.ram18_bl/ADDRARDADDR[9]
  -------------------------------------------------------------------    -------------------

Slack:                    inf
  Source:                 datapath/video_inst/Inst_vga/inst_vga_signal_generator/h_counter/processQ_reg[2]/C
                            (rising edge-triggered cell FDRE clocked by clk_out1_clk_wiz_0  {rise@0.000ns fall@20.000ns period=40.000ns})
  Destination:            datapath/rightChannelMemory/sdp_bl.ramb18_dp_bl.ram18_bl/ADDRARDADDR[6]
  Path Group:             (none)
  Path Type:              Min at Fast Process Corner
  Data Path Delay:        0.524ns  (logic 0.164ns (31.300%)  route 0.360ns (68.700%))
  Logic Levels:           0  
  Clock Uncertainty:      0.190ns  ((TSJ^2 + DJ^2)^1/2) / 2 + PE
    Total System Jitter     (TSJ):    0.050ns
    Discrete Jitter          (DJ):    0.175ns
    Phase Error              (PE):    0.099ns

    Location             Delay type                Incr(ns)  Path(ns)    Netlist Resource(s)
  -------------------------------------------------------------------    -------------------
                         (clock clk_out1_clk_wiz_0 rise edge)
                                                      0.000     0.000 r  
    BUFGCTRL_X0Y2        BUFG                         0.000     0.000 r  clk_IBUF_BUFG_inst/O
                         net (fo=334, routed)         0.745     0.745    datapath/video_inst/mmcm_adv_inst_display_clocks/inst/clk_in1
    MMCME2_ADV_X1Y0      MMCME2_ADV (Prop_mmcme2_adv_CLKIN1_CLKOUT0)
                                                     -1.683    -0.938 r  datapath/video_inst/mmcm_adv_inst_display_clocks/inst/mmcm_adv_inst/CLKOUT0
                         net (fo=1, routed)           0.912    -0.026    datapath/video_inst/mmcm_adv_inst_display_clocks/inst/clk_out1_clk_wiz_0
    BUFGCTRL_X0Y4        BUFG (Prop_bufg_I_O)         0.026    -0.000 r  datapath/video_inst/mmcm_adv_inst_display_clocks/inst/clkout1_buf/O
                         net (fo=67, routed)          0.609     0.609    datapath/video_inst/Inst_vga/inst_vga_signal_generator/h_counter/clk_out1
    SLICE_X152Y123       FDRE                                         r  datapath/video_inst/Inst_vga/inst_vga_signal_generator/h_counter/processQ_reg[2]/C
  -------------------------------------------------------------------    -------------------
    SLICE_X152Y123       FDRE (Prop_fdre_C_Q)         0.164     0.773 r  datapath/video_inst/Inst_vga/inst_vga_signal_generator/h_counter/processQ_reg[2]/Q
                         net (fo=80, routed)          0.360     1.133    datapath/rightChannelMemory/position[col][2]
    RAMB18_X8Y50         RAMB18E1                                     r  datapath/rightChannelMemory/sdp_bl.ramb18_dp_bl.ram18_bl/ADDRARDADDR[6]
  -------------------------------------------------------------------    -------------------

Slack:                    inf
  Source:                 datapath/video_inst/Inst_vga/inst_vga_signal_generator/h_counter/processQ_reg[5]/C
                            (rising edge-triggered cell FDRE clocked by clk_out1_clk_wiz_0  {rise@0.000ns fall@20.000ns period=40.000ns})
  Destination:            datapath/rightChannelMemory/sdp_bl.ramb18_dp_bl.ram18_bl/ADDRARDADDR[9]
  Path Group:             (none)
  Path Type:              Min at Fast Process Corner
  Data Path Delay:        0.611ns  (logic 0.141ns (23.061%)  route 0.470ns (76.939%))
  Logic Levels:           0  
  Clock Uncertainty:      0.190ns  ((TSJ^2 + DJ^2)^1/2) / 2 + PE
    Total System Jitter     (TSJ):    0.050ns
    Discrete Jitter          (DJ):    0.175ns
    Phase Error              (PE):    0.099ns

    Location             Delay type                Incr(ns)  Path(ns)    Netlist Resource(s)
  -------------------------------------------------------------------    -------------------
                         (clock clk_out1_clk_wiz_0 rise edge)
                                                      0.000     0.000 r  
    BUFGCTRL_X0Y2        BUFG                         0.000     0.000 r  clk_IBUF_BUFG_inst/O
                         net (fo=334, routed)         0.745     0.745    datapath/video_inst/mmcm_adv_inst_display_clocks/inst/clk_in1
    MMCME2_ADV_X1Y0      MMCME2_ADV (Prop_mmcme2_adv_CLKIN1_CLKOUT0)
                                                     -1.683    -0.938 r  datapath/video_inst/mmcm_adv_inst_display_clocks/inst/mmcm_adv_inst/CLKOUT0
                         net (fo=1, routed)           0.912    -0.026    datapath/video_inst/mmcm_adv_inst_display_clocks/inst/clk_out1_clk_wiz_0
    BUFGCTRL_X0Y4        BUFG (Prop_bufg_I_O)         0.026    -0.000 r  datapath/video_inst/mmcm_adv_inst_display_clocks/inst/clkout1_buf/O
                         net (fo=67, routed)          0.609     0.609    datapath/video_inst/Inst_vga/inst_vga_signal_generator/h_counter/clk_out1
    SLICE_X153Y123       FDRE                                         r  datapath/video_inst/Inst_vga/inst_vga_signal_generator/h_counter/processQ_reg[5]/C
  -------------------------------------------------------------------    -------------------
    SLICE_X153Y123       FDRE (Prop_fdre_C_Q)         0.141     0.750 r  datapath/video_inst/Inst_vga/inst_vga_signal_generator/h_counter/processQ_reg[5]/Q
                         net (fo=69, routed)          0.470     1.220    datapath/rightChannelMemory/position[col][5]
    RAMB18_X8Y50         RAMB18E1                                     r  datapath/rightChannelMemory/sdp_bl.ramb18_dp_bl.ram18_bl/ADDRARDADDR[9]
  -------------------------------------------------------------------    -------------------

Slack:                    inf
  Source:                 datapath/video_inst/Inst_vga/inst_vga_signal_generator/h_counter/processQ_reg[3]/C
                            (rising edge-triggered cell FDRE clocked by clk_out1_clk_wiz_0  {rise@0.000ns fall@20.000ns period=40.000ns})
  Destination:            datapath/leftChannelMemory/sdp_bl.ramb18_dp_bl.ram18_bl/ADDRARDADDR[7]
  Path Group:             (none)
  Path Type:              Min at Fast Process Corner
  Data Path Delay:        0.635ns  (logic 0.141ns (22.189%)  route 0.494ns (77.811%))
  Logic Levels:           0  
  Clock Uncertainty:      0.190ns  ((TSJ^2 + DJ^2)^1/2) / 2 + PE
    Total System Jitter     (TSJ):    0.050ns
    Discrete Jitter          (DJ):    0.175ns
    Phase Error              (PE):    0.099ns

    Location             Delay type                Incr(ns)  Path(ns)    Netlist Resource(s)
  -------------------------------------------------------------------    -------------------
                         (clock clk_out1_clk_wiz_0 rise edge)
                                                      0.000     0.000 r  
    BUFGCTRL_X0Y2        BUFG                         0.000     0.000 r  clk_IBUF_BUFG_inst/O
                         net (fo=334, routed)         0.745     0.745    datapath/video_inst/mmcm_adv_inst_display_clocks/inst/clk_in1
    MMCME2_ADV_X1Y0      MMCME2_ADV (Prop_mmcme2_adv_CLKIN1_CLKOUT0)
                                                     -1.683    -0.938 r  datapath/video_inst/mmcm_adv_inst_display_clocks/inst/mmcm_adv_inst/CLKOUT0
                         net (fo=1, routed)           0.912    -0.026    datapath/video_inst/mmcm_adv_inst_display_clocks/inst/clk_out1_clk_wiz_0
    BUFGCTRL_X0Y4        BUFG (Prop_bufg_I_O)         0.026    -0.000 r  datapath/video_inst/mmcm_adv_inst_display_clocks/inst/clkout1_buf/O
                         net (fo=67, routed)          0.608     0.608    datapath/video_inst/Inst_vga/inst_vga_signal_generator/h_counter/clk_out1
    SLICE_X151Y123       FDRE                                         r  datapath/video_inst/Inst_vga/inst_vga_signal_generator/h_counter/processQ_reg[3]/C
  -------------------------------------------------------------------    -------------------
    SLICE_X151Y123       FDRE (Prop_fdre_C_Q)         0.141     0.749 r  datapath/video_inst/Inst_vga/inst_vga_signal_generator/h_counter/processQ_reg[3]/Q
                         net (fo=76, routed)          0.494     1.243    datapath/leftChannelMemory/position[col][3]
    RAMB18_X8Y49         RAMB18E1                                     r  datapath/leftChannelMemory/sdp_bl.ramb18_dp_bl.ram18_bl/ADDRARDADDR[7]
  -------------------------------------------------------------------    -------------------

Slack:                    inf
  Source:                 datapath/video_inst/Inst_vga/inst_vga_signal_generator/h_counter/processQ_reg[6]/C
                            (rising edge-triggered cell FDRE clocked by clk_out1_clk_wiz_0  {rise@0.000ns fall@20.000ns period=40.000ns})
  Destination:            datapath/leftChannelMemory/sdp_bl.ramb18_dp_bl.ram18_bl/ADDRARDADDR[10]
  Path Group:             (none)
  Path Type:              Min at Fast Process Corner
  Data Path Delay:        0.734ns  (logic 0.164ns (22.333%)  route 0.570ns (77.667%))
  Logic Levels:           0  
  Clock Uncertainty:      0.190ns  ((TSJ^2 + DJ^2)^1/2) / 2 + PE
    Total System Jitter     (TSJ):    0.050ns
    Discrete Jitter          (DJ):    0.175ns
    Phase Error              (PE):    0.099ns

    Location             Delay type                Incr(ns)  Path(ns)    Netlist Resource(s)
  -------------------------------------------------------------------    -------------------
                         (clock clk_out1_clk_wiz_0 rise edge)
                                                      0.000     0.000 r  
    BUFGCTRL_X0Y2        BUFG                         0.000     0.000 r  clk_IBUF_BUFG_inst/O
                         net (fo=334, routed)         0.745     0.745    datapath/video_inst/mmcm_adv_inst_display_clocks/inst/clk_in1
    MMCME2_ADV_X1Y0      MMCME2_ADV (Prop_mmcme2_adv_CLKIN1_CLKOUT0)
                                                     -1.683    -0.938 r  datapath/video_inst/mmcm_adv_inst_display_clocks/inst/mmcm_adv_inst/CLKOUT0
                         net (fo=1, routed)           0.912    -0.026    datapath/video_inst/mmcm_adv_inst_display_clocks/inst/clk_out1_clk_wiz_0
    BUFGCTRL_X0Y4        BUFG (Prop_bufg_I_O)         0.026    -0.000 r  datapath/video_inst/mmcm_adv_inst_display_clocks/inst/clkout1_buf/O
                         net (fo=67, routed)          0.608     0.608    datapath/video_inst/Inst_vga/inst_vga_signal_generator/h_counter/clk_out1
    SLICE_X150Y123       FDRE                                         r  datapath/video_inst/Inst_vga/inst_vga_signal_generator/h_counter/processQ_reg[6]/C
  -------------------------------------------------------------------    -------------------
    SLICE_X150Y123       FDRE (Prop_fdre_C_Q)         0.164     0.772 r  datapath/video_inst/Inst_vga/inst_vga_signal_generator/h_counter/processQ_reg[6]/Q
                         net (fo=57, routed)          0.570     1.342    datapath/leftChannelMemory/position[col][6]
    RAMB18_X8Y49         RAMB18E1                                     r  datapath/leftChannelMemory/sdp_bl.ramb18_dp_bl.ram18_bl/ADDRARDADDR[10]
  -------------------------------------------------------------------    -------------------

Slack:                    inf
  Source:                 datapath/video_inst/Inst_vga/inst_vga_signal_generator/h_counter/processQ_reg[3]/C
                            (rising edge-triggered cell FDRE clocked by clk_out1_clk_wiz_0  {rise@0.000ns fall@20.000ns period=40.000ns})
  Destination:            datapath/rightChannelMemory/sdp_bl.ramb18_dp_bl.ram18_bl/ADDRARDADDR[7]
  Path Group:             (none)
  Path Type:              Min at Fast Process Corner
  Data Path Delay:        0.742ns  (logic 0.141ns (19.007%)  route 0.601ns (80.993%))
  Logic Levels:           0  
  Clock Uncertainty:      0.190ns  ((TSJ^2 + DJ^2)^1/2) / 2 + PE
    Total System Jitter     (TSJ):    0.050ns
    Discrete Jitter          (DJ):    0.175ns
    Phase Error              (PE):    0.099ns

    Location             Delay type                Incr(ns)  Path(ns)    Netlist Resource(s)
  -------------------------------------------------------------------    -------------------
                         (clock clk_out1_clk_wiz_0 rise edge)
                                                      0.000     0.000 r  
    BUFGCTRL_X0Y2        BUFG                         0.000     0.000 r  clk_IBUF_BUFG_inst/O
                         net (fo=334, routed)         0.745     0.745    datapath/video_inst/mmcm_adv_inst_display_clocks/inst/clk_in1
    MMCME2_ADV_X1Y0      MMCME2_ADV (Prop_mmcme2_adv_CLKIN1_CLKOUT0)
                                                     -1.683    -0.938 r  datapath/video_inst/mmcm_adv_inst_display_clocks/inst/mmcm_adv_inst/CLKOUT0
                         net (fo=1, routed)           0.912    -0.026    datapath/video_inst/mmcm_adv_inst_display_clocks/inst/clk_out1_clk_wiz_0
    BUFGCTRL_X0Y4        BUFG (Prop_bufg_I_O)         0.026    -0.000 r  datapath/video_inst/mmcm_adv_inst_display_clocks/inst/clkout1_buf/O
                         net (fo=67, routed)          0.608     0.608    datapath/video_inst/Inst_vga/inst_vga_signal_generator/h_counter/clk_out1
    SLICE_X151Y123       FDRE                                         r  datapath/video_inst/Inst_vga/inst_vga_signal_generator/h_counter/processQ_reg[3]/C
  -------------------------------------------------------------------    -------------------
    SLICE_X151Y123       FDRE (Prop_fdre_C_Q)         0.141     0.749 r  datapath/video_inst/Inst_vga/inst_vga_signal_generator/h_counter/processQ_reg[3]/Q
                         net (fo=76, routed)          0.601     1.349    datapath/rightChannelMemory/position[col][3]
    RAMB18_X8Y50         RAMB18E1                                     r  datapath/rightChannelMemory/sdp_bl.ramb18_dp_bl.ram18_bl/ADDRARDADDR[7]
  -------------------------------------------------------------------    -------------------

Slack:                    inf
  Source:                 datapath/video_inst/Inst_vga/inst_vga_signal_generator/h_counter/processQ_reg[6]/C
                            (rising edge-triggered cell FDRE clocked by clk_out1_clk_wiz_0  {rise@0.000ns fall@20.000ns period=40.000ns})
  Destination:            datapath/rightChannelMemory/sdp_bl.ramb18_dp_bl.ram18_bl/ADDRARDADDR[10]
  Path Group:             (none)
  Path Type:              Min at Fast Process Corner
  Data Path Delay:        0.841ns  (logic 0.164ns (19.504%)  route 0.677ns (80.496%))
  Logic Levels:           0  
  Clock Uncertainty:      0.190ns  ((TSJ^2 + DJ^2)^1/2) / 2 + PE
    Total System Jitter     (TSJ):    0.050ns
    Discrete Jitter          (DJ):    0.175ns
    Phase Error              (PE):    0.099ns

    Location             Delay type                Incr(ns)  Path(ns)    Netlist Resource(s)
  -------------------------------------------------------------------    -------------------
                         (clock clk_out1_clk_wiz_0 rise edge)
                                                      0.000     0.000 r  
    BUFGCTRL_X0Y2        BUFG                         0.000     0.000 r  clk_IBUF_BUFG_inst/O
                         net (fo=334, routed)         0.745     0.745    datapath/video_inst/mmcm_adv_inst_display_clocks/inst/clk_in1
    MMCME2_ADV_X1Y0      MMCME2_ADV (Prop_mmcme2_adv_CLKIN1_CLKOUT0)
                                                     -1.683    -0.938 r  datapath/video_inst/mmcm_adv_inst_display_clocks/inst/mmcm_adv_inst/CLKOUT0
                         net (fo=1, routed)           0.912    -0.026    datapath/video_inst/mmcm_adv_inst_display_clocks/inst/clk_out1_clk_wiz_0
    BUFGCTRL_X0Y4        BUFG (Prop_bufg_I_O)         0.026    -0.000 r  datapath/video_inst/mmcm_adv_inst_display_clocks/inst/clkout1_buf/O
                         net (fo=67, routed)          0.608     0.608    datapath/video_inst/Inst_vga/inst_vga_signal_generator/h_counter/clk_out1
    SLICE_X150Y123       FDRE                                         r  datapath/video_inst/Inst_vga/inst_vga_signal_generator/h_counter/processQ_reg[6]/C
  -------------------------------------------------------------------    -------------------
    SLICE_X150Y123       FDRE (Prop_fdre_C_Q)         0.164     0.772 r  datapath/video_inst/Inst_vga/inst_vga_signal_generator/h_counter/processQ_reg[6]/Q
                         net (fo=57, routed)          0.677     1.448    datapath/rightChannelMemory/position[col][6]
    RAMB18_X8Y50         RAMB18E1                                     r  datapath/rightChannelMemory/sdp_bl.ramb18_dp_bl.ram18_bl/ADDRARDADDR[10]
  -------------------------------------------------------------------    -------------------

Slack:                    inf
  Source:                 datapath/video_inst/Inst_vga/inst_vga_signal_generator/h_counter/processQ_reg[0]/C
                            (rising edge-triggered cell FDRE clocked by clk_out1_clk_wiz_0  {rise@0.000ns fall@20.000ns period=40.000ns})
  Destination:            datapath/rightChannelMemory/sdp_bl.ramb18_dp_bl.ram18_bl/ADDRARDADDR[4]
  Path Group:             (none)
  Path Type:              Min at Fast Process Corner
  Data Path Delay:        0.902ns  (logic 0.164ns (18.176%)  route 0.738ns (81.824%))
  Logic Levels:           0  
  Clock Uncertainty:      0.190ns  ((TSJ^2 + DJ^2)^1/2) / 2 + PE
    Total System Jitter     (TSJ):    0.050ns
    Discrete Jitter          (DJ):    0.175ns
    Phase Error              (PE):    0.099ns

    Location             Delay type                Incr(ns)  Path(ns)    Netlist Resource(s)
  -------------------------------------------------------------------    -------------------
                         (clock clk_out1_clk_wiz_0 rise edge)
                                                      0.000     0.000 r  
    BUFGCTRL_X0Y2        BUFG                         0.000     0.000 r  clk_IBUF_BUFG_inst/O
                         net (fo=334, routed)         0.745     0.745    datapath/video_inst/mmcm_adv_inst_display_clocks/inst/clk_in1
    MMCME2_ADV_X1Y0      MMCME2_ADV (Prop_mmcme2_adv_CLKIN1_CLKOUT0)
                                                     -1.683    -0.938 r  datapath/video_inst/mmcm_adv_inst_display_clocks/inst/mmcm_adv_inst/CLKOUT0
                         net (fo=1, routed)           0.912    -0.026    datapath/video_inst/mmcm_adv_inst_display_clocks/inst/clk_out1_clk_wiz_0
    BUFGCTRL_X0Y4        BUFG (Prop_bufg_I_O)         0.026    -0.000 r  datapath/video_inst/mmcm_adv_inst_display_clocks/inst/clkout1_buf/O
                         net (fo=67, routed)          0.608     0.608    datapath/video_inst/Inst_vga/inst_vga_signal_generator/h_counter/clk_out1
    SLICE_X150Y123       FDRE                                         r  datapath/video_inst/Inst_vga/inst_vga_signal_generator/h_counter/processQ_reg[0]/C
  -------------------------------------------------------------------    -------------------
    SLICE_X150Y123       FDRE (Prop_fdre_C_Q)         0.164     0.772 r  datapath/video_inst/Inst_vga/inst_vga_signal_generator/h_counter/processQ_reg[0]/Q
                         net (fo=57, routed)          0.738     1.510    datapath/rightChannelMemory/position[col][0]
    RAMB18_X8Y50         RAMB18E1                                     r  datapath/rightChannelMemory/sdp_bl.ramb18_dp_bl.ram18_bl/ADDRARDADDR[4]
  -------------------------------------------------------------------    -------------------





--------------------------------------------------------------------------------------
Path Group:  (none)
From Clock:  clk_out1_clk_wiz_1
  To Clock:  

Max Delay             1 Endpoint
Min Delay             1 Endpoint
--------------------------------------------------------------------------------------


Max Delay Paths
--------------------------------------------------------------------------------------
Slack:                    inf
  Source:                 datapath/Audio_Codec/audiocodec_master_clock/inst/mmcm_adv_inst/CLKOUT0
                            (clock source 'clk_out1_clk_wiz_1'  {rise@0.000ns fall@40.688ns period=81.375ns})
  Destination:            ac_mclk
                            (output port)
  Path Group:             (none)
  Path Type:              Max at Slow Process Corner
  Data Path Delay:        8.601ns  (logic 3.632ns (42.233%)  route 4.969ns (57.767%))
  Logic Levels:           2  (BUFG=1 OBUF=1)
  Clock Uncertainty:      0.202ns  ((TSJ^2 + DJ^2)^1/2) / 2 + PE
    Total System Jitter     (TSJ):    0.050ns
    Discrete Jitter          (DJ):    0.201ns
    Phase Error              (PE):    0.099ns

    Location             Delay type                Incr(ns)  Path(ns)    Netlist Resource(s)
  -------------------------------------------------------------------    -------------------
                         (clock clk_out1_clk_wiz_1 fall edge)
                                                     40.688    40.688 f  
    BUFGCTRL_X0Y2        BUFG                         0.000    40.688 f  clk_IBUF_BUFG_inst/O
                         net (fo=334, routed)         1.761    42.449    datapath/Audio_Codec/audiocodec_master_clock/inst/clk_in1
  -------------------------------------------------------------------    -------------------
    MMCME2_ADV_X0Y2      MMCME2_ADV (Prop_mmcme2_adv_CLKIN1_CLKOUT0)
                                                     -3.701    38.748 f  datapath/Audio_Codec/audiocodec_master_clock/inst/mmcm_adv_inst/CLKOUT0
                         net (fo=1, routed)           1.843    40.591    datapath/Audio_Codec/audiocodec_master_clock/inst/clk_out1_clk_wiz_1
    BUFGCTRL_X0Y1        BUFG (Prop_bufg_I_O)         0.096    40.687 f  datapath/Audio_Codec/audiocodec_master_clock/inst/clkout1_buf/O
                         net (fo=1, routed)           3.125    43.813    ac_mclk_OBUF
    U6                   OBUF (Prop_obuf_I_O)         3.536    47.349 f  ac_mclk_OBUF_inst/O
                         net (fo=0)                   0.000    47.349    ac_mclk
    U6                                                                f  ac_mclk (OUT)
  -------------------------------------------------------------------    -------------------





Min Delay Paths
--------------------------------------------------------------------------------------
Slack:                    inf
  Source:                 datapath/Audio_Codec/audiocodec_master_clock/inst/mmcm_adv_inst/CLKOUT0
                            (clock source 'clk_out1_clk_wiz_1'  {rise@0.000ns fall@40.688ns period=81.375ns})
  Destination:            ac_mclk
                            (output port)
  Path Group:             (none)
  Path Type:              Min at Fast Process Corner
  Data Path Delay:        2.605ns  (logic 1.263ns (48.503%)  route 1.341ns (51.497%))
  Logic Levels:           2  (BUFG=1 OBUF=1)
  Clock Uncertainty:      0.202ns  ((TSJ^2 + DJ^2)^1/2) / 2 + PE
    Total System Jitter     (TSJ):    0.050ns
    Discrete Jitter          (DJ):    0.201ns
    Phase Error              (PE):    0.099ns

    Location             Delay type                Incr(ns)  Path(ns)    Netlist Resource(s)
  -------------------------------------------------------------------    -------------------
                         (clock clk_out1_clk_wiz_1 rise edge)
                                                      0.000     0.000 r  
    BUFGCTRL_X0Y2        BUFG                         0.000     0.000 r  clk_IBUF_BUFG_inst/O
                         net (fo=334, routed)         0.610     0.610    datapath/Audio_Codec/audiocodec_master_clock/inst/clk_in1
  -------------------------------------------------------------------    -------------------
    MMCME2_ADV_X0Y2      MMCME2_ADV (Prop_mmcme2_adv_CLKIN1_CLKOUT0)
                                                     -1.180    -0.571 r  datapath/Audio_Codec/audiocodec_master_clock/inst/mmcm_adv_inst/CLKOUT0
                         net (fo=1, routed)           0.545    -0.026    datapath/Audio_Codec/audiocodec_master_clock/inst/clk_out1_clk_wiz_1
    BUFGCTRL_X0Y1        BUFG (Prop_bufg_I_O)         0.026     0.000 r  datapath/Audio_Codec/audiocodec_master_clock/inst/clkout1_buf/O
                         net (fo=1, routed)           0.796     0.796    ac_mclk_OBUF
    U6                   OBUF (Prop_obuf_I_O)         1.237     2.034 r  ac_mclk_OBUF_inst/O
                         net (fo=0)                   0.000     2.034    ac_mclk
    U6                                                                r  ac_mclk (OUT)
  -------------------------------------------------------------------    -------------------





--------------------------------------------------------------------------------------
Path Group:  (none)
From Clock:  clk_out2_clk_wiz_0
  To Clock:  

Max Delay             8 Endpoints
Min Delay             8 Endpoints
--------------------------------------------------------------------------------------


Max Delay Paths
--------------------------------------------------------------------------------------
Slack:                    inf
  Source:                 datapath/video_inst/inst_dvid/ODDR2_red/C
                            (falling edge-triggered cell ODDR clocked by clk_out2_clk_wiz_0  {rise@0.000ns fall@4.000ns period=8.000ns})
  Destination:            tmdsb[2]
                            (output port)
  Path Group:             (none)
  Path Type:              Max at Slow Process Corner
  Data Path Delay:        2.370ns  (logic 2.369ns (99.958%)  route 0.001ns (0.042%))
  Logic Levels:           1  (OBUFDS=1)
  Clock Uncertainty:      0.166ns  ((TSJ^2 + DJ^2)^1/2) / 2 + PE
    Total System Jitter     (TSJ):    0.050ns
    Discrete Jitter          (DJ):    0.125ns
    Phase Error              (PE):    0.099ns

    Location             Delay type                Incr(ns)  Path(ns)    Netlist Resource(s)
  -------------------------------------------------------------------    -------------------
                         (clock clk_out2_clk_wiz_0 fall edge)
                                                      4.000     4.000 f  
    BUFGCTRL_X0Y2        BUFG                         0.000     4.000 f  clk_IBUF_BUFG_inst/O
                         net (fo=334, routed)         2.106     6.106    datapath/video_inst/mmcm_adv_inst_display_clocks/inst/clk_in1
    MMCME2_ADV_X1Y0      MMCME2_ADV (Prop_mmcme2_adv_CLKIN1_CLKOUT1)
                                                     -4.900     1.207 f  datapath/video_inst/mmcm_adv_inst_display_clocks/inst/mmcm_adv_inst/CLKOUT1
                         net (fo=1, routed)           2.697     3.904    datapath/video_inst/mmcm_adv_inst_display_clocks/inst/clk_out2_clk_wiz_0
    BUFGCTRL_X0Y0        BUFG (Prop_bufg_I_O)         0.096     4.000 f  datapath/video_inst/mmcm_adv_inst_display_clocks/inst/clkout2_buf/O
                         net (fo=44, routed)          1.831     5.831    datapath/video_inst/inst_dvid/clk_out2
    OLOGIC_X1Y134        ODDR                                         f  datapath/video_inst/inst_dvid/ODDR2_red/C
  -------------------------------------------------------------------    -------------------
    OLOGIC_X1Y134        ODDR (Prop_oddr_C_Q)         0.472     6.303 r  datapath/video_inst/inst_dvid/ODDR2_red/Q
                         net (fo=1, routed)           0.001     6.304    datapath/video_inst/red_s
    AB3                  OBUFDS (Prop_obufds_I_OB)    1.897     8.201 r  datapath/video_inst/OBUFDS_green/OB
                         net (fo=0)                   0.000     8.201    tmdsb[2]
    AB2                                                               r  tmdsb[2] (OUT)
  -------------------------------------------------------------------    -------------------

Slack:                    inf
  Source:                 datapath/video_inst/inst_dvid/ODDR2_green/C
                            (falling edge-triggered cell ODDR clocked by clk_out2_clk_wiz_0  {rise@0.000ns fall@4.000ns period=8.000ns})
  Destination:            tmdsb[1]
                            (output port)
  Path Group:             (none)
  Path Type:              Max at Slow Process Corner
  Data Path Delay:        2.369ns  (logic 2.368ns (99.958%)  route 0.001ns (0.042%))
  Logic Levels:           1  (OBUFDS=1)
  Clock Uncertainty:      0.166ns  ((TSJ^2 + DJ^2)^1/2) / 2 + PE
    Total System Jitter     (TSJ):    0.050ns
    Discrete Jitter          (DJ):    0.125ns
    Phase Error              (PE):    0.099ns

    Location             Delay type                Incr(ns)  Path(ns)    Netlist Resource(s)
  -------------------------------------------------------------------    -------------------
                         (clock clk_out2_clk_wiz_0 fall edge)
                                                      4.000     4.000 f  
    BUFGCTRL_X0Y2        BUFG                         0.000     4.000 f  clk_IBUF_BUFG_inst/O
                         net (fo=334, routed)         2.106     6.106    datapath/video_inst/mmcm_adv_inst_display_clocks/inst/clk_in1
    MMCME2_ADV_X1Y0      MMCME2_ADV (Prop_mmcme2_adv_CLKIN1_CLKOUT1)
                                                     -4.900     1.207 f  datapath/video_inst/mmcm_adv_inst_display_clocks/inst/mmcm_adv_inst/CLKOUT1
                         net (fo=1, routed)           2.697     3.904    datapath/video_inst/mmcm_adv_inst_display_clocks/inst/clk_out2_clk_wiz_0
    BUFGCTRL_X0Y0        BUFG (Prop_bufg_I_O)         0.096     4.000 f  datapath/video_inst/mmcm_adv_inst_display_clocks/inst/clkout2_buf/O
                         net (fo=44, routed)          1.832     5.832    datapath/video_inst/inst_dvid/clk_out2
    OLOGIC_X1Y136        ODDR                                         f  datapath/video_inst/inst_dvid/ODDR2_green/C
  -------------------------------------------------------------------    -------------------
    OLOGIC_X1Y136        ODDR (Prop_oddr_C_Q)         0.472     6.304 r  datapath/video_inst/inst_dvid/ODDR2_green/Q
                         net (fo=1, routed)           0.001     6.305    datapath/video_inst/green_s
    AA1                  OBUFDS (Prop_obufds_I_OB)    1.896     8.201 r  datapath/video_inst/OBUFDS_red/OB
                         net (fo=0)                   0.000     8.201    tmdsb[1]
    AB1                                                               r  tmdsb[1] (OUT)
  -------------------------------------------------------------------    -------------------

Slack:                    inf
  Source:                 datapath/video_inst/inst_dvid/ODDR2_red/C
                            (falling edge-triggered cell ODDR clocked by clk_out2_clk_wiz_0  {rise@0.000ns fall@4.000ns period=8.000ns})
  Destination:            tmds[2]
                            (output port)
  Path Group:             (none)
  Path Type:              Max at Slow Process Corner
  Data Path Delay:        2.369ns  (logic 2.368ns (99.958%)  route 0.001ns (0.042%))
  Logic Levels:           1  (OBUFDS=1)
  Clock Uncertainty:      0.166ns  ((TSJ^2 + DJ^2)^1/2) / 2 + PE
    Total System Jitter     (TSJ):    0.050ns
    Discrete Jitter          (DJ):    0.125ns
    Phase Error              (PE):    0.099ns

    Location             Delay type                Incr(ns)  Path(ns)    Netlist Resource(s)
  -------------------------------------------------------------------    -------------------
                         (clock clk_out2_clk_wiz_0 fall edge)
                                                      4.000     4.000 f  
    BUFGCTRL_X0Y2        BUFG                         0.000     4.000 f  clk_IBUF_BUFG_inst/O
                         net (fo=334, routed)         2.106     6.106    datapath/video_inst/mmcm_adv_inst_display_clocks/inst/clk_in1
    MMCME2_ADV_X1Y0      MMCME2_ADV (Prop_mmcme2_adv_CLKIN1_CLKOUT1)
                                                     -4.900     1.207 f  datapath/video_inst/mmcm_adv_inst_display_clocks/inst/mmcm_adv_inst/CLKOUT1
                         net (fo=1, routed)           2.697     3.904    datapath/video_inst/mmcm_adv_inst_display_clocks/inst/clk_out2_clk_wiz_0
    BUFGCTRL_X0Y0        BUFG (Prop_bufg_I_O)         0.096     4.000 f  datapath/video_inst/mmcm_adv_inst_display_clocks/inst/clkout2_buf/O
                         net (fo=44, routed)          1.831     5.831    datapath/video_inst/inst_dvid/clk_out2
    OLOGIC_X1Y134        ODDR                                         f  datapath/video_inst/inst_dvid/ODDR2_red/C
  -------------------------------------------------------------------    -------------------
    OLOGIC_X1Y134        ODDR (Prop_oddr_C_Q)         0.472     6.303 r  datapath/video_inst/inst_dvid/ODDR2_red/Q
                         net (fo=1, routed)           0.001     6.304    datapath/video_inst/red_s
    AB3                  OBUFDS (Prop_obufds_I_O)     1.896     8.200 r  datapath/video_inst/OBUFDS_green/O
                         net (fo=0)                   0.000     8.200    tmds[2]
    AB3                                                               r  tmds[2] (OUT)
  -------------------------------------------------------------------    -------------------

Slack:                    inf
  Source:                 datapath/video_inst/inst_dvid/ODDR2_green/C
                            (falling edge-triggered cell ODDR clocked by clk_out2_clk_wiz_0  {rise@0.000ns fall@4.000ns period=8.000ns})
  Destination:            tmds[1]
                            (output port)
  Path Group:             (none)
  Path Type:              Max at Slow Process Corner
  Data Path Delay:        2.368ns  (logic 2.367ns (99.958%)  route 0.001ns (0.042%))
  Logic Levels:           1  (OBUFDS=1)
  Clock Uncertainty:      0.166ns  ((TSJ^2 + DJ^2)^1/2) / 2 + PE
    Total System Jitter     (TSJ):    0.050ns
    Discrete Jitter          (DJ):    0.125ns
    Phase Error              (PE):    0.099ns

    Location             Delay type                Incr(ns)  Path(ns)    Netlist Resource(s)
  -------------------------------------------------------------------    -------------------
                         (clock clk_out2_clk_wiz_0 fall edge)
                                                      4.000     4.000 f  
    BUFGCTRL_X0Y2        BUFG                         0.000     4.000 f  clk_IBUF_BUFG_inst/O
                         net (fo=334, routed)         2.106     6.106    datapath/video_inst/mmcm_adv_inst_display_clocks/inst/clk_in1
    MMCME2_ADV_X1Y0      MMCME2_ADV (Prop_mmcme2_adv_CLKIN1_CLKOUT1)
                                                     -4.900     1.207 f  datapath/video_inst/mmcm_adv_inst_display_clocks/inst/mmcm_adv_inst/CLKOUT1
                         net (fo=1, routed)           2.697     3.904    datapath/video_inst/mmcm_adv_inst_display_clocks/inst/clk_out2_clk_wiz_0
    BUFGCTRL_X0Y0        BUFG (Prop_bufg_I_O)         0.096     4.000 f  datapath/video_inst/mmcm_adv_inst_display_clocks/inst/clkout2_buf/O
                         net (fo=44, routed)          1.832     5.832    datapath/video_inst/inst_dvid/clk_out2
    OLOGIC_X1Y136        ODDR                                         f  datapath/video_inst/inst_dvid/ODDR2_green/C
  -------------------------------------------------------------------    -------------------
    OLOGIC_X1Y136        ODDR (Prop_oddr_C_Q)         0.472     6.304 r  datapath/video_inst/inst_dvid/ODDR2_green/Q
                         net (fo=1, routed)           0.001     6.305    datapath/video_inst/green_s
    AA1                  OBUFDS (Prop_obufds_I_O)     1.895     8.200 r  datapath/video_inst/OBUFDS_red/O
                         net (fo=0)                   0.000     8.200    tmds[1]
    AA1                                                               r  tmds[1] (OUT)
  -------------------------------------------------------------------    -------------------

Slack:                    inf
  Source:                 datapath/video_inst/inst_dvid/ODDR2_blue/C
                            (falling edge-triggered cell ODDR clocked by clk_out2_clk_wiz_0  {rise@0.000ns fall@4.000ns period=8.000ns})
  Destination:            tmdsb[0]
                            (output port)
  Path Group:             (none)
  Path Type:              Max at Slow Process Corner
  Data Path Delay:        2.358ns  (logic 2.357ns (99.958%)  route 0.001ns (0.042%))
  Logic Levels:           1  (OBUFDS=1)
  Clock Uncertainty:      0.166ns  ((TSJ^2 + DJ^2)^1/2) / 2 + PE
    Total System Jitter     (TSJ):    0.050ns
    Discrete Jitter          (DJ):    0.125ns
    Phase Error              (PE):    0.099ns

    Location             Delay type                Incr(ns)  Path(ns)    Netlist Resource(s)
  -------------------------------------------------------------------    -------------------
                         (clock clk_out2_clk_wiz_0 fall edge)
                                                      4.000     4.000 f  
    BUFGCTRL_X0Y2        BUFG                         0.000     4.000 f  clk_IBUF_BUFG_inst/O
                         net (fo=334, routed)         2.106     6.106    datapath/video_inst/mmcm_adv_inst_display_clocks/inst/clk_in1
    MMCME2_ADV_X1Y0      MMCME2_ADV (Prop_mmcme2_adv_CLKIN1_CLKOUT1)
                                                     -4.900     1.207 f  datapath/video_inst/mmcm_adv_inst_display_clocks/inst/mmcm_adv_inst/CLKOUT1
                         net (fo=1, routed)           2.697     3.904    datapath/video_inst/mmcm_adv_inst_display_clocks/inst/clk_out2_clk_wiz_0
    BUFGCTRL_X0Y0        BUFG (Prop_bufg_I_O)         0.096     4.000 f  datapath/video_inst/mmcm_adv_inst_display_clocks/inst/clkout2_buf/O
                         net (fo=44, routed)          1.835     5.835    datapath/video_inst/inst_dvid/clk_out2
    OLOGIC_X1Y140        ODDR                                         f  datapath/video_inst/inst_dvid/ODDR2_blue/C
  -------------------------------------------------------------------    -------------------
    OLOGIC_X1Y140        ODDR (Prop_oddr_C_Q)         0.472     6.307 r  datapath/video_inst/inst_dvid/ODDR2_blue/Q
                         net (fo=1, routed)           0.001     6.308    datapath/video_inst/blue_s
    W1                   OBUFDS (Prop_obufds_I_OB)    1.885     8.193 r  datapath/video_inst/OBUFDS_blue/OB
                         net (fo=0)                   0.000     8.193    tmdsb[0]
    Y1                                                                r  tmdsb[0] (OUT)
  -------------------------------------------------------------------    -------------------

Slack:                    inf
  Source:                 datapath/video_inst/inst_dvid/ODDR2_blue/C
                            (falling edge-triggered cell ODDR clocked by clk_out2_clk_wiz_0  {rise@0.000ns fall@4.000ns period=8.000ns})
  Destination:            tmds[0]
                            (output port)
  Path Group:             (none)
  Path Type:              Max at Slow Process Corner
  Data Path Delay:        2.357ns  (logic 2.356ns (99.958%)  route 0.001ns (0.042%))
  Logic Levels:           1  (OBUFDS=1)
  Clock Uncertainty:      0.166ns  ((TSJ^2 + DJ^2)^1/2) / 2 + PE
    Total System Jitter     (TSJ):    0.050ns
    Discrete Jitter          (DJ):    0.125ns
    Phase Error              (PE):    0.099ns

    Location             Delay type                Incr(ns)  Path(ns)    Netlist Resource(s)
  -------------------------------------------------------------------    -------------------
                         (clock clk_out2_clk_wiz_0 fall edge)
                                                      4.000     4.000 f  
    BUFGCTRL_X0Y2        BUFG                         0.000     4.000 f  clk_IBUF_BUFG_inst/O
                         net (fo=334, routed)         2.106     6.106    datapath/video_inst/mmcm_adv_inst_display_clocks/inst/clk_in1
    MMCME2_ADV_X1Y0      MMCME2_ADV (Prop_mmcme2_adv_CLKIN1_CLKOUT1)
                                                     -4.900     1.207 f  datapath/video_inst/mmcm_adv_inst_display_clocks/inst/mmcm_adv_inst/CLKOUT1
                         net (fo=1, routed)           2.697     3.904    datapath/video_inst/mmcm_adv_inst_display_clocks/inst/clk_out2_clk_wiz_0
    BUFGCTRL_X0Y0        BUFG (Prop_bufg_I_O)         0.096     4.000 f  datapath/video_inst/mmcm_adv_inst_display_clocks/inst/clkout2_buf/O
                         net (fo=44, routed)          1.835     5.835    datapath/video_inst/inst_dvid/clk_out2
    OLOGIC_X1Y140        ODDR                                         f  datapath/video_inst/inst_dvid/ODDR2_blue/C
  -------------------------------------------------------------------    -------------------
    OLOGIC_X1Y140        ODDR (Prop_oddr_C_Q)         0.472     6.307 r  datapath/video_inst/inst_dvid/ODDR2_blue/Q
                         net (fo=1, routed)           0.001     6.308    datapath/video_inst/blue_s
    W1                   OBUFDS (Prop_obufds_I_O)     1.884     8.192 r  datapath/video_inst/OBUFDS_blue/O
                         net (fo=0)                   0.000     8.192    tmds[0]
    W1                                                                r  tmds[0] (OUT)
  -------------------------------------------------------------------    -------------------

Slack:                    inf
  Source:                 datapath/video_inst/inst_dvid/ODDR2_clock/C
                            (falling edge-triggered cell ODDR clocked by clk_out2_clk_wiz_0  {rise@0.000ns fall@4.000ns period=8.000ns})
  Destination:            tmdsb[3]
                            (output port)
  Path Group:             (none)
  Path Type:              Max at Slow Process Corner
  Data Path Delay:        2.341ns  (logic 2.340ns (99.957%)  route 0.001ns (0.043%))
  Logic Levels:           1  (OBUFDS=1)
  Clock Uncertainty:      0.166ns  ((TSJ^2 + DJ^2)^1/2) / 2 + PE
    Total System Jitter     (TSJ):    0.050ns
    Discrete Jitter          (DJ):    0.125ns
    Phase Error              (PE):    0.099ns

    Location             Delay type                Incr(ns)  Path(ns)    Netlist Resource(s)
  -------------------------------------------------------------------    -------------------
                         (clock clk_out2_clk_wiz_0 fall edge)
                                                      4.000     4.000 f  
    BUFGCTRL_X0Y2        BUFG                         0.000     4.000 f  clk_IBUF_BUFG_inst/O
                         net (fo=334, routed)         2.106     6.106    datapath/video_inst/mmcm_adv_inst_display_clocks/inst/clk_in1
    MMCME2_ADV_X1Y0      MMCME2_ADV (Prop_mmcme2_adv_CLKIN1_CLKOUT1)
                                                     -4.900     1.207 f  datapath/video_inst/mmcm_adv_inst_display_clocks/inst/mmcm_adv_inst/CLKOUT1
                         net (fo=1, routed)           2.697     3.904    datapath/video_inst/mmcm_adv_inst_display_clocks/inst/clk_out2_clk_wiz_0
    BUFGCTRL_X0Y0        BUFG (Prop_bufg_I_O)         0.096     4.000 f  datapath/video_inst/mmcm_adv_inst_display_clocks/inst/clkout2_buf/O
                         net (fo=44, routed)          1.838     5.838    datapath/video_inst/inst_dvid/clk_out2
    OLOGIC_X1Y148        ODDR                                         f  datapath/video_inst/inst_dvid/ODDR2_clock/C
  -------------------------------------------------------------------    -------------------
    OLOGIC_X1Y148        ODDR (Prop_oddr_C_Q)         0.472     6.310 r  datapath/video_inst/inst_dvid/ODDR2_clock/Q
                         net (fo=1, routed)           0.001     6.311    datapath/video_inst/clock_s
    T1                   OBUFDS (Prop_obufds_I_OB)    1.868     8.179 r  datapath/video_inst/OBUFDS_clock/OB
                         net (fo=0)                   0.000     8.179    tmdsb[3]
    U1                                                                r  tmdsb[3] (OUT)
  -------------------------------------------------------------------    -------------------

Slack:                    inf
  Source:                 datapath/video_inst/inst_dvid/ODDR2_clock/C
                            (falling edge-triggered cell ODDR clocked by clk_out2_clk_wiz_0  {rise@0.000ns fall@4.000ns period=8.000ns})
  Destination:            tmds[3]
                            (output port)
  Path Group:             (none)
  Path Type:              Max at Slow Process Corner
  Data Path Delay:        2.340ns  (logic 2.339ns (99.957%)  route 0.001ns (0.043%))
  Logic Levels:           1  (OBUFDS=1)
  Clock Uncertainty:      0.166ns  ((TSJ^2 + DJ^2)^1/2) / 2 + PE
    Total System Jitter     (TSJ):    0.050ns
    Discrete Jitter          (DJ):    0.125ns
    Phase Error              (PE):    0.099ns

    Location             Delay type                Incr(ns)  Path(ns)    Netlist Resource(s)
  -------------------------------------------------------------------    -------------------
                         (clock clk_out2_clk_wiz_0 fall edge)
                                                      4.000     4.000 f  
    BUFGCTRL_X0Y2        BUFG                         0.000     4.000 f  clk_IBUF_BUFG_inst/O
                         net (fo=334, routed)         2.106     6.106    datapath/video_inst/mmcm_adv_inst_display_clocks/inst/clk_in1
    MMCME2_ADV_X1Y0      MMCME2_ADV (Prop_mmcme2_adv_CLKIN1_CLKOUT1)
                                                     -4.900     1.207 f  datapath/video_inst/mmcm_adv_inst_display_clocks/inst/mmcm_adv_inst/CLKOUT1
                         net (fo=1, routed)           2.697     3.904    datapath/video_inst/mmcm_adv_inst_display_clocks/inst/clk_out2_clk_wiz_0
    BUFGCTRL_X0Y0        BUFG (Prop_bufg_I_O)         0.096     4.000 f  datapath/video_inst/mmcm_adv_inst_display_clocks/inst/clkout2_buf/O
                         net (fo=44, routed)          1.838     5.838    datapath/video_inst/inst_dvid/clk_out2
    OLOGIC_X1Y148        ODDR                                         f  datapath/video_inst/inst_dvid/ODDR2_clock/C
  -------------------------------------------------------------------    -------------------
    OLOGIC_X1Y148        ODDR (Prop_oddr_C_Q)         0.472     6.310 r  datapath/video_inst/inst_dvid/ODDR2_clock/Q
                         net (fo=1, routed)           0.001     6.311    datapath/video_inst/clock_s
    T1                   OBUFDS (Prop_obufds_I_O)     1.867     8.178 r  datapath/video_inst/OBUFDS_clock/O
                         net (fo=0)                   0.000     8.178    tmds[3]
    T1                                                                r  tmds[3] (OUT)
  -------------------------------------------------------------------    -------------------





Min Delay Paths
--------------------------------------------------------------------------------------
Slack:                    inf
  Source:                 datapath/video_inst/inst_dvid/ODDR2_clock/C
                            (rising edge-triggered cell ODDR clocked by clk_out2_clk_wiz_0  {rise@0.000ns fall@4.000ns period=8.000ns})
  Destination:            tmds[3]
                            (output port)
  Path Group:             (none)
  Path Type:              Min at Fast Process Corner
  Data Path Delay:        0.994ns  (logic 0.993ns (99.899%)  route 0.001ns (0.101%))
  Logic Levels:           1  (OBUFDS=1)
  Clock Uncertainty:      0.166ns  ((TSJ^2 + DJ^2)^1/2) / 2 + PE
    Total System Jitter     (TSJ):    0.050ns
    Discrete Jitter          (DJ):    0.125ns
    Phase Error              (PE):    0.099ns

    Location             Delay type                Incr(ns)  Path(ns)    Netlist Resource(s)
  -------------------------------------------------------------------    -------------------
                         (clock clk_out2_clk_wiz_0 rise edge)
                                                      0.000     0.000 r  
    BUFGCTRL_X0Y2        BUFG                         0.000     0.000 r  clk_IBUF_BUFG_inst/O
                         net (fo=334, routed)         0.745     0.745    datapath/video_inst/mmcm_adv_inst_display_clocks/inst/clk_in1
    MMCME2_ADV_X1Y0      MMCME2_ADV (Prop_mmcme2_adv_CLKIN1_CLKOUT1)
                                                     -1.683    -0.938 r  datapath/video_inst/mmcm_adv_inst_display_clocks/inst/mmcm_adv_inst/CLKOUT1
                         net (fo=1, routed)           0.912    -0.026    datapath/video_inst/mmcm_adv_inst_display_clocks/inst/clk_out2_clk_wiz_0
    BUFGCTRL_X0Y0        BUFG (Prop_bufg_I_O)         0.026    -0.000 r  datapath/video_inst/mmcm_adv_inst_display_clocks/inst/clkout2_buf/O
                         net (fo=44, routed)          0.640     0.640    datapath/video_inst/inst_dvid/clk_out2
    OLOGIC_X1Y148        ODDR                                         r  datapath/video_inst/inst_dvid/ODDR2_clock/C
  -------------------------------------------------------------------    -------------------
    OLOGIC_X1Y148        ODDR (Prop_oddr_C_Q)         0.177     0.817 r  datapath/video_inst/inst_dvid/ODDR2_clock/Q
                         net (fo=1, routed)           0.001     0.818    datapath/video_inst/clock_s
    T1                   OBUFDS (Prop_obufds_I_O)     0.816     1.634 r  datapath/video_inst/OBUFDS_clock/O
                         net (fo=0)                   0.000     1.634    tmds[3]
    T1                                                                r  tmds[3] (OUT)
  -------------------------------------------------------------------    -------------------

Slack:                    inf
  Source:                 datapath/video_inst/inst_dvid/ODDR2_clock/C
                            (rising edge-triggered cell ODDR clocked by clk_out2_clk_wiz_0  {rise@0.000ns fall@4.000ns period=8.000ns})
  Destination:            tmdsb[3]
                            (output port)
  Path Group:             (none)
  Path Type:              Min at Fast Process Corner
  Data Path Delay:        0.995ns  (logic 0.994ns (99.899%)  route 0.001ns (0.101%))
  Logic Levels:           1  (OBUFDS=1)
  Clock Uncertainty:      0.166ns  ((TSJ^2 + DJ^2)^1/2) / 2 + PE
    Total System Jitter     (TSJ):    0.050ns
    Discrete Jitter          (DJ):    0.125ns
    Phase Error              (PE):    0.099ns

    Location             Delay type                Incr(ns)  Path(ns)    Netlist Resource(s)
  -------------------------------------------------------------------    -------------------
                         (clock clk_out2_clk_wiz_0 rise edge)
                                                      0.000     0.000 r  
    BUFGCTRL_X0Y2        BUFG                         0.000     0.000 r  clk_IBUF_BUFG_inst/O
                         net (fo=334, routed)         0.745     0.745    datapath/video_inst/mmcm_adv_inst_display_clocks/inst/clk_in1
    MMCME2_ADV_X1Y0      MMCME2_ADV (Prop_mmcme2_adv_CLKIN1_CLKOUT1)
                                                     -1.683    -0.938 r  datapath/video_inst/mmcm_adv_inst_display_clocks/inst/mmcm_adv_inst/CLKOUT1
                         net (fo=1, routed)           0.912    -0.026    datapath/video_inst/mmcm_adv_inst_display_clocks/inst/clk_out2_clk_wiz_0
    BUFGCTRL_X0Y0        BUFG (Prop_bufg_I_O)         0.026    -0.000 r  datapath/video_inst/mmcm_adv_inst_display_clocks/inst/clkout2_buf/O
                         net (fo=44, routed)          0.640     0.640    datapath/video_inst/inst_dvid/clk_out2
    OLOGIC_X1Y148        ODDR                                         r  datapath/video_inst/inst_dvid/ODDR2_clock/C
  -------------------------------------------------------------------    -------------------
    OLOGIC_X1Y148        ODDR (Prop_oddr_C_Q)         0.177     0.817 r  datapath/video_inst/inst_dvid/ODDR2_clock/Q
                         net (fo=1, routed)           0.001     0.818    datapath/video_inst/clock_s
    T1                   OBUFDS (Prop_obufds_I_OB)    0.817     1.635 r  datapath/video_inst/OBUFDS_clock/OB
                         net (fo=0)                   0.000     1.635    tmdsb[3]
    U1                                                                r  tmdsb[3] (OUT)
  -------------------------------------------------------------------    -------------------

Slack:                    inf
  Source:                 datapath/video_inst/inst_dvid/ODDR2_blue/C
                            (rising edge-triggered cell ODDR clocked by clk_out2_clk_wiz_0  {rise@0.000ns fall@4.000ns period=8.000ns})
  Destination:            tmds[0]
                            (output port)
  Path Group:             (none)
  Path Type:              Min at Fast Process Corner
  Data Path Delay:        1.010ns  (logic 1.009ns (99.901%)  route 0.001ns (0.099%))
  Logic Levels:           1  (OBUFDS=1)
  Clock Uncertainty:      0.166ns  ((TSJ^2 + DJ^2)^1/2) / 2 + PE
    Total System Jitter     (TSJ):    0.050ns
    Discrete Jitter          (DJ):    0.125ns
    Phase Error              (PE):    0.099ns

    Location             Delay type                Incr(ns)  Path(ns)    Netlist Resource(s)
  -------------------------------------------------------------------    -------------------
                         (clock clk_out2_clk_wiz_0 rise edge)
                                                      0.000     0.000 r  
    BUFGCTRL_X0Y2        BUFG                         0.000     0.000 r  clk_IBUF_BUFG_inst/O
                         net (fo=334, routed)         0.745     0.745    datapath/video_inst/mmcm_adv_inst_display_clocks/inst/clk_in1
    MMCME2_ADV_X1Y0      MMCME2_ADV (Prop_mmcme2_adv_CLKIN1_CLKOUT1)
                                                     -1.683    -0.938 r  datapath/video_inst/mmcm_adv_inst_display_clocks/inst/mmcm_adv_inst/CLKOUT1
                         net (fo=1, routed)           0.912    -0.026    datapath/video_inst/mmcm_adv_inst_display_clocks/inst/clk_out2_clk_wiz_0
    BUFGCTRL_X0Y0        BUFG (Prop_bufg_I_O)         0.026    -0.000 r  datapath/video_inst/mmcm_adv_inst_display_clocks/inst/clkout2_buf/O
                         net (fo=44, routed)          0.638     0.638    datapath/video_inst/inst_dvid/clk_out2
    OLOGIC_X1Y140        ODDR                                         r  datapath/video_inst/inst_dvid/ODDR2_blue/C
  -------------------------------------------------------------------    -------------------
    OLOGIC_X1Y140        ODDR (Prop_oddr_C_Q)         0.177     0.815 r  datapath/video_inst/inst_dvid/ODDR2_blue/Q
                         net (fo=1, routed)           0.001     0.816    datapath/video_inst/blue_s
    W1                   OBUFDS (Prop_obufds_I_O)     0.832     1.648 r  datapath/video_inst/OBUFDS_blue/O
                         net (fo=0)                   0.000     1.648    tmds[0]
    W1                                                                r  tmds[0] (OUT)
  -------------------------------------------------------------------    -------------------

Slack:                    inf
  Source:                 datapath/video_inst/inst_dvid/ODDR2_blue/C
                            (rising edge-triggered cell ODDR clocked by clk_out2_clk_wiz_0  {rise@0.000ns fall@4.000ns period=8.000ns})
  Destination:            tmdsb[0]
                            (output port)
  Path Group:             (none)
  Path Type:              Min at Fast Process Corner
  Data Path Delay:        1.011ns  (logic 1.010ns (99.901%)  route 0.001ns (0.099%))
  Logic Levels:           1  (OBUFDS=1)
  Clock Uncertainty:      0.166ns  ((TSJ^2 + DJ^2)^1/2) / 2 + PE
    Total System Jitter     (TSJ):    0.050ns
    Discrete Jitter          (DJ):    0.125ns
    Phase Error              (PE):    0.099ns

    Location             Delay type                Incr(ns)  Path(ns)    Netlist Resource(s)
  -------------------------------------------------------------------    -------------------
                         (clock clk_out2_clk_wiz_0 rise edge)
                                                      0.000     0.000 r  
    BUFGCTRL_X0Y2        BUFG                         0.000     0.000 r  clk_IBUF_BUFG_inst/O
                         net (fo=334, routed)         0.745     0.745    datapath/video_inst/mmcm_adv_inst_display_clocks/inst/clk_in1
    MMCME2_ADV_X1Y0      MMCME2_ADV (Prop_mmcme2_adv_CLKIN1_CLKOUT1)
                                                     -1.683    -0.938 r  datapath/video_inst/mmcm_adv_inst_display_clocks/inst/mmcm_adv_inst/CLKOUT1
                         net (fo=1, routed)           0.912    -0.026    datapath/video_inst/mmcm_adv_inst_display_clocks/inst/clk_out2_clk_wiz_0
    BUFGCTRL_X0Y0        BUFG (Prop_bufg_I_O)         0.026    -0.000 r  datapath/video_inst/mmcm_adv_inst_display_clocks/inst/clkout2_buf/O
                         net (fo=44, routed)          0.638     0.638    datapath/video_inst/inst_dvid/clk_out2
    OLOGIC_X1Y140        ODDR                                         r  datapath/video_inst/inst_dvid/ODDR2_blue/C
  -------------------------------------------------------------------    -------------------
    OLOGIC_X1Y140        ODDR (Prop_oddr_C_Q)         0.177     0.815 r  datapath/video_inst/inst_dvid/ODDR2_blue/Q
                         net (fo=1, routed)           0.001     0.816    datapath/video_inst/blue_s
    W1                   OBUFDS (Prop_obufds_I_OB)    0.833     1.649 r  datapath/video_inst/OBUFDS_blue/OB
                         net (fo=0)                   0.000     1.649    tmdsb[0]
    Y1                                                                r  tmdsb[0] (OUT)
  -------------------------------------------------------------------    -------------------

Slack:                    inf
  Source:                 datapath/video_inst/inst_dvid/ODDR2_green/C
                            (rising edge-triggered cell ODDR clocked by clk_out2_clk_wiz_0  {rise@0.000ns fall@4.000ns period=8.000ns})
  Destination:            tmds[1]
                            (output port)
  Path Group:             (none)
  Path Type:              Min at Fast Process Corner
  Data Path Delay:        1.022ns  (logic 1.021ns (99.902%)  route 0.001ns (0.098%))
  Logic Levels:           1  (OBUFDS=1)
  Clock Uncertainty:      0.166ns  ((TSJ^2 + DJ^2)^1/2) / 2 + PE
    Total System Jitter     (TSJ):    0.050ns
    Discrete Jitter          (DJ):    0.125ns
    Phase Error              (PE):    0.099ns

    Location             Delay type                Incr(ns)  Path(ns)    Netlist Resource(s)
  -------------------------------------------------------------------    -------------------
                         (clock clk_out2_clk_wiz_0 rise edge)
                                                      0.000     0.000 r  
    BUFGCTRL_X0Y2        BUFG                         0.000     0.000 r  clk_IBUF_BUFG_inst/O
                         net (fo=334, routed)         0.745     0.745    datapath/video_inst/mmcm_adv_inst_display_clocks/inst/clk_in1
    MMCME2_ADV_X1Y0      MMCME2_ADV (Prop_mmcme2_adv_CLKIN1_CLKOUT1)
                                                     -1.683    -0.938 r  datapath/video_inst/mmcm_adv_inst_display_clocks/inst/mmcm_adv_inst/CLKOUT1
                         net (fo=1, routed)           0.912    -0.026    datapath/video_inst/mmcm_adv_inst_display_clocks/inst/clk_out2_clk_wiz_0
    BUFGCTRL_X0Y0        BUFG (Prop_bufg_I_O)         0.026    -0.000 r  datapath/video_inst/mmcm_adv_inst_display_clocks/inst/clkout2_buf/O
                         net (fo=44, routed)          0.636     0.636    datapath/video_inst/inst_dvid/clk_out2
    OLOGIC_X1Y136        ODDR                                         r  datapath/video_inst/inst_dvid/ODDR2_green/C
  -------------------------------------------------------------------    -------------------
    OLOGIC_X1Y136        ODDR (Prop_oddr_C_Q)         0.177     0.813 r  datapath/video_inst/inst_dvid/ODDR2_green/Q
                         net (fo=1, routed)           0.001     0.814    datapath/video_inst/green_s
    AA1                  OBUFDS (Prop_obufds_I_O)     0.844     1.657 r  datapath/video_inst/OBUFDS_red/O
                         net (fo=0)                   0.000     1.657    tmds[1]
    AA1                                                               r  tmds[1] (OUT)
  -------------------------------------------------------------------    -------------------

Slack:                    inf
  Source:                 datapath/video_inst/inst_dvid/ODDR2_green/C
                            (rising edge-triggered cell ODDR clocked by clk_out2_clk_wiz_0  {rise@0.000ns fall@4.000ns period=8.000ns})
  Destination:            tmdsb[1]
                            (output port)
  Path Group:             (none)
  Path Type:              Min at Fast Process Corner
  Data Path Delay:        1.023ns  (logic 1.022ns (99.902%)  route 0.001ns (0.098%))
  Logic Levels:           1  (OBUFDS=1)
  Clock Uncertainty:      0.166ns  ((TSJ^2 + DJ^2)^1/2) / 2 + PE
    Total System Jitter     (TSJ):    0.050ns
    Discrete Jitter          (DJ):    0.125ns
    Phase Error              (PE):    0.099ns

    Location             Delay type                Incr(ns)  Path(ns)    Netlist Resource(s)
  -------------------------------------------------------------------    -------------------
                         (clock clk_out2_clk_wiz_0 rise edge)
                                                      0.000     0.000 r  
    BUFGCTRL_X0Y2        BUFG                         0.000     0.000 r  clk_IBUF_BUFG_inst/O
                         net (fo=334, routed)         0.745     0.745    datapath/video_inst/mmcm_adv_inst_display_clocks/inst/clk_in1
    MMCME2_ADV_X1Y0      MMCME2_ADV (Prop_mmcme2_adv_CLKIN1_CLKOUT1)
                                                     -1.683    -0.938 r  datapath/video_inst/mmcm_adv_inst_display_clocks/inst/mmcm_adv_inst/CLKOUT1
                         net (fo=1, routed)           0.912    -0.026    datapath/video_inst/mmcm_adv_inst_display_clocks/inst/clk_out2_clk_wiz_0
    BUFGCTRL_X0Y0        BUFG (Prop_bufg_I_O)         0.026    -0.000 r  datapath/video_inst/mmcm_adv_inst_display_clocks/inst/clkout2_buf/O
                         net (fo=44, routed)          0.636     0.636    datapath/video_inst/inst_dvid/clk_out2
    OLOGIC_X1Y136        ODDR                                         r  datapath/video_inst/inst_dvid/ODDR2_green/C
  -------------------------------------------------------------------    -------------------
    OLOGIC_X1Y136        ODDR (Prop_oddr_C_Q)         0.177     0.813 r  datapath/video_inst/inst_dvid/ODDR2_green/Q
                         net (fo=1, routed)           0.001     0.814    datapath/video_inst/green_s
    AA1                  OBUFDS (Prop_obufds_I_OB)    0.845     1.658 r  datapath/video_inst/OBUFDS_red/OB
                         net (fo=0)                   0.000     1.658    tmdsb[1]
    AB1                                                               r  tmdsb[1] (OUT)
  -------------------------------------------------------------------    -------------------

Slack:                    inf
  Source:                 datapath/video_inst/inst_dvid/ODDR2_red/C
                            (rising edge-triggered cell ODDR clocked by clk_out2_clk_wiz_0  {rise@0.000ns fall@4.000ns period=8.000ns})
  Destination:            tmds[2]
                            (output port)
  Path Group:             (none)
  Path Type:              Min at Fast Process Corner
  Data Path Delay:        1.023ns  (logic 1.022ns (99.902%)  route 0.001ns (0.098%))
  Logic Levels:           1  (OBUFDS=1)
  Clock Uncertainty:      0.166ns  ((TSJ^2 + DJ^2)^1/2) / 2 + PE
    Total System Jitter     (TSJ):    0.050ns
    Discrete Jitter          (DJ):    0.125ns
    Phase Error              (PE):    0.099ns

    Location             Delay type                Incr(ns)  Path(ns)    Netlist Resource(s)
  -------------------------------------------------------------------    -------------------
                         (clock clk_out2_clk_wiz_0 rise edge)
                                                      0.000     0.000 r  
    BUFGCTRL_X0Y2        BUFG                         0.000     0.000 r  clk_IBUF_BUFG_inst/O
                         net (fo=334, routed)         0.745     0.745    datapath/video_inst/mmcm_adv_inst_display_clocks/inst/clk_in1
    MMCME2_ADV_X1Y0      MMCME2_ADV (Prop_mmcme2_adv_CLKIN1_CLKOUT1)
                                                     -1.683    -0.938 r  datapath/video_inst/mmcm_adv_inst_display_clocks/inst/mmcm_adv_inst/CLKOUT1
                         net (fo=1, routed)           0.912    -0.026    datapath/video_inst/mmcm_adv_inst_display_clocks/inst/clk_out2_clk_wiz_0
    BUFGCTRL_X0Y0        BUFG (Prop_bufg_I_O)         0.026    -0.000 r  datapath/video_inst/mmcm_adv_inst_display_clocks/inst/clkout2_buf/O
                         net (fo=44, routed)          0.636     0.636    datapath/video_inst/inst_dvid/clk_out2
    OLOGIC_X1Y134        ODDR                                         r  datapath/video_inst/inst_dvid/ODDR2_red/C
  -------------------------------------------------------------------    -------------------
    OLOGIC_X1Y134        ODDR (Prop_oddr_C_Q)         0.177     0.813 r  datapath/video_inst/inst_dvid/ODDR2_red/Q
                         net (fo=1, routed)           0.001     0.814    datapath/video_inst/red_s
    AB3                  OBUFDS (Prop_obufds_I_O)     0.845     1.659 r  datapath/video_inst/OBUFDS_green/O
                         net (fo=0)                   0.000     1.659    tmds[2]
    AB3                                                               r  tmds[2] (OUT)
  -------------------------------------------------------------------    -------------------

Slack:                    inf
  Source:                 datapath/video_inst/inst_dvid/ODDR2_red/C
                            (rising edge-triggered cell ODDR clocked by clk_out2_clk_wiz_0  {rise@0.000ns fall@4.000ns period=8.000ns})
  Destination:            tmdsb[2]
                            (output port)
  Path Group:             (none)
  Path Type:              Min at Fast Process Corner
  Data Path Delay:        1.024ns  (logic 1.023ns (99.902%)  route 0.001ns (0.098%))
  Logic Levels:           1  (OBUFDS=1)
  Clock Uncertainty:      0.166ns  ((TSJ^2 + DJ^2)^1/2) / 2 + PE
    Total System Jitter     (TSJ):    0.050ns
    Discrete Jitter          (DJ):    0.125ns
    Phase Error              (PE):    0.099ns

    Location             Delay type                Incr(ns)  Path(ns)    Netlist Resource(s)
  -------------------------------------------------------------------    -------------------
                         (clock clk_out2_clk_wiz_0 rise edge)
                                                      0.000     0.000 r  
    BUFGCTRL_X0Y2        BUFG                         0.000     0.000 r  clk_IBUF_BUFG_inst/O
                         net (fo=334, routed)         0.745     0.745    datapath/video_inst/mmcm_adv_inst_display_clocks/inst/clk_in1
    MMCME2_ADV_X1Y0      MMCME2_ADV (Prop_mmcme2_adv_CLKIN1_CLKOUT1)
                                                     -1.683    -0.938 r  datapath/video_inst/mmcm_adv_inst_display_clocks/inst/mmcm_adv_inst/CLKOUT1
                         net (fo=1, routed)           0.912    -0.026    datapath/video_inst/mmcm_adv_inst_display_clocks/inst/clk_out2_clk_wiz_0
    BUFGCTRL_X0Y0        BUFG (Prop_bufg_I_O)         0.026    -0.000 r  datapath/video_inst/mmcm_adv_inst_display_clocks/inst/clkout2_buf/O
                         net (fo=44, routed)          0.636     0.636    datapath/video_inst/inst_dvid/clk_out2
    OLOGIC_X1Y134        ODDR                                         r  datapath/video_inst/inst_dvid/ODDR2_red/C
  -------------------------------------------------------------------    -------------------
    OLOGIC_X1Y134        ODDR (Prop_oddr_C_Q)         0.177     0.813 r  datapath/video_inst/inst_dvid/ODDR2_red/Q
                         net (fo=1, routed)           0.001     0.814    datapath/video_inst/red_s
    AB3                  OBUFDS (Prop_obufds_I_OB)    0.846     1.660 r  datapath/video_inst/OBUFDS_green/OB
                         net (fo=0)                   0.000     1.660    tmdsb[2]
    AB2                                                               r  tmdsb[2] (OUT)
  -------------------------------------------------------------------    -------------------





--------------------------------------------------------------------------------------
Path Group:  (none)
From Clock:  clk_out2_clk_wiz_1
  To Clock:  

Max Delay             2 Endpoints
Min Delay             2 Endpoints
--------------------------------------------------------------------------------------


Max Delay Paths
--------------------------------------------------------------------------------------
Slack:                    inf
  Source:                 datapath/Audio_Codec/initialize_audio/twi_controller/rSda_reg/C
                            (rising edge-triggered cell FDRE clocked by clk_out2_clk_wiz_1  {rise@0.000ns fall@10.000ns period=20.000ns})
  Destination:            sda
                            (output port)
  Path Group:             (none)
  Path Type:              Max at Slow Process Corner
  Data Path Delay:        5.915ns  (logic 4.004ns (67.684%)  route 1.912ns (32.316%))
  Logic Levels:           1  (OBUFT=1)
  Clock Uncertainty:      0.178ns  ((TSJ^2 + DJ^2)^1/2) / 2 + PE
    Total System Jitter     (TSJ):    0.050ns
    Discrete Jitter          (DJ):    0.152ns
    Phase Error              (PE):    0.099ns

    Location             Delay type                Incr(ns)  Path(ns)    Netlist Resource(s)
  -------------------------------------------------------------------    -------------------
                         (clock clk_out2_clk_wiz_1 rise edge)
                                                      0.000     0.000 r  
    BUFGCTRL_X0Y2        BUFG                         0.000     0.000 r  clk_IBUF_BUFG_inst/O
                         net (fo=334, routed)         1.761     1.761    datapath/Audio_Codec/audiocodec_master_clock/inst/clk_in1
    MMCME2_ADV_X0Y2      MMCME2_ADV (Prop_mmcme2_adv_CLKIN1_CLKOUT1)
                                                     -3.701    -1.939 r  datapath/Audio_Codec/audiocodec_master_clock/inst/mmcm_adv_inst/CLKOUT1
                         net (fo=1, routed)           1.843    -0.096    datapath/Audio_Codec/audiocodec_master_clock/inst/clk_out2_clk_wiz_1
    BUFGCTRL_X0Y3        BUFG (Prop_bufg_I_O)         0.096    -0.000 r  datapath/Audio_Codec/audiocodec_master_clock/inst/clkout2_buf/O
                         net (fo=115, routed)         1.823     1.823    datapath/Audio_Codec/initialize_audio/twi_controller/clk_out2
    SLICE_X160Y117       FDRE                                         r  datapath/Audio_Codec/initialize_audio/twi_controller/rSda_reg/C
  -------------------------------------------------------------------    -------------------
    SLICE_X160Y117       FDRE (Prop_fdre_C_Q)         0.456     2.279 f  datapath/Audio_Codec/initialize_audio/twi_controller/rSda_reg/Q
                         net (fo=4, routed)           1.912     4.191    sda_IOBUF_inst/T
    V5                   OBUFT (TriStatE_obuft_T_O)
                                                      3.548     7.739 r  sda_IOBUF_inst/OBUFT/O
                         net (fo=1, unset)            0.000     7.739    sda
    V5                                                                r  sda (INOUT)
  -------------------------------------------------------------------    -------------------

Slack:                    inf
  Source:                 datapath/Audio_Codec/initialize_audio/twi_controller/rScl_reg/C
                            (rising edge-triggered cell FDRE clocked by clk_out2_clk_wiz_1  {rise@0.000ns fall@10.000ns period=20.000ns})
  Destination:            scl
                            (output port)
  Path Group:             (none)
  Path Type:              Max at Slow Process Corner
  Data Path Delay:        5.867ns  (logic 4.214ns (71.825%)  route 1.653ns (28.175%))
  Logic Levels:           1  (OBUFT=1)
  Clock Uncertainty:      0.178ns  ((TSJ^2 + DJ^2)^1/2) / 2 + PE
    Total System Jitter     (TSJ):    0.050ns
    Discrete Jitter          (DJ):    0.152ns
    Phase Error              (PE):    0.099ns

    Location             Delay type                Incr(ns)  Path(ns)    Netlist Resource(s)
  -------------------------------------------------------------------    -------------------
                         (clock clk_out2_clk_wiz_1 rise edge)
                                                      0.000     0.000 r  
    BUFGCTRL_X0Y2        BUFG                         0.000     0.000 r  clk_IBUF_BUFG_inst/O
                         net (fo=334, routed)         1.761     1.761    datapath/Audio_Codec/audiocodec_master_clock/inst/clk_in1
    MMCME2_ADV_X0Y2      MMCME2_ADV (Prop_mmcme2_adv_CLKIN1_CLKOUT1)
                                                     -3.701    -1.939 r  datapath/Audio_Codec/audiocodec_master_clock/inst/mmcm_adv_inst/CLKOUT1
                         net (fo=1, routed)           1.843    -0.096    datapath/Audio_Codec/audiocodec_master_clock/inst/clk_out2_clk_wiz_1
    BUFGCTRL_X0Y3        BUFG (Prop_bufg_I_O)         0.096    -0.000 r  datapath/Audio_Codec/audiocodec_master_clock/inst/clkout2_buf/O
                         net (fo=115, routed)         1.821     1.821    datapath/Audio_Codec/initialize_audio/twi_controller/clk_out2
    SLICE_X162Y118       FDRE                                         r  datapath/Audio_Codec/initialize_audio/twi_controller/rScl_reg/C
  -------------------------------------------------------------------    -------------------
    SLICE_X162Y118       FDRE (Prop_fdre_C_Q)         0.478     2.299 f  datapath/Audio_Codec/initialize_audio/twi_controller/rScl_reg/Q
                         net (fo=3, routed)           1.653     3.952    scl_IOBUF_inst/T
    W5                   OBUFT (TriStatE_obuft_T_O)
                                                      3.736     7.688 r  scl_IOBUF_inst/OBUFT/O
                         net (fo=1, unset)            0.000     7.688    scl
    W5                                                                r  scl (INOUT)
  -------------------------------------------------------------------    -------------------





Min Delay Paths
--------------------------------------------------------------------------------------
Slack:                    inf
  Source:                 datapath/Audio_Codec/initialize_audio/twi_controller/rScl_reg/C
                            (rising edge-triggered cell FDRE clocked by clk_out2_clk_wiz_1  {rise@0.000ns fall@10.000ns period=20.000ns})
  Destination:            scl
                            (output port)
  Path Group:             (none)
  Path Type:              Min at Fast Process Corner
  Data Path Delay:        1.635ns  (logic 1.025ns (62.689%)  route 0.610ns (37.311%))
  Logic Levels:           1  (OBUFT=1)
  Clock Uncertainty:      0.178ns  ((TSJ^2 + DJ^2)^1/2) / 2 + PE
    Total System Jitter     (TSJ):    0.050ns
    Discrete Jitter          (DJ):    0.152ns
    Phase Error              (PE):    0.099ns

    Location             Delay type                Incr(ns)  Path(ns)    Netlist Resource(s)
  -------------------------------------------------------------------    -------------------
                         (clock clk_out2_clk_wiz_1 rise edge)
                                                      0.000     0.000 r  
    BUFGCTRL_X0Y2        BUFG                         0.000     0.000 r  clk_IBUF_BUFG_inst/O
                         net (fo=334, routed)         0.610     0.610    datapath/Audio_Codec/audiocodec_master_clock/inst/clk_in1
    MMCME2_ADV_X0Y2      MMCME2_ADV (Prop_mmcme2_adv_CLKIN1_CLKOUT1)
                                                     -1.180    -0.571 r  datapath/Audio_Codec/audiocodec_master_clock/inst/mmcm_adv_inst/CLKOUT1
                         net (fo=1, routed)           0.545    -0.026    datapath/Audio_Codec/audiocodec_master_clock/inst/clk_out2_clk_wiz_1
    BUFGCTRL_X0Y3        BUFG (Prop_bufg_I_O)         0.026     0.000 r  datapath/Audio_Codec/audiocodec_master_clock/inst/clkout2_buf/O
                         net (fo=115, routed)         0.641     0.641    datapath/Audio_Codec/initialize_audio/twi_controller/clk_out2
    SLICE_X162Y118       FDRE                                         r  datapath/Audio_Codec/initialize_audio/twi_controller/rScl_reg/C
  -------------------------------------------------------------------    -------------------
    SLICE_X162Y118       FDRE (Prop_fdre_C_Q)         0.148     0.789 r  datapath/Audio_Codec/initialize_audio/twi_controller/rScl_reg/Q
                         net (fo=3, routed)           0.610     1.399    scl_IOBUF_inst/T
    W5                   OBUFT (TriStatD_obuft_T_O)
                                                      0.877     2.276 r  scl_IOBUF_inst/OBUFT/O
                         net (fo=1, unset)            0.000     2.276    scl
    W5                                                                r  scl (INOUT)
  -------------------------------------------------------------------    -------------------

Slack:                    inf
  Source:                 datapath/Audio_Codec/initialize_audio/twi_controller/rSda_reg/C
                            (rising edge-triggered cell FDRE clocked by clk_out2_clk_wiz_1  {rise@0.000ns fall@10.000ns period=20.000ns})
  Destination:            sda
                            (output port)
  Path Group:             (none)
  Path Type:              Min at Fast Process Corner
  Data Path Delay:        1.680ns  (logic 0.965ns (57.453%)  route 0.715ns (42.547%))
  Logic Levels:           1  (OBUFT=1)
  Clock Uncertainty:      0.178ns  ((TSJ^2 + DJ^2)^1/2) / 2 + PE
    Total System Jitter     (TSJ):    0.050ns
    Discrete Jitter          (DJ):    0.152ns
    Phase Error              (PE):    0.099ns

    Location             Delay type                Incr(ns)  Path(ns)    Netlist Resource(s)
  -------------------------------------------------------------------    -------------------
                         (clock clk_out2_clk_wiz_1 rise edge)
                                                      0.000     0.000 r  
    BUFGCTRL_X0Y2        BUFG                         0.000     0.000 r  clk_IBUF_BUFG_inst/O
                         net (fo=334, routed)         0.610     0.610    datapath/Audio_Codec/audiocodec_master_clock/inst/clk_in1
    MMCME2_ADV_X0Y2      MMCME2_ADV (Prop_mmcme2_adv_CLKIN1_CLKOUT1)
                                                     -1.180    -0.571 r  datapath/Audio_Codec/audiocodec_master_clock/inst/mmcm_adv_inst/CLKOUT1
                         net (fo=1, routed)           0.545    -0.026    datapath/Audio_Codec/audiocodec_master_clock/inst/clk_out2_clk_wiz_1
    BUFGCTRL_X0Y3        BUFG (Prop_bufg_I_O)         0.026     0.000 r  datapath/Audio_Codec/audiocodec_master_clock/inst/clkout2_buf/O
                         net (fo=115, routed)         0.642     0.642    datapath/Audio_Codec/initialize_audio/twi_controller/clk_out2
    SLICE_X160Y117       FDRE                                         r  datapath/Audio_Codec/initialize_audio/twi_controller/rSda_reg/C
  -------------------------------------------------------------------    -------------------
    SLICE_X160Y117       FDRE (Prop_fdre_C_Q)         0.141     0.783 r  datapath/Audio_Codec/initialize_audio/twi_controller/rSda_reg/Q
                         net (fo=4, routed)           0.715     1.497    sda_IOBUF_inst/T
    V5                   OBUFT (TriStatD_obuft_T_O)
                                                      0.824     2.321 r  sda_IOBUF_inst/OBUFT/O
                         net (fo=1, unset)            0.000     2.321    sda
    V5                                                                r  sda (INOUT)
  -------------------------------------------------------------------    -------------------





--------------------------------------------------------------------------------------
Path Group:  (none)
From Clock:  clkfbout_clk_wiz_0
  To Clock:  

Max Delay             1 Endpoint
Min Delay             1 Endpoint
--------------------------------------------------------------------------------------


Max Delay Paths
--------------------------------------------------------------------------------------
Slack:                    inf
  Source:                 datapath/video_inst/mmcm_adv_inst_display_clocks/inst/mmcm_adv_inst/CLKFBOUT
                            (clock source 'clkfbout_clk_wiz_0'  {rise@0.000ns fall@5.000ns period=10.000ns})
  Destination:            datapath/video_inst/mmcm_adv_inst_display_clocks/inst/mmcm_adv_inst/CLKFBIN
  Path Group:             (none)
  Path Type:              Max at Slow Process Corner
  Data Path Delay:        4.900ns  (logic 0.096ns (1.959%)  route 4.804ns (98.041%))
  Logic Levels:           1  (BUFG=1)
  Clock Uncertainty:      0.148ns  ((TSJ^2 + DJ^2)^1/2) / 2 + PE
    Total System Jitter     (TSJ):    0.050ns
    Discrete Jitter          (DJ):    0.086ns
    Phase Error              (PE):    0.099ns

    Location             Delay type                Incr(ns)  Path(ns)    Netlist Resource(s)
  -------------------------------------------------------------------    -------------------
                         (clock clkfbout_clk_wiz_0 fall edge)
                                                      5.000     5.000 f  
    BUFGCTRL_X0Y2        BUFG                         0.000     5.000 f  clk_IBUF_BUFG_inst/O
                         net (fo=334, routed)         2.106     7.106    datapath/video_inst/mmcm_adv_inst_display_clocks/inst/clk_in1
  -------------------------------------------------------------------    -------------------
    MMCME2_ADV_X1Y0      MMCME2_ADV (Prop_mmcme2_adv_CLKIN1_CLKFBOUT)
                                                     -4.900     2.207 f  datapath/video_inst/mmcm_adv_inst_display_clocks/inst/mmcm_adv_inst/CLKFBOUT
                         net (fo=1, routed)           2.697     4.904    datapath/video_inst/mmcm_adv_inst_display_clocks/inst/clkfbout_clk_wiz_0
    BUFGCTRL_X0Y6        BUFG (Prop_bufg_I_O)         0.096     5.000 f  datapath/video_inst/mmcm_adv_inst_display_clocks/inst/clkf_buf/O
                         net (fo=1, routed)           2.106     7.106    datapath/video_inst/mmcm_adv_inst_display_clocks/inst/clkfbout_buf_clk_wiz_0
    MMCME2_ADV_X1Y0      MMCME2_ADV                                   f  datapath/video_inst/mmcm_adv_inst_display_clocks/inst/mmcm_adv_inst/CLKFBIN
  -------------------------------------------------------------------    -------------------





Min Delay Paths
--------------------------------------------------------------------------------------
Slack:                    inf
  Source:                 datapath/video_inst/mmcm_adv_inst_display_clocks/inst/mmcm_adv_inst/CLKFBOUT
                            (clock source 'clkfbout_clk_wiz_0'  {rise@0.000ns fall@5.000ns period=10.000ns})
  Destination:            datapath/video_inst/mmcm_adv_inst_display_clocks/inst/mmcm_adv_inst/CLKFBIN
  Path Group:             (none)
  Path Type:              Min at Fast Process Corner
  Data Path Delay:        1.683ns  (logic 0.026ns (1.545%)  route 1.657ns (98.455%))
  Logic Levels:           1  (BUFG=1)
  Clock Uncertainty:      0.148ns  ((TSJ^2 + DJ^2)^1/2) / 2 + PE
    Total System Jitter     (TSJ):    0.050ns
    Discrete Jitter          (DJ):    0.086ns
    Phase Error              (PE):    0.099ns

    Location             Delay type                Incr(ns)  Path(ns)    Netlist Resource(s)
  -------------------------------------------------------------------    -------------------
                         (clock clkfbout_clk_wiz_0 rise edge)
                                                      0.000     0.000 r  
    BUFGCTRL_X0Y2        BUFG                         0.000     0.000 r  clk_IBUF_BUFG_inst/O
                         net (fo=334, routed)         0.745     0.745    datapath/video_inst/mmcm_adv_inst_display_clocks/inst/clk_in1
  -------------------------------------------------------------------    -------------------
    MMCME2_ADV_X1Y0      MMCME2_ADV (Prop_mmcme2_adv_CLKIN1_CLKFBOUT)
                                                     -1.683    -0.938 r  datapath/video_inst/mmcm_adv_inst_display_clocks/inst/mmcm_adv_inst/CLKFBOUT
                         net (fo=1, routed)           0.912    -0.026    datapath/video_inst/mmcm_adv_inst_display_clocks/inst/clkfbout_clk_wiz_0
    BUFGCTRL_X0Y6        BUFG (Prop_bufg_I_O)         0.026    -0.000 r  datapath/video_inst/mmcm_adv_inst_display_clocks/inst/clkf_buf/O
                         net (fo=1, routed)           0.745     0.745    datapath/video_inst/mmcm_adv_inst_display_clocks/inst/clkfbout_buf_clk_wiz_0
    MMCME2_ADV_X1Y0      MMCME2_ADV                                   r  datapath/video_inst/mmcm_adv_inst_display_clocks/inst/mmcm_adv_inst/CLKFBIN
  -------------------------------------------------------------------    -------------------





--------------------------------------------------------------------------------------
Path Group:  (none)
From Clock:  clkfbout_clk_wiz_1
  To Clock:  

Max Delay             1 Endpoint
Min Delay             1 Endpoint
--------------------------------------------------------------------------------------


Max Delay Paths
--------------------------------------------------------------------------------------
Slack:                    inf
  Source:                 datapath/Audio_Codec/audiocodec_master_clock/inst/mmcm_adv_inst/CLKFBOUT
                            (clock source 'clkfbout_clk_wiz_1'  {rise@0.000ns fall@5.000ns period=10.000ns})
  Destination:            datapath/Audio_Codec/audiocodec_master_clock/inst/mmcm_adv_inst/CLKFBIN
  Path Group:             (none)
  Path Type:              Max at Slow Process Corner
  Data Path Delay:        3.701ns  (logic 0.096ns (2.594%)  route 3.605ns (97.406%))
  Logic Levels:           1  (BUFG=1)
  Clock Uncertainty:      0.148ns  ((TSJ^2 + DJ^2)^1/2) / 2 + PE
    Total System Jitter     (TSJ):    0.050ns
    Discrete Jitter          (DJ):    0.086ns
    Phase Error              (PE):    0.099ns

    Location             Delay type                Incr(ns)  Path(ns)    Netlist Resource(s)
  -------------------------------------------------------------------    -------------------
                         (clock clkfbout_clk_wiz_1 fall edge)
                                                      5.000     5.000 f  
    BUFGCTRL_X0Y2        BUFG                         0.000     5.000 f  clk_IBUF_BUFG_inst/O
                         net (fo=334, routed)         1.761     6.761    datapath/Audio_Codec/audiocodec_master_clock/inst/clk_in1
  -------------------------------------------------------------------    -------------------
    MMCME2_ADV_X0Y2      MMCME2_ADV (Prop_mmcme2_adv_CLKIN1_CLKFBOUT)
                                                     -3.701     3.061 f  datapath/Audio_Codec/audiocodec_master_clock/inst/mmcm_adv_inst/CLKFBOUT
                         net (fo=1, routed)           1.843     4.904    datapath/Audio_Codec/audiocodec_master_clock/inst/clkfbout_clk_wiz_1
    BUFGCTRL_X0Y5        BUFG (Prop_bufg_I_O)         0.096     5.000 f  datapath/Audio_Codec/audiocodec_master_clock/inst/clkf_buf/O
                         net (fo=1, routed)           1.761     6.761    datapath/Audio_Codec/audiocodec_master_clock/inst/clkfbout_buf_clk_wiz_1
    MMCME2_ADV_X0Y2      MMCME2_ADV                                   f  datapath/Audio_Codec/audiocodec_master_clock/inst/mmcm_adv_inst/CLKFBIN
  -------------------------------------------------------------------    -------------------





Min Delay Paths
--------------------------------------------------------------------------------------
Slack:                    inf
  Source:                 datapath/Audio_Codec/audiocodec_master_clock/inst/mmcm_adv_inst/CLKFBOUT
                            (clock source 'clkfbout_clk_wiz_1'  {rise@0.000ns fall@5.000ns period=10.000ns})
  Destination:            datapath/Audio_Codec/audiocodec_master_clock/inst/mmcm_adv_inst/CLKFBIN
  Path Group:             (none)
  Path Type:              Min at Fast Process Corner
  Data Path Delay:        1.180ns  (logic 0.026ns (2.202%)  route 1.155ns (97.798%))
  Logic Levels:           1  (BUFG=1)
  Clock Uncertainty:      0.148ns  ((TSJ^2 + DJ^2)^1/2) / 2 + PE
    Total System Jitter     (TSJ):    0.050ns
    Discrete Jitter          (DJ):    0.086ns
    Phase Error              (PE):    0.099ns

    Location             Delay type                Incr(ns)  Path(ns)    Netlist Resource(s)
  -------------------------------------------------------------------    -------------------
                         (clock clkfbout_clk_wiz_1 rise edge)
                                                      0.000     0.000 r  
    BUFGCTRL_X0Y2        BUFG                         0.000     0.000 r  clk_IBUF_BUFG_inst/O
                         net (fo=334, routed)         0.610     0.610    datapath/Audio_Codec/audiocodec_master_clock/inst/clk_in1
  -------------------------------------------------------------------    -------------------
    MMCME2_ADV_X0Y2      MMCME2_ADV (Prop_mmcme2_adv_CLKIN1_CLKFBOUT)
                                                     -1.180    -0.571 r  datapath/Audio_Codec/audiocodec_master_clock/inst/mmcm_adv_inst/CLKFBOUT
                         net (fo=1, routed)           0.545    -0.026    datapath/Audio_Codec/audiocodec_master_clock/inst/clkfbout_clk_wiz_1
    BUFGCTRL_X0Y5        BUFG (Prop_bufg_I_O)         0.026     0.000 r  datapath/Audio_Codec/audiocodec_master_clock/inst/clkf_buf/O
                         net (fo=1, routed)           0.610     0.610    datapath/Audio_Codec/audiocodec_master_clock/inst/clkfbout_buf_clk_wiz_1
    MMCME2_ADV_X0Y2      MMCME2_ADV                                   r  datapath/Audio_Codec/audiocodec_master_clock/inst/mmcm_adv_inst/CLKFBIN
  -------------------------------------------------------------------    -------------------





--------------------------------------------------------------------------------------
Path Group:  (none)
From Clock:  
  To Clock:  clk_out1_clk_wiz_0

Max Delay            47 Endpoints
Min Delay            47 Endpoints
--------------------------------------------------------------------------------------


Max Delay Paths
--------------------------------------------------------------------------------------
Slack:                    inf
  Source:                 switch[0]
                            (input port)
  Destination:            datapath/video_inst/inst_dvid/TDMS_encoder_blue/encoded_reg[0]/D
                            (rising edge-triggered cell FDRE clocked by clk_out1_clk_wiz_0  {rise@0.000ns fall@20.000ns period=40.000ns})
  Path Group:             (none)
  Path Type:              Setup (Max at Slow Process Corner)
  Data Path Delay:        12.287ns  (logic 1.452ns (11.817%)  route 10.835ns (88.183%))
  Logic Levels:           4  (IBUF=1 LUT6=3)
  Clock Path Skew:        1.706ns (DCD - SCD + CPR)
    Destination Clock Delay (DCD):    1.706ns
    Source Clock Delay      (SCD):    0.000ns
    Clock Pessimism Removal (CPR):    0.000ns
  Clock Uncertainty:      0.190ns  ((TSJ^2 + DJ^2)^1/2) / 2 + PE
    Total System Jitter     (TSJ):    0.050ns
    Discrete Jitter          (DJ):    0.175ns
    Phase Error              (PE):    0.099ns

    Location             Delay type                Incr(ns)  Path(ns)    Netlist Resource(s)
  -------------------------------------------------------------------    -------------------
    E22                                               0.000     0.000 r  switch[0] (IN)
                         net (fo=0)                   0.000     0.000    switch[0]
    E22                  IBUF (Prop_ibuf_I_O)         1.080     1.080 r  switch_IBUF[0]_inst/O
                         net (fo=6, routed)           8.332     9.412    datapath/video_inst/Inst_vga/inst_vga_signal_generator/v_counter/switch_IBUF[0]
    SLICE_X155Y125       LUT6 (Prop_lut6_I5_O)        0.124     9.536 f  datapath/video_inst/Inst_vga/inst_vga_signal_generator/v_counter/dc_bias[3]_i_3__0/O
                         net (fo=4, routed)           0.385     9.921    datapath/video_inst/Inst_vga/inst_vga_signal_generator/v_counter/dc_bias[3]_i_3__0_n_0
    SLICE_X154Y125       LUT6 (Prop_lut6_I0_O)        0.124    10.045 r  datapath/video_inst/Inst_vga/inst_vga_signal_generator/v_counter/dc_bias[3]_i_2__1/O
                         net (fo=14, routed)          2.118    12.163    datapath/video_inst/Inst_vga/inst_vga_signal_generator/v_counter/processQ_reg[0]_1
    SLICE_X158Y135       LUT6 (Prop_lut6_I4_O)        0.124    12.287 r  datapath/video_inst/Inst_vga/inst_vga_signal_generator/v_counter/encoded[0]_i_1/O
                         net (fo=1, routed)           0.000    12.287    datapath/video_inst/inst_dvid/TDMS_encoder_blue/encoded_reg[4]_0[0]
    SLICE_X158Y135       FDRE                                         r  datapath/video_inst/inst_dvid/TDMS_encoder_blue/encoded_reg[0]/D
  -------------------------------------------------------------------    -------------------

                         (clock clk_out1_clk_wiz_0 rise edge)
                                                      0.000     0.000 r  
    BUFGCTRL_X0Y2        BUFG                         0.000     0.000 r  clk_IBUF_BUFG_inst/O
                         net (fo=334, routed)         1.972     1.972    datapath/video_inst/mmcm_adv_inst_display_clocks/inst/clk_in1
    MMCME2_ADV_X1Y0      MMCME2_ADV (Prop_mmcme2_adv_CLKIN1_CLKOUT0)
                                                     -4.637    -2.665 r  datapath/video_inst/mmcm_adv_inst_display_clocks/inst/mmcm_adv_inst/CLKOUT0
                         net (fo=1, routed)           2.574    -0.091    datapath/video_inst/mmcm_adv_inst_display_clocks/inst/clk_out1_clk_wiz_0
    BUFGCTRL_X0Y4        BUFG (Prop_bufg_I_O)         0.091     0.000 r  datapath/video_inst/mmcm_adv_inst_display_clocks/inst/clkout1_buf/O
                         net (fo=67, routed)          1.706     1.706    datapath/video_inst/inst_dvid/TDMS_encoder_blue/clk_out1
    SLICE_X158Y135       FDRE                                         r  datapath/video_inst/inst_dvid/TDMS_encoder_blue/encoded_reg[0]/C

Slack:                    inf
  Source:                 switch[0]
                            (input port)
  Destination:            datapath/video_inst/inst_dvid/TDMS_encoder_blue/encoded_reg[4]/D
                            (rising edge-triggered cell FDRE clocked by clk_out1_clk_wiz_0  {rise@0.000ns fall@20.000ns period=40.000ns})
  Path Group:             (none)
  Path Type:              Setup (Max at Slow Process Corner)
  Data Path Delay:        12.273ns  (logic 1.452ns (11.831%)  route 10.821ns (88.169%))
  Logic Levels:           4  (IBUF=1 LUT6=3)
  Clock Path Skew:        1.706ns (DCD - SCD + CPR)
    Destination Clock Delay (DCD):    1.706ns
    Source Clock Delay      (SCD):    0.000ns
    Clock Pessimism Removal (CPR):    0.000ns
  Clock Uncertainty:      0.190ns  ((TSJ^2 + DJ^2)^1/2) / 2 + PE
    Total System Jitter     (TSJ):    0.050ns
    Discrete Jitter          (DJ):    0.175ns
    Phase Error              (PE):    0.099ns

    Location             Delay type                Incr(ns)  Path(ns)    Netlist Resource(s)
  -------------------------------------------------------------------    -------------------
    E22                                               0.000     0.000 r  switch[0] (IN)
                         net (fo=0)                   0.000     0.000    switch[0]
    E22                  IBUF (Prop_ibuf_I_O)         1.080     1.080 r  switch_IBUF[0]_inst/O
                         net (fo=6, routed)           8.332     9.412    datapath/video_inst/Inst_vga/inst_vga_signal_generator/v_counter/switch_IBUF[0]
    SLICE_X155Y125       LUT6 (Prop_lut6_I5_O)        0.124     9.536 f  datapath/video_inst/Inst_vga/inst_vga_signal_generator/v_counter/dc_bias[3]_i_3__0/O
                         net (fo=4, routed)           0.385     9.921    datapath/video_inst/Inst_vga/inst_vga_signal_generator/v_counter/dc_bias[3]_i_3__0_n_0
    SLICE_X154Y125       LUT6 (Prop_lut6_I0_O)        0.124    10.045 r  datapath/video_inst/Inst_vga/inst_vga_signal_generator/v_counter/dc_bias[3]_i_2__1/O
                         net (fo=14, routed)          2.104    12.149    datapath/video_inst/Inst_vga/inst_vga_signal_generator/v_counter/processQ_reg[0]_1
    SLICE_X158Y135       LUT6 (Prop_lut6_I4_O)        0.124    12.273 r  datapath/video_inst/Inst_vga/inst_vga_signal_generator/v_counter/encoded[4]_i_1/O
                         net (fo=1, routed)           0.000    12.273    datapath/video_inst/inst_dvid/TDMS_encoder_blue/encoded_reg[4]_0[3]
    SLICE_X158Y135       FDRE                                         r  datapath/video_inst/inst_dvid/TDMS_encoder_blue/encoded_reg[4]/D
  -------------------------------------------------------------------    -------------------

                         (clock clk_out1_clk_wiz_0 rise edge)
                                                      0.000     0.000 r  
    BUFGCTRL_X0Y2        BUFG                         0.000     0.000 r  clk_IBUF_BUFG_inst/O
                         net (fo=334, routed)         1.972     1.972    datapath/video_inst/mmcm_adv_inst_display_clocks/inst/clk_in1
    MMCME2_ADV_X1Y0      MMCME2_ADV (Prop_mmcme2_adv_CLKIN1_CLKOUT0)
                                                     -4.637    -2.665 r  datapath/video_inst/mmcm_adv_inst_display_clocks/inst/mmcm_adv_inst/CLKOUT0
                         net (fo=1, routed)           2.574    -0.091    datapath/video_inst/mmcm_adv_inst_display_clocks/inst/clk_out1_clk_wiz_0
    BUFGCTRL_X0Y4        BUFG (Prop_bufg_I_O)         0.091     0.000 r  datapath/video_inst/mmcm_adv_inst_display_clocks/inst/clkout1_buf/O
                         net (fo=67, routed)          1.706     1.706    datapath/video_inst/inst_dvid/TDMS_encoder_blue/clk_out1
    SLICE_X158Y135       FDRE                                         r  datapath/video_inst/inst_dvid/TDMS_encoder_blue/encoded_reg[4]/C

Slack:                    inf
  Source:                 switch[0]
                            (input port)
  Destination:            datapath/video_inst/inst_dvid/TDMS_encoder_green/encoded_reg[2]/D
                            (rising edge-triggered cell FDSE clocked by clk_out1_clk_wiz_0  {rise@0.000ns fall@20.000ns period=40.000ns})
  Path Group:             (none)
  Path Type:              Setup (Max at Slow Process Corner)
  Data Path Delay:        12.158ns  (logic 1.452ns (11.943%)  route 10.706ns (88.057%))
  Logic Levels:           4  (IBUF=1 LUT6=3)
  Clock Path Skew:        1.705ns (DCD - SCD + CPR)
    Destination Clock Delay (DCD):    1.705ns
    Source Clock Delay      (SCD):    0.000ns
    Clock Pessimism Removal (CPR):    0.000ns
  Clock Uncertainty:      0.190ns  ((TSJ^2 + DJ^2)^1/2) / 2 + PE
    Total System Jitter     (TSJ):    0.050ns
    Discrete Jitter          (DJ):    0.175ns
    Phase Error              (PE):    0.099ns

    Location             Delay type                Incr(ns)  Path(ns)    Netlist Resource(s)
  -------------------------------------------------------------------    -------------------
    E22                                               0.000     0.000 f  switch[0] (IN)
                         net (fo=0)                   0.000     0.000    switch[0]
    E22                  IBUF (Prop_ibuf_I_O)         1.080     1.080 f  switch_IBUF[0]_inst/O
                         net (fo=6, routed)           8.332     9.412    datapath/video_inst/Inst_vga/inst_vga_signal_generator/v_counter/switch_IBUF[0]
    SLICE_X155Y125       LUT6 (Prop_lut6_I5_O)        0.124     9.536 r  datapath/video_inst/Inst_vga/inst_vga_signal_generator/v_counter/dc_bias[3]_i_3__0/O
                         net (fo=4, routed)           0.745    10.281    datapath/video_inst/Inst_vga/inst_vga_signal_generator/v_counter/dc_bias[3]_i_3__0_n_0
    SLICE_X154Y125       LUT6 (Prop_lut6_I0_O)        0.124    10.405 r  datapath/video_inst/Inst_vga/inst_vga_signal_generator/v_counter/dc_bias[3]_i_2/O
                         net (fo=6, routed)           1.109    11.513    datapath/video_inst/inst_dvid/TDMS_encoder_green/pixel[color][0]
    SLICE_X159Y132       LUT6 (Prop_lut6_I4_O)        0.124    11.637 r  datapath/video_inst/inst_dvid/TDMS_encoder_green/encoded[1]_i_1/O
                         net (fo=2, routed)           0.521    12.158    datapath/video_inst/inst_dvid/TDMS_encoder_green/encoded[1]_i_1_n_0
    SLICE_X159Y134       FDSE                                         r  datapath/video_inst/inst_dvid/TDMS_encoder_green/encoded_reg[2]/D
  -------------------------------------------------------------------    -------------------

                         (clock clk_out1_clk_wiz_0 rise edge)
                                                      0.000     0.000 r  
    BUFGCTRL_X0Y2        BUFG                         0.000     0.000 r  clk_IBUF_BUFG_inst/O
                         net (fo=334, routed)         1.972     1.972    datapath/video_inst/mmcm_adv_inst_display_clocks/inst/clk_in1
    MMCME2_ADV_X1Y0      MMCME2_ADV (Prop_mmcme2_adv_CLKIN1_CLKOUT0)
                                                     -4.637    -2.665 r  datapath/video_inst/mmcm_adv_inst_display_clocks/inst/mmcm_adv_inst/CLKOUT0
                         net (fo=1, routed)           2.574    -0.091    datapath/video_inst/mmcm_adv_inst_display_clocks/inst/clk_out1_clk_wiz_0
    BUFGCTRL_X0Y4        BUFG (Prop_bufg_I_O)         0.091     0.000 r  datapath/video_inst/mmcm_adv_inst_display_clocks/inst/clkout1_buf/O
                         net (fo=67, routed)          1.705     1.705    datapath/video_inst/inst_dvid/TDMS_encoder_green/clk_out1
    SLICE_X159Y134       FDSE                                         r  datapath/video_inst/inst_dvid/TDMS_encoder_green/encoded_reg[2]/C

Slack:                    inf
  Source:                 switch[0]
                            (input port)
  Destination:            datapath/video_inst/inst_dvid/TDMS_encoder_green/encoded_reg[9]/D
                            (rising edge-triggered cell FDRE clocked by clk_out1_clk_wiz_0  {rise@0.000ns fall@20.000ns period=40.000ns})
  Path Group:             (none)
  Path Type:              Setup (Max at Slow Process Corner)
  Data Path Delay:        12.131ns  (logic 1.480ns (12.200%)  route 10.651ns (87.800%))
  Logic Levels:           4  (IBUF=1 LUT5=1 LUT6=2)
  Clock Path Skew:        1.705ns (DCD - SCD + CPR)
    Destination Clock Delay (DCD):    1.705ns
    Source Clock Delay      (SCD):    0.000ns
    Clock Pessimism Removal (CPR):    0.000ns
  Clock Uncertainty:      0.190ns  ((TSJ^2 + DJ^2)^1/2) / 2 + PE
    Total System Jitter     (TSJ):    0.050ns
    Discrete Jitter          (DJ):    0.175ns
    Phase Error              (PE):    0.099ns

    Location             Delay type                Incr(ns)  Path(ns)    Netlist Resource(s)
  -------------------------------------------------------------------    -------------------
    E22                                               0.000     0.000 f  switch[0] (IN)
                         net (fo=0)                   0.000     0.000    switch[0]
    E22                  IBUF (Prop_ibuf_I_O)         1.080     1.080 f  switch_IBUF[0]_inst/O
                         net (fo=6, routed)           8.332     9.412    datapath/video_inst/Inst_vga/inst_vga_signal_generator/v_counter/switch_IBUF[0]
    SLICE_X155Y125       LUT6 (Prop_lut6_I5_O)        0.124     9.536 r  datapath/video_inst/Inst_vga/inst_vga_signal_generator/v_counter/dc_bias[3]_i_3__0/O
                         net (fo=4, routed)           0.745    10.281    datapath/video_inst/Inst_vga/inst_vga_signal_generator/v_counter/dc_bias[3]_i_3__0_n_0
    SLICE_X154Y125       LUT6 (Prop_lut6_I0_O)        0.124    10.405 r  datapath/video_inst/Inst_vga/inst_vga_signal_generator/v_counter/dc_bias[3]_i_2/O
                         net (fo=6, routed)           1.575    11.979    datapath/video_inst/inst_dvid/TDMS_encoder_green/pixel[color][0]
    SLICE_X161Y132       LUT5 (Prop_lut5_I2_O)        0.152    12.131 r  datapath/video_inst/inst_dvid/TDMS_encoder_green/encoded[9]_i_1/O
                         net (fo=1, routed)           0.000    12.131    datapath/video_inst/inst_dvid/TDMS_encoder_green/encoded[9]_i_1_n_0
    SLICE_X161Y132       FDRE                                         r  datapath/video_inst/inst_dvid/TDMS_encoder_green/encoded_reg[9]/D
  -------------------------------------------------------------------    -------------------

                         (clock clk_out1_clk_wiz_0 rise edge)
                                                      0.000     0.000 r  
    BUFGCTRL_X0Y2        BUFG                         0.000     0.000 r  clk_IBUF_BUFG_inst/O
                         net (fo=334, routed)         1.972     1.972    datapath/video_inst/mmcm_adv_inst_display_clocks/inst/clk_in1
    MMCME2_ADV_X1Y0      MMCME2_ADV (Prop_mmcme2_adv_CLKIN1_CLKOUT0)
                                                     -4.637    -2.665 r  datapath/video_inst/mmcm_adv_inst_display_clocks/inst/mmcm_adv_inst/CLKOUT0
                         net (fo=1, routed)           2.574    -0.091    datapath/video_inst/mmcm_adv_inst_display_clocks/inst/clk_out1_clk_wiz_0
    BUFGCTRL_X0Y4        BUFG (Prop_bufg_I_O)         0.091     0.000 r  datapath/video_inst/mmcm_adv_inst_display_clocks/inst/clkout1_buf/O
                         net (fo=67, routed)          1.705     1.705    datapath/video_inst/inst_dvid/TDMS_encoder_green/clk_out1
    SLICE_X161Y132       FDRE                                         r  datapath/video_inst/inst_dvid/TDMS_encoder_green/encoded_reg[9]/C

Slack:                    inf
  Source:                 switch[0]
                            (input port)
  Destination:            datapath/video_inst/inst_dvid/TDMS_encoder_green/dc_bias_reg[0]/D
                            (rising edge-triggered cell FDRE clocked by clk_out1_clk_wiz_0  {rise@0.000ns fall@20.000ns period=40.000ns})
  Path Group:             (none)
  Path Type:              Setup (Max at Slow Process Corner)
  Data Path Delay:        12.113ns  (logic 1.452ns (11.987%)  route 10.661ns (88.013%))
  Logic Levels:           4  (IBUF=1 LUT6=3)
  Clock Path Skew:        1.705ns (DCD - SCD + CPR)
    Destination Clock Delay (DCD):    1.705ns
    Source Clock Delay      (SCD):    0.000ns
    Clock Pessimism Removal (CPR):    0.000ns
  Clock Uncertainty:      0.190ns  ((TSJ^2 + DJ^2)^1/2) / 2 + PE
    Total System Jitter     (TSJ):    0.050ns
    Discrete Jitter          (DJ):    0.175ns
    Phase Error              (PE):    0.099ns

    Location             Delay type                Incr(ns)  Path(ns)    Netlist Resource(s)
  -------------------------------------------------------------------    -------------------
    E22                                               0.000     0.000 f  switch[0] (IN)
                         net (fo=0)                   0.000     0.000    switch[0]
    E22                  IBUF (Prop_ibuf_I_O)         1.080     1.080 f  switch_IBUF[0]_inst/O
                         net (fo=6, routed)           8.332     9.412    datapath/video_inst/Inst_vga/inst_vga_signal_generator/v_counter/switch_IBUF[0]
    SLICE_X155Y125       LUT6 (Prop_lut6_I5_O)        0.124     9.536 r  datapath/video_inst/Inst_vga/inst_vga_signal_generator/v_counter/dc_bias[3]_i_3__0/O
                         net (fo=4, routed)           0.745    10.281    datapath/video_inst/Inst_vga/inst_vga_signal_generator/v_counter/dc_bias[3]_i_3__0_n_0
    SLICE_X154Y125       LUT6 (Prop_lut6_I0_O)        0.124    10.405 r  datapath/video_inst/Inst_vga/inst_vga_signal_generator/v_counter/dc_bias[3]_i_2/O
                         net (fo=6, routed)           1.584    11.989    datapath/video_inst/inst_dvid/TDMS_encoder_green/pixel[color][0]
    SLICE_X160Y132       LUT6 (Prop_lut6_I4_O)        0.124    12.113 r  datapath/video_inst/inst_dvid/TDMS_encoder_green/dc_bias[0]_i_1/O
                         net (fo=1, routed)           0.000    12.113    datapath/video_inst/inst_dvid/TDMS_encoder_green/dc_bias[0]_i_1_n_0
    SLICE_X160Y132       FDRE                                         r  datapath/video_inst/inst_dvid/TDMS_encoder_green/dc_bias_reg[0]/D
  -------------------------------------------------------------------    -------------------

                         (clock clk_out1_clk_wiz_0 rise edge)
                                                      0.000     0.000 r  
    BUFGCTRL_X0Y2        BUFG                         0.000     0.000 r  clk_IBUF_BUFG_inst/O
                         net (fo=334, routed)         1.972     1.972    datapath/video_inst/mmcm_adv_inst_display_clocks/inst/clk_in1
    MMCME2_ADV_X1Y0      MMCME2_ADV (Prop_mmcme2_adv_CLKIN1_CLKOUT0)
                                                     -4.637    -2.665 r  datapath/video_inst/mmcm_adv_inst_display_clocks/inst/mmcm_adv_inst/CLKOUT0
                         net (fo=1, routed)           2.574    -0.091    datapath/video_inst/mmcm_adv_inst_display_clocks/inst/clk_out1_clk_wiz_0
    BUFGCTRL_X0Y4        BUFG (Prop_bufg_I_O)         0.091     0.000 r  datapath/video_inst/mmcm_adv_inst_display_clocks/inst/clkout1_buf/O
                         net (fo=67, routed)          1.705     1.705    datapath/video_inst/inst_dvid/TDMS_encoder_green/clk_out1
    SLICE_X160Y132       FDRE                                         r  datapath/video_inst/inst_dvid/TDMS_encoder_green/dc_bias_reg[0]/C

Slack:                    inf
  Source:                 switch[0]
                            (input port)
  Destination:            datapath/video_inst/inst_dvid/TDMS_encoder_blue/dc_bias_reg[2]/D
                            (rising edge-triggered cell FDRE clocked by clk_out1_clk_wiz_0  {rise@0.000ns fall@20.000ns period=40.000ns})
  Path Group:             (none)
  Path Type:              Setup (Max at Slow Process Corner)
  Data Path Delay:        12.082ns  (logic 1.452ns (12.018%)  route 10.630ns (87.982%))
  Logic Levels:           4  (IBUF=1 LUT6=3)
  Clock Path Skew:        1.705ns (DCD - SCD + CPR)
    Destination Clock Delay (DCD):    1.705ns
    Source Clock Delay      (SCD):    0.000ns
    Clock Pessimism Removal (CPR):    0.000ns
  Clock Uncertainty:      0.190ns  ((TSJ^2 + DJ^2)^1/2) / 2 + PE
    Total System Jitter     (TSJ):    0.050ns
    Discrete Jitter          (DJ):    0.175ns
    Phase Error              (PE):    0.099ns

    Location             Delay type                Incr(ns)  Path(ns)    Netlist Resource(s)
  -------------------------------------------------------------------    -------------------
    E22                                               0.000     0.000 f  switch[0] (IN)
                         net (fo=0)                   0.000     0.000    switch[0]
    E22                  IBUF (Prop_ibuf_I_O)         1.080     1.080 f  switch_IBUF[0]_inst/O
                         net (fo=6, routed)           8.332     9.412    datapath/video_inst/Inst_vga/inst_vga_signal_generator/v_counter/switch_IBUF[0]
    SLICE_X155Y125       LUT6 (Prop_lut6_I5_O)        0.124     9.536 r  datapath/video_inst/Inst_vga/inst_vga_signal_generator/v_counter/dc_bias[3]_i_3__0/O
                         net (fo=4, routed)           0.743    10.279    datapath/video_inst/Inst_vga/inst_vga_signal_generator/v_counter/dc_bias[3]_i_3__0_n_0
    SLICE_X154Y125       LUT6 (Prop_lut6_I0_O)        0.124    10.403 r  datapath/video_inst/Inst_vga/inst_vga_signal_generator/v_counter/dc_bias[3]_i_2__0/O
                         net (fo=10, routed)          1.556    11.958    datapath/video_inst/inst_dvid/TDMS_encoder_blue/pixel[color][0]
    SLICE_X158Y134       LUT6 (Prop_lut6_I4_O)        0.124    12.082 r  datapath/video_inst/inst_dvid/TDMS_encoder_blue/dc_bias[2]_i_1__0/O
                         net (fo=1, routed)           0.000    12.082    datapath/video_inst/inst_dvid/TDMS_encoder_blue/dc_bias[2]_i_1__0_n_0
    SLICE_X158Y134       FDRE                                         r  datapath/video_inst/inst_dvid/TDMS_encoder_blue/dc_bias_reg[2]/D
  -------------------------------------------------------------------    -------------------

                         (clock clk_out1_clk_wiz_0 rise edge)
                                                      0.000     0.000 r  
    BUFGCTRL_X0Y2        BUFG                         0.000     0.000 r  clk_IBUF_BUFG_inst/O
                         net (fo=334, routed)         1.972     1.972    datapath/video_inst/mmcm_adv_inst_display_clocks/inst/clk_in1
    MMCME2_ADV_X1Y0      MMCME2_ADV (Prop_mmcme2_adv_CLKIN1_CLKOUT0)
                                                     -4.637    -2.665 r  datapath/video_inst/mmcm_adv_inst_display_clocks/inst/mmcm_adv_inst/CLKOUT0
                         net (fo=1, routed)           2.574    -0.091    datapath/video_inst/mmcm_adv_inst_display_clocks/inst/clk_out1_clk_wiz_0
    BUFGCTRL_X0Y4        BUFG (Prop_bufg_I_O)         0.091     0.000 r  datapath/video_inst/mmcm_adv_inst_display_clocks/inst/clkout1_buf/O
                         net (fo=67, routed)          1.705     1.705    datapath/video_inst/inst_dvid/TDMS_encoder_blue/clk_out1
    SLICE_X158Y134       FDRE                                         r  datapath/video_inst/inst_dvid/TDMS_encoder_blue/dc_bias_reg[2]/C

Slack:                    inf
  Source:                 switch[0]
                            (input port)
  Destination:            datapath/video_inst/inst_dvid/TDMS_encoder_blue/dc_bias_reg[3]/D
                            (rising edge-triggered cell FDRE clocked by clk_out1_clk_wiz_0  {rise@0.000ns fall@20.000ns period=40.000ns})
  Path Group:             (none)
  Path Type:              Setup (Max at Slow Process Corner)
  Data Path Delay:        12.072ns  (logic 1.452ns (12.028%)  route 10.620ns (87.972%))
  Logic Levels:           4  (IBUF=1 LUT6=3)
  Clock Path Skew:        1.705ns (DCD - SCD + CPR)
    Destination Clock Delay (DCD):    1.705ns
    Source Clock Delay      (SCD):    0.000ns
    Clock Pessimism Removal (CPR):    0.000ns
  Clock Uncertainty:      0.190ns  ((TSJ^2 + DJ^2)^1/2) / 2 + PE
    Total System Jitter     (TSJ):    0.050ns
    Discrete Jitter          (DJ):    0.175ns
    Phase Error              (PE):    0.099ns

    Location             Delay type                Incr(ns)  Path(ns)    Netlist Resource(s)
  -------------------------------------------------------------------    -------------------
    E22                                               0.000     0.000 f  switch[0] (IN)
                         net (fo=0)                   0.000     0.000    switch[0]
    E22                  IBUF (Prop_ibuf_I_O)         1.080     1.080 f  switch_IBUF[0]_inst/O
                         net (fo=6, routed)           8.332     9.412    datapath/video_inst/Inst_vga/inst_vga_signal_generator/v_counter/switch_IBUF[0]
    SLICE_X155Y125       LUT6 (Prop_lut6_I5_O)        0.124     9.536 r  datapath/video_inst/Inst_vga/inst_vga_signal_generator/v_counter/dc_bias[3]_i_3__0/O
                         net (fo=4, routed)           0.743    10.279    datapath/video_inst/Inst_vga/inst_vga_signal_generator/v_counter/dc_bias[3]_i_3__0_n_0
    SLICE_X154Y125       LUT6 (Prop_lut6_I0_O)        0.124    10.403 r  datapath/video_inst/Inst_vga/inst_vga_signal_generator/v_counter/dc_bias[3]_i_2__0/O
                         net (fo=10, routed)          1.546    11.948    datapath/video_inst/inst_dvid/TDMS_encoder_blue/pixel[color][0]
    SLICE_X158Y134       LUT6 (Prop_lut6_I4_O)        0.124    12.072 r  datapath/video_inst/inst_dvid/TDMS_encoder_blue/dc_bias[3]_i_1__0/O
                         net (fo=1, routed)           0.000    12.072    datapath/video_inst/inst_dvid/TDMS_encoder_blue/dc_bias[3]_i_1__0_n_0
    SLICE_X158Y134       FDRE                                         r  datapath/video_inst/inst_dvid/TDMS_encoder_blue/dc_bias_reg[3]/D
  -------------------------------------------------------------------    -------------------

                         (clock clk_out1_clk_wiz_0 rise edge)
                                                      0.000     0.000 r  
    BUFGCTRL_X0Y2        BUFG                         0.000     0.000 r  clk_IBUF_BUFG_inst/O
                         net (fo=334, routed)         1.972     1.972    datapath/video_inst/mmcm_adv_inst_display_clocks/inst/clk_in1
    MMCME2_ADV_X1Y0      MMCME2_ADV (Prop_mmcme2_adv_CLKIN1_CLKOUT0)
                                                     -4.637    -2.665 r  datapath/video_inst/mmcm_adv_inst_display_clocks/inst/mmcm_adv_inst/CLKOUT0
                         net (fo=1, routed)           2.574    -0.091    datapath/video_inst/mmcm_adv_inst_display_clocks/inst/clk_out1_clk_wiz_0
    BUFGCTRL_X0Y4        BUFG (Prop_bufg_I_O)         0.091     0.000 r  datapath/video_inst/mmcm_adv_inst_display_clocks/inst/clkout1_buf/O
                         net (fo=67, routed)          1.705     1.705    datapath/video_inst/inst_dvid/TDMS_encoder_blue/clk_out1
    SLICE_X158Y134       FDRE                                         r  datapath/video_inst/inst_dvid/TDMS_encoder_blue/dc_bias_reg[3]/C

Slack:                    inf
  Source:                 switch[0]
                            (input port)
  Destination:            datapath/video_inst/inst_dvid/TDMS_encoder_blue/encoded_reg[8]/D
                            (rising edge-triggered cell FDRE clocked by clk_out1_clk_wiz_0  {rise@0.000ns fall@20.000ns period=40.000ns})
  Path Group:             (none)
  Path Type:              Setup (Max at Slow Process Corner)
  Data Path Delay:        12.048ns  (logic 1.452ns (12.052%)  route 10.596ns (87.948%))
  Logic Levels:           4  (IBUF=1 LUT3=1 LUT6=2)
  Clock Path Skew:        1.707ns (DCD - SCD + CPR)
    Destination Clock Delay (DCD):    1.707ns
    Source Clock Delay      (SCD):    0.000ns
    Clock Pessimism Removal (CPR):    0.000ns
  Clock Uncertainty:      0.190ns  ((TSJ^2 + DJ^2)^1/2) / 2 + PE
    Total System Jitter     (TSJ):    0.050ns
    Discrete Jitter          (DJ):    0.175ns
    Phase Error              (PE):    0.099ns

    Location             Delay type                Incr(ns)  Path(ns)    Netlist Resource(s)
  -------------------------------------------------------------------    -------------------
    E22                                               0.000     0.000 r  switch[0] (IN)
                         net (fo=0)                   0.000     0.000    switch[0]
    E22                  IBUF (Prop_ibuf_I_O)         1.080     1.080 r  switch_IBUF[0]_inst/O
                         net (fo=6, routed)           8.332     9.412    datapath/video_inst/Inst_vga/inst_vga_signal_generator/v_counter/switch_IBUF[0]
    SLICE_X155Y125       LUT6 (Prop_lut6_I5_O)        0.124     9.536 f  datapath/video_inst/Inst_vga/inst_vga_signal_generator/v_counter/dc_bias[3]_i_3__0/O
                         net (fo=4, routed)           0.743    10.279    datapath/video_inst/Inst_vga/inst_vga_signal_generator/v_counter/dc_bias[3]_i_3__0_n_0
    SLICE_X154Y125       LUT6 (Prop_lut6_I0_O)        0.124    10.403 f  datapath/video_inst/Inst_vga/inst_vga_signal_generator/v_counter/dc_bias[3]_i_2__0/O
                         net (fo=10, routed)          1.521    11.924    datapath/video_inst/inst_dvid/TDMS_encoder_blue/pixel[color][0]
    SLICE_X160Y134       LUT3 (Prop_lut3_I1_O)        0.124    12.048 r  datapath/video_inst/inst_dvid/TDMS_encoder_blue/encoded[8]_i_1/O
                         net (fo=1, routed)           0.000    12.048    datapath/video_inst/inst_dvid/TDMS_encoder_blue/encoded[8]_i_1_n_0
    SLICE_X160Y134       FDRE                                         r  datapath/video_inst/inst_dvid/TDMS_encoder_blue/encoded_reg[8]/D
  -------------------------------------------------------------------    -------------------

                         (clock clk_out1_clk_wiz_0 rise edge)
                                                      0.000     0.000 r  
    BUFGCTRL_X0Y2        BUFG                         0.000     0.000 r  clk_IBUF_BUFG_inst/O
                         net (fo=334, routed)         1.972     1.972    datapath/video_inst/mmcm_adv_inst_display_clocks/inst/clk_in1
    MMCME2_ADV_X1Y0      MMCME2_ADV (Prop_mmcme2_adv_CLKIN1_CLKOUT0)
                                                     -4.637    -2.665 r  datapath/video_inst/mmcm_adv_inst_display_clocks/inst/mmcm_adv_inst/CLKOUT0
                         net (fo=1, routed)           2.574    -0.091    datapath/video_inst/mmcm_adv_inst_display_clocks/inst/clk_out1_clk_wiz_0
    BUFGCTRL_X0Y4        BUFG (Prop_bufg_I_O)         0.091     0.000 r  datapath/video_inst/mmcm_adv_inst_display_clocks/inst/clkout1_buf/O
                         net (fo=67, routed)          1.707     1.707    datapath/video_inst/inst_dvid/TDMS_encoder_blue/clk_out1
    SLICE_X160Y134       FDRE                                         r  datapath/video_inst/inst_dvid/TDMS_encoder_blue/encoded_reg[8]/C

Slack:                    inf
  Source:                 switch[0]
                            (input port)
  Destination:            datapath/video_inst/inst_dvid/TDMS_encoder_green/encoded_reg[1]/D
                            (rising edge-triggered cell FDRE clocked by clk_out1_clk_wiz_0  {rise@0.000ns fall@20.000ns period=40.000ns})
  Path Group:             (none)
  Path Type:              Setup (Max at Slow Process Corner)
  Data Path Delay:        11.969ns  (logic 1.452ns (12.131%)  route 10.517ns (87.869%))
  Logic Levels:           4  (IBUF=1 LUT6=3)
  Clock Path Skew:        1.705ns (DCD - SCD + CPR)
    Destination Clock Delay (DCD):    1.705ns
    Source Clock Delay      (SCD):    0.000ns
    Clock Pessimism Removal (CPR):    0.000ns
  Clock Uncertainty:      0.190ns  ((TSJ^2 + DJ^2)^1/2) / 2 + PE
    Total System Jitter     (TSJ):    0.050ns
    Discrete Jitter          (DJ):    0.175ns
    Phase Error              (PE):    0.099ns

    Location             Delay type                Incr(ns)  Path(ns)    Netlist Resource(s)
  -------------------------------------------------------------------    -------------------
    E22                                               0.000     0.000 f  switch[0] (IN)
                         net (fo=0)                   0.000     0.000    switch[0]
    E22                  IBUF (Prop_ibuf_I_O)         1.080     1.080 f  switch_IBUF[0]_inst/O
                         net (fo=6, routed)           8.332     9.412    datapath/video_inst/Inst_vga/inst_vga_signal_generator/v_counter/switch_IBUF[0]
    SLICE_X155Y125       LUT6 (Prop_lut6_I5_O)        0.124     9.536 r  datapath/video_inst/Inst_vga/inst_vga_signal_generator/v_counter/dc_bias[3]_i_3__0/O
                         net (fo=4, routed)           0.745    10.281    datapath/video_inst/Inst_vga/inst_vga_signal_generator/v_counter/dc_bias[3]_i_3__0_n_0
    SLICE_X154Y125       LUT6 (Prop_lut6_I0_O)        0.124    10.405 r  datapath/video_inst/Inst_vga/inst_vga_signal_generator/v_counter/dc_bias[3]_i_2/O
                         net (fo=6, routed)           1.109    11.513    datapath/video_inst/inst_dvid/TDMS_encoder_green/pixel[color][0]
    SLICE_X159Y132       LUT6 (Prop_lut6_I4_O)        0.124    11.637 r  datapath/video_inst/inst_dvid/TDMS_encoder_green/encoded[1]_i_1/O
                         net (fo=2, routed)           0.331    11.969    datapath/video_inst/inst_dvid/TDMS_encoder_green/encoded[1]_i_1_n_0
    SLICE_X159Y134       FDRE                                         r  datapath/video_inst/inst_dvid/TDMS_encoder_green/encoded_reg[1]/D
  -------------------------------------------------------------------    -------------------

                         (clock clk_out1_clk_wiz_0 rise edge)
                                                      0.000     0.000 r  
    BUFGCTRL_X0Y2        BUFG                         0.000     0.000 r  clk_IBUF_BUFG_inst/O
                         net (fo=334, routed)         1.972     1.972    datapath/video_inst/mmcm_adv_inst_display_clocks/inst/clk_in1
    MMCME2_ADV_X1Y0      MMCME2_ADV (Prop_mmcme2_adv_CLKIN1_CLKOUT0)
                                                     -4.637    -2.665 r  datapath/video_inst/mmcm_adv_inst_display_clocks/inst/mmcm_adv_inst/CLKOUT0
                         net (fo=1, routed)           2.574    -0.091    datapath/video_inst/mmcm_adv_inst_display_clocks/inst/clk_out1_clk_wiz_0
    BUFGCTRL_X0Y4        BUFG (Prop_bufg_I_O)         0.091     0.000 r  datapath/video_inst/mmcm_adv_inst_display_clocks/inst/clkout1_buf/O
                         net (fo=67, routed)          1.705     1.705    datapath/video_inst/inst_dvid/TDMS_encoder_green/clk_out1
    SLICE_X159Y134       FDRE                                         r  datapath/video_inst/inst_dvid/TDMS_encoder_green/encoded_reg[1]/C

Slack:                    inf
  Source:                 switch[0]
                            (input port)
  Destination:            datapath/video_inst/inst_dvid/TDMS_encoder_blue/encoded_reg[1]/D
                            (rising edge-triggered cell FDRE clocked by clk_out1_clk_wiz_0  {rise@0.000ns fall@20.000ns period=40.000ns})
  Path Group:             (none)
  Path Type:              Setup (Max at Slow Process Corner)
  Data Path Delay:        11.938ns  (logic 1.452ns (12.163%)  route 10.486ns (87.837%))
  Logic Levels:           4  (IBUF=1 LUT6=3)
  Clock Path Skew:        1.706ns (DCD - SCD + CPR)
    Destination Clock Delay (DCD):    1.706ns
    Source Clock Delay      (SCD):    0.000ns
    Clock Pessimism Removal (CPR):    0.000ns
  Clock Uncertainty:      0.190ns  ((TSJ^2 + DJ^2)^1/2) / 2 + PE
    Total System Jitter     (TSJ):    0.050ns
    Discrete Jitter          (DJ):    0.175ns
    Phase Error              (PE):    0.099ns

    Location             Delay type                Incr(ns)  Path(ns)    Netlist Resource(s)
  -------------------------------------------------------------------    -------------------
    E22                                               0.000     0.000 r  switch[0] (IN)
                         net (fo=0)                   0.000     0.000    switch[0]
    E22                  IBUF (Prop_ibuf_I_O)         1.080     1.080 r  switch_IBUF[0]_inst/O
                         net (fo=6, routed)           8.332     9.412    datapath/video_inst/Inst_vga/inst_vga_signal_generator/v_counter/switch_IBUF[0]
    SLICE_X155Y125       LUT6 (Prop_lut6_I5_O)        0.124     9.536 f  datapath/video_inst/Inst_vga/inst_vga_signal_generator/v_counter/dc_bias[3]_i_3__0/O
                         net (fo=4, routed)           0.385     9.921    datapath/video_inst/Inst_vga/inst_vga_signal_generator/v_counter/dc_bias[3]_i_3__0_n_0
    SLICE_X154Y125       LUT6 (Prop_lut6_I0_O)        0.124    10.045 r  datapath/video_inst/Inst_vga/inst_vga_signal_generator/v_counter/dc_bias[3]_i_2__1/O
                         net (fo=14, routed)          1.769    11.814    datapath/video_inst/Inst_vga/inst_vga_signal_generator/v_counter/processQ_reg[0]_1
    SLICE_X158Y135       LUT6 (Prop_lut6_I4_O)        0.124    11.938 r  datapath/video_inst/Inst_vga/inst_vga_signal_generator/v_counter/encoded[1]_i_1__0/O
                         net (fo=1, routed)           0.000    11.938    datapath/video_inst/inst_dvid/TDMS_encoder_blue/encoded_reg[4]_0[1]
    SLICE_X158Y135       FDRE                                         r  datapath/video_inst/inst_dvid/TDMS_encoder_blue/encoded_reg[1]/D
  -------------------------------------------------------------------    -------------------

                         (clock clk_out1_clk_wiz_0 rise edge)
                                                      0.000     0.000 r  
    BUFGCTRL_X0Y2        BUFG                         0.000     0.000 r  clk_IBUF_BUFG_inst/O
                         net (fo=334, routed)         1.972     1.972    datapath/video_inst/mmcm_adv_inst_display_clocks/inst/clk_in1
    MMCME2_ADV_X1Y0      MMCME2_ADV (Prop_mmcme2_adv_CLKIN1_CLKOUT0)
                                                     -4.637    -2.665 r  datapath/video_inst/mmcm_adv_inst_display_clocks/inst/mmcm_adv_inst/CLKOUT0
                         net (fo=1, routed)           2.574    -0.091    datapath/video_inst/mmcm_adv_inst_display_clocks/inst/clk_out1_clk_wiz_0
    BUFGCTRL_X0Y4        BUFG (Prop_bufg_I_O)         0.091     0.000 r  datapath/video_inst/mmcm_adv_inst_display_clocks/inst/clkout1_buf/O
                         net (fo=67, routed)          1.706     1.706    datapath/video_inst/inst_dvid/TDMS_encoder_blue/clk_out1
    SLICE_X158Y135       FDRE                                         r  datapath/video_inst/inst_dvid/TDMS_encoder_blue/encoded_reg[1]/C





Min Delay Paths
--------------------------------------------------------------------------------------
Slack:                    inf
  Source:                 reset_n
                            (input port)
  Destination:            datapath/video_inst/Inst_vga/inst_vga_signal_generator/h_sync_is_low_reg_inv/D
                            (rising edge-triggered cell FDRE clocked by clk_out1_clk_wiz_0  {rise@0.000ns fall@20.000ns period=40.000ns})
  Path Group:             (none)
  Path Type:              Hold (Min at Fast Process Corner)
  Data Path Delay:        1.417ns  (logic 0.228ns (16.085%)  route 1.189ns (83.915%))
  Logic Levels:           2  (IBUF=1 LUT2=1)
  Clock Path Skew:        0.908ns (DCD - SCD - CPR)
    Destination Clock Delay (DCD):    0.908ns
    Source Clock Delay      (SCD):    0.000ns
    Clock Pessimism Removal (CPR):    -0.000ns

    Location             Delay type                Incr(ns)  Path(ns)    Netlist Resource(s)
  -------------------------------------------------------------------    -------------------
    G4                                                0.000     0.000 r  reset_n (IN)
                         net (fo=0)                   0.000     0.000    reset_n
    G4                   IBUF (Prop_ibuf_I_O)         0.186     0.186 r  reset_n_IBUF_inst/O
                         net (fo=60, routed)          1.189     1.375    datapath/reset_n_IBUF
    SLICE_X159Y128       LUT2 (Prop_lut2_I1_O)        0.042     1.417 r  datapath/h_sync_is_low_inv_i_1/O
                         net (fo=1, routed)           0.000     1.417    datapath/video_inst/Inst_vga/inst_vga_signal_generator/h_sync_is_low_reg_inv_0
    SLICE_X159Y128       FDRE                                         r  datapath/video_inst/Inst_vga/inst_vga_signal_generator/h_sync_is_low_reg_inv/D
  -------------------------------------------------------------------    -------------------

                         (clock clk_out1_clk_wiz_0 rise edge)
                                                      0.000     0.000 r  
    BUFGCTRL_X0Y2        BUFG                         0.000     0.000 r  clk_IBUF_BUFG_inst/O
                         net (fo=334, routed)         1.022     1.022    datapath/video_inst/mmcm_adv_inst_display_clocks/inst/clk_in1
    MMCME2_ADV_X1Y0      MMCME2_ADV (Prop_mmcme2_adv_CLKIN1_CLKOUT0)
                                                     -2.040    -1.018 r  datapath/video_inst/mmcm_adv_inst_display_clocks/inst/mmcm_adv_inst/CLKOUT0
                         net (fo=1, routed)           0.989    -0.029    datapath/video_inst/mmcm_adv_inst_display_clocks/inst/clk_out1_clk_wiz_0
    BUFGCTRL_X0Y4        BUFG (Prop_bufg_I_O)         0.029    -0.000 r  datapath/video_inst/mmcm_adv_inst_display_clocks/inst/clkout1_buf/O
                         net (fo=67, routed)          0.908     0.908    datapath/video_inst/Inst_vga/inst_vga_signal_generator/clk_out1
    SLICE_X159Y128       FDRE                                         r  datapath/video_inst/Inst_vga/inst_vga_signal_generator/h_sync_is_low_reg_inv/C

Slack:                    inf
  Source:                 reset_n
                            (input port)
  Destination:            datapath/video_inst/Inst_vga/inst_vga_signal_generator/h_blank_is_low_reg/D
                            (rising edge-triggered cell FDRE clocked by clk_out1_clk_wiz_0  {rise@0.000ns fall@20.000ns period=40.000ns})
  Path Group:             (none)
  Path Type:              Hold (Min at Fast Process Corner)
  Data Path Delay:        1.420ns  (logic 0.231ns (16.262%)  route 1.189ns (83.738%))
  Logic Levels:           2  (IBUF=1 LUT2=1)
  Clock Path Skew:        0.908ns (DCD - SCD - CPR)
    Destination Clock Delay (DCD):    0.908ns
    Source Clock Delay      (SCD):    0.000ns
    Clock Pessimism Removal (CPR):    -0.000ns

    Location             Delay type                Incr(ns)  Path(ns)    Netlist Resource(s)
  -------------------------------------------------------------------    -------------------
    G4                                                0.000     0.000 r  reset_n (IN)
                         net (fo=0)                   0.000     0.000    reset_n
    G4                   IBUF (Prop_ibuf_I_O)         0.186     0.186 r  reset_n_IBUF_inst/O
                         net (fo=60, routed)          1.189     1.375    datapath/reset_n_IBUF
    SLICE_X159Y128       LUT2 (Prop_lut2_I1_O)        0.045     1.420 r  datapath/h_blank_is_low_i_1/O
                         net (fo=1, routed)           0.000     1.420    datapath/video_inst/Inst_vga/inst_vga_signal_generator/h_blank_is_low_reg_0
    SLICE_X159Y128       FDRE                                         r  datapath/video_inst/Inst_vga/inst_vga_signal_generator/h_blank_is_low_reg/D
  -------------------------------------------------------------------    -------------------

                         (clock clk_out1_clk_wiz_0 rise edge)
                                                      0.000     0.000 r  
    BUFGCTRL_X0Y2        BUFG                         0.000     0.000 r  clk_IBUF_BUFG_inst/O
                         net (fo=334, routed)         1.022     1.022    datapath/video_inst/mmcm_adv_inst_display_clocks/inst/clk_in1
    MMCME2_ADV_X1Y0      MMCME2_ADV (Prop_mmcme2_adv_CLKIN1_CLKOUT0)
                                                     -2.040    -1.018 r  datapath/video_inst/mmcm_adv_inst_display_clocks/inst/mmcm_adv_inst/CLKOUT0
                         net (fo=1, routed)           0.989    -0.029    datapath/video_inst/mmcm_adv_inst_display_clocks/inst/clk_out1_clk_wiz_0
    BUFGCTRL_X0Y4        BUFG (Prop_bufg_I_O)         0.029    -0.000 r  datapath/video_inst/mmcm_adv_inst_display_clocks/inst/clkout1_buf/O
                         net (fo=67, routed)          0.908     0.908    datapath/video_inst/Inst_vga/inst_vga_signal_generator/clk_out1
    SLICE_X159Y128       FDRE                                         r  datapath/video_inst/Inst_vga/inst_vga_signal_generator/h_blank_is_low_reg/C

Slack:                    inf
  Source:                 reset_n
                            (input port)
  Destination:            datapath/video_inst/Inst_vga/inst_vga_signal_generator/v_blank_is_low_reg/D
                            (rising edge-triggered cell FDRE clocked by clk_out1_clk_wiz_0  {rise@0.000ns fall@20.000ns period=40.000ns})
  Path Group:             (none)
  Path Type:              Hold (Min at Fast Process Corner)
  Data Path Delay:        1.642ns  (logic 0.231ns (14.063%)  route 1.411ns (85.937%))
  Logic Levels:           2  (IBUF=1 LUT5=1)
  Clock Path Skew:        0.878ns (DCD - SCD - CPR)
    Destination Clock Delay (DCD):    0.878ns
    Source Clock Delay      (SCD):    0.000ns
    Clock Pessimism Removal (CPR):    -0.000ns

    Location             Delay type                Incr(ns)  Path(ns)    Netlist Resource(s)
  -------------------------------------------------------------------    -------------------
    G4                                                0.000     0.000 r  reset_n (IN)
                         net (fo=0)                   0.000     0.000    reset_n
    G4                   IBUF (Prop_ibuf_I_O)         0.186     0.186 r  reset_n_IBUF_inst/O
                         net (fo=60, routed)          1.411     1.597    datapath/reset_n_IBUF
    SLICE_X155Y126       LUT5 (Prop_lut5_I4_O)        0.045     1.642 r  datapath/v_blank_is_low_i_1/O
                         net (fo=1, routed)           0.000     1.642    datapath/video_inst/Inst_vga/inst_vga_signal_generator/v_blank_is_low_reg_1
    SLICE_X155Y126       FDRE                                         r  datapath/video_inst/Inst_vga/inst_vga_signal_generator/v_blank_is_low_reg/D
  -------------------------------------------------------------------    -------------------

                         (clock clk_out1_clk_wiz_0 rise edge)
                                                      0.000     0.000 r  
    BUFGCTRL_X0Y2        BUFG                         0.000     0.000 r  clk_IBUF_BUFG_inst/O
                         net (fo=334, routed)         1.022     1.022    datapath/video_inst/mmcm_adv_inst_display_clocks/inst/clk_in1
    MMCME2_ADV_X1Y0      MMCME2_ADV (Prop_mmcme2_adv_CLKIN1_CLKOUT0)
                                                     -2.040    -1.018 r  datapath/video_inst/mmcm_adv_inst_display_clocks/inst/mmcm_adv_inst/CLKOUT0
                         net (fo=1, routed)           0.989    -0.029    datapath/video_inst/mmcm_adv_inst_display_clocks/inst/clk_out1_clk_wiz_0
    BUFGCTRL_X0Y4        BUFG (Prop_bufg_I_O)         0.029    -0.000 r  datapath/video_inst/mmcm_adv_inst_display_clocks/inst/clkout1_buf/O
                         net (fo=67, routed)          0.878     0.878    datapath/video_inst/Inst_vga/inst_vga_signal_generator/clk_out1
    SLICE_X155Y126       FDRE                                         r  datapath/video_inst/Inst_vga/inst_vga_signal_generator/v_blank_is_low_reg/C

Slack:                    inf
  Source:                 reset_n
                            (input port)
  Destination:            datapath/video_inst/Inst_vga/inst_vga_signal_generator/v_sync_is_low_reg/D
                            (rising edge-triggered cell FDRE clocked by clk_out1_clk_wiz_0  {rise@0.000ns fall@20.000ns period=40.000ns})
  Path Group:             (none)
  Path Type:              Hold (Min at Fast Process Corner)
  Data Path Delay:        1.720ns  (logic 0.231ns (13.421%)  route 1.490ns (86.579%))
  Logic Levels:           2  (IBUF=1 LUT5=1)
  Clock Path Skew:        0.880ns (DCD - SCD - CPR)
    Destination Clock Delay (DCD):    0.880ns
    Source Clock Delay      (SCD):    0.000ns
    Clock Pessimism Removal (CPR):    -0.000ns

    Location             Delay type                Incr(ns)  Path(ns)    Netlist Resource(s)
  -------------------------------------------------------------------    -------------------
    G4                                                0.000     0.000 f  reset_n (IN)
                         net (fo=0)                   0.000     0.000    reset_n
    G4                   IBUF (Prop_ibuf_I_O)         0.186     0.186 f  reset_n_IBUF_inst/O
                         net (fo=60, routed)          1.490     1.675    datapath/reset_n_IBUF
    SLICE_X155Y127       LUT5 (Prop_lut5_I4_O)        0.045     1.720 r  datapath/v_sync_is_low_i_1/O
                         net (fo=1, routed)           0.000     1.720    datapath/video_inst/Inst_vga/inst_vga_signal_generator/v_sync_is_low_reg_0
    SLICE_X155Y127       FDRE                                         r  datapath/video_inst/Inst_vga/inst_vga_signal_generator/v_sync_is_low_reg/D
  -------------------------------------------------------------------    -------------------

                         (clock clk_out1_clk_wiz_0 rise edge)
                                                      0.000     0.000 r  
    BUFGCTRL_X0Y2        BUFG                         0.000     0.000 r  clk_IBUF_BUFG_inst/O
                         net (fo=334, routed)         1.022     1.022    datapath/video_inst/mmcm_adv_inst_display_clocks/inst/clk_in1
    MMCME2_ADV_X1Y0      MMCME2_ADV (Prop_mmcme2_adv_CLKIN1_CLKOUT0)
                                                     -2.040    -1.018 r  datapath/video_inst/mmcm_adv_inst_display_clocks/inst/mmcm_adv_inst/CLKOUT0
                         net (fo=1, routed)           0.989    -0.029    datapath/video_inst/mmcm_adv_inst_display_clocks/inst/clk_out1_clk_wiz_0
    BUFGCTRL_X0Y4        BUFG (Prop_bufg_I_O)         0.029    -0.000 r  datapath/video_inst/mmcm_adv_inst_display_clocks/inst/clkout1_buf/O
                         net (fo=67, routed)          0.880     0.880    datapath/video_inst/Inst_vga/inst_vga_signal_generator/clk_out1
    SLICE_X155Y127       FDRE                                         r  datapath/video_inst/Inst_vga/inst_vga_signal_generator/v_sync_is_low_reg/C

Slack:                    inf
  Source:                 datapath/rightChannelMemory/sdp_bl.ramb18_dp_bl.ram18_bl/CLKARDCLK
                            (rising edge-triggered cell RAMB18E1)
  Destination:            datapath/video_inst/inst_dvid/TDMS_encoder_green/encoded_reg[8]/D
                            (rising edge-triggered cell FDRE clocked by clk_out1_clk_wiz_0  {rise@0.000ns fall@20.000ns period=40.000ns})
  Path Group:             (none)
  Path Type:              Hold (Min at Fast Process Corner)
  Data Path Delay:        2.043ns  (logic 0.917ns (44.890%)  route 1.126ns (55.110%))
  Logic Levels:           6  (CARRY4=1 LUT2=1 LUT3=1 LUT6=2 RAMB18E1=1)
  Clock Uncertainty:      0.190ns  ((TSJ^2 + DJ^2)^1/2) / 2 + PE
    Total System Jitter     (TSJ):    0.050ns
    Discrete Jitter          (DJ):    0.175ns
    Phase Error              (PE):    0.099ns

    Location             Delay type                Incr(ns)  Path(ns)    Netlist Resource(s)
  -------------------------------------------------------------------    -------------------
    RAMB18_X8Y50         RAMB18E1                     0.000     0.000 r  datapath/rightChannelMemory/sdp_bl.ramb18_dp_bl.ram18_bl/CLKARDCLK
    RAMB18_X8Y50         RAMB18E1 (Prop_ramb18e1_CLKARDCLK_DOADO[7])
                                                      0.585     0.585 r  datapath/rightChannelMemory/sdp_bl.ramb18_dp_bl.ram18_bl/DOADO[7]
                         net (fo=1, routed)           0.227     0.812    datapath/video_inst/Inst_vga/inst_vga_signal_generator/v_counter/ch2[active]0_carry[0]
    SLICE_X153Y127       LUT6 (Prop_lut6_I1_O)        0.045     0.857 r  datapath/video_inst/Inst_vga/inst_vga_signal_generator/v_counter/ch2[active]0_carry_i_4/O
                         net (fo=1, routed)           0.000     0.857    datapath/video_inst_n_32
    SLICE_X153Y127       CARRY4 (Prop_carry4_S[0]_CO[3])
                                                      0.152     1.009 f  datapath/ch2[active]0_carry/CO[3]
                         net (fo=1, routed)           0.218     1.227    datapath/video_inst/Inst_vga/inst_vga_signal_generator/v_counter/dc_bias[3]_i_2_4[0]
    SLICE_X153Y125       LUT3 (Prop_lut3_I1_O)        0.045     1.272 f  datapath/video_inst/Inst_vga/inst_vga_signal_generator/v_counter/dc_bias[3]_i_8/O
                         net (fo=4, routed)           0.161     1.433    datapath/video_inst/Inst_vga/inst_vga_signal_generator/v_counter/dc_bias[3]_i_8_n_0
    SLICE_X154Y125       LUT6 (Prop_lut6_I1_O)        0.045     1.478 f  datapath/video_inst/Inst_vga/inst_vga_signal_generator/v_counter/dc_bias[3]_i_3/O
                         net (fo=7, routed)           0.520     1.998    datapath/video_inst/inst_dvid/TDMS_encoder_green/pixel[color][1]
    SLICE_X161Y132       LUT2 (Prop_lut2_I0_O)        0.045     2.043 r  datapath/video_inst/inst_dvid/TDMS_encoder_green/encoded[8]_i_1/O
                         net (fo=1, routed)           0.000     2.043    datapath/video_inst/inst_dvid/TDMS_encoder_green/encoded[8]_i_1_n_0
    SLICE_X161Y132       FDRE                                         r  datapath/video_inst/inst_dvid/TDMS_encoder_green/encoded_reg[8]/D
  -------------------------------------------------------------------    -------------------

                         (clock clk_out1_clk_wiz_0 rise edge)
                                                      0.000     0.000 r  
    BUFGCTRL_X0Y2        BUFG                         0.000     0.000 r  clk_IBUF_BUFG_inst/O
                         net (fo=334, routed)         1.022     1.022    datapath/video_inst/mmcm_adv_inst_display_clocks/inst/clk_in1
    MMCME2_ADV_X1Y0      MMCME2_ADV (Prop_mmcme2_adv_CLKIN1_CLKOUT0)
                                                     -2.040    -1.018 r  datapath/video_inst/mmcm_adv_inst_display_clocks/inst/mmcm_adv_inst/CLKOUT0
                         net (fo=1, routed)           0.989    -0.029    datapath/video_inst/mmcm_adv_inst_display_clocks/inst/clk_out1_clk_wiz_0
    BUFGCTRL_X0Y4        BUFG (Prop_bufg_I_O)         0.029    -0.000 r  datapath/video_inst/mmcm_adv_inst_display_clocks/inst/clkout1_buf/O
                         net (fo=67, routed)          0.913     0.913    datapath/video_inst/inst_dvid/TDMS_encoder_green/clk_out1
    SLICE_X161Y132       FDRE                                         r  datapath/video_inst/inst_dvid/TDMS_encoder_green/encoded_reg[8]/C

Slack:                    inf
  Source:                 datapath/rightChannelMemory/sdp_bl.ramb18_dp_bl.ram18_bl/CLKARDCLK
                            (rising edge-triggered cell RAMB18E1)
  Destination:            datapath/video_inst/inst_dvid/TDMS_encoder_green/encoded_reg[9]/D
                            (rising edge-triggered cell FDRE clocked by clk_out1_clk_wiz_0  {rise@0.000ns fall@20.000ns period=40.000ns})
  Path Group:             (none)
  Path Type:              Hold (Min at Fast Process Corner)
  Data Path Delay:        2.046ns  (logic 0.920ns (44.971%)  route 1.126ns (55.029%))
  Logic Levels:           6  (CARRY4=1 LUT3=1 LUT5=1 LUT6=2 RAMB18E1=1)
  Clock Uncertainty:      0.190ns  ((TSJ^2 + DJ^2)^1/2) / 2 + PE
    Total System Jitter     (TSJ):    0.050ns
    Discrete Jitter          (DJ):    0.175ns
    Phase Error              (PE):    0.099ns

    Location             Delay type                Incr(ns)  Path(ns)    Netlist Resource(s)
  -------------------------------------------------------------------    -------------------
    RAMB18_X8Y50         RAMB18E1                     0.000     0.000 r  datapath/rightChannelMemory/sdp_bl.ramb18_dp_bl.ram18_bl/CLKARDCLK
    RAMB18_X8Y50         RAMB18E1 (Prop_ramb18e1_CLKARDCLK_DOADO[7])
                                                      0.585     0.585 r  datapath/rightChannelMemory/sdp_bl.ramb18_dp_bl.ram18_bl/DOADO[7]
                         net (fo=1, routed)           0.227     0.812    datapath/video_inst/Inst_vga/inst_vga_signal_generator/v_counter/ch2[active]0_carry[0]
    SLICE_X153Y127       LUT6 (Prop_lut6_I1_O)        0.045     0.857 r  datapath/video_inst/Inst_vga/inst_vga_signal_generator/v_counter/ch2[active]0_carry_i_4/O
                         net (fo=1, routed)           0.000     0.857    datapath/video_inst_n_32
    SLICE_X153Y127       CARRY4 (Prop_carry4_S[0]_CO[3])
                                                      0.152     1.009 r  datapath/ch2[active]0_carry/CO[3]
                         net (fo=1, routed)           0.218     1.227    datapath/video_inst/Inst_vga/inst_vga_signal_generator/v_counter/dc_bias[3]_i_2_4[0]
    SLICE_X153Y125       LUT3 (Prop_lut3_I1_O)        0.045     1.272 r  datapath/video_inst/Inst_vga/inst_vga_signal_generator/v_counter/dc_bias[3]_i_8/O
                         net (fo=4, routed)           0.161     1.433    datapath/video_inst/Inst_vga/inst_vga_signal_generator/v_counter/dc_bias[3]_i_8_n_0
    SLICE_X154Y125       LUT6 (Prop_lut6_I1_O)        0.045     1.478 r  datapath/video_inst/Inst_vga/inst_vga_signal_generator/v_counter/dc_bias[3]_i_3/O
                         net (fo=7, routed)           0.520     1.998    datapath/video_inst/inst_dvid/TDMS_encoder_green/pixel[color][1]
    SLICE_X161Y132       LUT5 (Prop_lut5_I1_O)        0.048     2.046 r  datapath/video_inst/inst_dvid/TDMS_encoder_green/encoded[9]_i_1/O
                         net (fo=1, routed)           0.000     2.046    datapath/video_inst/inst_dvid/TDMS_encoder_green/encoded[9]_i_1_n_0
    SLICE_X161Y132       FDRE                                         r  datapath/video_inst/inst_dvid/TDMS_encoder_green/encoded_reg[9]/D
  -------------------------------------------------------------------    -------------------

                         (clock clk_out1_clk_wiz_0 rise edge)
                                                      0.000     0.000 r  
    BUFGCTRL_X0Y2        BUFG                         0.000     0.000 r  clk_IBUF_BUFG_inst/O
                         net (fo=334, routed)         1.022     1.022    datapath/video_inst/mmcm_adv_inst_display_clocks/inst/clk_in1
    MMCME2_ADV_X1Y0      MMCME2_ADV (Prop_mmcme2_adv_CLKIN1_CLKOUT0)
                                                     -2.040    -1.018 r  datapath/video_inst/mmcm_adv_inst_display_clocks/inst/mmcm_adv_inst/CLKOUT0
                         net (fo=1, routed)           0.989    -0.029    datapath/video_inst/mmcm_adv_inst_display_clocks/inst/clk_out1_clk_wiz_0
    BUFGCTRL_X0Y4        BUFG (Prop_bufg_I_O)         0.029    -0.000 r  datapath/video_inst/mmcm_adv_inst_display_clocks/inst/clkout1_buf/O
                         net (fo=67, routed)          0.913     0.913    datapath/video_inst/inst_dvid/TDMS_encoder_green/clk_out1
    SLICE_X161Y132       FDRE                                         r  datapath/video_inst/inst_dvid/TDMS_encoder_green/encoded_reg[9]/C

Slack:                    inf
  Source:                 datapath/rightChannelMemory/sdp_bl.ramb18_dp_bl.ram18_bl/CLKARDCLK
                            (rising edge-triggered cell RAMB18E1)
  Destination:            datapath/video_inst/inst_dvid/TDMS_encoder_red/encoded_reg[9]/D
                            (rising edge-triggered cell FDRE clocked by clk_out1_clk_wiz_0  {rise@0.000ns fall@20.000ns period=40.000ns})
  Path Group:             (none)
  Path Type:              Hold (Min at Fast Process Corner)
  Data Path Delay:        2.054ns  (logic 0.916ns (44.598%)  route 1.138ns (55.402%))
  Logic Levels:           6  (CARRY4=1 LUT3=2 LUT6=2 RAMB18E1=1)
  Clock Uncertainty:      0.190ns  ((TSJ^2 + DJ^2)^1/2) / 2 + PE
    Total System Jitter     (TSJ):    0.050ns
    Discrete Jitter          (DJ):    0.175ns
    Phase Error              (PE):    0.099ns

    Location             Delay type                Incr(ns)  Path(ns)    Netlist Resource(s)
  -------------------------------------------------------------------    -------------------
    RAMB18_X8Y50         RAMB18E1                     0.000     0.000 r  datapath/rightChannelMemory/sdp_bl.ramb18_dp_bl.ram18_bl/CLKARDCLK
    RAMB18_X8Y50         RAMB18E1 (Prop_ramb18e1_CLKARDCLK_DOADO[7])
                                                      0.585     0.585 r  datapath/rightChannelMemory/sdp_bl.ramb18_dp_bl.ram18_bl/DOADO[7]
                         net (fo=1, routed)           0.227     0.812    datapath/video_inst/Inst_vga/inst_vga_signal_generator/v_counter/ch2[active]0_carry[0]
    SLICE_X153Y127       LUT6 (Prop_lut6_I1_O)        0.045     0.857 r  datapath/video_inst/Inst_vga/inst_vga_signal_generator/v_counter/ch2[active]0_carry_i_4/O
                         net (fo=1, routed)           0.000     0.857    datapath/video_inst_n_32
    SLICE_X153Y127       CARRY4 (Prop_carry4_S[0]_CO[3])
                                                      0.152     1.009 f  datapath/ch2[active]0_carry/CO[3]
                         net (fo=1, routed)           0.218     1.227    datapath/video_inst/Inst_vga/inst_vga_signal_generator/v_counter/dc_bias[3]_i_2_4[0]
    SLICE_X153Y125       LUT3 (Prop_lut3_I1_O)        0.045     1.272 f  datapath/video_inst/Inst_vga/inst_vga_signal_generator/v_counter/dc_bias[3]_i_8/O
                         net (fo=4, routed)           0.170     1.442    datapath/video_inst/Inst_vga/inst_vga_signal_generator/v_counter/dc_bias[3]_i_8_n_0
    SLICE_X154Y125       LUT6 (Prop_lut6_I5_O)        0.045     1.487 r  datapath/video_inst/Inst_vga/inst_vga_signal_generator/v_counter/dc_bias[3]_i_2__1/O
                         net (fo=14, routed)          0.523     2.010    datapath/video_inst/inst_dvid/TDMS_encoder_red/pixel[color][0]
    SLICE_X160Y130       LUT3 (Prop_lut3_I0_O)        0.044     2.054 r  datapath/video_inst/inst_dvid/TDMS_encoder_red/encoded[9]_i_1/O
                         net (fo=1, routed)           0.000     2.054    datapath/video_inst/inst_dvid/TDMS_encoder_red/encoded[9]_i_1_n_0
    SLICE_X160Y130       FDRE                                         r  datapath/video_inst/inst_dvid/TDMS_encoder_red/encoded_reg[9]/D
  -------------------------------------------------------------------    -------------------

                         (clock clk_out1_clk_wiz_0 rise edge)
                                                      0.000     0.000 r  
    BUFGCTRL_X0Y2        BUFG                         0.000     0.000 r  clk_IBUF_BUFG_inst/O
                         net (fo=334, routed)         1.022     1.022    datapath/video_inst/mmcm_adv_inst_display_clocks/inst/clk_in1
    MMCME2_ADV_X1Y0      MMCME2_ADV (Prop_mmcme2_adv_CLKIN1_CLKOUT0)
                                                     -2.040    -1.018 r  datapath/video_inst/mmcm_adv_inst_display_clocks/inst/mmcm_adv_inst/CLKOUT0
                         net (fo=1, routed)           0.989    -0.029    datapath/video_inst/mmcm_adv_inst_display_clocks/inst/clk_out1_clk_wiz_0
    BUFGCTRL_X0Y4        BUFG (Prop_bufg_I_O)         0.029    -0.000 r  datapath/video_inst/mmcm_adv_inst_display_clocks/inst/clkout1_buf/O
                         net (fo=67, routed)          0.911     0.911    datapath/video_inst/inst_dvid/TDMS_encoder_red/clk_out1
    SLICE_X160Y130       FDRE                                         r  datapath/video_inst/inst_dvid/TDMS_encoder_red/encoded_reg[9]/C

Slack:                    inf
  Source:                 datapath/rightChannelMemory/sdp_bl.ramb18_dp_bl.ram18_bl/CLKARDCLK
                            (rising edge-triggered cell RAMB18E1)
  Destination:            datapath/video_inst/inst_dvid/TDMS_encoder_green/dc_bias_reg[3]/D
                            (rising edge-triggered cell FDRE clocked by clk_out1_clk_wiz_0  {rise@0.000ns fall@20.000ns period=40.000ns})
  Path Group:             (none)
  Path Type:              Hold (Min at Fast Process Corner)
  Data Path Delay:        2.054ns  (logic 0.917ns (44.644%)  route 1.137ns (55.356%))
  Logic Levels:           6  (CARRY4=1 LUT3=1 LUT6=3 RAMB18E1=1)
  Clock Uncertainty:      0.190ns  ((TSJ^2 + DJ^2)^1/2) / 2 + PE
    Total System Jitter     (TSJ):    0.050ns
    Discrete Jitter          (DJ):    0.175ns
    Phase Error              (PE):    0.099ns

    Location             Delay type                Incr(ns)  Path(ns)    Netlist Resource(s)
  -------------------------------------------------------------------    -------------------
    RAMB18_X8Y50         RAMB18E1                     0.000     0.000 r  datapath/rightChannelMemory/sdp_bl.ramb18_dp_bl.ram18_bl/CLKARDCLK
    RAMB18_X8Y50         RAMB18E1 (Prop_ramb18e1_CLKARDCLK_DOADO[7])
                                                      0.585     0.585 r  datapath/rightChannelMemory/sdp_bl.ramb18_dp_bl.ram18_bl/DOADO[7]
                         net (fo=1, routed)           0.227     0.812    datapath/video_inst/Inst_vga/inst_vga_signal_generator/v_counter/ch2[active]0_carry[0]
    SLICE_X153Y127       LUT6 (Prop_lut6_I1_O)        0.045     0.857 r  datapath/video_inst/Inst_vga/inst_vga_signal_generator/v_counter/ch2[active]0_carry_i_4/O
                         net (fo=1, routed)           0.000     0.857    datapath/video_inst_n_32
    SLICE_X153Y127       CARRY4 (Prop_carry4_S[0]_CO[3])
                                                      0.152     1.009 r  datapath/ch2[active]0_carry/CO[3]
                         net (fo=1, routed)           0.218     1.227    datapath/video_inst/Inst_vga/inst_vga_signal_generator/v_counter/dc_bias[3]_i_2_4[0]
    SLICE_X153Y125       LUT3 (Prop_lut3_I1_O)        0.045     1.272 r  datapath/video_inst/Inst_vga/inst_vga_signal_generator/v_counter/dc_bias[3]_i_8/O
                         net (fo=4, routed)           0.161     1.433    datapath/video_inst/Inst_vga/inst_vga_signal_generator/v_counter/dc_bias[3]_i_8_n_0
    SLICE_X154Y125       LUT6 (Prop_lut6_I1_O)        0.045     1.478 r  datapath/video_inst/Inst_vga/inst_vga_signal_generator/v_counter/dc_bias[3]_i_3/O
                         net (fo=7, routed)           0.531     2.009    datapath/video_inst/inst_dvid/TDMS_encoder_green/pixel[color][1]
    SLICE_X158Y132       LUT6 (Prop_lut6_I5_O)        0.045     2.054 r  datapath/video_inst/inst_dvid/TDMS_encoder_green/dc_bias[3]_i_1/O
                         net (fo=1, routed)           0.000     2.054    datapath/video_inst/inst_dvid/TDMS_encoder_green/dc_bias[3]_i_1_n_0
    SLICE_X158Y132       FDRE                                         r  datapath/video_inst/inst_dvid/TDMS_encoder_green/dc_bias_reg[3]/D
  -------------------------------------------------------------------    -------------------

                         (clock clk_out1_clk_wiz_0 rise edge)
                                                      0.000     0.000 r  
    BUFGCTRL_X0Y2        BUFG                         0.000     0.000 r  clk_IBUF_BUFG_inst/O
                         net (fo=334, routed)         1.022     1.022    datapath/video_inst/mmcm_adv_inst_display_clocks/inst/clk_in1
    MMCME2_ADV_X1Y0      MMCME2_ADV (Prop_mmcme2_adv_CLKIN1_CLKOUT0)
                                                     -2.040    -1.018 r  datapath/video_inst/mmcm_adv_inst_display_clocks/inst/mmcm_adv_inst/CLKOUT0
                         net (fo=1, routed)           0.989    -0.029    datapath/video_inst/mmcm_adv_inst_display_clocks/inst/clk_out1_clk_wiz_0
    BUFGCTRL_X0Y4        BUFG (Prop_bufg_I_O)         0.029    -0.000 r  datapath/video_inst/mmcm_adv_inst_display_clocks/inst/clkout1_buf/O
                         net (fo=67, routed)          0.912     0.912    datapath/video_inst/inst_dvid/TDMS_encoder_green/clk_out1
    SLICE_X158Y132       FDRE                                         r  datapath/video_inst/inst_dvid/TDMS_encoder_green/dc_bias_reg[3]/C

Slack:                    inf
  Source:                 datapath/rightChannelMemory/sdp_bl.ramb18_dp_bl.ram18_bl/CLKARDCLK
                            (rising edge-triggered cell RAMB18E1)
  Destination:            datapath/video_inst/inst_dvid/TDMS_encoder_red/encoded_reg[8]/D
                            (rising edge-triggered cell FDRE clocked by clk_out1_clk_wiz_0  {rise@0.000ns fall@20.000ns period=40.000ns})
  Path Group:             (none)
  Path Type:              Hold (Min at Fast Process Corner)
  Data Path Delay:        2.055ns  (logic 0.917ns (44.625%)  route 1.138ns (55.375%))
  Logic Levels:           6  (CARRY4=1 LUT2=1 LUT3=1 LUT6=2 RAMB18E1=1)
  Clock Uncertainty:      0.190ns  ((TSJ^2 + DJ^2)^1/2) / 2 + PE
    Total System Jitter     (TSJ):    0.050ns
    Discrete Jitter          (DJ):    0.175ns
    Phase Error              (PE):    0.099ns

    Location             Delay type                Incr(ns)  Path(ns)    Netlist Resource(s)
  -------------------------------------------------------------------    -------------------
    RAMB18_X8Y50         RAMB18E1                     0.000     0.000 r  datapath/rightChannelMemory/sdp_bl.ramb18_dp_bl.ram18_bl/CLKARDCLK
    RAMB18_X8Y50         RAMB18E1 (Prop_ramb18e1_CLKARDCLK_DOADO[7])
                                                      0.585     0.585 r  datapath/rightChannelMemory/sdp_bl.ramb18_dp_bl.ram18_bl/DOADO[7]
                         net (fo=1, routed)           0.227     0.812    datapath/video_inst/Inst_vga/inst_vga_signal_generator/v_counter/ch2[active]0_carry[0]
    SLICE_X153Y127       LUT6 (Prop_lut6_I1_O)        0.045     0.857 r  datapath/video_inst/Inst_vga/inst_vga_signal_generator/v_counter/ch2[active]0_carry_i_4/O
                         net (fo=1, routed)           0.000     0.857    datapath/video_inst_n_32
    SLICE_X153Y127       CARRY4 (Prop_carry4_S[0]_CO[3])
                                                      0.152     1.009 r  datapath/ch2[active]0_carry/CO[3]
                         net (fo=1, routed)           0.218     1.227    datapath/video_inst/Inst_vga/inst_vga_signal_generator/v_counter/dc_bias[3]_i_2_4[0]
    SLICE_X153Y125       LUT3 (Prop_lut3_I1_O)        0.045     1.272 r  datapath/video_inst/Inst_vga/inst_vga_signal_generator/v_counter/dc_bias[3]_i_8/O
                         net (fo=4, routed)           0.170     1.442    datapath/video_inst/Inst_vga/inst_vga_signal_generator/v_counter/dc_bias[3]_i_8_n_0
    SLICE_X154Y125       LUT6 (Prop_lut6_I5_O)        0.045     1.487 f  datapath/video_inst/Inst_vga/inst_vga_signal_generator/v_counter/dc_bias[3]_i_2__1/O
                         net (fo=14, routed)          0.523     2.010    datapath/video_inst/inst_dvid/TDMS_encoder_red/pixel[color][0]
    SLICE_X160Y130       LUT2 (Prop_lut2_I0_O)        0.045     2.055 r  datapath/video_inst/inst_dvid/TDMS_encoder_red/encoded[8]_i_1/O
                         net (fo=1, routed)           0.000     2.055    datapath/video_inst/inst_dvid/TDMS_encoder_red/encoded[8]_i_1_n_0
    SLICE_X160Y130       FDRE                                         r  datapath/video_inst/inst_dvid/TDMS_encoder_red/encoded_reg[8]/D
  -------------------------------------------------------------------    -------------------

                         (clock clk_out1_clk_wiz_0 rise edge)
                                                      0.000     0.000 r  
    BUFGCTRL_X0Y2        BUFG                         0.000     0.000 r  clk_IBUF_BUFG_inst/O
                         net (fo=334, routed)         1.022     1.022    datapath/video_inst/mmcm_adv_inst_display_clocks/inst/clk_in1
    MMCME2_ADV_X1Y0      MMCME2_ADV (Prop_mmcme2_adv_CLKIN1_CLKOUT0)
                                                     -2.040    -1.018 r  datapath/video_inst/mmcm_adv_inst_display_clocks/inst/mmcm_adv_inst/CLKOUT0
                         net (fo=1, routed)           0.989    -0.029    datapath/video_inst/mmcm_adv_inst_display_clocks/inst/clk_out1_clk_wiz_0
    BUFGCTRL_X0Y4        BUFG (Prop_bufg_I_O)         0.029    -0.000 r  datapath/video_inst/mmcm_adv_inst_display_clocks/inst/clkout1_buf/O
                         net (fo=67, routed)          0.911     0.911    datapath/video_inst/inst_dvid/TDMS_encoder_red/clk_out1
    SLICE_X160Y130       FDRE                                         r  datapath/video_inst/inst_dvid/TDMS_encoder_red/encoded_reg[8]/C

Slack:                    inf
  Source:                 datapath/rightChannelMemory/sdp_bl.ramb18_dp_bl.ram18_bl/CLKARDCLK
                            (rising edge-triggered cell RAMB18E1)
  Destination:            datapath/video_inst/inst_dvid/TDMS_encoder_green/dc_bias_reg[1]/D
                            (rising edge-triggered cell FDRE clocked by clk_out1_clk_wiz_0  {rise@0.000ns fall@20.000ns period=40.000ns})
  Path Group:             (none)
  Path Type:              Hold (Min at Fast Process Corner)
  Data Path Delay:        2.055ns  (logic 0.917ns (44.621%)  route 1.138ns (55.379%))
  Logic Levels:           6  (CARRY4=1 LUT3=1 LUT6=3 RAMB18E1=1)
  Clock Uncertainty:      0.190ns  ((TSJ^2 + DJ^2)^1/2) / 2 + PE
    Total System Jitter     (TSJ):    0.050ns
    Discrete Jitter          (DJ):    0.175ns
    Phase Error              (PE):    0.099ns

    Location             Delay type                Incr(ns)  Path(ns)    Netlist Resource(s)
  -------------------------------------------------------------------    -------------------
    RAMB18_X8Y50         RAMB18E1                     0.000     0.000 r  datapath/rightChannelMemory/sdp_bl.ramb18_dp_bl.ram18_bl/CLKARDCLK
    RAMB18_X8Y50         RAMB18E1 (Prop_ramb18e1_CLKARDCLK_DOADO[7])
                                                      0.585     0.585 r  datapath/rightChannelMemory/sdp_bl.ramb18_dp_bl.ram18_bl/DOADO[7]
                         net (fo=1, routed)           0.227     0.812    datapath/video_inst/Inst_vga/inst_vga_signal_generator/v_counter/ch2[active]0_carry[0]
    SLICE_X153Y127       LUT6 (Prop_lut6_I1_O)        0.045     0.857 r  datapath/video_inst/Inst_vga/inst_vga_signal_generator/v_counter/ch2[active]0_carry_i_4/O
                         net (fo=1, routed)           0.000     0.857    datapath/video_inst_n_32
    SLICE_X153Y127       CARRY4 (Prop_carry4_S[0]_CO[3])
                                                      0.152     1.009 r  datapath/ch2[active]0_carry/CO[3]
                         net (fo=1, routed)           0.218     1.227    datapath/video_inst/Inst_vga/inst_vga_signal_generator/v_counter/dc_bias[3]_i_2_4[0]
    SLICE_X153Y125       LUT3 (Prop_lut3_I1_O)        0.045     1.272 r  datapath/video_inst/Inst_vga/inst_vga_signal_generator/v_counter/dc_bias[3]_i_8/O
                         net (fo=4, routed)           0.293     1.565    datapath/video_inst/Inst_vga/inst_vga_signal_generator/v_counter/dc_bias[3]_i_8_n_0
    SLICE_X154Y125       LUT6 (Prop_lut6_I1_O)        0.045     1.610 r  datapath/video_inst/Inst_vga/inst_vga_signal_generator/v_counter/dc_bias[3]_i_2/O
                         net (fo=6, routed)           0.400     2.010    datapath/video_inst/inst_dvid/TDMS_encoder_green/pixel[color][0]
    SLICE_X158Y132       LUT6 (Prop_lut6_I4_O)        0.045     2.055 r  datapath/video_inst/inst_dvid/TDMS_encoder_green/dc_bias[1]_i_1/O
                         net (fo=1, routed)           0.000     2.055    datapath/video_inst/inst_dvid/TDMS_encoder_green/dc_bias[1]_i_1_n_0
    SLICE_X158Y132       FDRE                                         r  datapath/video_inst/inst_dvid/TDMS_encoder_green/dc_bias_reg[1]/D
  -------------------------------------------------------------------    -------------------

                         (clock clk_out1_clk_wiz_0 rise edge)
                                                      0.000     0.000 r  
    BUFGCTRL_X0Y2        BUFG                         0.000     0.000 r  clk_IBUF_BUFG_inst/O
                         net (fo=334, routed)         1.022     1.022    datapath/video_inst/mmcm_adv_inst_display_clocks/inst/clk_in1
    MMCME2_ADV_X1Y0      MMCME2_ADV (Prop_mmcme2_adv_CLKIN1_CLKOUT0)
                                                     -2.040    -1.018 r  datapath/video_inst/mmcm_adv_inst_display_clocks/inst/mmcm_adv_inst/CLKOUT0
                         net (fo=1, routed)           0.989    -0.029    datapath/video_inst/mmcm_adv_inst_display_clocks/inst/clk_out1_clk_wiz_0
    BUFGCTRL_X0Y4        BUFG (Prop_bufg_I_O)         0.029    -0.000 r  datapath/video_inst/mmcm_adv_inst_display_clocks/inst/clkout1_buf/O
                         net (fo=67, routed)          0.912     0.912    datapath/video_inst/inst_dvid/TDMS_encoder_green/clk_out1
    SLICE_X158Y132       FDRE                                         r  datapath/video_inst/inst_dvid/TDMS_encoder_green/dc_bias_reg[1]/C





--------------------------------------------------------------------------------------
Path Group:  (none)
From Clock:  
  To Clock:  clk_out2_clk_wiz_1

Max Delay            34 Endpoints
Min Delay            34 Endpoints
--------------------------------------------------------------------------------------


Max Delay Paths
--------------------------------------------------------------------------------------
Slack:                    inf
  Source:                 reset_n
                            (input port)
  Destination:            datapath/Audio_Codec/initialize_audio/twi_controller/FSM_gray_state_reg[0]/CE
                            (rising edge-triggered cell FDRE clocked by clk_out2_clk_wiz_1  {rise@0.000ns fall@10.000ns period=20.000ns})
  Path Group:             (none)
  Path Type:              Setup (Max at Slow Process Corner)
  Data Path Delay:        8.075ns  (logic 1.434ns (17.755%)  route 6.641ns (82.245%))
  Logic Levels:           4  (IBUF=1 LUT6=3)
  Clock Path Skew:        1.706ns (DCD - SCD + CPR)
    Destination Clock Delay (DCD):    1.706ns
    Source Clock Delay      (SCD):    0.000ns
    Clock Pessimism Removal (CPR):    0.000ns
  Clock Uncertainty:      0.178ns  ((TSJ^2 + DJ^2)^1/2) / 2 + PE
    Total System Jitter     (TSJ):    0.050ns
    Discrete Jitter          (DJ):    0.152ns
    Phase Error              (PE):    0.099ns

    Location             Delay type                Incr(ns)  Path(ns)    Netlist Resource(s)
  -------------------------------------------------------------------    -------------------
    G4                                                0.000     0.000 r  reset_n (IN)
                         net (fo=0)                   0.000     0.000    reset_n
    G4                   IBUF (Prop_ibuf_I_O)         1.062     1.062 r  reset_n_IBUF_inst/O
                         net (fo=60, routed)          4.832     5.894    datapath/Audio_Codec/initialize_audio/twi_controller/reset_n_IBUF
    SLICE_X162Y115       LUT6 (Prop_lut6_I5_O)        0.124     6.018 r  datapath/Audio_Codec/initialize_audio/twi_controller/FSM_gray_state[3]_i_11/O
                         net (fo=1, routed)           0.616     6.634    datapath/Audio_Codec/initialize_audio/twi_controller/FSM_gray_state[3]_i_11_n_0
    SLICE_X162Y116       LUT6 (Prop_lut6_I3_O)        0.124     6.758 r  datapath/Audio_Codec/initialize_audio/twi_controller/FSM_gray_state[3]_i_5/O
                         net (fo=1, routed)           0.670     7.428    datapath/Audio_Codec/initialize_audio/twi_controller/FSM_gray_state[3]_i_5_n_0
    SLICE_X162Y116       LUT6 (Prop_lut6_I2_O)        0.124     7.552 r  datapath/Audio_Codec/initialize_audio/twi_controller/FSM_gray_state[3]_i_1/O
                         net (fo=4, routed)           0.523     8.075    datapath/Audio_Codec/initialize_audio/twi_controller/FSM_gray_state[3]_i_1_n_0
    SLICE_X161Y116       FDRE                                         r  datapath/Audio_Codec/initialize_audio/twi_controller/FSM_gray_state_reg[0]/CE
  -------------------------------------------------------------------    -------------------

                         (clock clk_out2_clk_wiz_1 rise edge)
                                                      0.000     0.000 r  
    BUFGCTRL_X0Y2        BUFG                         0.000     0.000 r  clk_IBUF_BUFG_inst/O
                         net (fo=334, routed)         1.643     1.643    datapath/Audio_Codec/audiocodec_master_clock/inst/clk_in1
    MMCME2_ADV_X0Y2      MMCME2_ADV (Prop_mmcme2_adv_CLKIN1_CLKOUT1)
                                                     -3.494    -1.851 r  datapath/Audio_Codec/audiocodec_master_clock/inst/mmcm_adv_inst/CLKOUT1
                         net (fo=1, routed)           1.760    -0.091    datapath/Audio_Codec/audiocodec_master_clock/inst/clk_out2_clk_wiz_1
    BUFGCTRL_X0Y3        BUFG (Prop_bufg_I_O)         0.091     0.000 r  datapath/Audio_Codec/audiocodec_master_clock/inst/clkout2_buf/O
                         net (fo=115, routed)         1.706     1.706    datapath/Audio_Codec/initialize_audio/twi_controller/clk_out2
    SLICE_X161Y116       FDRE                                         r  datapath/Audio_Codec/initialize_audio/twi_controller/FSM_gray_state_reg[0]/C

Slack:                    inf
  Source:                 reset_n
                            (input port)
  Destination:            datapath/Audio_Codec/initialize_audio/twi_controller/FSM_gray_state_reg[2]/CE
                            (rising edge-triggered cell FDRE clocked by clk_out2_clk_wiz_1  {rise@0.000ns fall@10.000ns period=20.000ns})
  Path Group:             (none)
  Path Type:              Setup (Max at Slow Process Corner)
  Data Path Delay:        8.075ns  (logic 1.434ns (17.755%)  route 6.641ns (82.245%))
  Logic Levels:           4  (IBUF=1 LUT6=3)
  Clock Path Skew:        1.706ns (DCD - SCD + CPR)
    Destination Clock Delay (DCD):    1.706ns
    Source Clock Delay      (SCD):    0.000ns
    Clock Pessimism Removal (CPR):    0.000ns
  Clock Uncertainty:      0.178ns  ((TSJ^2 + DJ^2)^1/2) / 2 + PE
    Total System Jitter     (TSJ):    0.050ns
    Discrete Jitter          (DJ):    0.152ns
    Phase Error              (PE):    0.099ns

    Location             Delay type                Incr(ns)  Path(ns)    Netlist Resource(s)
  -------------------------------------------------------------------    -------------------
    G4                                                0.000     0.000 r  reset_n (IN)
                         net (fo=0)                   0.000     0.000    reset_n
    G4                   IBUF (Prop_ibuf_I_O)         1.062     1.062 r  reset_n_IBUF_inst/O
                         net (fo=60, routed)          4.832     5.894    datapath/Audio_Codec/initialize_audio/twi_controller/reset_n_IBUF
    SLICE_X162Y115       LUT6 (Prop_lut6_I5_O)        0.124     6.018 r  datapath/Audio_Codec/initialize_audio/twi_controller/FSM_gray_state[3]_i_11/O
                         net (fo=1, routed)           0.616     6.634    datapath/Audio_Codec/initialize_audio/twi_controller/FSM_gray_state[3]_i_11_n_0
    SLICE_X162Y116       LUT6 (Prop_lut6_I3_O)        0.124     6.758 r  datapath/Audio_Codec/initialize_audio/twi_controller/FSM_gray_state[3]_i_5/O
                         net (fo=1, routed)           0.670     7.428    datapath/Audio_Codec/initialize_audio/twi_controller/FSM_gray_state[3]_i_5_n_0
    SLICE_X162Y116       LUT6 (Prop_lut6_I2_O)        0.124     7.552 r  datapath/Audio_Codec/initialize_audio/twi_controller/FSM_gray_state[3]_i_1/O
                         net (fo=4, routed)           0.523     8.075    datapath/Audio_Codec/initialize_audio/twi_controller/FSM_gray_state[3]_i_1_n_0
    SLICE_X161Y116       FDRE                                         r  datapath/Audio_Codec/initialize_audio/twi_controller/FSM_gray_state_reg[2]/CE
  -------------------------------------------------------------------    -------------------

                         (clock clk_out2_clk_wiz_1 rise edge)
                                                      0.000     0.000 r  
    BUFGCTRL_X0Y2        BUFG                         0.000     0.000 r  clk_IBUF_BUFG_inst/O
                         net (fo=334, routed)         1.643     1.643    datapath/Audio_Codec/audiocodec_master_clock/inst/clk_in1
    MMCME2_ADV_X0Y2      MMCME2_ADV (Prop_mmcme2_adv_CLKIN1_CLKOUT1)
                                                     -3.494    -1.851 r  datapath/Audio_Codec/audiocodec_master_clock/inst/mmcm_adv_inst/CLKOUT1
                         net (fo=1, routed)           1.760    -0.091    datapath/Audio_Codec/audiocodec_master_clock/inst/clk_out2_clk_wiz_1
    BUFGCTRL_X0Y3        BUFG (Prop_bufg_I_O)         0.091     0.000 r  datapath/Audio_Codec/audiocodec_master_clock/inst/clkout2_buf/O
                         net (fo=115, routed)         1.706     1.706    datapath/Audio_Codec/initialize_audio/twi_controller/clk_out2
    SLICE_X161Y116       FDRE                                         r  datapath/Audio_Codec/initialize_audio/twi_controller/FSM_gray_state_reg[2]/C

Slack:                    inf
  Source:                 reset_n
                            (input port)
  Destination:            datapath/Audio_Codec/initialize_audio/twi_controller/FSM_gray_state_reg[3]/CE
                            (rising edge-triggered cell FDRE clocked by clk_out2_clk_wiz_1  {rise@0.000ns fall@10.000ns period=20.000ns})
  Path Group:             (none)
  Path Type:              Setup (Max at Slow Process Corner)
  Data Path Delay:        8.075ns  (logic 1.434ns (17.755%)  route 6.641ns (82.245%))
  Logic Levels:           4  (IBUF=1 LUT6=3)
  Clock Path Skew:        1.706ns (DCD - SCD + CPR)
    Destination Clock Delay (DCD):    1.706ns
    Source Clock Delay      (SCD):    0.000ns
    Clock Pessimism Removal (CPR):    0.000ns
  Clock Uncertainty:      0.178ns  ((TSJ^2 + DJ^2)^1/2) / 2 + PE
    Total System Jitter     (TSJ):    0.050ns
    Discrete Jitter          (DJ):    0.152ns
    Phase Error              (PE):    0.099ns

    Location             Delay type                Incr(ns)  Path(ns)    Netlist Resource(s)
  -------------------------------------------------------------------    -------------------
    G4                                                0.000     0.000 r  reset_n (IN)
                         net (fo=0)                   0.000     0.000    reset_n
    G4                   IBUF (Prop_ibuf_I_O)         1.062     1.062 r  reset_n_IBUF_inst/O
                         net (fo=60, routed)          4.832     5.894    datapath/Audio_Codec/initialize_audio/twi_controller/reset_n_IBUF
    SLICE_X162Y115       LUT6 (Prop_lut6_I5_O)        0.124     6.018 r  datapath/Audio_Codec/initialize_audio/twi_controller/FSM_gray_state[3]_i_11/O
                         net (fo=1, routed)           0.616     6.634    datapath/Audio_Codec/initialize_audio/twi_controller/FSM_gray_state[3]_i_11_n_0
    SLICE_X162Y116       LUT6 (Prop_lut6_I3_O)        0.124     6.758 r  datapath/Audio_Codec/initialize_audio/twi_controller/FSM_gray_state[3]_i_5/O
                         net (fo=1, routed)           0.670     7.428    datapath/Audio_Codec/initialize_audio/twi_controller/FSM_gray_state[3]_i_5_n_0
    SLICE_X162Y116       LUT6 (Prop_lut6_I2_O)        0.124     7.552 r  datapath/Audio_Codec/initialize_audio/twi_controller/FSM_gray_state[3]_i_1/O
                         net (fo=4, routed)           0.523     8.075    datapath/Audio_Codec/initialize_audio/twi_controller/FSM_gray_state[3]_i_1_n_0
    SLICE_X161Y116       FDRE                                         r  datapath/Audio_Codec/initialize_audio/twi_controller/FSM_gray_state_reg[3]/CE
  -------------------------------------------------------------------    -------------------

                         (clock clk_out2_clk_wiz_1 rise edge)
                                                      0.000     0.000 r  
    BUFGCTRL_X0Y2        BUFG                         0.000     0.000 r  clk_IBUF_BUFG_inst/O
                         net (fo=334, routed)         1.643     1.643    datapath/Audio_Codec/audiocodec_master_clock/inst/clk_in1
    MMCME2_ADV_X0Y2      MMCME2_ADV (Prop_mmcme2_adv_CLKIN1_CLKOUT1)
                                                     -3.494    -1.851 r  datapath/Audio_Codec/audiocodec_master_clock/inst/mmcm_adv_inst/CLKOUT1
                         net (fo=1, routed)           1.760    -0.091    datapath/Audio_Codec/audiocodec_master_clock/inst/clk_out2_clk_wiz_1
    BUFGCTRL_X0Y3        BUFG (Prop_bufg_I_O)         0.091     0.000 r  datapath/Audio_Codec/audiocodec_master_clock/inst/clkout2_buf/O
                         net (fo=115, routed)         1.706     1.706    datapath/Audio_Codec/initialize_audio/twi_controller/clk_out2
    SLICE_X161Y116       FDRE                                         r  datapath/Audio_Codec/initialize_audio/twi_controller/FSM_gray_state_reg[3]/C

Slack:                    inf
  Source:                 reset_n
                            (input port)
  Destination:            datapath/Audio_Codec/initialize_audio/twi_controller/FSM_gray_state_reg[1]/CE
                            (rising edge-triggered cell FDRE clocked by clk_out2_clk_wiz_1  {rise@0.000ns fall@10.000ns period=20.000ns})
  Path Group:             (none)
  Path Type:              Setup (Max at Slow Process Corner)
  Data Path Delay:        7.754ns  (logic 1.434ns (18.491%)  route 6.320ns (81.509%))
  Logic Levels:           4  (IBUF=1 LUT6=3)
  Clock Path Skew:        1.706ns (DCD - SCD + CPR)
    Destination Clock Delay (DCD):    1.706ns
    Source Clock Delay      (SCD):    0.000ns
    Clock Pessimism Removal (CPR):    0.000ns
  Clock Uncertainty:      0.178ns  ((TSJ^2 + DJ^2)^1/2) / 2 + PE
    Total System Jitter     (TSJ):    0.050ns
    Discrete Jitter          (DJ):    0.152ns
    Phase Error              (PE):    0.099ns

    Location             Delay type                Incr(ns)  Path(ns)    Netlist Resource(s)
  -------------------------------------------------------------------    -------------------
    G4                                                0.000     0.000 r  reset_n (IN)
                         net (fo=0)                   0.000     0.000    reset_n
    G4                   IBUF (Prop_ibuf_I_O)         1.062     1.062 r  reset_n_IBUF_inst/O
                         net (fo=60, routed)          4.832     5.894    datapath/Audio_Codec/initialize_audio/twi_controller/reset_n_IBUF
    SLICE_X162Y115       LUT6 (Prop_lut6_I5_O)        0.124     6.018 r  datapath/Audio_Codec/initialize_audio/twi_controller/FSM_gray_state[3]_i_11/O
                         net (fo=1, routed)           0.616     6.634    datapath/Audio_Codec/initialize_audio/twi_controller/FSM_gray_state[3]_i_11_n_0
    SLICE_X162Y116       LUT6 (Prop_lut6_I3_O)        0.124     6.758 r  datapath/Audio_Codec/initialize_audio/twi_controller/FSM_gray_state[3]_i_5/O
                         net (fo=1, routed)           0.670     7.428    datapath/Audio_Codec/initialize_audio/twi_controller/FSM_gray_state[3]_i_5_n_0
    SLICE_X162Y116       LUT6 (Prop_lut6_I2_O)        0.124     7.552 r  datapath/Audio_Codec/initialize_audio/twi_controller/FSM_gray_state[3]_i_1/O
                         net (fo=4, routed)           0.202     7.754    datapath/Audio_Codec/initialize_audio/twi_controller/FSM_gray_state[3]_i_1_n_0
    SLICE_X163Y116       FDRE                                         r  datapath/Audio_Codec/initialize_audio/twi_controller/FSM_gray_state_reg[1]/CE
  -------------------------------------------------------------------    -------------------

                         (clock clk_out2_clk_wiz_1 rise edge)
                                                      0.000     0.000 r  
    BUFGCTRL_X0Y2        BUFG                         0.000     0.000 r  clk_IBUF_BUFG_inst/O
                         net (fo=334, routed)         1.643     1.643    datapath/Audio_Codec/audiocodec_master_clock/inst/clk_in1
    MMCME2_ADV_X0Y2      MMCME2_ADV (Prop_mmcme2_adv_CLKIN1_CLKOUT1)
                                                     -3.494    -1.851 r  datapath/Audio_Codec/audiocodec_master_clock/inst/mmcm_adv_inst/CLKOUT1
                         net (fo=1, routed)           1.760    -0.091    datapath/Audio_Codec/audiocodec_master_clock/inst/clk_out2_clk_wiz_1
    BUFGCTRL_X0Y3        BUFG (Prop_bufg_I_O)         0.091     0.000 r  datapath/Audio_Codec/audiocodec_master_clock/inst/clkout2_buf/O
                         net (fo=115, routed)         1.706     1.706    datapath/Audio_Codec/initialize_audio/twi_controller/clk_out2
    SLICE_X163Y116       FDRE                                         r  datapath/Audio_Codec/initialize_audio/twi_controller/FSM_gray_state_reg[1]/C

Slack:                    inf
  Source:                 reset_n
                            (input port)
  Destination:            datapath/Audio_Codec/initialize_audio/initEn_reg/D
                            (rising edge-triggered cell FDRE clocked by clk_out2_clk_wiz_1  {rise@0.000ns fall@10.000ns period=20.000ns})
  Path Group:             (none)
  Path Type:              Setup (Max at Slow Process Corner)
  Data Path Delay:        6.545ns  (logic 1.186ns (18.116%)  route 5.360ns (81.884%))
  Logic Levels:           2  (IBUF=1 LUT6=1)
  Clock Path Skew:        1.701ns (DCD - SCD + CPR)
    Destination Clock Delay (DCD):    1.701ns
    Source Clock Delay      (SCD):    0.000ns
    Clock Pessimism Removal (CPR):    0.000ns
  Clock Uncertainty:      0.178ns  ((TSJ^2 + DJ^2)^1/2) / 2 + PE
    Total System Jitter     (TSJ):    0.050ns
    Discrete Jitter          (DJ):    0.152ns
    Phase Error              (PE):    0.099ns

    Location             Delay type                Incr(ns)  Path(ns)    Netlist Resource(s)
  -------------------------------------------------------------------    -------------------
    G4                                                0.000     0.000 r  reset_n (IN)
                         net (fo=0)                   0.000     0.000    reset_n
    G4                   IBUF (Prop_ibuf_I_O)         1.062     1.062 r  reset_n_IBUF_inst/O
                         net (fo=60, routed)          5.360     6.421    datapath/Audio_Codec/initialize_audio/twi_controller/reset_n_IBUF
    SLICE_X159Y118       LUT6 (Prop_lut6_I3_O)        0.124     6.545 r  datapath/Audio_Codec/initialize_audio/twi_controller/initEn_i_1/O
                         net (fo=1, routed)           0.000     6.545    datapath/Audio_Codec/initialize_audio/twi_controller_n_7
    SLICE_X159Y118       FDRE                                         r  datapath/Audio_Codec/initialize_audio/initEn_reg/D
  -------------------------------------------------------------------    -------------------

                         (clock clk_out2_clk_wiz_1 rise edge)
                                                      0.000     0.000 r  
    BUFGCTRL_X0Y2        BUFG                         0.000     0.000 r  clk_IBUF_BUFG_inst/O
                         net (fo=334, routed)         1.643     1.643    datapath/Audio_Codec/audiocodec_master_clock/inst/clk_in1
    MMCME2_ADV_X0Y2      MMCME2_ADV (Prop_mmcme2_adv_CLKIN1_CLKOUT1)
                                                     -3.494    -1.851 r  datapath/Audio_Codec/audiocodec_master_clock/inst/mmcm_adv_inst/CLKOUT1
                         net (fo=1, routed)           1.760    -0.091    datapath/Audio_Codec/audiocodec_master_clock/inst/clk_out2_clk_wiz_1
    BUFGCTRL_X0Y3        BUFG (Prop_bufg_I_O)         0.091     0.000 r  datapath/Audio_Codec/audiocodec_master_clock/inst/clkout2_buf/O
                         net (fo=115, routed)         1.701     1.701    datapath/Audio_Codec/initialize_audio/clk_out2
    SLICE_X159Y118       FDRE                                         r  datapath/Audio_Codec/initialize_audio/initEn_reg/C

Slack:                    inf
  Source:                 reset_n
                            (input port)
  Destination:            datapath/Audio_Codec/initialize_audio/data_i_reg[2]/R
                            (rising edge-triggered cell FDRE clocked by clk_out2_clk_wiz_1  {rise@0.000ns fall@10.000ns period=20.000ns})
  Path Group:             (none)
  Path Type:              Setup (Max at Slow Process Corner)
  Data Path Delay:        6.447ns  (logic 1.216ns (18.858%)  route 5.231ns (81.142%))
  Logic Levels:           2  (IBUF=1 LUT5=1)
  Clock Path Skew:        1.701ns (DCD - SCD + CPR)
    Destination Clock Delay (DCD):    1.701ns
    Source Clock Delay      (SCD):    0.000ns
    Clock Pessimism Removal (CPR):    0.000ns
  Clock Uncertainty:      0.178ns  ((TSJ^2 + DJ^2)^1/2) / 2 + PE
    Total System Jitter     (TSJ):    0.050ns
    Discrete Jitter          (DJ):    0.152ns
    Phase Error              (PE):    0.099ns

    Location             Delay type                Incr(ns)  Path(ns)    Netlist Resource(s)
  -------------------------------------------------------------------    -------------------
    G4                                                0.000     0.000 r  reset_n (IN)
                         net (fo=0)                   0.000     0.000    reset_n
    G4                   IBUF (Prop_ibuf_I_O)         1.062     1.062 r  reset_n_IBUF_inst/O
                         net (fo=60, routed)          4.541     5.603    datapath/Audio_Codec/initialize_audio/reset_n_IBUF
    SLICE_X159Y120       LUT5 (Prop_lut5_I4_O)        0.154     5.757 r  datapath/Audio_Codec/initialize_audio/data_i[5]_i_1/O
                         net (fo=4, routed)           0.690     6.447    datapath/Audio_Codec/initialize_audio/data_i[5]_i_1_n_0
    SLICE_X161Y121       FDRE                                         r  datapath/Audio_Codec/initialize_audio/data_i_reg[2]/R
  -------------------------------------------------------------------    -------------------

                         (clock clk_out2_clk_wiz_1 rise edge)
                                                      0.000     0.000 r  
    BUFGCTRL_X0Y2        BUFG                         0.000     0.000 r  clk_IBUF_BUFG_inst/O
                         net (fo=334, routed)         1.643     1.643    datapath/Audio_Codec/audiocodec_master_clock/inst/clk_in1
    MMCME2_ADV_X0Y2      MMCME2_ADV (Prop_mmcme2_adv_CLKIN1_CLKOUT1)
                                                     -3.494    -1.851 r  datapath/Audio_Codec/audiocodec_master_clock/inst/mmcm_adv_inst/CLKOUT1
                         net (fo=1, routed)           1.760    -0.091    datapath/Audio_Codec/audiocodec_master_clock/inst/clk_out2_clk_wiz_1
    BUFGCTRL_X0Y3        BUFG (Prop_bufg_I_O)         0.091     0.000 r  datapath/Audio_Codec/audiocodec_master_clock/inst/clkout2_buf/O
                         net (fo=115, routed)         1.701     1.701    datapath/Audio_Codec/initialize_audio/clk_out2
    SLICE_X161Y121       FDRE                                         r  datapath/Audio_Codec/initialize_audio/data_i_reg[2]/C

Slack:                    inf
  Source:                 reset_n
                            (input port)
  Destination:            datapath/Audio_Codec/initialize_audio/data_i_reg[3]/R
                            (rising edge-triggered cell FDRE clocked by clk_out2_clk_wiz_1  {rise@0.000ns fall@10.000ns period=20.000ns})
  Path Group:             (none)
  Path Type:              Setup (Max at Slow Process Corner)
  Data Path Delay:        6.447ns  (logic 1.216ns (18.858%)  route 5.231ns (81.142%))
  Logic Levels:           2  (IBUF=1 LUT5=1)
  Clock Path Skew:        1.701ns (DCD - SCD + CPR)
    Destination Clock Delay (DCD):    1.701ns
    Source Clock Delay      (SCD):    0.000ns
    Clock Pessimism Removal (CPR):    0.000ns
  Clock Uncertainty:      0.178ns  ((TSJ^2 + DJ^2)^1/2) / 2 + PE
    Total System Jitter     (TSJ):    0.050ns
    Discrete Jitter          (DJ):    0.152ns
    Phase Error              (PE):    0.099ns

    Location             Delay type                Incr(ns)  Path(ns)    Netlist Resource(s)
  -------------------------------------------------------------------    -------------------
    G4                                                0.000     0.000 r  reset_n (IN)
                         net (fo=0)                   0.000     0.000    reset_n
    G4                   IBUF (Prop_ibuf_I_O)         1.062     1.062 r  reset_n_IBUF_inst/O
                         net (fo=60, routed)          4.541     5.603    datapath/Audio_Codec/initialize_audio/reset_n_IBUF
    SLICE_X159Y120       LUT5 (Prop_lut5_I4_O)        0.154     5.757 r  datapath/Audio_Codec/initialize_audio/data_i[5]_i_1/O
                         net (fo=4, routed)           0.690     6.447    datapath/Audio_Codec/initialize_audio/data_i[5]_i_1_n_0
    SLICE_X161Y121       FDRE                                         r  datapath/Audio_Codec/initialize_audio/data_i_reg[3]/R
  -------------------------------------------------------------------    -------------------

                         (clock clk_out2_clk_wiz_1 rise edge)
                                                      0.000     0.000 r  
    BUFGCTRL_X0Y2        BUFG                         0.000     0.000 r  clk_IBUF_BUFG_inst/O
                         net (fo=334, routed)         1.643     1.643    datapath/Audio_Codec/audiocodec_master_clock/inst/clk_in1
    MMCME2_ADV_X0Y2      MMCME2_ADV (Prop_mmcme2_adv_CLKIN1_CLKOUT1)
                                                     -3.494    -1.851 r  datapath/Audio_Codec/audiocodec_master_clock/inst/mmcm_adv_inst/CLKOUT1
                         net (fo=1, routed)           1.760    -0.091    datapath/Audio_Codec/audiocodec_master_clock/inst/clk_out2_clk_wiz_1
    BUFGCTRL_X0Y3        BUFG (Prop_bufg_I_O)         0.091     0.000 r  datapath/Audio_Codec/audiocodec_master_clock/inst/clkout2_buf/O
                         net (fo=115, routed)         1.701     1.701    datapath/Audio_Codec/initialize_audio/clk_out2
    SLICE_X161Y121       FDRE                                         r  datapath/Audio_Codec/initialize_audio/data_i_reg[3]/C

Slack:                    inf
  Source:                 reset_n
                            (input port)
  Destination:            datapath/Audio_Codec/initialize_audio/data_i_reg[5]/R
                            (rising edge-triggered cell FDRE clocked by clk_out2_clk_wiz_1  {rise@0.000ns fall@10.000ns period=20.000ns})
  Path Group:             (none)
  Path Type:              Setup (Max at Slow Process Corner)
  Data Path Delay:        6.447ns  (logic 1.216ns (18.858%)  route 5.231ns (81.142%))
  Logic Levels:           2  (IBUF=1 LUT5=1)
  Clock Path Skew:        1.701ns (DCD - SCD + CPR)
    Destination Clock Delay (DCD):    1.701ns
    Source Clock Delay      (SCD):    0.000ns
    Clock Pessimism Removal (CPR):    0.000ns
  Clock Uncertainty:      0.178ns  ((TSJ^2 + DJ^2)^1/2) / 2 + PE
    Total System Jitter     (TSJ):    0.050ns
    Discrete Jitter          (DJ):    0.152ns
    Phase Error              (PE):    0.099ns

    Location             Delay type                Incr(ns)  Path(ns)    Netlist Resource(s)
  -------------------------------------------------------------------    -------------------
    G4                                                0.000     0.000 r  reset_n (IN)
                         net (fo=0)                   0.000     0.000    reset_n
    G4                   IBUF (Prop_ibuf_I_O)         1.062     1.062 r  reset_n_IBUF_inst/O
                         net (fo=60, routed)          4.541     5.603    datapath/Audio_Codec/initialize_audio/reset_n_IBUF
    SLICE_X159Y120       LUT5 (Prop_lut5_I4_O)        0.154     5.757 r  datapath/Audio_Codec/initialize_audio/data_i[5]_i_1/O
                         net (fo=4, routed)           0.690     6.447    datapath/Audio_Codec/initialize_audio/data_i[5]_i_1_n_0
    SLICE_X161Y121       FDRE                                         r  datapath/Audio_Codec/initialize_audio/data_i_reg[5]/R
  -------------------------------------------------------------------    -------------------

                         (clock clk_out2_clk_wiz_1 rise edge)
                                                      0.000     0.000 r  
    BUFGCTRL_X0Y2        BUFG                         0.000     0.000 r  clk_IBUF_BUFG_inst/O
                         net (fo=334, routed)         1.643     1.643    datapath/Audio_Codec/audiocodec_master_clock/inst/clk_in1
    MMCME2_ADV_X0Y2      MMCME2_ADV (Prop_mmcme2_adv_CLKIN1_CLKOUT1)
                                                     -3.494    -1.851 r  datapath/Audio_Codec/audiocodec_master_clock/inst/mmcm_adv_inst/CLKOUT1
                         net (fo=1, routed)           1.760    -0.091    datapath/Audio_Codec/audiocodec_master_clock/inst/clk_out2_clk_wiz_1
    BUFGCTRL_X0Y3        BUFG (Prop_bufg_I_O)         0.091     0.000 r  datapath/Audio_Codec/audiocodec_master_clock/inst/clkout2_buf/O
                         net (fo=115, routed)         1.701     1.701    datapath/Audio_Codec/initialize_audio/clk_out2
    SLICE_X161Y121       FDRE                                         r  datapath/Audio_Codec/initialize_audio/data_i_reg[5]/C

Slack:                    inf
  Source:                 reset_n
                            (input port)
  Destination:            datapath/Audio_Codec/initialize_audio/data_i_reg[0]/R
                            (rising edge-triggered cell FDRE clocked by clk_out2_clk_wiz_1  {rise@0.000ns fall@10.000ns period=20.000ns})
  Path Group:             (none)
  Path Type:              Setup (Max at Slow Process Corner)
  Data Path Delay:        6.308ns  (logic 1.216ns (19.273%)  route 5.092ns (80.727%))
  Logic Levels:           2  (IBUF=1 LUT5=1)
  Clock Path Skew:        1.702ns (DCD - SCD + CPR)
    Destination Clock Delay (DCD):    1.702ns
    Source Clock Delay      (SCD):    0.000ns
    Clock Pessimism Removal (CPR):    0.000ns
  Clock Uncertainty:      0.178ns  ((TSJ^2 + DJ^2)^1/2) / 2 + PE
    Total System Jitter     (TSJ):    0.050ns
    Discrete Jitter          (DJ):    0.152ns
    Phase Error              (PE):    0.099ns

    Location             Delay type                Incr(ns)  Path(ns)    Netlist Resource(s)
  -------------------------------------------------------------------    -------------------
    G4                                                0.000     0.000 r  reset_n (IN)
                         net (fo=0)                   0.000     0.000    reset_n
    G4                   IBUF (Prop_ibuf_I_O)         1.062     1.062 r  reset_n_IBUF_inst/O
                         net (fo=60, routed)          4.541     5.603    datapath/Audio_Codec/initialize_audio/reset_n_IBUF
    SLICE_X159Y120       LUT5 (Prop_lut5_I4_O)        0.154     5.757 r  datapath/Audio_Codec/initialize_audio/data_i[5]_i_1/O
                         net (fo=4, routed)           0.551     6.308    datapath/Audio_Codec/initialize_audio/data_i[5]_i_1_n_0
    SLICE_X161Y119       FDRE                                         r  datapath/Audio_Codec/initialize_audio/data_i_reg[0]/R
  -------------------------------------------------------------------    -------------------

                         (clock clk_out2_clk_wiz_1 rise edge)
                                                      0.000     0.000 r  
    BUFGCTRL_X0Y2        BUFG                         0.000     0.000 r  clk_IBUF_BUFG_inst/O
                         net (fo=334, routed)         1.643     1.643    datapath/Audio_Codec/audiocodec_master_clock/inst/clk_in1
    MMCME2_ADV_X0Y2      MMCME2_ADV (Prop_mmcme2_adv_CLKIN1_CLKOUT1)
                                                     -3.494    -1.851 r  datapath/Audio_Codec/audiocodec_master_clock/inst/mmcm_adv_inst/CLKOUT1
                         net (fo=1, routed)           1.760    -0.091    datapath/Audio_Codec/audiocodec_master_clock/inst/clk_out2_clk_wiz_1
    BUFGCTRL_X0Y3        BUFG (Prop_bufg_I_O)         0.091     0.000 r  datapath/Audio_Codec/audiocodec_master_clock/inst/clkout2_buf/O
                         net (fo=115, routed)         1.702     1.702    datapath/Audio_Codec/initialize_audio/clk_out2
    SLICE_X161Y119       FDRE                                         r  datapath/Audio_Codec/initialize_audio/data_i_reg[0]/C

Slack:                    inf
  Source:                 reset_n
                            (input port)
  Destination:            datapath/Audio_Codec/initialize_audio/state_reg[0]/R
                            (rising edge-triggered cell FDRE clocked by clk_out2_clk_wiz_1  {rise@0.000ns fall@10.000ns period=20.000ns})
  Path Group:             (none)
  Path Type:              Setup (Max at Slow Process Corner)
  Data Path Delay:        6.244ns  (logic 1.186ns (18.991%)  route 5.058ns (81.009%))
  Logic Levels:           2  (IBUF=1 LUT1=1)
  Clock Path Skew:        1.702ns (DCD - SCD + CPR)
    Destination Clock Delay (DCD):    1.702ns
    Source Clock Delay      (SCD):    0.000ns
    Clock Pessimism Removal (CPR):    0.000ns
  Clock Uncertainty:      0.178ns  ((TSJ^2 + DJ^2)^1/2) / 2 + PE
    Total System Jitter     (TSJ):    0.050ns
    Discrete Jitter          (DJ):    0.152ns
    Phase Error              (PE):    0.099ns

    Location             Delay type                Incr(ns)  Path(ns)    Netlist Resource(s)
  -------------------------------------------------------------------    -------------------
    G4                                                0.000     0.000 f  reset_n (IN)
                         net (fo=0)                   0.000     0.000    reset_n
    G4                   IBUF (Prop_ibuf_I_O)         1.062     1.062 f  reset_n_IBUF_inst/O
                         net (fo=60, routed)          3.829     4.891    datapath/Audio_Codec/audio_inout/reset_n_IBUF
    SLICE_X152Y120       LUT1 (Prop_lut1_I0_O)        0.124     5.015 r  datapath/Audio_Codec/audio_inout/sdp_bl.ramb18_dp_bl.ram18_bl_i_1/O
                         net (fo=119, routed)         1.229     6.244    datapath/Audio_Codec/initialize_audio/SR[0]
    SLICE_X160Y119       FDRE                                         r  datapath/Audio_Codec/initialize_audio/state_reg[0]/R
  -------------------------------------------------------------------    -------------------

                         (clock clk_out2_clk_wiz_1 rise edge)
                                                      0.000     0.000 r  
    BUFGCTRL_X0Y2        BUFG                         0.000     0.000 r  clk_IBUF_BUFG_inst/O
                         net (fo=334, routed)         1.643     1.643    datapath/Audio_Codec/audiocodec_master_clock/inst/clk_in1
    MMCME2_ADV_X0Y2      MMCME2_ADV (Prop_mmcme2_adv_CLKIN1_CLKOUT1)
                                                     -3.494    -1.851 r  datapath/Audio_Codec/audiocodec_master_clock/inst/mmcm_adv_inst/CLKOUT1
                         net (fo=1, routed)           1.760    -0.091    datapath/Audio_Codec/audiocodec_master_clock/inst/clk_out2_clk_wiz_1
    BUFGCTRL_X0Y3        BUFG (Prop_bufg_I_O)         0.091     0.000 r  datapath/Audio_Codec/audiocodec_master_clock/inst/clkout2_buf/O
                         net (fo=115, routed)         1.702     1.702    datapath/Audio_Codec/initialize_audio/clk_out2
    SLICE_X160Y119       FDRE                                         r  datapath/Audio_Codec/initialize_audio/state_reg[0]/C





Min Delay Paths
--------------------------------------------------------------------------------------
Slack:                    inf
  Source:                 sda
                            (input port)
  Destination:            datapath/Audio_Codec/initialize_audio/twi_controller/dSda_reg/D
                            (rising edge-triggered cell FDRE clocked by clk_out2_clk_wiz_1  {rise@0.000ns fall@10.000ns period=20.000ns})
  Path Group:             (none)
  Path Type:              Hold (Min at Fast Process Corner)
  Data Path Delay:        0.593ns  (logic 0.246ns (41.418%)  route 0.347ns (58.582%))
  Logic Levels:           1  (IBUF=1)
  Clock Path Skew:        0.913ns (DCD - SCD - CPR)
    Destination Clock Delay (DCD):    0.913ns
    Source Clock Delay      (SCD):    0.000ns
    Clock Pessimism Removal (CPR):    -0.000ns

    Location             Delay type                Incr(ns)  Path(ns)    Netlist Resource(s)
  -------------------------------------------------------------------    -------------------
    V5                                                0.000     0.000 r  sda (INOUT)
                         net (fo=1, unset)            0.000     0.000    sda_IOBUF_inst/IO
    V5                   IBUF (Prop_ibuf_I_O)         0.246     0.246 r  sda_IOBUF_inst/IBUF/O
                         net (fo=1, routed)           0.347     0.593    datapath/Audio_Codec/initialize_audio/twi_controller/sda_IBUF
    SLICE_X163Y117       FDRE                                         r  datapath/Audio_Codec/initialize_audio/twi_controller/dSda_reg/D
  -------------------------------------------------------------------    -------------------

                         (clock clk_out2_clk_wiz_1 rise edge)
                                                      0.000     0.000 r  
    BUFGCTRL_X0Y2        BUFG                         0.000     0.000 r  clk_IBUF_BUFG_inst/O
                         net (fo=334, routed)         0.879     0.879    datapath/Audio_Codec/audiocodec_master_clock/inst/clk_in1
    MMCME2_ADV_X0Y2      MMCME2_ADV (Prop_mmcme2_adv_CLKIN1_CLKOUT1)
                                                     -1.502    -0.624 r  datapath/Audio_Codec/audiocodec_master_clock/inst/mmcm_adv_inst/CLKOUT1
                         net (fo=1, routed)           0.595    -0.029    datapath/Audio_Codec/audiocodec_master_clock/inst/clk_out2_clk_wiz_1
    BUFGCTRL_X0Y3        BUFG (Prop_bufg_I_O)         0.029    -0.000 r  datapath/Audio_Codec/audiocodec_master_clock/inst/clkout2_buf/O
                         net (fo=115, routed)         0.913     0.913    datapath/Audio_Codec/initialize_audio/twi_controller/clk_out2
    SLICE_X163Y117       FDRE                                         r  datapath/Audio_Codec/initialize_audio/twi_controller/dSda_reg/C

Slack:                    inf
  Source:                 scl
                            (input port)
  Destination:            datapath/Audio_Codec/initialize_audio/twi_controller/dScl_reg/D
                            (rising edge-triggered cell FDRE clocked by clk_out2_clk_wiz_1  {rise@0.000ns fall@10.000ns period=20.000ns})
  Path Group:             (none)
  Path Type:              Hold (Min at Fast Process Corner)
  Data Path Delay:        0.618ns  (logic 0.263ns (42.460%)  route 0.356ns (57.540%))
  Logic Levels:           1  (IBUF=1)
  Clock Path Skew:        0.913ns (DCD - SCD - CPR)
    Destination Clock Delay (DCD):    0.913ns
    Source Clock Delay      (SCD):    0.000ns
    Clock Pessimism Removal (CPR):    -0.000ns

    Location             Delay type                Incr(ns)  Path(ns)    Netlist Resource(s)
  -------------------------------------------------------------------    -------------------
    W5                                                0.000     0.000 r  scl (INOUT)
                         net (fo=1, unset)            0.000     0.000    scl_IOBUF_inst/IO
    W5                   IBUF (Prop_ibuf_I_O)         0.263     0.263 r  scl_IOBUF_inst/IBUF/O
                         net (fo=1, routed)           0.356     0.618    datapath/Audio_Codec/initialize_audio/twi_controller/scl_IBUF
    SLICE_X162Y117       FDRE                                         r  datapath/Audio_Codec/initialize_audio/twi_controller/dScl_reg/D
  -------------------------------------------------------------------    -------------------

                         (clock clk_out2_clk_wiz_1 rise edge)
                                                      0.000     0.000 r  
    BUFGCTRL_X0Y2        BUFG                         0.000     0.000 r  clk_IBUF_BUFG_inst/O
                         net (fo=334, routed)         0.879     0.879    datapath/Audio_Codec/audiocodec_master_clock/inst/clk_in1
    MMCME2_ADV_X0Y2      MMCME2_ADV (Prop_mmcme2_adv_CLKIN1_CLKOUT1)
                                                     -1.502    -0.624 r  datapath/Audio_Codec/audiocodec_master_clock/inst/mmcm_adv_inst/CLKOUT1
                         net (fo=1, routed)           0.595    -0.029    datapath/Audio_Codec/audiocodec_master_clock/inst/clk_out2_clk_wiz_1
    BUFGCTRL_X0Y3        BUFG (Prop_bufg_I_O)         0.029    -0.000 r  datapath/Audio_Codec/audiocodec_master_clock/inst/clkout2_buf/O
                         net (fo=115, routed)         0.913     0.913    datapath/Audio_Codec/initialize_audio/twi_controller/clk_out2
    SLICE_X162Y117       FDRE                                         r  datapath/Audio_Codec/initialize_audio/twi_controller/dScl_reg/C

Slack:                    inf
  Source:                 reset_n
                            (input port)
  Destination:            datapath/Audio_Codec/initialize_audio/data_i_reg[2]/CE
                            (rising edge-triggered cell FDRE clocked by clk_out2_clk_wiz_1  {rise@0.000ns fall@10.000ns period=20.000ns})
  Path Group:             (none)
  Path Type:              Hold (Min at Fast Process Corner)
  Data Path Delay:        1.968ns  (logic 0.186ns (9.444%)  route 1.783ns (90.556%))
  Logic Levels:           1  (IBUF=1)
  Clock Path Skew:        0.909ns (DCD - SCD - CPR)
    Destination Clock Delay (DCD):    0.909ns
    Source Clock Delay      (SCD):    0.000ns
    Clock Pessimism Removal (CPR):    -0.000ns

    Location             Delay type                Incr(ns)  Path(ns)    Netlist Resource(s)
  -------------------------------------------------------------------    -------------------
    G4                                                0.000     0.000 r  reset_n (IN)
                         net (fo=0)                   0.000     0.000    reset_n
    G4                   IBUF (Prop_ibuf_I_O)         0.186     0.186 r  reset_n_IBUF_inst/O
                         net (fo=60, routed)          1.783     1.968    datapath/Audio_Codec/initialize_audio/reset_n_IBUF
    SLICE_X161Y121       FDRE                                         r  datapath/Audio_Codec/initialize_audio/data_i_reg[2]/CE
  -------------------------------------------------------------------    -------------------

                         (clock clk_out2_clk_wiz_1 rise edge)
                                                      0.000     0.000 r  
    BUFGCTRL_X0Y2        BUFG                         0.000     0.000 r  clk_IBUF_BUFG_inst/O
                         net (fo=334, routed)         0.879     0.879    datapath/Audio_Codec/audiocodec_master_clock/inst/clk_in1
    MMCME2_ADV_X0Y2      MMCME2_ADV (Prop_mmcme2_adv_CLKIN1_CLKOUT1)
                                                     -1.502    -0.624 r  datapath/Audio_Codec/audiocodec_master_clock/inst/mmcm_adv_inst/CLKOUT1
                         net (fo=1, routed)           0.595    -0.029    datapath/Audio_Codec/audiocodec_master_clock/inst/clk_out2_clk_wiz_1
    BUFGCTRL_X0Y3        BUFG (Prop_bufg_I_O)         0.029    -0.000 r  datapath/Audio_Codec/audiocodec_master_clock/inst/clkout2_buf/O
                         net (fo=115, routed)         0.909     0.909    datapath/Audio_Codec/initialize_audio/clk_out2
    SLICE_X161Y121       FDRE                                         r  datapath/Audio_Codec/initialize_audio/data_i_reg[2]/C

Slack:                    inf
  Source:                 reset_n
                            (input port)
  Destination:            datapath/Audio_Codec/initialize_audio/data_i_reg[3]/CE
                            (rising edge-triggered cell FDRE clocked by clk_out2_clk_wiz_1  {rise@0.000ns fall@10.000ns period=20.000ns})
  Path Group:             (none)
  Path Type:              Hold (Min at Fast Process Corner)
  Data Path Delay:        1.968ns  (logic 0.186ns (9.444%)  route 1.783ns (90.556%))
  Logic Levels:           1  (IBUF=1)
  Clock Path Skew:        0.909ns (DCD - SCD - CPR)
    Destination Clock Delay (DCD):    0.909ns
    Source Clock Delay      (SCD):    0.000ns
    Clock Pessimism Removal (CPR):    -0.000ns

    Location             Delay type                Incr(ns)  Path(ns)    Netlist Resource(s)
  -------------------------------------------------------------------    -------------------
    G4                                                0.000     0.000 r  reset_n (IN)
                         net (fo=0)                   0.000     0.000    reset_n
    G4                   IBUF (Prop_ibuf_I_O)         0.186     0.186 r  reset_n_IBUF_inst/O
                         net (fo=60, routed)          1.783     1.968    datapath/Audio_Codec/initialize_audio/reset_n_IBUF
    SLICE_X161Y121       FDRE                                         r  datapath/Audio_Codec/initialize_audio/data_i_reg[3]/CE
  -------------------------------------------------------------------    -------------------

                         (clock clk_out2_clk_wiz_1 rise edge)
                                                      0.000     0.000 r  
    BUFGCTRL_X0Y2        BUFG                         0.000     0.000 r  clk_IBUF_BUFG_inst/O
                         net (fo=334, routed)         0.879     0.879    datapath/Audio_Codec/audiocodec_master_clock/inst/clk_in1
    MMCME2_ADV_X0Y2      MMCME2_ADV (Prop_mmcme2_adv_CLKIN1_CLKOUT1)
                                                     -1.502    -0.624 r  datapath/Audio_Codec/audiocodec_master_clock/inst/mmcm_adv_inst/CLKOUT1
                         net (fo=1, routed)           0.595    -0.029    datapath/Audio_Codec/audiocodec_master_clock/inst/clk_out2_clk_wiz_1
    BUFGCTRL_X0Y3        BUFG (Prop_bufg_I_O)         0.029    -0.000 r  datapath/Audio_Codec/audiocodec_master_clock/inst/clkout2_buf/O
                         net (fo=115, routed)         0.909     0.909    datapath/Audio_Codec/initialize_audio/clk_out2
    SLICE_X161Y121       FDRE                                         r  datapath/Audio_Codec/initialize_audio/data_i_reg[3]/C

Slack:                    inf
  Source:                 reset_n
                            (input port)
  Destination:            datapath/Audio_Codec/initialize_audio/data_i_reg[5]/CE
                            (rising edge-triggered cell FDRE clocked by clk_out2_clk_wiz_1  {rise@0.000ns fall@10.000ns period=20.000ns})
  Path Group:             (none)
  Path Type:              Hold (Min at Fast Process Corner)
  Data Path Delay:        1.968ns  (logic 0.186ns (9.444%)  route 1.783ns (90.556%))
  Logic Levels:           1  (IBUF=1)
  Clock Path Skew:        0.909ns (DCD - SCD - CPR)
    Destination Clock Delay (DCD):    0.909ns
    Source Clock Delay      (SCD):    0.000ns
    Clock Pessimism Removal (CPR):    -0.000ns

    Location             Delay type                Incr(ns)  Path(ns)    Netlist Resource(s)
  -------------------------------------------------------------------    -------------------
    G4                                                0.000     0.000 r  reset_n (IN)
                         net (fo=0)                   0.000     0.000    reset_n
    G4                   IBUF (Prop_ibuf_I_O)         0.186     0.186 r  reset_n_IBUF_inst/O
                         net (fo=60, routed)          1.783     1.968    datapath/Audio_Codec/initialize_audio/reset_n_IBUF
    SLICE_X161Y121       FDRE                                         r  datapath/Audio_Codec/initialize_audio/data_i_reg[5]/CE
  -------------------------------------------------------------------    -------------------

                         (clock clk_out2_clk_wiz_1 rise edge)
                                                      0.000     0.000 r  
    BUFGCTRL_X0Y2        BUFG                         0.000     0.000 r  clk_IBUF_BUFG_inst/O
                         net (fo=334, routed)         0.879     0.879    datapath/Audio_Codec/audiocodec_master_clock/inst/clk_in1
    MMCME2_ADV_X0Y2      MMCME2_ADV (Prop_mmcme2_adv_CLKIN1_CLKOUT1)
                                                     -1.502    -0.624 r  datapath/Audio_Codec/audiocodec_master_clock/inst/mmcm_adv_inst/CLKOUT1
                         net (fo=1, routed)           0.595    -0.029    datapath/Audio_Codec/audiocodec_master_clock/inst/clk_out2_clk_wiz_1
    BUFGCTRL_X0Y3        BUFG (Prop_bufg_I_O)         0.029    -0.000 r  datapath/Audio_Codec/audiocodec_master_clock/inst/clkout2_buf/O
                         net (fo=115, routed)         0.909     0.909    datapath/Audio_Codec/initialize_audio/clk_out2
    SLICE_X161Y121       FDRE                                         r  datapath/Audio_Codec/initialize_audio/data_i_reg[5]/C

Slack:                    inf
  Source:                 reset_n
                            (input port)
  Destination:            datapath/Audio_Codec/initialize_audio/data_i_reg[4]/CE
                            (rising edge-triggered cell FDRE clocked by clk_out2_clk_wiz_1  {rise@0.000ns fall@10.000ns period=20.000ns})
  Path Group:             (none)
  Path Type:              Hold (Min at Fast Process Corner)
  Data Path Delay:        1.972ns  (logic 0.186ns (9.429%)  route 1.786ns (90.571%))
  Logic Levels:           1  (IBUF=1)
  Clock Path Skew:        0.909ns (DCD - SCD - CPR)
    Destination Clock Delay (DCD):    0.909ns
    Source Clock Delay      (SCD):    0.000ns
    Clock Pessimism Removal (CPR):    -0.000ns

    Location             Delay type                Incr(ns)  Path(ns)    Netlist Resource(s)
  -------------------------------------------------------------------    -------------------
    G4                                                0.000     0.000 r  reset_n (IN)
                         net (fo=0)                   0.000     0.000    reset_n
    G4                   IBUF (Prop_ibuf_I_O)         0.186     0.186 r  reset_n_IBUF_inst/O
                         net (fo=60, routed)          1.786     1.972    datapath/Audio_Codec/initialize_audio/reset_n_IBUF
    SLICE_X159Y120       FDRE                                         r  datapath/Audio_Codec/initialize_audio/data_i_reg[4]/CE
  -------------------------------------------------------------------    -------------------

                         (clock clk_out2_clk_wiz_1 rise edge)
                                                      0.000     0.000 r  
    BUFGCTRL_X0Y2        BUFG                         0.000     0.000 r  clk_IBUF_BUFG_inst/O
                         net (fo=334, routed)         0.879     0.879    datapath/Audio_Codec/audiocodec_master_clock/inst/clk_in1
    MMCME2_ADV_X0Y2      MMCME2_ADV (Prop_mmcme2_adv_CLKIN1_CLKOUT1)
                                                     -1.502    -0.624 r  datapath/Audio_Codec/audiocodec_master_clock/inst/mmcm_adv_inst/CLKOUT1
                         net (fo=1, routed)           0.595    -0.029    datapath/Audio_Codec/audiocodec_master_clock/inst/clk_out2_clk_wiz_1
    BUFGCTRL_X0Y3        BUFG (Prop_bufg_I_O)         0.029    -0.000 r  datapath/Audio_Codec/audiocodec_master_clock/inst/clkout2_buf/O
                         net (fo=115, routed)         0.909     0.909    datapath/Audio_Codec/initialize_audio/clk_out2
    SLICE_X159Y120       FDRE                                         r  datapath/Audio_Codec/initialize_audio/data_i_reg[4]/C

Slack:                    inf
  Source:                 reset_n
                            (input port)
  Destination:            datapath/Audio_Codec/initialize_audio/data_i_reg[6]/CE
                            (rising edge-triggered cell FDRE clocked by clk_out2_clk_wiz_1  {rise@0.000ns fall@10.000ns period=20.000ns})
  Path Group:             (none)
  Path Type:              Hold (Min at Fast Process Corner)
  Data Path Delay:        1.972ns  (logic 0.186ns (9.429%)  route 1.786ns (90.571%))
  Logic Levels:           1  (IBUF=1)
  Clock Path Skew:        0.909ns (DCD - SCD - CPR)
    Destination Clock Delay (DCD):    0.909ns
    Source Clock Delay      (SCD):    0.000ns
    Clock Pessimism Removal (CPR):    -0.000ns

    Location             Delay type                Incr(ns)  Path(ns)    Netlist Resource(s)
  -------------------------------------------------------------------    -------------------
    G4                                                0.000     0.000 r  reset_n (IN)
                         net (fo=0)                   0.000     0.000    reset_n
    G4                   IBUF (Prop_ibuf_I_O)         0.186     0.186 r  reset_n_IBUF_inst/O
                         net (fo=60, routed)          1.786     1.972    datapath/Audio_Codec/initialize_audio/reset_n_IBUF
    SLICE_X159Y120       FDRE                                         r  datapath/Audio_Codec/initialize_audio/data_i_reg[6]/CE
  -------------------------------------------------------------------    -------------------

                         (clock clk_out2_clk_wiz_1 rise edge)
                                                      0.000     0.000 r  
    BUFGCTRL_X0Y2        BUFG                         0.000     0.000 r  clk_IBUF_BUFG_inst/O
                         net (fo=334, routed)         0.879     0.879    datapath/Audio_Codec/audiocodec_master_clock/inst/clk_in1
    MMCME2_ADV_X0Y2      MMCME2_ADV (Prop_mmcme2_adv_CLKIN1_CLKOUT1)
                                                     -1.502    -0.624 r  datapath/Audio_Codec/audiocodec_master_clock/inst/mmcm_adv_inst/CLKOUT1
                         net (fo=1, routed)           0.595    -0.029    datapath/Audio_Codec/audiocodec_master_clock/inst/clk_out2_clk_wiz_1
    BUFGCTRL_X0Y3        BUFG (Prop_bufg_I_O)         0.029    -0.000 r  datapath/Audio_Codec/audiocodec_master_clock/inst/clkout2_buf/O
                         net (fo=115, routed)         0.909     0.909    datapath/Audio_Codec/initialize_audio/clk_out2
    SLICE_X159Y120       FDRE                                         r  datapath/Audio_Codec/initialize_audio/data_i_reg[6]/C

Slack:                    inf
  Source:                 reset_n
                            (input port)
  Destination:            datapath/Audio_Codec/initialize_audio/data_i_reg[0]/CE
                            (rising edge-triggered cell FDRE clocked by clk_out2_clk_wiz_1  {rise@0.000ns fall@10.000ns period=20.000ns})
  Path Group:             (none)
  Path Type:              Hold (Min at Fast Process Corner)
  Data Path Delay:        2.039ns  (logic 0.186ns (9.119%)  route 1.853ns (90.881%))
  Logic Levels:           1  (IBUF=1)
  Clock Path Skew:        0.911ns (DCD - SCD - CPR)
    Destination Clock Delay (DCD):    0.911ns
    Source Clock Delay      (SCD):    0.000ns
    Clock Pessimism Removal (CPR):    -0.000ns

    Location             Delay type                Incr(ns)  Path(ns)    Netlist Resource(s)
  -------------------------------------------------------------------    -------------------
    G4                                                0.000     0.000 r  reset_n (IN)
                         net (fo=0)                   0.000     0.000    reset_n
    G4                   IBUF (Prop_ibuf_I_O)         0.186     0.186 r  reset_n_IBUF_inst/O
                         net (fo=60, routed)          1.853     2.039    datapath/Audio_Codec/initialize_audio/reset_n_IBUF
    SLICE_X161Y119       FDRE                                         r  datapath/Audio_Codec/initialize_audio/data_i_reg[0]/CE
  -------------------------------------------------------------------    -------------------

                         (clock clk_out2_clk_wiz_1 rise edge)
                                                      0.000     0.000 r  
    BUFGCTRL_X0Y2        BUFG                         0.000     0.000 r  clk_IBUF_BUFG_inst/O
                         net (fo=334, routed)         0.879     0.879    datapath/Audio_Codec/audiocodec_master_clock/inst/clk_in1
    MMCME2_ADV_X0Y2      MMCME2_ADV (Prop_mmcme2_adv_CLKIN1_CLKOUT1)
                                                     -1.502    -0.624 r  datapath/Audio_Codec/audiocodec_master_clock/inst/mmcm_adv_inst/CLKOUT1
                         net (fo=1, routed)           0.595    -0.029    datapath/Audio_Codec/audiocodec_master_clock/inst/clk_out2_clk_wiz_1
    BUFGCTRL_X0Y3        BUFG (Prop_bufg_I_O)         0.029    -0.000 r  datapath/Audio_Codec/audiocodec_master_clock/inst/clkout2_buf/O
                         net (fo=115, routed)         0.911     0.911    datapath/Audio_Codec/initialize_audio/clk_out2
    SLICE_X161Y119       FDRE                                         r  datapath/Audio_Codec/initialize_audio/data_i_reg[0]/C

Slack:                    inf
  Source:                 reset_n
                            (input port)
  Destination:            datapath/Audio_Codec/initialize_audio/delayEn_reg/D
                            (rising edge-triggered cell FDRE clocked by clk_out2_clk_wiz_1  {rise@0.000ns fall@10.000ns period=20.000ns})
  Path Group:             (none)
  Path Type:              Hold (Min at Fast Process Corner)
  Data Path Delay:        2.160ns  (logic 0.231ns (10.690%)  route 1.929ns (89.310%))
  Logic Levels:           2  (IBUF=1 LUT6=1)
  Clock Path Skew:        0.911ns (DCD - SCD - CPR)
    Destination Clock Delay (DCD):    0.911ns
    Source Clock Delay      (SCD):    0.000ns
    Clock Pessimism Removal (CPR):    -0.000ns

    Location             Delay type                Incr(ns)  Path(ns)    Netlist Resource(s)
  -------------------------------------------------------------------    -------------------
    G4                                                0.000     0.000 r  reset_n (IN)
                         net (fo=0)                   0.000     0.000    reset_n
    G4                   IBUF (Prop_ibuf_I_O)         0.186     0.186 r  reset_n_IBUF_inst/O
                         net (fo=60, routed)          1.929     2.115    datapath/Audio_Codec/initialize_audio/reset_n_IBUF
    SLICE_X158Y118       LUT6 (Prop_lut6_I5_O)        0.045     2.160 r  datapath/Audio_Codec/initialize_audio/delayEn_i_1/O
                         net (fo=1, routed)           0.000     2.160    datapath/Audio_Codec/initialize_audio/delayEn_i_1_n_0
    SLICE_X158Y118       FDRE                                         r  datapath/Audio_Codec/initialize_audio/delayEn_reg/D
  -------------------------------------------------------------------    -------------------

                         (clock clk_out2_clk_wiz_1 rise edge)
                                                      0.000     0.000 r  
    BUFGCTRL_X0Y2        BUFG                         0.000     0.000 r  clk_IBUF_BUFG_inst/O
                         net (fo=334, routed)         0.879     0.879    datapath/Audio_Codec/audiocodec_master_clock/inst/clk_in1
    MMCME2_ADV_X0Y2      MMCME2_ADV (Prop_mmcme2_adv_CLKIN1_CLKOUT1)
                                                     -1.502    -0.624 r  datapath/Audio_Codec/audiocodec_master_clock/inst/mmcm_adv_inst/CLKOUT1
                         net (fo=1, routed)           0.595    -0.029    datapath/Audio_Codec/audiocodec_master_clock/inst/clk_out2_clk_wiz_1
    BUFGCTRL_X0Y3        BUFG (Prop_bufg_I_O)         0.029    -0.000 r  datapath/Audio_Codec/audiocodec_master_clock/inst/clkout2_buf/O
                         net (fo=115, routed)         0.911     0.911    datapath/Audio_Codec/initialize_audio/clk_out2
    SLICE_X158Y118       FDRE                                         r  datapath/Audio_Codec/initialize_audio/delayEn_reg/C

Slack:                    inf
  Source:                 reset_n
                            (input port)
  Destination:            datapath/Audio_Codec/initialize_audio/twi_controller/int_Rst_reg/D
                            (rising edge-triggered cell FDRE clocked by clk_out2_clk_wiz_1  {rise@0.000ns fall@10.000ns period=20.000ns})
  Path Group:             (none)
  Path Type:              Hold (Min at Fast Process Corner)
  Data Path Delay:        2.271ns  (logic 0.231ns (10.169%)  route 2.040ns (89.831%))
  Logic Levels:           2  (IBUF=1 LUT6=1)
  Clock Path Skew:        0.913ns (DCD - SCD - CPR)
    Destination Clock Delay (DCD):    0.913ns
    Source Clock Delay      (SCD):    0.000ns
    Clock Pessimism Removal (CPR):    -0.000ns

    Location             Delay type                Incr(ns)  Path(ns)    Netlist Resource(s)
  -------------------------------------------------------------------    -------------------
    G4                                                0.000     0.000 f  reset_n (IN)
                         net (fo=0)                   0.000     0.000    reset_n
    G4                   IBUF (Prop_ibuf_I_O)         0.186     0.186 f  reset_n_IBUF_inst/O
                         net (fo=60, routed)          2.040     2.226    datapath/Audio_Codec/initialize_audio/twi_controller/reset_n_IBUF
    SLICE_X162Y117       LUT6 (Prop_lut6_I1_O)        0.045     2.271 r  datapath/Audio_Codec/initialize_audio/twi_controller/int_Rst_i_1/O
                         net (fo=1, routed)           0.000     2.271    datapath/Audio_Codec/initialize_audio/twi_controller/int_Rst_i_1_n_0
    SLICE_X162Y117       FDRE                                         r  datapath/Audio_Codec/initialize_audio/twi_controller/int_Rst_reg/D
  -------------------------------------------------------------------    -------------------

                         (clock clk_out2_clk_wiz_1 rise edge)
                                                      0.000     0.000 r  
    BUFGCTRL_X0Y2        BUFG                         0.000     0.000 r  clk_IBUF_BUFG_inst/O
                         net (fo=334, routed)         0.879     0.879    datapath/Audio_Codec/audiocodec_master_clock/inst/clk_in1
    MMCME2_ADV_X0Y2      MMCME2_ADV (Prop_mmcme2_adv_CLKIN1_CLKOUT1)
                                                     -1.502    -0.624 r  datapath/Audio_Codec/audiocodec_master_clock/inst/mmcm_adv_inst/CLKOUT1
                         net (fo=1, routed)           0.595    -0.029    datapath/Audio_Codec/audiocodec_master_clock/inst/clk_out2_clk_wiz_1
    BUFGCTRL_X0Y3        BUFG (Prop_bufg_I_O)         0.029    -0.000 r  datapath/Audio_Codec/audiocodec_master_clock/inst/clkout2_buf/O
                         net (fo=115, routed)         0.913     0.913    datapath/Audio_Codec/initialize_audio/twi_controller/clk_out2
    SLICE_X162Y117       FDRE                                         r  datapath/Audio_Codec/initialize_audio/twi_controller/int_Rst_reg/C





