Copyright 1986-2022 Xilinx, Inc. All Rights Reserved. Copyright 2022-2024 Advanced Micro Devices, Inc. All Rights Reserved.
--------------------------------------------------------------------------------------------------------------------------------------------------
| Tool Version : Vivado v.2024.2 (win64) Build 5239630 Fri Nov 08 22:35:27 MST 2024
| Date         : Mon Feb 23 09:27:21 2026
| Host         : C27-5CG3121G96 running 64-bit major release  (build 9200)
| Command      : report_methodology -file lab2_methodology_drc_routed.rpt -pb lab2_methodology_drc_routed.pb -rpx lab2_methodology_drc_routed.rpx
| Design       : lab2
| Device       : xc7a200tsbg484-1
| Speed File   : -1
| Design State : Fully Routed
--------------------------------------------------------------------------------------------------------------------------------------------------

Report Methodology

Table of Contents
-----------------
1. REPORT SUMMARY
2. REPORT DETAILS

1. REPORT SUMMARY
-----------------
            Netlist: netlist
          Floorplan: design_1
      Design limits: <entire design considered>
             Max checks: <unlimited>
             Checks found: 556
+-----------+------------------+---------------------------------------------------+--------+
| Rule      | Severity         | Description                                       | Checks |
+-----------+------------------+---------------------------------------------------+--------+
| TIMING-17 | Critical Warning | Non-clocked sequential cell                       | 539    |
| TIMING-27 | Critical Warning | Invalid primary clock on hierarchical pin         | 2      |
| LUTAR-1   | Warning          | LUT drives async reset alert                      | 4      |
| SYNTH-6   | Warning          | Timing of a RAM block might be sub-optimal        | 1      |
| TIMING-20 | Warning          | Non-clocked latch                                 | 8      |
| XDCC-2    | Warning          | Scoped Non-Timing constraint/property overwritten | 1      |
| LATCH-1   | Advisory         | Existing latches in the design                    | 1      |
+-----------+------------------+---------------------------------------------------+--------+

2. REPORT DETAILS
-----------------
TIMING-17#1 Critical Warning
Non-clocked sequential cell  
The clock pin control/FSM_sequential_state_reg[0]/C is not reached by a timing clock
Related violations: <none>

TIMING-17#2 Critical Warning
Non-clocked sequential cell  
The clock pin control/FSM_sequential_state_reg[1]/C is not reached by a timing clock
Related violations: <none>

TIMING-17#3 Critical Warning
Non-clocked sequential cell  
The clock pin datapath/Audio_Codec/ac_lrclk_count_reg[0]/C is not reached by a timing clock
Related violations: <none>

TIMING-17#4 Critical Warning
Non-clocked sequential cell  
The clock pin datapath/Audio_Codec/ac_lrclk_count_reg[1]/C is not reached by a timing clock
Related violations: <none>

TIMING-17#5 Critical Warning
Non-clocked sequential cell  
The clock pin datapath/Audio_Codec/ac_lrclk_count_reg[2]/C is not reached by a timing clock
Related violations: <none>

TIMING-17#6 Critical Warning
Non-clocked sequential cell  
The clock pin datapath/Audio_Codec/ac_lrclk_sig_prev_reg/C is not reached by a timing clock
Related violations: <none>

TIMING-17#7 Critical Warning
Non-clocked sequential cell  
The clock pin datapath/Audio_Codec/audio_inout/BCLK_int_reg/C is not reached by a timing clock
Related violations: <none>

TIMING-17#8 Critical Warning
Non-clocked sequential cell  
The clock pin datapath/Audio_Codec/audio_inout/Cnt_Bclk_reg[0]/C is not reached by a timing clock
Related violations: <none>

TIMING-17#9 Critical Warning
Non-clocked sequential cell  
The clock pin datapath/Audio_Codec/audio_inout/Cnt_Bclk_reg[1]/C is not reached by a timing clock
Related violations: <none>

TIMING-17#10 Critical Warning
Non-clocked sequential cell  
The clock pin datapath/Audio_Codec/audio_inout/Cnt_Bclk_reg[2]/C is not reached by a timing clock
Related violations: <none>

TIMING-17#11 Critical Warning
Non-clocked sequential cell  
The clock pin datapath/Audio_Codec/audio_inout/Cnt_Bclk_reg[3]/C is not reached by a timing clock
Related violations: <none>

TIMING-17#12 Critical Warning
Non-clocked sequential cell  
The clock pin datapath/Audio_Codec/audio_inout/Cnt_Bclk_reg[4]/C is not reached by a timing clock
Related violations: <none>

TIMING-17#13 Critical Warning
Non-clocked sequential cell  
The clock pin datapath/Audio_Codec/audio_inout/Cnt_Lrclk_reg[0]/C is not reached by a timing clock
Related violations: <none>

TIMING-17#14 Critical Warning
Non-clocked sequential cell  
The clock pin datapath/Audio_Codec/audio_inout/Cnt_Lrclk_reg[1]/C is not reached by a timing clock
Related violations: <none>

TIMING-17#15 Critical Warning
Non-clocked sequential cell  
The clock pin datapath/Audio_Codec/audio_inout/Cnt_Lrclk_reg[2]/C is not reached by a timing clock
Related violations: <none>

TIMING-17#16 Critical Warning
Non-clocked sequential cell  
The clock pin datapath/Audio_Codec/audio_inout/Cnt_Lrclk_reg[3]/C is not reached by a timing clock
Related violations: <none>

TIMING-17#17 Critical Warning
Non-clocked sequential cell  
The clock pin datapath/Audio_Codec/audio_inout/Cnt_Lrclk_reg[4]/C is not reached by a timing clock
Related violations: <none>

TIMING-17#18 Critical Warning
Non-clocked sequential cell  
The clock pin datapath/Audio_Codec/audio_inout/D_L_O_int_reg[10]/C is not reached by a timing clock
Related violations: <none>

TIMING-17#19 Critical Warning
Non-clocked sequential cell  
The clock pin datapath/Audio_Codec/audio_inout/D_L_O_int_reg[11]/C is not reached by a timing clock
Related violations: <none>

TIMING-17#20 Critical Warning
Non-clocked sequential cell  
The clock pin datapath/Audio_Codec/audio_inout/D_L_O_int_reg[12]/C is not reached by a timing clock
Related violations: <none>

TIMING-17#21 Critical Warning
Non-clocked sequential cell  
The clock pin datapath/Audio_Codec/audio_inout/D_L_O_int_reg[13]/C is not reached by a timing clock
Related violations: <none>

TIMING-17#22 Critical Warning
Non-clocked sequential cell  
The clock pin datapath/Audio_Codec/audio_inout/D_L_O_int_reg[14]/C is not reached by a timing clock
Related violations: <none>

TIMING-17#23 Critical Warning
Non-clocked sequential cell  
The clock pin datapath/Audio_Codec/audio_inout/D_L_O_int_reg[15]/C is not reached by a timing clock
Related violations: <none>

TIMING-17#24 Critical Warning
Non-clocked sequential cell  
The clock pin datapath/Audio_Codec/audio_inout/D_L_O_int_reg[16]/C is not reached by a timing clock
Related violations: <none>

TIMING-17#25 Critical Warning
Non-clocked sequential cell  
The clock pin datapath/Audio_Codec/audio_inout/D_L_O_int_reg[17]/C is not reached by a timing clock
Related violations: <none>

TIMING-17#26 Critical Warning
Non-clocked sequential cell  
The clock pin datapath/Audio_Codec/audio_inout/D_L_O_int_reg[18]/C is not reached by a timing clock
Related violations: <none>

TIMING-17#27 Critical Warning
Non-clocked sequential cell  
The clock pin datapath/Audio_Codec/audio_inout/D_L_O_int_reg[19]/C is not reached by a timing clock
Related violations: <none>

TIMING-17#28 Critical Warning
Non-clocked sequential cell  
The clock pin datapath/Audio_Codec/audio_inout/D_L_O_int_reg[20]/C is not reached by a timing clock
Related violations: <none>

TIMING-17#29 Critical Warning
Non-clocked sequential cell  
The clock pin datapath/Audio_Codec/audio_inout/D_L_O_int_reg[21]/C is not reached by a timing clock
Related violations: <none>

TIMING-17#30 Critical Warning
Non-clocked sequential cell  
The clock pin datapath/Audio_Codec/audio_inout/D_L_O_int_reg[22]/C is not reached by a timing clock
Related violations: <none>

TIMING-17#31 Critical Warning
Non-clocked sequential cell  
The clock pin datapath/Audio_Codec/audio_inout/D_L_O_int_reg[23]/C is not reached by a timing clock
Related violations: <none>

TIMING-17#32 Critical Warning
Non-clocked sequential cell  
The clock pin datapath/Audio_Codec/audio_inout/D_L_O_int_reg[6]/C is not reached by a timing clock
Related violations: <none>

TIMING-17#33 Critical Warning
Non-clocked sequential cell  
The clock pin datapath/Audio_Codec/audio_inout/D_L_O_int_reg[7]/C is not reached by a timing clock
Related violations: <none>

TIMING-17#34 Critical Warning
Non-clocked sequential cell  
The clock pin datapath/Audio_Codec/audio_inout/D_L_O_int_reg[8]/C is not reached by a timing clock
Related violations: <none>

TIMING-17#35 Critical Warning
Non-clocked sequential cell  
The clock pin datapath/Audio_Codec/audio_inout/D_L_O_int_reg[9]/C is not reached by a timing clock
Related violations: <none>

TIMING-17#36 Critical Warning
Non-clocked sequential cell  
The clock pin datapath/Audio_Codec/audio_inout/D_R_O_int_reg[10]/C is not reached by a timing clock
Related violations: <none>

TIMING-17#37 Critical Warning
Non-clocked sequential cell  
The clock pin datapath/Audio_Codec/audio_inout/D_R_O_int_reg[11]/C is not reached by a timing clock
Related violations: <none>

TIMING-17#38 Critical Warning
Non-clocked sequential cell  
The clock pin datapath/Audio_Codec/audio_inout/D_R_O_int_reg[12]/C is not reached by a timing clock
Related violations: <none>

TIMING-17#39 Critical Warning
Non-clocked sequential cell  
The clock pin datapath/Audio_Codec/audio_inout/D_R_O_int_reg[13]/C is not reached by a timing clock
Related violations: <none>

TIMING-17#40 Critical Warning
Non-clocked sequential cell  
The clock pin datapath/Audio_Codec/audio_inout/D_R_O_int_reg[14]/C is not reached by a timing clock
Related violations: <none>

TIMING-17#41 Critical Warning
Non-clocked sequential cell  
The clock pin datapath/Audio_Codec/audio_inout/D_R_O_int_reg[15]/C is not reached by a timing clock
Related violations: <none>

TIMING-17#42 Critical Warning
Non-clocked sequential cell  
The clock pin datapath/Audio_Codec/audio_inout/D_R_O_int_reg[16]/C is not reached by a timing clock
Related violations: <none>

TIMING-17#43 Critical Warning
Non-clocked sequential cell  
The clock pin datapath/Audio_Codec/audio_inout/D_R_O_int_reg[17]/C is not reached by a timing clock
Related violations: <none>

TIMING-17#44 Critical Warning
Non-clocked sequential cell  
The clock pin datapath/Audio_Codec/audio_inout/D_R_O_int_reg[18]/C is not reached by a timing clock
Related violations: <none>

TIMING-17#45 Critical Warning
Non-clocked sequential cell  
The clock pin datapath/Audio_Codec/audio_inout/D_R_O_int_reg[19]/C is not reached by a timing clock
Related violations: <none>

TIMING-17#46 Critical Warning
Non-clocked sequential cell  
The clock pin datapath/Audio_Codec/audio_inout/D_R_O_int_reg[20]/C is not reached by a timing clock
Related violations: <none>

TIMING-17#47 Critical Warning
Non-clocked sequential cell  
The clock pin datapath/Audio_Codec/audio_inout/D_R_O_int_reg[21]/C is not reached by a timing clock
Related violations: <none>

TIMING-17#48 Critical Warning
Non-clocked sequential cell  
The clock pin datapath/Audio_Codec/audio_inout/D_R_O_int_reg[22]/C is not reached by a timing clock
Related violations: <none>

TIMING-17#49 Critical Warning
Non-clocked sequential cell  
The clock pin datapath/Audio_Codec/audio_inout/D_R_O_int_reg[23]/C is not reached by a timing clock
Related violations: <none>

TIMING-17#50 Critical Warning
Non-clocked sequential cell  
The clock pin datapath/Audio_Codec/audio_inout/D_R_O_int_reg[6]/C is not reached by a timing clock
Related violations: <none>

TIMING-17#51 Critical Warning
Non-clocked sequential cell  
The clock pin datapath/Audio_Codec/audio_inout/D_R_O_int_reg[7]/C is not reached by a timing clock
Related violations: <none>

TIMING-17#52 Critical Warning
Non-clocked sequential cell  
The clock pin datapath/Audio_Codec/audio_inout/D_R_O_int_reg[8]/C is not reached by a timing clock
Related violations: <none>

TIMING-17#53 Critical Warning
Non-clocked sequential cell  
The clock pin datapath/Audio_Codec/audio_inout/D_R_O_int_reg[9]/C is not reached by a timing clock
Related violations: <none>

TIMING-17#54 Critical Warning
Non-clocked sequential cell  
The clock pin datapath/Audio_Codec/audio_inout/Data_In_int_reg[0]/C is not reached by a timing clock
Related violations: <none>

TIMING-17#55 Critical Warning
Non-clocked sequential cell  
The clock pin datapath/Audio_Codec/audio_inout/Data_In_int_reg[10]/C is not reached by a timing clock
Related violations: <none>

TIMING-17#56 Critical Warning
Non-clocked sequential cell  
The clock pin datapath/Audio_Codec/audio_inout/Data_In_int_reg[11]/C is not reached by a timing clock
Related violations: <none>

TIMING-17#57 Critical Warning
Non-clocked sequential cell  
The clock pin datapath/Audio_Codec/audio_inout/Data_In_int_reg[12]/C is not reached by a timing clock
Related violations: <none>

TIMING-17#58 Critical Warning
Non-clocked sequential cell  
The clock pin datapath/Audio_Codec/audio_inout/Data_In_int_reg[13]/C is not reached by a timing clock
Related violations: <none>

TIMING-17#59 Critical Warning
Non-clocked sequential cell  
The clock pin datapath/Audio_Codec/audio_inout/Data_In_int_reg[14]/C is not reached by a timing clock
Related violations: <none>

TIMING-17#60 Critical Warning
Non-clocked sequential cell  
The clock pin datapath/Audio_Codec/audio_inout/Data_In_int_reg[15]/C is not reached by a timing clock
Related violations: <none>

TIMING-17#61 Critical Warning
Non-clocked sequential cell  
The clock pin datapath/Audio_Codec/audio_inout/Data_In_int_reg[16]/C is not reached by a timing clock
Related violations: <none>

TIMING-17#62 Critical Warning
Non-clocked sequential cell  
The clock pin datapath/Audio_Codec/audio_inout/Data_In_int_reg[17]/C is not reached by a timing clock
Related violations: <none>

TIMING-17#63 Critical Warning
Non-clocked sequential cell  
The clock pin datapath/Audio_Codec/audio_inout/Data_In_int_reg[18]/C is not reached by a timing clock
Related violations: <none>

TIMING-17#64 Critical Warning
Non-clocked sequential cell  
The clock pin datapath/Audio_Codec/audio_inout/Data_In_int_reg[19]/C is not reached by a timing clock
Related violations: <none>

TIMING-17#65 Critical Warning
Non-clocked sequential cell  
The clock pin datapath/Audio_Codec/audio_inout/Data_In_int_reg[1]/C is not reached by a timing clock
Related violations: <none>

TIMING-17#66 Critical Warning
Non-clocked sequential cell  
The clock pin datapath/Audio_Codec/audio_inout/Data_In_int_reg[20]/C is not reached by a timing clock
Related violations: <none>

TIMING-17#67 Critical Warning
Non-clocked sequential cell  
The clock pin datapath/Audio_Codec/audio_inout/Data_In_int_reg[21]/C is not reached by a timing clock
Related violations: <none>

TIMING-17#68 Critical Warning
Non-clocked sequential cell  
The clock pin datapath/Audio_Codec/audio_inout/Data_In_int_reg[22]/C is not reached by a timing clock
Related violations: <none>

TIMING-17#69 Critical Warning
Non-clocked sequential cell  
The clock pin datapath/Audio_Codec/audio_inout/Data_In_int_reg[23]/C is not reached by a timing clock
Related violations: <none>

TIMING-17#70 Critical Warning
Non-clocked sequential cell  
The clock pin datapath/Audio_Codec/audio_inout/Data_In_int_reg[24]/C is not reached by a timing clock
Related violations: <none>

TIMING-17#71 Critical Warning
Non-clocked sequential cell  
The clock pin datapath/Audio_Codec/audio_inout/Data_In_int_reg[25]/C is not reached by a timing clock
Related violations: <none>

TIMING-17#72 Critical Warning
Non-clocked sequential cell  
The clock pin datapath/Audio_Codec/audio_inout/Data_In_int_reg[26]/C is not reached by a timing clock
Related violations: <none>

TIMING-17#73 Critical Warning
Non-clocked sequential cell  
The clock pin datapath/Audio_Codec/audio_inout/Data_In_int_reg[27]/C is not reached by a timing clock
Related violations: <none>

TIMING-17#74 Critical Warning
Non-clocked sequential cell  
The clock pin datapath/Audio_Codec/audio_inout/Data_In_int_reg[28]/C is not reached by a timing clock
Related violations: <none>

TIMING-17#75 Critical Warning
Non-clocked sequential cell  
The clock pin datapath/Audio_Codec/audio_inout/Data_In_int_reg[29]/C is not reached by a timing clock
Related violations: <none>

TIMING-17#76 Critical Warning
Non-clocked sequential cell  
The clock pin datapath/Audio_Codec/audio_inout/Data_In_int_reg[2]/C is not reached by a timing clock
Related violations: <none>

TIMING-17#77 Critical Warning
Non-clocked sequential cell  
The clock pin datapath/Audio_Codec/audio_inout/Data_In_int_reg[30]/C is not reached by a timing clock
Related violations: <none>

TIMING-17#78 Critical Warning
Non-clocked sequential cell  
The clock pin datapath/Audio_Codec/audio_inout/Data_In_int_reg[31]/C is not reached by a timing clock
Related violations: <none>

TIMING-17#79 Critical Warning
Non-clocked sequential cell  
The clock pin datapath/Audio_Codec/audio_inout/Data_In_int_reg[3]/C is not reached by a timing clock
Related violations: <none>

TIMING-17#80 Critical Warning
Non-clocked sequential cell  
The clock pin datapath/Audio_Codec/audio_inout/Data_In_int_reg[4]/C is not reached by a timing clock
Related violations: <none>

TIMING-17#81 Critical Warning
Non-clocked sequential cell  
The clock pin datapath/Audio_Codec/audio_inout/Data_In_int_reg[5]/C is not reached by a timing clock
Related violations: <none>

TIMING-17#82 Critical Warning
Non-clocked sequential cell  
The clock pin datapath/Audio_Codec/audio_inout/Data_In_int_reg[6]/C is not reached by a timing clock
Related violations: <none>

TIMING-17#83 Critical Warning
Non-clocked sequential cell  
The clock pin datapath/Audio_Codec/audio_inout/Data_In_int_reg[7]/C is not reached by a timing clock
Related violations: <none>

TIMING-17#84 Critical Warning
Non-clocked sequential cell  
The clock pin datapath/Audio_Codec/audio_inout/Data_In_int_reg[8]/C is not reached by a timing clock
Related violations: <none>

TIMING-17#85 Critical Warning
Non-clocked sequential cell  
The clock pin datapath/Audio_Codec/audio_inout/Data_In_int_reg[9]/C is not reached by a timing clock
Related violations: <none>

TIMING-17#86 Critical Warning
Non-clocked sequential cell  
The clock pin datapath/Audio_Codec/audio_inout/Data_Out_int_reg[13]/C is not reached by a timing clock
Related violations: <none>

TIMING-17#87 Critical Warning
Non-clocked sequential cell  
The clock pin datapath/Audio_Codec/audio_inout/Data_Out_int_reg[14]/C is not reached by a timing clock
Related violations: <none>

TIMING-17#88 Critical Warning
Non-clocked sequential cell  
The clock pin datapath/Audio_Codec/audio_inout/Data_Out_int_reg[15]/C is not reached by a timing clock
Related violations: <none>

TIMING-17#89 Critical Warning
Non-clocked sequential cell  
The clock pin datapath/Audio_Codec/audio_inout/Data_Out_int_reg[16]/C is not reached by a timing clock
Related violations: <none>

TIMING-17#90 Critical Warning
Non-clocked sequential cell  
The clock pin datapath/Audio_Codec/audio_inout/Data_Out_int_reg[17]/C is not reached by a timing clock
Related violations: <none>

TIMING-17#91 Critical Warning
Non-clocked sequential cell  
The clock pin datapath/Audio_Codec/audio_inout/Data_Out_int_reg[18]/C is not reached by a timing clock
Related violations: <none>

TIMING-17#92 Critical Warning
Non-clocked sequential cell  
The clock pin datapath/Audio_Codec/audio_inout/Data_Out_int_reg[19]/C is not reached by a timing clock
Related violations: <none>

TIMING-17#93 Critical Warning
Non-clocked sequential cell  
The clock pin datapath/Audio_Codec/audio_inout/Data_Out_int_reg[20]/C is not reached by a timing clock
Related violations: <none>

TIMING-17#94 Critical Warning
Non-clocked sequential cell  
The clock pin datapath/Audio_Codec/audio_inout/Data_Out_int_reg[21]/C is not reached by a timing clock
Related violations: <none>

TIMING-17#95 Critical Warning
Non-clocked sequential cell  
The clock pin datapath/Audio_Codec/audio_inout/Data_Out_int_reg[22]/C is not reached by a timing clock
Related violations: <none>

TIMING-17#96 Critical Warning
Non-clocked sequential cell  
The clock pin datapath/Audio_Codec/audio_inout/Data_Out_int_reg[23]/C is not reached by a timing clock
Related violations: <none>

TIMING-17#97 Critical Warning
Non-clocked sequential cell  
The clock pin datapath/Audio_Codec/audio_inout/Data_Out_int_reg[24]/C is not reached by a timing clock
Related violations: <none>

TIMING-17#98 Critical Warning
Non-clocked sequential cell  
The clock pin datapath/Audio_Codec/audio_inout/Data_Out_int_reg[25]/C is not reached by a timing clock
Related violations: <none>

TIMING-17#99 Critical Warning
Non-clocked sequential cell  
The clock pin datapath/Audio_Codec/audio_inout/Data_Out_int_reg[26]/C is not reached by a timing clock
Related violations: <none>

TIMING-17#100 Critical Warning
Non-clocked sequential cell  
The clock pin datapath/Audio_Codec/audio_inout/Data_Out_int_reg[27]/C is not reached by a timing clock
Related violations: <none>

TIMING-17#101 Critical Warning
Non-clocked sequential cell  
The clock pin datapath/Audio_Codec/audio_inout/Data_Out_int_reg[28]/C is not reached by a timing clock
Related violations: <none>

TIMING-17#102 Critical Warning
Non-clocked sequential cell  
The clock pin datapath/Audio_Codec/audio_inout/Data_Out_int_reg[29]/C is not reached by a timing clock
Related violations: <none>

TIMING-17#103 Critical Warning
Non-clocked sequential cell  
The clock pin datapath/Audio_Codec/audio_inout/Data_Out_int_reg[30]/C is not reached by a timing clock
Related violations: <none>

TIMING-17#104 Critical Warning
Non-clocked sequential cell  
The clock pin datapath/Audio_Codec/audio_inout/Data_Out_int_reg[31]/C is not reached by a timing clock
Related violations: <none>

TIMING-17#105 Critical Warning
Non-clocked sequential cell  
The clock pin datapath/Audio_Codec/audio_inout/LRCLK_reg/C is not reached by a timing clock
Related violations: <none>

TIMING-17#106 Critical Warning
Non-clocked sequential cell  
The clock pin datapath/Audio_Codec/count_reg[0]/C is not reached by a timing clock
Related violations: <none>

TIMING-17#107 Critical Warning
Non-clocked sequential cell  
The clock pin datapath/Audio_Codec/count_reg[1]/C is not reached by a timing clock
Related violations: <none>

TIMING-17#108 Critical Warning
Non-clocked sequential cell  
The clock pin datapath/Audio_Codec/count_reg[2]/C is not reached by a timing clock
Related violations: <none>

TIMING-17#109 Critical Warning
Non-clocked sequential cell  
The clock pin datapath/Audio_Codec/count_reg[3]/C is not reached by a timing clock
Related violations: <none>

TIMING-17#110 Critical Warning
Non-clocked sequential cell  
The clock pin datapath/Audio_Codec/count_reg[4]/C is not reached by a timing clock
Related violations: <none>

TIMING-17#111 Critical Warning
Non-clocked sequential cell  
The clock pin datapath/Audio_Codec/count_reg[5]/C is not reached by a timing clock
Related violations: <none>

TIMING-17#112 Critical Warning
Non-clocked sequential cell  
The clock pin datapath/Audio_Codec/count_reg[6]/C is not reached by a timing clock
Related violations: <none>

TIMING-17#113 Critical Warning
Non-clocked sequential cell  
The clock pin datapath/Audio_Codec/count_reg[7]/C is not reached by a timing clock
Related violations: <none>

TIMING-17#114 Critical Warning
Non-clocked sequential cell  
The clock pin datapath/Audio_Codec/count_reg[8]/C is not reached by a timing clock
Related violations: <none>

TIMING-17#115 Critical Warning
Non-clocked sequential cell  
The clock pin datapath/Audio_Codec/count_reg[9]/C is not reached by a timing clock
Related violations: <none>

TIMING-17#116 Critical Warning
Non-clocked sequential cell  
The clock pin datapath/Audio_Codec/leftChannelMemory/datapath/Audio_Codec/leftChannelMemory/sdp_bl.ramb18_dp_bl.ram18_bl_cooolgate_en_gate_1_cooolDelFlop/C is not reached by a timing clock
Related violations: <none>

TIMING-17#117 Critical Warning
Non-clocked sequential cell  
The clock pin datapath/Audio_Codec/leftChannelMemory/datapath/Audio_Codec/leftChannelMemory/sdp_bl.ramb18_dp_bl.ram18_bl_cooolgate_en_gate_2_cooolDelFlop/C is not reached by a timing clock
Related violations: <none>

TIMING-17#118 Critical Warning
Non-clocked sequential cell  
The clock pin datapath/Audio_Codec/leftChannelMemory/datapath/Audio_Codec/leftChannelMemory/sdp_bl.ramb18_dp_bl.ram18_bl_cooolgate_en_gate_3_cooolDelFlop/C is not reached by a timing clock
Related violations: <none>

TIMING-17#119 Critical Warning
Non-clocked sequential cell  
The clock pin datapath/Audio_Codec/leftChannelMemory/sdp_bl.ramb18_dp_bl.ram18_bl/CLKARDCLK is not reached by a timing clock
Related violations: <none>

TIMING-17#120 Critical Warning
Non-clocked sequential cell  
The clock pin datapath/Audio_Codec/leftChannelMemory/sdp_bl.ramb18_dp_bl.ram18_bl/CLKBWRCLK is not reached by a timing clock
Related violations: <none>

TIMING-17#121 Critical Warning
Non-clocked sequential cell  
The clock pin datapath/Audio_Codec/ready_sig_reg/C is not reached by a timing clock
Related violations: <none>

TIMING-17#122 Critical Warning
Non-clocked sequential cell  
The clock pin datapath/Audio_Codec/rightChannelMemory/sdp_bl.ramb18_dp_bl.ram18_bl/CLKARDCLK is not reached by a timing clock
Related violations: <none>

TIMING-17#123 Critical Warning
Non-clocked sequential cell  
The clock pin datapath/Audio_Codec/rightChannelMemory/sdp_bl.ramb18_dp_bl.ram18_bl/CLKBWRCLK is not reached by a timing clock
Related violations: <none>

TIMING-17#124 Critical Warning
Non-clocked sequential cell  
The clock pin datapath/address_counter/processQ_reg[0]/C is not reached by a timing clock
Related violations: <none>

TIMING-17#125 Critical Warning
Non-clocked sequential cell  
The clock pin datapath/address_counter/processQ_reg[1]/C is not reached by a timing clock
Related violations: <none>

TIMING-17#126 Critical Warning
Non-clocked sequential cell  
The clock pin datapath/address_counter/processQ_reg[2]/C is not reached by a timing clock
Related violations: <none>

TIMING-17#127 Critical Warning
Non-clocked sequential cell  
The clock pin datapath/address_counter/processQ_reg[3]/C is not reached by a timing clock
Related violations: <none>

TIMING-17#128 Critical Warning
Non-clocked sequential cell  
The clock pin datapath/address_counter/processQ_reg[4]/C is not reached by a timing clock
Related violations: <none>

TIMING-17#129 Critical Warning
Non-clocked sequential cell  
The clock pin datapath/address_counter/processQ_reg[5]/C is not reached by a timing clock
Related violations: <none>

TIMING-17#130 Critical Warning
Non-clocked sequential cell  
The clock pin datapath/address_counter/processQ_reg[6]/C is not reached by a timing clock
Related violations: <none>

TIMING-17#131 Critical Warning
Non-clocked sequential cell  
The clock pin datapath/address_counter/processQ_reg[7]/C is not reached by a timing clock
Related violations: <none>

TIMING-17#132 Critical Warning
Non-clocked sequential cell  
The clock pin datapath/address_counter/processQ_reg[8]/C is not reached by a timing clock
Related violations: <none>

TIMING-17#133 Critical Warning
Non-clocked sequential cell  
The clock pin datapath/address_counter/processQ_reg[9]/C is not reached by a timing clock
Related violations: <none>

TIMING-17#134 Critical Warning
Non-clocked sequential cell  
The clock pin datapath/ch1_reg[incoming_sample][0]/C is not reached by a timing clock
Related violations: <none>

TIMING-17#135 Critical Warning
Non-clocked sequential cell  
The clock pin datapath/ch1_reg[incoming_sample][10]/C is not reached by a timing clock
Related violations: <none>

TIMING-17#136 Critical Warning
Non-clocked sequential cell  
The clock pin datapath/ch1_reg[incoming_sample][11]/C is not reached by a timing clock
Related violations: <none>

TIMING-17#137 Critical Warning
Non-clocked sequential cell  
The clock pin datapath/ch1_reg[incoming_sample][12]/C is not reached by a timing clock
Related violations: <none>

TIMING-17#138 Critical Warning
Non-clocked sequential cell  
The clock pin datapath/ch1_reg[incoming_sample][13]/C is not reached by a timing clock
Related violations: <none>

TIMING-17#139 Critical Warning
Non-clocked sequential cell  
The clock pin datapath/ch1_reg[incoming_sample][14]/C is not reached by a timing clock
Related violations: <none>

TIMING-17#140 Critical Warning
Non-clocked sequential cell  
The clock pin datapath/ch1_reg[incoming_sample][15]/C is not reached by a timing clock
Related violations: <none>

TIMING-17#141 Critical Warning
Non-clocked sequential cell  
The clock pin datapath/ch1_reg[incoming_sample][1]/C is not reached by a timing clock
Related violations: <none>

TIMING-17#142 Critical Warning
Non-clocked sequential cell  
The clock pin datapath/ch1_reg[incoming_sample][2]/C is not reached by a timing clock
Related violations: <none>

TIMING-17#143 Critical Warning
Non-clocked sequential cell  
The clock pin datapath/ch1_reg[incoming_sample][3]/C is not reached by a timing clock
Related violations: <none>

TIMING-17#144 Critical Warning
Non-clocked sequential cell  
The clock pin datapath/ch1_reg[incoming_sample][4]/C is not reached by a timing clock
Related violations: <none>

TIMING-17#145 Critical Warning
Non-clocked sequential cell  
The clock pin datapath/ch1_reg[incoming_sample][5]/C is not reached by a timing clock
Related violations: <none>

TIMING-17#146 Critical Warning
Non-clocked sequential cell  
The clock pin datapath/ch1_reg[incoming_sample][6]/C is not reached by a timing clock
Related violations: <none>

TIMING-17#147 Critical Warning
Non-clocked sequential cell  
The clock pin datapath/ch1_reg[incoming_sample][7]/C is not reached by a timing clock
Related violations: <none>

TIMING-17#148 Critical Warning
Non-clocked sequential cell  
The clock pin datapath/ch1_reg[incoming_sample][8]/C is not reached by a timing clock
Related violations: <none>

TIMING-17#149 Critical Warning
Non-clocked sequential cell  
The clock pin datapath/ch1_reg[incoming_sample][9]/C is not reached by a timing clock
Related violations: <none>

TIMING-17#150 Critical Warning
Non-clocked sequential cell  
The clock pin datapath/ch1_reg[to_ac][0]/C is not reached by a timing clock
Related violations: <none>

TIMING-17#151 Critical Warning
Non-clocked sequential cell  
The clock pin datapath/ch1_reg[to_ac][10]/C is not reached by a timing clock
Related violations: <none>

TIMING-17#152 Critical Warning
Non-clocked sequential cell  
The clock pin datapath/ch1_reg[to_ac][11]/C is not reached by a timing clock
Related violations: <none>

TIMING-17#153 Critical Warning
Non-clocked sequential cell  
The clock pin datapath/ch1_reg[to_ac][12]/C is not reached by a timing clock
Related violations: <none>

TIMING-17#154 Critical Warning
Non-clocked sequential cell  
The clock pin datapath/ch1_reg[to_ac][13]/C is not reached by a timing clock
Related violations: <none>

TIMING-17#155 Critical Warning
Non-clocked sequential cell  
The clock pin datapath/ch1_reg[to_ac][14]/C is not reached by a timing clock
Related violations: <none>

TIMING-17#156 Critical Warning
Non-clocked sequential cell  
The clock pin datapath/ch1_reg[to_ac][15]/C is not reached by a timing clock
Related violations: <none>

TIMING-17#157 Critical Warning
Non-clocked sequential cell  
The clock pin datapath/ch1_reg[to_ac][16]/C is not reached by a timing clock
Related violations: <none>

TIMING-17#158 Critical Warning
Non-clocked sequential cell  
The clock pin datapath/ch1_reg[to_ac][17]/C is not reached by a timing clock
Related violations: <none>

TIMING-17#159 Critical Warning
Non-clocked sequential cell  
The clock pin datapath/ch1_reg[to_ac][1]/C is not reached by a timing clock
Related violations: <none>

TIMING-17#160 Critical Warning
Non-clocked sequential cell  
The clock pin datapath/ch1_reg[to_ac][2]/C is not reached by a timing clock
Related violations: <none>

TIMING-17#161 Critical Warning
Non-clocked sequential cell  
The clock pin datapath/ch1_reg[to_ac][3]/C is not reached by a timing clock
Related violations: <none>

TIMING-17#162 Critical Warning
Non-clocked sequential cell  
The clock pin datapath/ch1_reg[to_ac][4]/C is not reached by a timing clock
Related violations: <none>

TIMING-17#163 Critical Warning
Non-clocked sequential cell  
The clock pin datapath/ch1_reg[to_ac][5]/C is not reached by a timing clock
Related violations: <none>

TIMING-17#164 Critical Warning
Non-clocked sequential cell  
The clock pin datapath/ch1_reg[to_ac][6]/C is not reached by a timing clock
Related violations: <none>

TIMING-17#165 Critical Warning
Non-clocked sequential cell  
The clock pin datapath/ch1_reg[to_ac][7]/C is not reached by a timing clock
Related violations: <none>

TIMING-17#166 Critical Warning
Non-clocked sequential cell  
The clock pin datapath/ch1_reg[to_ac][8]/C is not reached by a timing clock
Related violations: <none>

TIMING-17#167 Critical Warning
Non-clocked sequential cell  
The clock pin datapath/ch1_reg[to_ac][9]/C is not reached by a timing clock
Related violations: <none>

TIMING-17#168 Critical Warning
Non-clocked sequential cell  
The clock pin datapath/ch2_reg[incoming_sample][0]/C is not reached by a timing clock
Related violations: <none>

TIMING-17#169 Critical Warning
Non-clocked sequential cell  
The clock pin datapath/ch2_reg[incoming_sample][10]/C is not reached by a timing clock
Related violations: <none>

TIMING-17#170 Critical Warning
Non-clocked sequential cell  
The clock pin datapath/ch2_reg[incoming_sample][11]/C is not reached by a timing clock
Related violations: <none>

TIMING-17#171 Critical Warning
Non-clocked sequential cell  
The clock pin datapath/ch2_reg[incoming_sample][12]/C is not reached by a timing clock
Related violations: <none>

TIMING-17#172 Critical Warning
Non-clocked sequential cell  
The clock pin datapath/ch2_reg[incoming_sample][13]/C is not reached by a timing clock
Related violations: <none>

TIMING-17#173 Critical Warning
Non-clocked sequential cell  
The clock pin datapath/ch2_reg[incoming_sample][14]/C is not reached by a timing clock
Related violations: <none>

TIMING-17#174 Critical Warning
Non-clocked sequential cell  
The clock pin datapath/ch2_reg[incoming_sample][15]/C is not reached by a timing clock
Related violations: <none>

TIMING-17#175 Critical Warning
Non-clocked sequential cell  
The clock pin datapath/ch2_reg[incoming_sample][1]/C is not reached by a timing clock
Related violations: <none>

TIMING-17#176 Critical Warning
Non-clocked sequential cell  
The clock pin datapath/ch2_reg[incoming_sample][2]/C is not reached by a timing clock
Related violations: <none>

TIMING-17#177 Critical Warning
Non-clocked sequential cell  
The clock pin datapath/ch2_reg[incoming_sample][3]/C is not reached by a timing clock
Related violations: <none>

TIMING-17#178 Critical Warning
Non-clocked sequential cell  
The clock pin datapath/ch2_reg[incoming_sample][4]/C is not reached by a timing clock
Related violations: <none>

TIMING-17#179 Critical Warning
Non-clocked sequential cell  
The clock pin datapath/ch2_reg[incoming_sample][5]/C is not reached by a timing clock
Related violations: <none>

TIMING-17#180 Critical Warning
Non-clocked sequential cell  
The clock pin datapath/ch2_reg[incoming_sample][6]/C is not reached by a timing clock
Related violations: <none>

TIMING-17#181 Critical Warning
Non-clocked sequential cell  
The clock pin datapath/ch2_reg[incoming_sample][7]/C is not reached by a timing clock
Related violations: <none>

TIMING-17#182 Critical Warning
Non-clocked sequential cell  
The clock pin datapath/ch2_reg[incoming_sample][8]/C is not reached by a timing clock
Related violations: <none>

TIMING-17#183 Critical Warning
Non-clocked sequential cell  
The clock pin datapath/ch2_reg[incoming_sample][9]/C is not reached by a timing clock
Related violations: <none>

TIMING-17#184 Critical Warning
Non-clocked sequential cell  
The clock pin datapath/ch2_reg[to_ac][0]/C is not reached by a timing clock
Related violations: <none>

TIMING-17#185 Critical Warning
Non-clocked sequential cell  
The clock pin datapath/ch2_reg[to_ac][10]/C is not reached by a timing clock
Related violations: <none>

TIMING-17#186 Critical Warning
Non-clocked sequential cell  
The clock pin datapath/ch2_reg[to_ac][11]/C is not reached by a timing clock
Related violations: <none>

TIMING-17#187 Critical Warning
Non-clocked sequential cell  
The clock pin datapath/ch2_reg[to_ac][12]/C is not reached by a timing clock
Related violations: <none>

TIMING-17#188 Critical Warning
Non-clocked sequential cell  
The clock pin datapath/ch2_reg[to_ac][13]/C is not reached by a timing clock
Related violations: <none>

TIMING-17#189 Critical Warning
Non-clocked sequential cell  
The clock pin datapath/ch2_reg[to_ac][14]/C is not reached by a timing clock
Related violations: <none>

TIMING-17#190 Critical Warning
Non-clocked sequential cell  
The clock pin datapath/ch2_reg[to_ac][15]/C is not reached by a timing clock
Related violations: <none>

TIMING-17#191 Critical Warning
Non-clocked sequential cell  
The clock pin datapath/ch2_reg[to_ac][16]/C is not reached by a timing clock
Related violations: <none>

TIMING-17#192 Critical Warning
Non-clocked sequential cell  
The clock pin datapath/ch2_reg[to_ac][17]/C is not reached by a timing clock
Related violations: <none>

TIMING-17#193 Critical Warning
Non-clocked sequential cell  
The clock pin datapath/ch2_reg[to_ac][1]/C is not reached by a timing clock
Related violations: <none>

TIMING-17#194 Critical Warning
Non-clocked sequential cell  
The clock pin datapath/ch2_reg[to_ac][2]/C is not reached by a timing clock
Related violations: <none>

TIMING-17#195 Critical Warning
Non-clocked sequential cell  
The clock pin datapath/ch2_reg[to_ac][3]/C is not reached by a timing clock
Related violations: <none>

TIMING-17#196 Critical Warning
Non-clocked sequential cell  
The clock pin datapath/ch2_reg[to_ac][4]/C is not reached by a timing clock
Related violations: <none>

TIMING-17#197 Critical Warning
Non-clocked sequential cell  
The clock pin datapath/ch2_reg[to_ac][5]/C is not reached by a timing clock
Related violations: <none>

TIMING-17#198 Critical Warning
Non-clocked sequential cell  
The clock pin datapath/ch2_reg[to_ac][6]/C is not reached by a timing clock
Related violations: <none>

TIMING-17#199 Critical Warning
Non-clocked sequential cell  
The clock pin datapath/ch2_reg[to_ac][7]/C is not reached by a timing clock
Related violations: <none>

TIMING-17#200 Critical Warning
Non-clocked sequential cell  
The clock pin datapath/ch2_reg[to_ac][8]/C is not reached by a timing clock
Related violations: <none>

TIMING-17#201 Critical Warning
Non-clocked sequential cell  
The clock pin datapath/ch2_reg[to_ac][9]/C is not reached by a timing clock
Related violations: <none>

TIMING-17#202 Critical Warning
Non-clocked sequential cell  
The clock pin datapath/leftChannelMemory/sdp_bl.ramb18_dp_bl.ram18_bl/CLKARDCLK is not reached by a timing clock
Related violations: <none>

TIMING-17#203 Critical Warning
Non-clocked sequential cell  
The clock pin datapath/leftChannelMemory/sdp_bl.ramb18_dp_bl.ram18_bl/CLKBWRCLK is not reached by a timing clock
Related violations: <none>

TIMING-17#204 Critical Warning
Non-clocked sequential cell  
The clock pin datapath/rightChannelMemory/sdp_bl.ramb18_dp_bl.ram18_bl/CLKARDCLK is not reached by a timing clock
Related violations: <none>

TIMING-17#205 Critical Warning
Non-clocked sequential cell  
The clock pin datapath/rightChannelMemory/sdp_bl.ramb18_dp_bl.ram18_bl/CLKBWRCLK is not reached by a timing clock
Related violations: <none>

TIMING-17#206 Critical Warning
Non-clocked sequential cell  
The clock pin datapath/stepper_t/down_debounce/FSM_sequential_state_reg[0]/C is not reached by a timing clock
Related violations: <none>

TIMING-17#207 Critical Warning
Non-clocked sequential cell  
The clock pin datapath/stepper_t/down_debounce/FSM_sequential_state_reg[1]/C is not reached by a timing clock
Related violations: <none>

TIMING-17#208 Critical Warning
Non-clocked sequential cell  
The clock pin datapath/stepper_t/down_debounce/FSM_sequential_state_reg[2]/C is not reached by a timing clock
Related violations: <none>

TIMING-17#209 Critical Warning
Non-clocked sequential cell  
The clock pin datapath/stepper_t/down_debounce/delay_counter/processQ_reg[0]/C is not reached by a timing clock
Related violations: <none>

TIMING-17#210 Critical Warning
Non-clocked sequential cell  
The clock pin datapath/stepper_t/down_debounce/delay_counter/processQ_reg[10]/C is not reached by a timing clock
Related violations: <none>

TIMING-17#211 Critical Warning
Non-clocked sequential cell  
The clock pin datapath/stepper_t/down_debounce/delay_counter/processQ_reg[11]/C is not reached by a timing clock
Related violations: <none>

TIMING-17#212 Critical Warning
Non-clocked sequential cell  
The clock pin datapath/stepper_t/down_debounce/delay_counter/processQ_reg[12]/C is not reached by a timing clock
Related violations: <none>

TIMING-17#213 Critical Warning
Non-clocked sequential cell  
The clock pin datapath/stepper_t/down_debounce/delay_counter/processQ_reg[13]/C is not reached by a timing clock
Related violations: <none>

TIMING-17#214 Critical Warning
Non-clocked sequential cell  
The clock pin datapath/stepper_t/down_debounce/delay_counter/processQ_reg[14]/C is not reached by a timing clock
Related violations: <none>

TIMING-17#215 Critical Warning
Non-clocked sequential cell  
The clock pin datapath/stepper_t/down_debounce/delay_counter/processQ_reg[15]/C is not reached by a timing clock
Related violations: <none>

TIMING-17#216 Critical Warning
Non-clocked sequential cell  
The clock pin datapath/stepper_t/down_debounce/delay_counter/processQ_reg[16]/C is not reached by a timing clock
Related violations: <none>

TIMING-17#217 Critical Warning
Non-clocked sequential cell  
The clock pin datapath/stepper_t/down_debounce/delay_counter/processQ_reg[17]/C is not reached by a timing clock
Related violations: <none>

TIMING-17#218 Critical Warning
Non-clocked sequential cell  
The clock pin datapath/stepper_t/down_debounce/delay_counter/processQ_reg[18]/C is not reached by a timing clock
Related violations: <none>

TIMING-17#219 Critical Warning
Non-clocked sequential cell  
The clock pin datapath/stepper_t/down_debounce/delay_counter/processQ_reg[19]/C is not reached by a timing clock
Related violations: <none>

TIMING-17#220 Critical Warning
Non-clocked sequential cell  
The clock pin datapath/stepper_t/down_debounce/delay_counter/processQ_reg[1]/C is not reached by a timing clock
Related violations: <none>

TIMING-17#221 Critical Warning
Non-clocked sequential cell  
The clock pin datapath/stepper_t/down_debounce/delay_counter/processQ_reg[20]/C is not reached by a timing clock
Related violations: <none>

TIMING-17#222 Critical Warning
Non-clocked sequential cell  
The clock pin datapath/stepper_t/down_debounce/delay_counter/processQ_reg[21]/C is not reached by a timing clock
Related violations: <none>

TIMING-17#223 Critical Warning
Non-clocked sequential cell  
The clock pin datapath/stepper_t/down_debounce/delay_counter/processQ_reg[22]/C is not reached by a timing clock
Related violations: <none>

TIMING-17#224 Critical Warning
Non-clocked sequential cell  
The clock pin datapath/stepper_t/down_debounce/delay_counter/processQ_reg[23]/C is not reached by a timing clock
Related violations: <none>

TIMING-17#225 Critical Warning
Non-clocked sequential cell  
The clock pin datapath/stepper_t/down_debounce/delay_counter/processQ_reg[24]/C is not reached by a timing clock
Related violations: <none>

TIMING-17#226 Critical Warning
Non-clocked sequential cell  
The clock pin datapath/stepper_t/down_debounce/delay_counter/processQ_reg[2]/C is not reached by a timing clock
Related violations: <none>

TIMING-17#227 Critical Warning
Non-clocked sequential cell  
The clock pin datapath/stepper_t/down_debounce/delay_counter/processQ_reg[3]/C is not reached by a timing clock
Related violations: <none>

TIMING-17#228 Critical Warning
Non-clocked sequential cell  
The clock pin datapath/stepper_t/down_debounce/delay_counter/processQ_reg[4]/C is not reached by a timing clock
Related violations: <none>

TIMING-17#229 Critical Warning
Non-clocked sequential cell  
The clock pin datapath/stepper_t/down_debounce/delay_counter/processQ_reg[5]/C is not reached by a timing clock
Related violations: <none>

TIMING-17#230 Critical Warning
Non-clocked sequential cell  
The clock pin datapath/stepper_t/down_debounce/delay_counter/processQ_reg[6]/C is not reached by a timing clock
Related violations: <none>

TIMING-17#231 Critical Warning
Non-clocked sequential cell  
The clock pin datapath/stepper_t/down_debounce/delay_counter/processQ_reg[7]/C is not reached by a timing clock
Related violations: <none>

TIMING-17#232 Critical Warning
Non-clocked sequential cell  
The clock pin datapath/stepper_t/down_debounce/delay_counter/processQ_reg[8]/C is not reached by a timing clock
Related violations: <none>

TIMING-17#233 Critical Warning
Non-clocked sequential cell  
The clock pin datapath/stepper_t/down_debounce/delay_counter/processQ_reg[9]/C is not reached by a timing clock
Related violations: <none>

TIMING-17#234 Critical Warning
Non-clocked sequential cell  
The clock pin datapath/stepper_t/prev_down_reg/C is not reached by a timing clock
Related violations: <none>

TIMING-17#235 Critical Warning
Non-clocked sequential cell  
The clock pin datapath/stepper_t/prev_up_reg/C is not reached by a timing clock
Related violations: <none>

TIMING-17#236 Critical Warning
Non-clocked sequential cell  
The clock pin datapath/stepper_t/process_q_reg[0]/C is not reached by a timing clock
Related violations: <none>

TIMING-17#237 Critical Warning
Non-clocked sequential cell  
The clock pin datapath/stepper_t/process_q_reg[10]/C is not reached by a timing clock
Related violations: <none>

TIMING-17#238 Critical Warning
Non-clocked sequential cell  
The clock pin datapath/stepper_t/process_q_reg[1]/C is not reached by a timing clock
Related violations: <none>

TIMING-17#239 Critical Warning
Non-clocked sequential cell  
The clock pin datapath/stepper_t/process_q_reg[2]/C is not reached by a timing clock
Related violations: <none>

TIMING-17#240 Critical Warning
Non-clocked sequential cell  
The clock pin datapath/stepper_t/process_q_reg[3]/C is not reached by a timing clock
Related violations: <none>

TIMING-17#241 Critical Warning
Non-clocked sequential cell  
The clock pin datapath/stepper_t/process_q_reg[4]/C is not reached by a timing clock
Related violations: <none>

TIMING-17#242 Critical Warning
Non-clocked sequential cell  
The clock pin datapath/stepper_t/process_q_reg[5]/C is not reached by a timing clock
Related violations: <none>

TIMING-17#243 Critical Warning
Non-clocked sequential cell  
The clock pin datapath/stepper_t/process_q_reg[6]/C is not reached by a timing clock
Related violations: <none>

TIMING-17#244 Critical Warning
Non-clocked sequential cell  
The clock pin datapath/stepper_t/process_q_reg[7]/C is not reached by a timing clock
Related violations: <none>

TIMING-17#245 Critical Warning
Non-clocked sequential cell  
The clock pin datapath/stepper_t/process_q_reg[8]/C is not reached by a timing clock
Related violations: <none>

TIMING-17#246 Critical Warning
Non-clocked sequential cell  
The clock pin datapath/stepper_t/process_q_reg[9]/C is not reached by a timing clock
Related violations: <none>

TIMING-17#247 Critical Warning
Non-clocked sequential cell  
The clock pin datapath/stepper_t/up_debounce/FSM_sequential_state_reg[0]/C is not reached by a timing clock
Related violations: <none>

TIMING-17#248 Critical Warning
Non-clocked sequential cell  
The clock pin datapath/stepper_t/up_debounce/FSM_sequential_state_reg[1]/C is not reached by a timing clock
Related violations: <none>

TIMING-17#249 Critical Warning
Non-clocked sequential cell  
The clock pin datapath/stepper_t/up_debounce/FSM_sequential_state_reg[2]/C is not reached by a timing clock
Related violations: <none>

TIMING-17#250 Critical Warning
Non-clocked sequential cell  
The clock pin datapath/stepper_t/up_debounce/delay_counter/processQ_reg[0]/C is not reached by a timing clock
Related violations: <none>

TIMING-17#251 Critical Warning
Non-clocked sequential cell  
The clock pin datapath/stepper_t/up_debounce/delay_counter/processQ_reg[10]/C is not reached by a timing clock
Related violations: <none>

TIMING-17#252 Critical Warning
Non-clocked sequential cell  
The clock pin datapath/stepper_t/up_debounce/delay_counter/processQ_reg[11]/C is not reached by a timing clock
Related violations: <none>

TIMING-17#253 Critical Warning
Non-clocked sequential cell  
The clock pin datapath/stepper_t/up_debounce/delay_counter/processQ_reg[12]/C is not reached by a timing clock
Related violations: <none>

TIMING-17#254 Critical Warning
Non-clocked sequential cell  
The clock pin datapath/stepper_t/up_debounce/delay_counter/processQ_reg[13]/C is not reached by a timing clock
Related violations: <none>

TIMING-17#255 Critical Warning
Non-clocked sequential cell  
The clock pin datapath/stepper_t/up_debounce/delay_counter/processQ_reg[14]/C is not reached by a timing clock
Related violations: <none>

TIMING-17#256 Critical Warning
Non-clocked sequential cell  
The clock pin datapath/stepper_t/up_debounce/delay_counter/processQ_reg[15]/C is not reached by a timing clock
Related violations: <none>

TIMING-17#257 Critical Warning
Non-clocked sequential cell  
The clock pin datapath/stepper_t/up_debounce/delay_counter/processQ_reg[16]/C is not reached by a timing clock
Related violations: <none>

TIMING-17#258 Critical Warning
Non-clocked sequential cell  
The clock pin datapath/stepper_t/up_debounce/delay_counter/processQ_reg[17]/C is not reached by a timing clock
Related violations: <none>

TIMING-17#259 Critical Warning
Non-clocked sequential cell  
The clock pin datapath/stepper_t/up_debounce/delay_counter/processQ_reg[18]/C is not reached by a timing clock
Related violations: <none>

TIMING-17#260 Critical Warning
Non-clocked sequential cell  
The clock pin datapath/stepper_t/up_debounce/delay_counter/processQ_reg[19]/C is not reached by a timing clock
Related violations: <none>

TIMING-17#261 Critical Warning
Non-clocked sequential cell  
The clock pin datapath/stepper_t/up_debounce/delay_counter/processQ_reg[1]/C is not reached by a timing clock
Related violations: <none>

TIMING-17#262 Critical Warning
Non-clocked sequential cell  
The clock pin datapath/stepper_t/up_debounce/delay_counter/processQ_reg[20]/C is not reached by a timing clock
Related violations: <none>

TIMING-17#263 Critical Warning
Non-clocked sequential cell  
The clock pin datapath/stepper_t/up_debounce/delay_counter/processQ_reg[21]/C is not reached by a timing clock
Related violations: <none>

TIMING-17#264 Critical Warning
Non-clocked sequential cell  
The clock pin datapath/stepper_t/up_debounce/delay_counter/processQ_reg[22]/C is not reached by a timing clock
Related violations: <none>

TIMING-17#265 Critical Warning
Non-clocked sequential cell  
The clock pin datapath/stepper_t/up_debounce/delay_counter/processQ_reg[23]/C is not reached by a timing clock
Related violations: <none>

TIMING-17#266 Critical Warning
Non-clocked sequential cell  
The clock pin datapath/stepper_t/up_debounce/delay_counter/processQ_reg[24]/C is not reached by a timing clock
Related violations: <none>

TIMING-17#267 Critical Warning
Non-clocked sequential cell  
The clock pin datapath/stepper_t/up_debounce/delay_counter/processQ_reg[2]/C is not reached by a timing clock
Related violations: <none>

TIMING-17#268 Critical Warning
Non-clocked sequential cell  
The clock pin datapath/stepper_t/up_debounce/delay_counter/processQ_reg[3]/C is not reached by a timing clock
Related violations: <none>

TIMING-17#269 Critical Warning
Non-clocked sequential cell  
The clock pin datapath/stepper_t/up_debounce/delay_counter/processQ_reg[4]/C is not reached by a timing clock
Related violations: <none>

TIMING-17#270 Critical Warning
Non-clocked sequential cell  
The clock pin datapath/stepper_t/up_debounce/delay_counter/processQ_reg[5]/C is not reached by a timing clock
Related violations: <none>

TIMING-17#271 Critical Warning
Non-clocked sequential cell  
The clock pin datapath/stepper_t/up_debounce/delay_counter/processQ_reg[6]/C is not reached by a timing clock
Related violations: <none>

TIMING-17#272 Critical Warning
Non-clocked sequential cell  
The clock pin datapath/stepper_t/up_debounce/delay_counter/processQ_reg[7]/C is not reached by a timing clock
Related violations: <none>

TIMING-17#273 Critical Warning
Non-clocked sequential cell  
The clock pin datapath/stepper_t/up_debounce/delay_counter/processQ_reg[8]/C is not reached by a timing clock
Related violations: <none>

TIMING-17#274 Critical Warning
Non-clocked sequential cell  
The clock pin datapath/stepper_t/up_debounce/delay_counter/processQ_reg[9]/C is not reached by a timing clock
Related violations: <none>

TIMING-17#275 Critical Warning
Non-clocked sequential cell  
The clock pin datapath/stepper_v/down_debounce/FSM_sequential_state_reg[0]/C is not reached by a timing clock
Related violations: <none>

TIMING-17#276 Critical Warning
Non-clocked sequential cell  
The clock pin datapath/stepper_v/down_debounce/FSM_sequential_state_reg[1]/C is not reached by a timing clock
Related violations: <none>

TIMING-17#277 Critical Warning
Non-clocked sequential cell  
The clock pin datapath/stepper_v/down_debounce/FSM_sequential_state_reg[2]/C is not reached by a timing clock
Related violations: <none>

TIMING-17#278 Critical Warning
Non-clocked sequential cell  
The clock pin datapath/stepper_v/down_debounce/delay_counter/processQ_reg[0]/C is not reached by a timing clock
Related violations: <none>

TIMING-17#279 Critical Warning
Non-clocked sequential cell  
The clock pin datapath/stepper_v/down_debounce/delay_counter/processQ_reg[10]/C is not reached by a timing clock
Related violations: <none>

TIMING-17#280 Critical Warning
Non-clocked sequential cell  
The clock pin datapath/stepper_v/down_debounce/delay_counter/processQ_reg[11]/C is not reached by a timing clock
Related violations: <none>

TIMING-17#281 Critical Warning
Non-clocked sequential cell  
The clock pin datapath/stepper_v/down_debounce/delay_counter/processQ_reg[12]/C is not reached by a timing clock
Related violations: <none>

TIMING-17#282 Critical Warning
Non-clocked sequential cell  
The clock pin datapath/stepper_v/down_debounce/delay_counter/processQ_reg[13]/C is not reached by a timing clock
Related violations: <none>

TIMING-17#283 Critical Warning
Non-clocked sequential cell  
The clock pin datapath/stepper_v/down_debounce/delay_counter/processQ_reg[14]/C is not reached by a timing clock
Related violations: <none>

TIMING-17#284 Critical Warning
Non-clocked sequential cell  
The clock pin datapath/stepper_v/down_debounce/delay_counter/processQ_reg[15]/C is not reached by a timing clock
Related violations: <none>

TIMING-17#285 Critical Warning
Non-clocked sequential cell  
The clock pin datapath/stepper_v/down_debounce/delay_counter/processQ_reg[16]/C is not reached by a timing clock
Related violations: <none>

TIMING-17#286 Critical Warning
Non-clocked sequential cell  
The clock pin datapath/stepper_v/down_debounce/delay_counter/processQ_reg[17]/C is not reached by a timing clock
Related violations: <none>

TIMING-17#287 Critical Warning
Non-clocked sequential cell  
The clock pin datapath/stepper_v/down_debounce/delay_counter/processQ_reg[18]/C is not reached by a timing clock
Related violations: <none>

TIMING-17#288 Critical Warning
Non-clocked sequential cell  
The clock pin datapath/stepper_v/down_debounce/delay_counter/processQ_reg[19]/C is not reached by a timing clock
Related violations: <none>

TIMING-17#289 Critical Warning
Non-clocked sequential cell  
The clock pin datapath/stepper_v/down_debounce/delay_counter/processQ_reg[1]/C is not reached by a timing clock
Related violations: <none>

TIMING-17#290 Critical Warning
Non-clocked sequential cell  
The clock pin datapath/stepper_v/down_debounce/delay_counter/processQ_reg[20]/C is not reached by a timing clock
Related violations: <none>

TIMING-17#291 Critical Warning
Non-clocked sequential cell  
The clock pin datapath/stepper_v/down_debounce/delay_counter/processQ_reg[21]/C is not reached by a timing clock
Related violations: <none>

TIMING-17#292 Critical Warning
Non-clocked sequential cell  
The clock pin datapath/stepper_v/down_debounce/delay_counter/processQ_reg[22]/C is not reached by a timing clock
Related violations: <none>

TIMING-17#293 Critical Warning
Non-clocked sequential cell  
The clock pin datapath/stepper_v/down_debounce/delay_counter/processQ_reg[23]/C is not reached by a timing clock
Related violations: <none>

TIMING-17#294 Critical Warning
Non-clocked sequential cell  
The clock pin datapath/stepper_v/down_debounce/delay_counter/processQ_reg[24]/C is not reached by a timing clock
Related violations: <none>

TIMING-17#295 Critical Warning
Non-clocked sequential cell  
The clock pin datapath/stepper_v/down_debounce/delay_counter/processQ_reg[2]/C is not reached by a timing clock
Related violations: <none>

TIMING-17#296 Critical Warning
Non-clocked sequential cell  
The clock pin datapath/stepper_v/down_debounce/delay_counter/processQ_reg[3]/C is not reached by a timing clock
Related violations: <none>

TIMING-17#297 Critical Warning
Non-clocked sequential cell  
The clock pin datapath/stepper_v/down_debounce/delay_counter/processQ_reg[4]/C is not reached by a timing clock
Related violations: <none>

TIMING-17#298 Critical Warning
Non-clocked sequential cell  
The clock pin datapath/stepper_v/down_debounce/delay_counter/processQ_reg[5]/C is not reached by a timing clock
Related violations: <none>

TIMING-17#299 Critical Warning
Non-clocked sequential cell  
The clock pin datapath/stepper_v/down_debounce/delay_counter/processQ_reg[6]/C is not reached by a timing clock
Related violations: <none>

TIMING-17#300 Critical Warning
Non-clocked sequential cell  
The clock pin datapath/stepper_v/down_debounce/delay_counter/processQ_reg[7]/C is not reached by a timing clock
Related violations: <none>

TIMING-17#301 Critical Warning
Non-clocked sequential cell  
The clock pin datapath/stepper_v/down_debounce/delay_counter/processQ_reg[8]/C is not reached by a timing clock
Related violations: <none>

TIMING-17#302 Critical Warning
Non-clocked sequential cell  
The clock pin datapath/stepper_v/down_debounce/delay_counter/processQ_reg[9]/C is not reached by a timing clock
Related violations: <none>

TIMING-17#303 Critical Warning
Non-clocked sequential cell  
The clock pin datapath/stepper_v/prev_down_reg/C is not reached by a timing clock
Related violations: <none>

TIMING-17#304 Critical Warning
Non-clocked sequential cell  
The clock pin datapath/stepper_v/prev_up_reg/C is not reached by a timing clock
Related violations: <none>

TIMING-17#305 Critical Warning
Non-clocked sequential cell  
The clock pin datapath/stepper_v/process_q_reg[0]/C is not reached by a timing clock
Related violations: <none>

TIMING-17#306 Critical Warning
Non-clocked sequential cell  
The clock pin datapath/stepper_v/process_q_reg[10]/C is not reached by a timing clock
Related violations: <none>

TIMING-17#307 Critical Warning
Non-clocked sequential cell  
The clock pin datapath/stepper_v/process_q_reg[1]/C is not reached by a timing clock
Related violations: <none>

TIMING-17#308 Critical Warning
Non-clocked sequential cell  
The clock pin datapath/stepper_v/process_q_reg[2]/C is not reached by a timing clock
Related violations: <none>

TIMING-17#309 Critical Warning
Non-clocked sequential cell  
The clock pin datapath/stepper_v/process_q_reg[3]/C is not reached by a timing clock
Related violations: <none>

TIMING-17#310 Critical Warning
Non-clocked sequential cell  
The clock pin datapath/stepper_v/process_q_reg[4]/C is not reached by a timing clock
Related violations: <none>

TIMING-17#311 Critical Warning
Non-clocked sequential cell  
The clock pin datapath/stepper_v/process_q_reg[5]/C is not reached by a timing clock
Related violations: <none>

TIMING-17#312 Critical Warning
Non-clocked sequential cell  
The clock pin datapath/stepper_v/process_q_reg[6]/C is not reached by a timing clock
Related violations: <none>

TIMING-17#313 Critical Warning
Non-clocked sequential cell  
The clock pin datapath/stepper_v/process_q_reg[7]/C is not reached by a timing clock
Related violations: <none>

TIMING-17#314 Critical Warning
Non-clocked sequential cell  
The clock pin datapath/stepper_v/process_q_reg[8]/C is not reached by a timing clock
Related violations: <none>

TIMING-17#315 Critical Warning
Non-clocked sequential cell  
The clock pin datapath/stepper_v/process_q_reg[9]/C is not reached by a timing clock
Related violations: <none>

TIMING-17#316 Critical Warning
Non-clocked sequential cell  
The clock pin datapath/stepper_v/up_debounce/FSM_sequential_state_reg[0]/C is not reached by a timing clock
Related violations: <none>

TIMING-17#317 Critical Warning
Non-clocked sequential cell  
The clock pin datapath/stepper_v/up_debounce/FSM_sequential_state_reg[1]/C is not reached by a timing clock
Related violations: <none>

TIMING-17#318 Critical Warning
Non-clocked sequential cell  
The clock pin datapath/stepper_v/up_debounce/FSM_sequential_state_reg[2]/C is not reached by a timing clock
Related violations: <none>

TIMING-17#319 Critical Warning
Non-clocked sequential cell  
The clock pin datapath/stepper_v/up_debounce/delay_counter/processQ_reg[0]/C is not reached by a timing clock
Related violations: <none>

TIMING-17#320 Critical Warning
Non-clocked sequential cell  
The clock pin datapath/stepper_v/up_debounce/delay_counter/processQ_reg[10]/C is not reached by a timing clock
Related violations: <none>

TIMING-17#321 Critical Warning
Non-clocked sequential cell  
The clock pin datapath/stepper_v/up_debounce/delay_counter/processQ_reg[11]/C is not reached by a timing clock
Related violations: <none>

TIMING-17#322 Critical Warning
Non-clocked sequential cell  
The clock pin datapath/stepper_v/up_debounce/delay_counter/processQ_reg[12]/C is not reached by a timing clock
Related violations: <none>

TIMING-17#323 Critical Warning
Non-clocked sequential cell  
The clock pin datapath/stepper_v/up_debounce/delay_counter/processQ_reg[13]/C is not reached by a timing clock
Related violations: <none>

TIMING-17#324 Critical Warning
Non-clocked sequential cell  
The clock pin datapath/stepper_v/up_debounce/delay_counter/processQ_reg[14]/C is not reached by a timing clock
Related violations: <none>

TIMING-17#325 Critical Warning
Non-clocked sequential cell  
The clock pin datapath/stepper_v/up_debounce/delay_counter/processQ_reg[15]/C is not reached by a timing clock
Related violations: <none>

TIMING-17#326 Critical Warning
Non-clocked sequential cell  
The clock pin datapath/stepper_v/up_debounce/delay_counter/processQ_reg[16]/C is not reached by a timing clock
Related violations: <none>

TIMING-17#327 Critical Warning
Non-clocked sequential cell  
The clock pin datapath/stepper_v/up_debounce/delay_counter/processQ_reg[17]/C is not reached by a timing clock
Related violations: <none>

TIMING-17#328 Critical Warning
Non-clocked sequential cell  
The clock pin datapath/stepper_v/up_debounce/delay_counter/processQ_reg[18]/C is not reached by a timing clock
Related violations: <none>

TIMING-17#329 Critical Warning
Non-clocked sequential cell  
The clock pin datapath/stepper_v/up_debounce/delay_counter/processQ_reg[19]/C is not reached by a timing clock
Related violations: <none>

TIMING-17#330 Critical Warning
Non-clocked sequential cell  
The clock pin datapath/stepper_v/up_debounce/delay_counter/processQ_reg[1]/C is not reached by a timing clock
Related violations: <none>

TIMING-17#331 Critical Warning
Non-clocked sequential cell  
The clock pin datapath/stepper_v/up_debounce/delay_counter/processQ_reg[20]/C is not reached by a timing clock
Related violations: <none>

TIMING-17#332 Critical Warning
Non-clocked sequential cell  
The clock pin datapath/stepper_v/up_debounce/delay_counter/processQ_reg[21]/C is not reached by a timing clock
Related violations: <none>

TIMING-17#333 Critical Warning
Non-clocked sequential cell  
The clock pin datapath/stepper_v/up_debounce/delay_counter/processQ_reg[22]/C is not reached by a timing clock
Related violations: <none>

TIMING-17#334 Critical Warning
Non-clocked sequential cell  
The clock pin datapath/stepper_v/up_debounce/delay_counter/processQ_reg[23]/C is not reached by a timing clock
Related violations: <none>

TIMING-17#335 Critical Warning
Non-clocked sequential cell  
The clock pin datapath/stepper_v/up_debounce/delay_counter/processQ_reg[24]/C is not reached by a timing clock
Related violations: <none>

TIMING-17#336 Critical Warning
Non-clocked sequential cell  
The clock pin datapath/stepper_v/up_debounce/delay_counter/processQ_reg[2]/C is not reached by a timing clock
Related violations: <none>

TIMING-17#337 Critical Warning
Non-clocked sequential cell  
The clock pin datapath/stepper_v/up_debounce/delay_counter/processQ_reg[3]/C is not reached by a timing clock
Related violations: <none>

TIMING-17#338 Critical Warning
Non-clocked sequential cell  
The clock pin datapath/stepper_v/up_debounce/delay_counter/processQ_reg[4]/C is not reached by a timing clock
Related violations: <none>

TIMING-17#339 Critical Warning
Non-clocked sequential cell  
The clock pin datapath/stepper_v/up_debounce/delay_counter/processQ_reg[5]/C is not reached by a timing clock
Related violations: <none>

TIMING-17#340 Critical Warning
Non-clocked sequential cell  
The clock pin datapath/stepper_v/up_debounce/delay_counter/processQ_reg[6]/C is not reached by a timing clock
Related violations: <none>

TIMING-17#341 Critical Warning
Non-clocked sequential cell  
The clock pin datapath/stepper_v/up_debounce/delay_counter/processQ_reg[7]/C is not reached by a timing clock
Related violations: <none>

TIMING-17#342 Critical Warning
Non-clocked sequential cell  
The clock pin datapath/stepper_v/up_debounce/delay_counter/processQ_reg[8]/C is not reached by a timing clock
Related violations: <none>

TIMING-17#343 Critical Warning
Non-clocked sequential cell  
The clock pin datapath/stepper_v/up_debounce/delay_counter/processQ_reg[9]/C is not reached by a timing clock
Related violations: <none>

TIMING-17#344 Critical Warning
Non-clocked sequential cell  
The clock pin datapath/trig_detect/previous_reg[0]/C is not reached by a timing clock
Related violations: <none>

TIMING-17#345 Critical Warning
Non-clocked sequential cell  
The clock pin datapath/trig_detect/previous_reg[1]/C is not reached by a timing clock
Related violations: <none>

TIMING-17#346 Critical Warning
Non-clocked sequential cell  
The clock pin datapath/trig_detect/previous_reg[2]/C is not reached by a timing clock
Related violations: <none>

TIMING-17#347 Critical Warning
Non-clocked sequential cell  
The clock pin datapath/trig_detect/previous_reg[3]/C is not reached by a timing clock
Related violations: <none>

TIMING-17#348 Critical Warning
Non-clocked sequential cell  
The clock pin datapath/trig_detect/previous_reg[4]/C is not reached by a timing clock
Related violations: <none>

TIMING-17#349 Critical Warning
Non-clocked sequential cell  
The clock pin datapath/trig_detect/previous_reg[5]/C is not reached by a timing clock
Related violations: <none>

TIMING-17#350 Critical Warning
Non-clocked sequential cell  
The clock pin datapath/trig_detect/previous_reg[6]/C is not reached by a timing clock
Related violations: <none>

TIMING-17#351 Critical Warning
Non-clocked sequential cell  
The clock pin datapath/trig_detect/previous_reg[7]/C is not reached by a timing clock
Related violations: <none>

TIMING-17#352 Critical Warning
Non-clocked sequential cell  
The clock pin datapath/trig_detect/previous_reg[8]/C is not reached by a timing clock
Related violations: <none>

TIMING-17#353 Critical Warning
Non-clocked sequential cell  
The clock pin oled/Example/after_char_state_reg[0]/C is not reached by a timing clock
Related violations: <none>

TIMING-17#354 Critical Warning
Non-clocked sequential cell  
The clock pin oled/Example/after_char_state_reg[3]/C is not reached by a timing clock
Related violations: <none>

TIMING-17#355 Critical Warning
Non-clocked sequential cell  
The clock pin oled/Example/after_page_state_reg[0]/C is not reached by a timing clock
Related violations: <none>

TIMING-17#356 Critical Warning
Non-clocked sequential cell  
The clock pin oled/Example/after_page_state_reg[3]/C is not reached by a timing clock
Related violations: <none>

TIMING-17#357 Critical Warning
Non-clocked sequential cell  
The clock pin oled/Example/after_state_reg[0]/C is not reached by a timing clock
Related violations: <none>

TIMING-17#358 Critical Warning
Non-clocked sequential cell  
The clock pin oled/Example/after_state_reg[1]/C is not reached by a timing clock
Related violations: <none>

TIMING-17#359 Critical Warning
Non-clocked sequential cell  
The clock pin oled/Example/after_state_reg[2]/C is not reached by a timing clock
Related violations: <none>

TIMING-17#360 Critical Warning
Non-clocked sequential cell  
The clock pin oled/Example/after_state_reg[3]/C is not reached by a timing clock
Related violations: <none>

TIMING-17#361 Critical Warning
Non-clocked sequential cell  
The clock pin oled/Example/after_state_reg[4]/C is not reached by a timing clock
Related violations: <none>

TIMING-17#362 Critical Warning
Non-clocked sequential cell  
The clock pin oled/Example/after_update_state_reg[0]/C is not reached by a timing clock
Related violations: <none>

TIMING-17#363 Critical Warning
Non-clocked sequential cell  
The clock pin oled/Example/char_lib_comp/dout_reg/CLKARDCLK is not reached by a timing clock
Related violations: <none>

TIMING-17#364 Critical Warning
Non-clocked sequential cell  
The clock pin oled/Example/char_lib_comp/oled/Example/char_lib_comp/dout_reg_cooolgate_en_gate_8_cooolDelFlop/C is not reached by a timing clock
Related violations: <none>

TIMING-17#365 Critical Warning
Non-clocked sequential cell  
The clock pin oled/Example/current_state_reg[0]/C is not reached by a timing clock
Related violations: <none>

TIMING-17#366 Critical Warning
Non-clocked sequential cell  
The clock pin oled/Example/current_state_reg[1]/C is not reached by a timing clock
Related violations: <none>

TIMING-17#367 Critical Warning
Non-clocked sequential cell  
The clock pin oled/Example/current_state_reg[2]/C is not reached by a timing clock
Related violations: <none>

TIMING-17#368 Critical Warning
Non-clocked sequential cell  
The clock pin oled/Example/current_state_reg[3]/C is not reached by a timing clock
Related violations: <none>

TIMING-17#369 Critical Warning
Non-clocked sequential cell  
The clock pin oled/Example/current_state_reg[4]/C is not reached by a timing clock
Related violations: <none>

TIMING-17#370 Critical Warning
Non-clocked sequential cell  
The clock pin oled/Example/delay_comp/FSM_onehot_current_state_reg[0]/C is not reached by a timing clock
Related violations: <none>

TIMING-17#371 Critical Warning
Non-clocked sequential cell  
The clock pin oled/Example/delay_comp/FSM_onehot_current_state_reg[1]/C is not reached by a timing clock
Related violations: <none>

TIMING-17#372 Critical Warning
Non-clocked sequential cell  
The clock pin oled/Example/delay_comp/FSM_onehot_current_state_reg[2]/C is not reached by a timing clock
Related violations: <none>

TIMING-17#373 Critical Warning
Non-clocked sequential cell  
The clock pin oled/Example/delay_comp/clk_counter_reg[0]/C is not reached by a timing clock
Related violations: <none>

TIMING-17#374 Critical Warning
Non-clocked sequential cell  
The clock pin oled/Example/delay_comp/clk_counter_reg[10]/C is not reached by a timing clock
Related violations: <none>

TIMING-17#375 Critical Warning
Non-clocked sequential cell  
The clock pin oled/Example/delay_comp/clk_counter_reg[11]/C is not reached by a timing clock
Related violations: <none>

TIMING-17#376 Critical Warning
Non-clocked sequential cell  
The clock pin oled/Example/delay_comp/clk_counter_reg[12]/C is not reached by a timing clock
Related violations: <none>

TIMING-17#377 Critical Warning
Non-clocked sequential cell  
The clock pin oled/Example/delay_comp/clk_counter_reg[13]/C is not reached by a timing clock
Related violations: <none>

TIMING-17#378 Critical Warning
Non-clocked sequential cell  
The clock pin oled/Example/delay_comp/clk_counter_reg[14]/C is not reached by a timing clock
Related violations: <none>

TIMING-17#379 Critical Warning
Non-clocked sequential cell  
The clock pin oled/Example/delay_comp/clk_counter_reg[15]/C is not reached by a timing clock
Related violations: <none>

TIMING-17#380 Critical Warning
Non-clocked sequential cell  
The clock pin oled/Example/delay_comp/clk_counter_reg[16]/C is not reached by a timing clock
Related violations: <none>

TIMING-17#381 Critical Warning
Non-clocked sequential cell  
The clock pin oled/Example/delay_comp/clk_counter_reg[1]/C is not reached by a timing clock
Related violations: <none>

TIMING-17#382 Critical Warning
Non-clocked sequential cell  
The clock pin oled/Example/delay_comp/clk_counter_reg[2]/C is not reached by a timing clock
Related violations: <none>

TIMING-17#383 Critical Warning
Non-clocked sequential cell  
The clock pin oled/Example/delay_comp/clk_counter_reg[3]/C is not reached by a timing clock
Related violations: <none>

TIMING-17#384 Critical Warning
Non-clocked sequential cell  
The clock pin oled/Example/delay_comp/clk_counter_reg[4]/C is not reached by a timing clock
Related violations: <none>

TIMING-17#385 Critical Warning
Non-clocked sequential cell  
The clock pin oled/Example/delay_comp/clk_counter_reg[5]/C is not reached by a timing clock
Related violations: <none>

TIMING-17#386 Critical Warning
Non-clocked sequential cell  
The clock pin oled/Example/delay_comp/clk_counter_reg[6]/C is not reached by a timing clock
Related violations: <none>

TIMING-17#387 Critical Warning
Non-clocked sequential cell  
The clock pin oled/Example/delay_comp/clk_counter_reg[7]/C is not reached by a timing clock
Related violations: <none>

TIMING-17#388 Critical Warning
Non-clocked sequential cell  
The clock pin oled/Example/delay_comp/clk_counter_reg[8]/C is not reached by a timing clock
Related violations: <none>

TIMING-17#389 Critical Warning
Non-clocked sequential cell  
The clock pin oled/Example/delay_comp/clk_counter_reg[9]/C is not reached by a timing clock
Related violations: <none>

TIMING-17#390 Critical Warning
Non-clocked sequential cell  
The clock pin oled/Example/delay_comp/ms_counter_reg[0]/C is not reached by a timing clock
Related violations: <none>

TIMING-17#391 Critical Warning
Non-clocked sequential cell  
The clock pin oled/Example/delay_comp/ms_counter_reg[10]/C is not reached by a timing clock
Related violations: <none>

TIMING-17#392 Critical Warning
Non-clocked sequential cell  
The clock pin oled/Example/delay_comp/ms_counter_reg[11]/C is not reached by a timing clock
Related violations: <none>

TIMING-17#393 Critical Warning
Non-clocked sequential cell  
The clock pin oled/Example/delay_comp/ms_counter_reg[1]/C is not reached by a timing clock
Related violations: <none>

TIMING-17#394 Critical Warning
Non-clocked sequential cell  
The clock pin oled/Example/delay_comp/ms_counter_reg[2]/C is not reached by a timing clock
Related violations: <none>

TIMING-17#395 Critical Warning
Non-clocked sequential cell  
The clock pin oled/Example/delay_comp/ms_counter_reg[3]/C is not reached by a timing clock
Related violations: <none>

TIMING-17#396 Critical Warning
Non-clocked sequential cell  
The clock pin oled/Example/delay_comp/ms_counter_reg[4]/C is not reached by a timing clock
Related violations: <none>

TIMING-17#397 Critical Warning
Non-clocked sequential cell  
The clock pin oled/Example/delay_comp/ms_counter_reg[5]/C is not reached by a timing clock
Related violations: <none>

TIMING-17#398 Critical Warning
Non-clocked sequential cell  
The clock pin oled/Example/delay_comp/ms_counter_reg[6]/C is not reached by a timing clock
Related violations: <none>

TIMING-17#399 Critical Warning
Non-clocked sequential cell  
The clock pin oled/Example/delay_comp/ms_counter_reg[7]/C is not reached by a timing clock
Related violations: <none>

TIMING-17#400 Critical Warning
Non-clocked sequential cell  
The clock pin oled/Example/delay_comp/ms_counter_reg[8]/C is not reached by a timing clock
Related violations: <none>

TIMING-17#401 Critical Warning
Non-clocked sequential cell  
The clock pin oled/Example/delay_comp/ms_counter_reg[9]/C is not reached by a timing clock
Related violations: <none>

TIMING-17#402 Critical Warning
Non-clocked sequential cell  
The clock pin oled/Example/spi_comp/FSM_onehot_current_state_reg[0]/C is not reached by a timing clock
Related violations: <none>

TIMING-17#403 Critical Warning
Non-clocked sequential cell  
The clock pin oled/Example/spi_comp/FSM_onehot_current_state_reg[1]/C is not reached by a timing clock
Related violations: <none>

TIMING-17#404 Critical Warning
Non-clocked sequential cell  
The clock pin oled/Example/spi_comp/FSM_onehot_current_state_reg[2]/C is not reached by a timing clock
Related violations: <none>

TIMING-17#405 Critical Warning
Non-clocked sequential cell  
The clock pin oled/Example/spi_comp/counter_reg[0]/C is not reached by a timing clock
Related violations: <none>

TIMING-17#406 Critical Warning
Non-clocked sequential cell  
The clock pin oled/Example/spi_comp/counter_reg[1]/C is not reached by a timing clock
Related violations: <none>

TIMING-17#407 Critical Warning
Non-clocked sequential cell  
The clock pin oled/Example/spi_comp/counter_reg[2]/C is not reached by a timing clock
Related violations: <none>

TIMING-17#408 Critical Warning
Non-clocked sequential cell  
The clock pin oled/Example/spi_comp/counter_reg[3]/C is not reached by a timing clock
Related violations: <none>

TIMING-17#409 Critical Warning
Non-clocked sequential cell  
The clock pin oled/Example/spi_comp/counter_reg[4]/C is not reached by a timing clock
Related violations: <none>

TIMING-17#410 Critical Warning
Non-clocked sequential cell  
The clock pin oled/Example/spi_comp/falling_reg/C is not reached by a timing clock
Related violations: <none>

TIMING-17#411 Critical Warning
Non-clocked sequential cell  
The clock pin oled/Example/spi_comp/shift_counter_reg[0]/C is not reached by a timing clock
Related violations: <none>

TIMING-17#412 Critical Warning
Non-clocked sequential cell  
The clock pin oled/Example/spi_comp/shift_counter_reg[1]/C is not reached by a timing clock
Related violations: <none>

TIMING-17#413 Critical Warning
Non-clocked sequential cell  
The clock pin oled/Example/spi_comp/shift_counter_reg[2]/C is not reached by a timing clock
Related violations: <none>

TIMING-17#414 Critical Warning
Non-clocked sequential cell  
The clock pin oled/Example/spi_comp/shift_counter_reg[3]/C is not reached by a timing clock
Related violations: <none>

TIMING-17#415 Critical Warning
Non-clocked sequential cell  
The clock pin oled/Example/spi_comp/shift_register_reg[0]/C is not reached by a timing clock
Related violations: <none>

TIMING-17#416 Critical Warning
Non-clocked sequential cell  
The clock pin oled/Example/spi_comp/shift_register_reg[1]/C is not reached by a timing clock
Related violations: <none>

TIMING-17#417 Critical Warning
Non-clocked sequential cell  
The clock pin oled/Example/spi_comp/shift_register_reg[2]/C is not reached by a timing clock
Related violations: <none>

TIMING-17#418 Critical Warning
Non-clocked sequential cell  
The clock pin oled/Example/spi_comp/shift_register_reg[3]/C is not reached by a timing clock
Related violations: <none>

TIMING-17#419 Critical Warning
Non-clocked sequential cell  
The clock pin oled/Example/spi_comp/shift_register_reg[4]/C is not reached by a timing clock
Related violations: <none>

TIMING-17#420 Critical Warning
Non-clocked sequential cell  
The clock pin oled/Example/spi_comp/shift_register_reg[5]/C is not reached by a timing clock
Related violations: <none>

TIMING-17#421 Critical Warning
Non-clocked sequential cell  
The clock pin oled/Example/spi_comp/shift_register_reg[6]/C is not reached by a timing clock
Related violations: <none>

TIMING-17#422 Critical Warning
Non-clocked sequential cell  
The clock pin oled/Example/spi_comp/shift_register_reg[7]/C is not reached by a timing clock
Related violations: <none>

TIMING-17#423 Critical Warning
Non-clocked sequential cell  
The clock pin oled/Example/spi_comp/temp_sdata_reg/C is not reached by a timing clock
Related violations: <none>

TIMING-17#424 Critical Warning
Non-clocked sequential cell  
The clock pin oled/Example/temp_addr_reg[0]/C is not reached by a timing clock
Related violations: <none>

TIMING-17#425 Critical Warning
Non-clocked sequential cell  
The clock pin oled/Example/temp_addr_reg[1]/C is not reached by a timing clock
Related violations: <none>

TIMING-17#426 Critical Warning
Non-clocked sequential cell  
The clock pin oled/Example/temp_addr_reg[2]/C is not reached by a timing clock
Related violations: <none>

TIMING-17#427 Critical Warning
Non-clocked sequential cell  
The clock pin oled/Example/temp_addr_reg[3]/C is not reached by a timing clock
Related violations: <none>

TIMING-17#428 Critical Warning
Non-clocked sequential cell  
The clock pin oled/Example/temp_addr_reg[4]/C is not reached by a timing clock
Related violations: <none>

TIMING-17#429 Critical Warning
Non-clocked sequential cell  
The clock pin oled/Example/temp_addr_reg[5]/C is not reached by a timing clock
Related violations: <none>

TIMING-17#430 Critical Warning
Non-clocked sequential cell  
The clock pin oled/Example/temp_addr_reg[6]/C is not reached by a timing clock
Related violations: <none>

TIMING-17#431 Critical Warning
Non-clocked sequential cell  
The clock pin oled/Example/temp_addr_reg[7]/C is not reached by a timing clock
Related violations: <none>

TIMING-17#432 Critical Warning
Non-clocked sequential cell  
The clock pin oled/Example/temp_addr_reg[8]/C is not reached by a timing clock
Related violations: <none>

TIMING-17#433 Critical Warning
Non-clocked sequential cell  
The clock pin oled/Example/temp_addr_reg[9]/C is not reached by a timing clock
Related violations: <none>

TIMING-17#434 Critical Warning
Non-clocked sequential cell  
The clock pin oled/Example/temp_char_reg[0]/C is not reached by a timing clock
Related violations: <none>

TIMING-17#435 Critical Warning
Non-clocked sequential cell  
The clock pin oled/Example/temp_char_reg[1]/C is not reached by a timing clock
Related violations: <none>

TIMING-17#436 Critical Warning
Non-clocked sequential cell  
The clock pin oled/Example/temp_char_reg[2]/C is not reached by a timing clock
Related violations: <none>

TIMING-17#437 Critical Warning
Non-clocked sequential cell  
The clock pin oled/Example/temp_char_reg[3]/C is not reached by a timing clock
Related violations: <none>

TIMING-17#438 Critical Warning
Non-clocked sequential cell  
The clock pin oled/Example/temp_char_reg[4]/C is not reached by a timing clock
Related violations: <none>

TIMING-17#439 Critical Warning
Non-clocked sequential cell  
The clock pin oled/Example/temp_char_reg[5]/C is not reached by a timing clock
Related violations: <none>

TIMING-17#440 Critical Warning
Non-clocked sequential cell  
The clock pin oled/Example/temp_char_reg[6]/C is not reached by a timing clock
Related violations: <none>

TIMING-17#441 Critical Warning
Non-clocked sequential cell  
The clock pin oled/Example/temp_dc_reg/C is not reached by a timing clock
Related violations: <none>

TIMING-17#442 Critical Warning
Non-clocked sequential cell  
The clock pin oled/Example/temp_delay_en_reg/C is not reached by a timing clock
Related violations: <none>

TIMING-17#443 Critical Warning
Non-clocked sequential cell  
The clock pin oled/Example/temp_index_reg[0]/C is not reached by a timing clock
Related violations: <none>

TIMING-17#444 Critical Warning
Non-clocked sequential cell  
The clock pin oled/Example/temp_index_reg[1]/C is not reached by a timing clock
Related violations: <none>

TIMING-17#445 Critical Warning
Non-clocked sequential cell  
The clock pin oled/Example/temp_index_reg[2]/C is not reached by a timing clock
Related violations: <none>

TIMING-17#446 Critical Warning
Non-clocked sequential cell  
The clock pin oled/Example/temp_index_reg[3]/C is not reached by a timing clock
Related violations: <none>

TIMING-17#447 Critical Warning
Non-clocked sequential cell  
The clock pin oled/Example/temp_page_reg[0]/C is not reached by a timing clock
Related violations: <none>

TIMING-17#448 Critical Warning
Non-clocked sequential cell  
The clock pin oled/Example/temp_page_reg[1]/C is not reached by a timing clock
Related violations: <none>

TIMING-17#449 Critical Warning
Non-clocked sequential cell  
The clock pin oled/Example/temp_sdata_reg[0]/C is not reached by a timing clock
Related violations: <none>

TIMING-17#450 Critical Warning
Non-clocked sequential cell  
The clock pin oled/Example/temp_sdata_reg[1]/C is not reached by a timing clock
Related violations: <none>

TIMING-17#451 Critical Warning
Non-clocked sequential cell  
The clock pin oled/Example/temp_sdata_reg[2]/C is not reached by a timing clock
Related violations: <none>

TIMING-17#452 Critical Warning
Non-clocked sequential cell  
The clock pin oled/Example/temp_sdata_reg[3]/C is not reached by a timing clock
Related violations: <none>

TIMING-17#453 Critical Warning
Non-clocked sequential cell  
The clock pin oled/Example/temp_sdata_reg[4]/C is not reached by a timing clock
Related violations: <none>

TIMING-17#454 Critical Warning
Non-clocked sequential cell  
The clock pin oled/Example/temp_sdata_reg[5]/C is not reached by a timing clock
Related violations: <none>

TIMING-17#455 Critical Warning
Non-clocked sequential cell  
The clock pin oled/Example/temp_sdata_reg[6]/C is not reached by a timing clock
Related violations: <none>

TIMING-17#456 Critical Warning
Non-clocked sequential cell  
The clock pin oled/Example/temp_sdata_reg[7]/C is not reached by a timing clock
Related violations: <none>

TIMING-17#457 Critical Warning
Non-clocked sequential cell  
The clock pin oled/Example/temp_spi_en_reg/C is not reached by a timing clock
Related violations: <none>

TIMING-17#458 Critical Warning
Non-clocked sequential cell  
The clock pin oled/FSM_onehot_current_state_reg[0]/C is not reached by a timing clock
Related violations: <none>

TIMING-17#459 Critical Warning
Non-clocked sequential cell  
The clock pin oled/FSM_onehot_current_state_reg[1]/C is not reached by a timing clock
Related violations: <none>

TIMING-17#460 Critical Warning
Non-clocked sequential cell  
The clock pin oled/FSM_onehot_current_state_reg[2]/C is not reached by a timing clock
Related violations: <none>

TIMING-17#461 Critical Warning
Non-clocked sequential cell  
The clock pin oled/FSM_onehot_current_state_reg[3]/C is not reached by a timing clock
Related violations: <none>

TIMING-17#462 Critical Warning
Non-clocked sequential cell  
The clock pin oled/Initialize/after_state_reg[0]/C is not reached by a timing clock
Related violations: <none>

TIMING-17#463 Critical Warning
Non-clocked sequential cell  
The clock pin oled/Initialize/after_state_reg[1]/C is not reached by a timing clock
Related violations: <none>

TIMING-17#464 Critical Warning
Non-clocked sequential cell  
The clock pin oled/Initialize/after_state_reg[2]/C is not reached by a timing clock
Related violations: <none>

TIMING-17#465 Critical Warning
Non-clocked sequential cell  
The clock pin oled/Initialize/after_state_reg[3]/C is not reached by a timing clock
Related violations: <none>

TIMING-17#466 Critical Warning
Non-clocked sequential cell  
The clock pin oled/Initialize/after_state_reg[4]/C is not reached by a timing clock
Related violations: <none>

TIMING-17#467 Critical Warning
Non-clocked sequential cell  
The clock pin oled/Initialize/current_state_reg[0]/C is not reached by a timing clock
Related violations: <none>

TIMING-17#468 Critical Warning
Non-clocked sequential cell  
The clock pin oled/Initialize/current_state_reg[1]/C is not reached by a timing clock
Related violations: <none>

TIMING-17#469 Critical Warning
Non-clocked sequential cell  
The clock pin oled/Initialize/current_state_reg[2]/C is not reached by a timing clock
Related violations: <none>

TIMING-17#470 Critical Warning
Non-clocked sequential cell  
The clock pin oled/Initialize/current_state_reg[3]/C is not reached by a timing clock
Related violations: <none>

TIMING-17#471 Critical Warning
Non-clocked sequential cell  
The clock pin oled/Initialize/current_state_reg[4]/C is not reached by a timing clock
Related violations: <none>

TIMING-17#472 Critical Warning
Non-clocked sequential cell  
The clock pin oled/Initialize/delay_comp/FSM_onehot_current_state_reg[0]/C is not reached by a timing clock
Related violations: <none>

TIMING-17#473 Critical Warning
Non-clocked sequential cell  
The clock pin oled/Initialize/delay_comp/FSM_onehot_current_state_reg[1]/C is not reached by a timing clock
Related violations: <none>

TIMING-17#474 Critical Warning
Non-clocked sequential cell  
The clock pin oled/Initialize/delay_comp/FSM_onehot_current_state_reg[2]/C is not reached by a timing clock
Related violations: <none>

TIMING-17#475 Critical Warning
Non-clocked sequential cell  
The clock pin oled/Initialize/delay_comp/clk_counter_reg[0]/C is not reached by a timing clock
Related violations: <none>

TIMING-17#476 Critical Warning
Non-clocked sequential cell  
The clock pin oled/Initialize/delay_comp/clk_counter_reg[10]/C is not reached by a timing clock
Related violations: <none>

TIMING-17#477 Critical Warning
Non-clocked sequential cell  
The clock pin oled/Initialize/delay_comp/clk_counter_reg[11]/C is not reached by a timing clock
Related violations: <none>

TIMING-17#478 Critical Warning
Non-clocked sequential cell  
The clock pin oled/Initialize/delay_comp/clk_counter_reg[12]/C is not reached by a timing clock
Related violations: <none>

TIMING-17#479 Critical Warning
Non-clocked sequential cell  
The clock pin oled/Initialize/delay_comp/clk_counter_reg[13]/C is not reached by a timing clock
Related violations: <none>

TIMING-17#480 Critical Warning
Non-clocked sequential cell  
The clock pin oled/Initialize/delay_comp/clk_counter_reg[14]/C is not reached by a timing clock
Related violations: <none>

TIMING-17#481 Critical Warning
Non-clocked sequential cell  
The clock pin oled/Initialize/delay_comp/clk_counter_reg[15]/C is not reached by a timing clock
Related violations: <none>

TIMING-17#482 Critical Warning
Non-clocked sequential cell  
The clock pin oled/Initialize/delay_comp/clk_counter_reg[16]/C is not reached by a timing clock
Related violations: <none>

TIMING-17#483 Critical Warning
Non-clocked sequential cell  
The clock pin oled/Initialize/delay_comp/clk_counter_reg[1]/C is not reached by a timing clock
Related violations: <none>

TIMING-17#484 Critical Warning
Non-clocked sequential cell  
The clock pin oled/Initialize/delay_comp/clk_counter_reg[2]/C is not reached by a timing clock
Related violations: <none>

TIMING-17#485 Critical Warning
Non-clocked sequential cell  
The clock pin oled/Initialize/delay_comp/clk_counter_reg[3]/C is not reached by a timing clock
Related violations: <none>

TIMING-17#486 Critical Warning
Non-clocked sequential cell  
The clock pin oled/Initialize/delay_comp/clk_counter_reg[4]/C is not reached by a timing clock
Related violations: <none>

TIMING-17#487 Critical Warning
Non-clocked sequential cell  
The clock pin oled/Initialize/delay_comp/clk_counter_reg[5]/C is not reached by a timing clock
Related violations: <none>

TIMING-17#488 Critical Warning
Non-clocked sequential cell  
The clock pin oled/Initialize/delay_comp/clk_counter_reg[6]/C is not reached by a timing clock
Related violations: <none>

TIMING-17#489 Critical Warning
Non-clocked sequential cell  
The clock pin oled/Initialize/delay_comp/clk_counter_reg[7]/C is not reached by a timing clock
Related violations: <none>

TIMING-17#490 Critical Warning
Non-clocked sequential cell  
The clock pin oled/Initialize/delay_comp/clk_counter_reg[8]/C is not reached by a timing clock
Related violations: <none>

TIMING-17#491 Critical Warning
Non-clocked sequential cell  
The clock pin oled/Initialize/delay_comp/clk_counter_reg[9]/C is not reached by a timing clock
Related violations: <none>

TIMING-17#492 Critical Warning
Non-clocked sequential cell  
The clock pin oled/Initialize/delay_comp/ms_counter_reg[0]/C is not reached by a timing clock
Related violations: <none>

TIMING-17#493 Critical Warning
Non-clocked sequential cell  
The clock pin oled/Initialize/delay_comp/ms_counter_reg[10]/C is not reached by a timing clock
Related violations: <none>

TIMING-17#494 Critical Warning
Non-clocked sequential cell  
The clock pin oled/Initialize/delay_comp/ms_counter_reg[11]/C is not reached by a timing clock
Related violations: <none>

TIMING-17#495 Critical Warning
Non-clocked sequential cell  
The clock pin oled/Initialize/delay_comp/ms_counter_reg[1]/C is not reached by a timing clock
Related violations: <none>

TIMING-17#496 Critical Warning
Non-clocked sequential cell  
The clock pin oled/Initialize/delay_comp/ms_counter_reg[2]/C is not reached by a timing clock
Related violations: <none>

TIMING-17#497 Critical Warning
Non-clocked sequential cell  
The clock pin oled/Initialize/delay_comp/ms_counter_reg[3]/C is not reached by a timing clock
Related violations: <none>

TIMING-17#498 Critical Warning
Non-clocked sequential cell  
The clock pin oled/Initialize/delay_comp/ms_counter_reg[4]/C is not reached by a timing clock
Related violations: <none>

TIMING-17#499 Critical Warning
Non-clocked sequential cell  
The clock pin oled/Initialize/delay_comp/ms_counter_reg[5]/C is not reached by a timing clock
Related violations: <none>

TIMING-17#500 Critical Warning
Non-clocked sequential cell  
The clock pin oled/Initialize/delay_comp/ms_counter_reg[6]/C is not reached by a timing clock
Related violations: <none>

TIMING-17#501 Critical Warning
Non-clocked sequential cell  
The clock pin oled/Initialize/delay_comp/ms_counter_reg[7]/C is not reached by a timing clock
Related violations: <none>

TIMING-17#502 Critical Warning
Non-clocked sequential cell  
The clock pin oled/Initialize/delay_comp/ms_counter_reg[8]/C is not reached by a timing clock
Related violations: <none>

TIMING-17#503 Critical Warning
Non-clocked sequential cell  
The clock pin oled/Initialize/delay_comp/ms_counter_reg[9]/C is not reached by a timing clock
Related violations: <none>

TIMING-17#504 Critical Warning
Non-clocked sequential cell  
The clock pin oled/Initialize/spi_comp/FSM_onehot_current_state_reg[0]/C is not reached by a timing clock
Related violations: <none>

TIMING-17#505 Critical Warning
Non-clocked sequential cell  
The clock pin oled/Initialize/spi_comp/FSM_onehot_current_state_reg[1]/C is not reached by a timing clock
Related violations: <none>

TIMING-17#506 Critical Warning
Non-clocked sequential cell  
The clock pin oled/Initialize/spi_comp/FSM_onehot_current_state_reg[2]/C is not reached by a timing clock
Related violations: <none>

TIMING-17#507 Critical Warning
Non-clocked sequential cell  
The clock pin oled/Initialize/spi_comp/counter_reg[0]/C is not reached by a timing clock
Related violations: <none>

TIMING-17#508 Critical Warning
Non-clocked sequential cell  
The clock pin oled/Initialize/spi_comp/counter_reg[1]/C is not reached by a timing clock
Related violations: <none>

TIMING-17#509 Critical Warning
Non-clocked sequential cell  
The clock pin oled/Initialize/spi_comp/counter_reg[2]/C is not reached by a timing clock
Related violations: <none>

TIMING-17#510 Critical Warning
Non-clocked sequential cell  
The clock pin oled/Initialize/spi_comp/counter_reg[3]/C is not reached by a timing clock
Related violations: <none>

TIMING-17#511 Critical Warning
Non-clocked sequential cell  
The clock pin oled/Initialize/spi_comp/counter_reg[4]/C is not reached by a timing clock
Related violations: <none>

TIMING-17#512 Critical Warning
Non-clocked sequential cell  
The clock pin oled/Initialize/spi_comp/falling_reg/C is not reached by a timing clock
Related violations: <none>

TIMING-17#513 Critical Warning
Non-clocked sequential cell  
The clock pin oled/Initialize/spi_comp/shift_counter_reg[0]/C is not reached by a timing clock
Related violations: <none>

TIMING-17#514 Critical Warning
Non-clocked sequential cell  
The clock pin oled/Initialize/spi_comp/shift_counter_reg[1]/C is not reached by a timing clock
Related violations: <none>

TIMING-17#515 Critical Warning
Non-clocked sequential cell  
The clock pin oled/Initialize/spi_comp/shift_counter_reg[2]/C is not reached by a timing clock
Related violations: <none>

TIMING-17#516 Critical Warning
Non-clocked sequential cell  
The clock pin oled/Initialize/spi_comp/shift_counter_reg[3]/C is not reached by a timing clock
Related violations: <none>

TIMING-17#517 Critical Warning
Non-clocked sequential cell  
The clock pin oled/Initialize/spi_comp/shift_register_reg[0]/C is not reached by a timing clock
Related violations: <none>

TIMING-17#518 Critical Warning
Non-clocked sequential cell  
The clock pin oled/Initialize/spi_comp/shift_register_reg[1]/C is not reached by a timing clock
Related violations: <none>

TIMING-17#519 Critical Warning
Non-clocked sequential cell  
The clock pin oled/Initialize/spi_comp/shift_register_reg[2]/C is not reached by a timing clock
Related violations: <none>

TIMING-17#520 Critical Warning
Non-clocked sequential cell  
The clock pin oled/Initialize/spi_comp/shift_register_reg[3]/C is not reached by a timing clock
Related violations: <none>

TIMING-17#521 Critical Warning
Non-clocked sequential cell  
The clock pin oled/Initialize/spi_comp/shift_register_reg[4]/C is not reached by a timing clock
Related violations: <none>

TIMING-17#522 Critical Warning
Non-clocked sequential cell  
The clock pin oled/Initialize/spi_comp/shift_register_reg[5]/C is not reached by a timing clock
Related violations: <none>

TIMING-17#523 Critical Warning
Non-clocked sequential cell  
The clock pin oled/Initialize/spi_comp/shift_register_reg[6]/C is not reached by a timing clock
Related violations: <none>

TIMING-17#524 Critical Warning
Non-clocked sequential cell  
The clock pin oled/Initialize/spi_comp/shift_register_reg[7]/C is not reached by a timing clock
Related violations: <none>

TIMING-17#525 Critical Warning
Non-clocked sequential cell  
The clock pin oled/Initialize/spi_comp/temp_sdata_reg/C is not reached by a timing clock
Related violations: <none>

TIMING-17#526 Critical Warning
Non-clocked sequential cell  
The clock pin oled/Initialize/temp_delay_en_reg/C is not reached by a timing clock
Related violations: <none>

TIMING-17#527 Critical Warning
Non-clocked sequential cell  
The clock pin oled/Initialize/temp_fin_reg/C is not reached by a timing clock
Related violations: <none>

TIMING-17#528 Critical Warning
Non-clocked sequential cell  
The clock pin oled/Initialize/temp_res_reg/C is not reached by a timing clock
Related violations: <none>

TIMING-17#529 Critical Warning
Non-clocked sequential cell  
The clock pin oled/Initialize/temp_sdata_reg[0]/C is not reached by a timing clock
Related violations: <none>

TIMING-17#530 Critical Warning
Non-clocked sequential cell  
The clock pin oled/Initialize/temp_sdata_reg[1]/C is not reached by a timing clock
Related violations: <none>

TIMING-17#531 Critical Warning
Non-clocked sequential cell  
The clock pin oled/Initialize/temp_sdata_reg[2]/C is not reached by a timing clock
Related violations: <none>

TIMING-17#532 Critical Warning
Non-clocked sequential cell  
The clock pin oled/Initialize/temp_sdata_reg[3]/C is not reached by a timing clock
Related violations: <none>

TIMING-17#533 Critical Warning
Non-clocked sequential cell  
The clock pin oled/Initialize/temp_sdata_reg[4]/C is not reached by a timing clock
Related violations: <none>

TIMING-17#534 Critical Warning
Non-clocked sequential cell  
The clock pin oled/Initialize/temp_sdata_reg[5]/C is not reached by a timing clock
Related violations: <none>

TIMING-17#535 Critical Warning
Non-clocked sequential cell  
The clock pin oled/Initialize/temp_sdata_reg[6]/C is not reached by a timing clock
Related violations: <none>

TIMING-17#536 Critical Warning
Non-clocked sequential cell  
The clock pin oled/Initialize/temp_sdata_reg[7]/C is not reached by a timing clock
Related violations: <none>

TIMING-17#537 Critical Warning
Non-clocked sequential cell  
The clock pin oled/Initialize/temp_spi_en_reg/C is not reached by a timing clock
Related violations: <none>

TIMING-17#538 Critical Warning
Non-clocked sequential cell  
The clock pin oled/Initialize/temp_vbat_reg/C is not reached by a timing clock
Related violations: <none>

TIMING-17#539 Critical Warning
Non-clocked sequential cell  
The clock pin oled/Initialize/temp_vdd_reg/C is not reached by a timing clock
Related violations: <none>

TIMING-27#1 Critical Warning
Invalid primary clock on hierarchical pin  
A primary clock datapath/Audio_Codec/audiocodec_master_clock/inst/clk_in1 is created on an inappropriate internal pin datapath/Audio_Codec/audiocodec_master_clock/inst/clk_in1. It is not recommended to create a primary clock on a hierarchical pin when its driver pin has a fanout connected to multiple clock pins
Related violations: <none>

TIMING-27#2 Critical Warning
Invalid primary clock on hierarchical pin  
A primary clock datapath/video_inst/mmcm_adv_inst_display_clocks/inst/clk_in1 is created on an inappropriate internal pin datapath/video_inst/mmcm_adv_inst_display_clocks/inst/clk_in1. It is not recommended to create a primary clock on a hierarchical pin when its driver pin has a fanout connected to multiple clock pins
Related violations: <none>

LUTAR-1#1 Warning
LUT drives async reset alert  
LUT cell datapath/stepper_t/down_debounce/cw_reg[1]_i_3__0, with 2 or more inputs, drives asynchronous preset/clear pin(s) datapath/stepper_t/down_debounce/cw_reg[0]/PRE
datapath/stepper_t/down_debounce/cw_reg[1]/PRE. The LUT may glitch and trigger an unexpected reset, even if it is a properly timed path.
Related violations: <none>

LUTAR-1#2 Warning
LUT drives async reset alert  
LUT cell datapath/stepper_t/up_debounce/cw_reg[1]_i_3, with 2 or more inputs, drives asynchronous preset/clear pin(s) datapath/stepper_t/up_debounce/cw_reg[0]/PRE
datapath/stepper_t/up_debounce/cw_reg[1]/PRE. The LUT may glitch and trigger an unexpected reset, even if it is a properly timed path.
Related violations: <none>

LUTAR-1#3 Warning
LUT drives async reset alert  
LUT cell datapath/stepper_v/down_debounce/cw_reg[1]_i_3__2, with 2 or more inputs, drives asynchronous preset/clear pin(s) datapath/stepper_v/down_debounce/cw_reg[0]/PRE
datapath/stepper_v/down_debounce/cw_reg[1]/PRE. The LUT may glitch and trigger an unexpected reset, even if it is a properly timed path.
Related violations: <none>

LUTAR-1#4 Warning
LUT drives async reset alert  
LUT cell datapath/stepper_v/up_debounce/cw_reg[1]_i_3__1, with 2 or more inputs, drives asynchronous preset/clear pin(s) datapath/stepper_v/up_debounce/cw_reg[0]/PRE
datapath/stepper_v/up_debounce/cw_reg[1]/PRE. The LUT may glitch and trigger an unexpected reset, even if it is a properly timed path.
Related violations: <none>

SYNTH-6#1 Warning
Timing of a RAM block might be sub-optimal  
The timing for the instance oled/Example/char_lib_comp/dout_reg, implemented as a RAM block, might be sub-optimal as no output register was merged into the block.
Related violations: <none>

TIMING-20#1 Warning
Non-clocked latch  
The latch datapath/stepper_t/down_debounce/cw_reg[0] cannot be properly analyzed as its control pin datapath/stepper_t/down_debounce/cw_reg[0]/G is not reached by a timing clock
Related violations: <none>

TIMING-20#2 Warning
Non-clocked latch  
The latch datapath/stepper_t/down_debounce/cw_reg[1] cannot be properly analyzed as its control pin datapath/stepper_t/down_debounce/cw_reg[1]/G is not reached by a timing clock
Related violations: <none>

TIMING-20#3 Warning
Non-clocked latch  
The latch datapath/stepper_t/up_debounce/cw_reg[0] cannot be properly analyzed as its control pin datapath/stepper_t/up_debounce/cw_reg[0]/G is not reached by a timing clock
Related violations: <none>

TIMING-20#4 Warning
Non-clocked latch  
The latch datapath/stepper_t/up_debounce/cw_reg[1] cannot be properly analyzed as its control pin datapath/stepper_t/up_debounce/cw_reg[1]/G is not reached by a timing clock
Related violations: <none>

TIMING-20#5 Warning
Non-clocked latch  
The latch datapath/stepper_v/down_debounce/cw_reg[0] cannot be properly analyzed as its control pin datapath/stepper_v/down_debounce/cw_reg[0]/G is not reached by a timing clock
Related violations: <none>

TIMING-20#6 Warning
Non-clocked latch  
The latch datapath/stepper_v/down_debounce/cw_reg[1] cannot be properly analyzed as its control pin datapath/stepper_v/down_debounce/cw_reg[1]/G is not reached by a timing clock
Related violations: <none>

TIMING-20#7 Warning
Non-clocked latch  
The latch datapath/stepper_v/up_debounce/cw_reg[0] cannot be properly analyzed as its control pin datapath/stepper_v/up_debounce/cw_reg[0]/G is not reached by a timing clock
Related violations: <none>

TIMING-20#8 Warning
Non-clocked latch  
The latch datapath/stepper_v/up_debounce/cw_reg[1] cannot be properly analyzed as its control pin datapath/stepper_v/up_debounce/cw_reg[1]/G is not reached by a timing clock
Related violations: <none>

XDCC-2#1 Warning
Scoped Non-Timing constraint/property overwritten  
A new XDC property IOSTANDARD on reset_n overrides a previous scoped property. It is not recommended to override a scoped (typically an IP) property and could result in unexpected behaviours.
New Source: C:/Users/C27Soren.Herzog/ece383/Herzog_ece383_wksp/lab2/Lab _2.srcs/constrs_1/imports/lab2_code_for_cadets_2026/Lab2.xdc (Line: 38)
Previous Source: c:/Users/C27Soren.Herzog/ece383/Herzog_ece383_wksp/lab2/Lab _2.gen/sources_1/ip/clk_wiz_1/clk_wiz_1_board.xdc (Line: 4)
Related violations: <none>

LATCH-1#1 Advisory
Existing latches in the design  
There are 8 latches found in the design. Inferred latches are often the result of HDL coding mistakes, such as incomplete if or case statements.
Related violations: <none>


