#
# A fatal error has been detected by the Java Runtime Environment:
#
#  EXCEPTION_ACCESS_VIOLATION (0xc0000005) at pc=0x00007ff9825bb4a0, pid=13468, tid=35008
#
# JRE version: OpenJDK Runtime Environment Temurin-21.0.1+12 (21.0.1+12) (build 21.0.1+12-LTS)
# Java VM: OpenJDK 64-Bit Server VM Temurin-21.0.1+12 (21.0.1+12-LTS, mixed mode, sharing, tiered, compressed oops, compressed class ptrs, g1 gc, windows-amd64)
# Problematic frame:
# C  [xv_rsb.dll+0x5bb4a0]
#
# No core dump will be written. Minidumps are not enabled by default on client versions of Windows
#
# If you would like to submit a bug report, please visit:
#   https://github.com/adoptium/adoptium-support/issues
# The crash happened outside the Java Virtual Machine in native code.
# See problematic frame for where to report the bug.
#

---------------  S U M M A R Y ------------

Command Line: -Dsun.java2d.pmoffscreen=false -Dhttps.protocols=TLSv1,TLSv1.1,TLSv1.2 -Dsun.java2d.xrender=false -Dsun.java2d.d3d=false -Dsun.awt.nopixfmt=true -Dsun.java2d.dpiaware=true -Dsun.java2d.uiScale.enabled=false -Dswing.aatext=true -XX:-UsePerfData -Djdk.map.althashing.threshold=512 -XX:StringTableSize=4072 -XX:+UseStringDeduplication -XX:MaxGCPauseMillis=200 -XX:ParallelGCThreads=4 -XX:+ParallelRefProcEnabled --add-opens=java.desktop/javax.swing.plaf.synth=ALL-UNNAMED --add-opens=java.base/java.nio=ALL-UNNAMED --add-opens=java.desktop/sun.swing=ALL-UNNAMED --add-opens=java.desktop/javax.swing=ALL-UNNAMED --add-opens=java.desktop/javax.swing.tree=ALL-UNNAMED --add-opens=java.desktop/javax.swing.plaf.basic=ALL-UNNAMED --add-opens=java.desktop/javax.swing.plaf.synth=ALL-UNNAMED --add-opens=java.desktop/javax.swing.plaf.basic=ALL-UNNAMED --add-opens=java.desktop/javax.swing=ALL-UNNAMED --add-opens=java.desktop/javax.swing.tree=ALL-UNNAMED --add-opens=java.desktop/java.awt.event=ALL-UNNAMED --add-exports=java.desktop/javax.swing.plaf.synth=ALL-UNNAMED --add-exports=java.base/java.nio=ALL-UNNAMED --add-exports=java.desktop/sun.swing=ALL-UNNAMED --add-exports=java.desktop/javax.swing=ALL-UNNAMED --add-exports=java.desktop/javax.swing.tree=ALL-UNNAMED --add-exports=java.desktop/javax.swing.plaf.basic=ALL-UNNAMED --add-exports=java.desktop/sun.swing=ALL-UNNAMED --add-exports=java.desktop/sun.swing.table=ALL-UNNAMED --add-exports=java.desktop/sun.swing.plaf.synth=ALL-UNNAMED --add-exports=java.desktop/sun.awt.shell=ALL-UNNAMED --add-exports=java.base/sun.security.action=ALL-UNNAMED --add-exports=java.desktop/sun.font=ALL-UNNAMED -XX:NewSize=80m -XX:MaxNewSize=80m -Xms512m -Xmx4072m -Xss10m 

Host: AMD Ryzen 7 PRO 6850U with Radeon Graphics     , 16 cores, 15G,  Windows 11 , 64 bit Build 22621 (10.0.22621.6931)
Time: Mon May  4 15:04:42 2026 Mountain Daylight Time elapsed time: 5839.619215 seconds (0d 1h 37m 19s)

---------------  T H R E A D  ---------------

Current thread (0x000002108fce2720):  JavaThread "AWT-EventQueue-0"        [_thread_in_native, id=35008, stack(0x000000f5c2800000,0x000000f5c3200000) (10240K)]

Stack: [0x000000f5c2800000,0x000000f5c3200000],  sp=0x000000f5c31fcf30,  free space=10227k
Native frames: (J=compiled Java code, j=interpreted, Vv=VM code, C=native code)
C  [xv_rsb.dll+0x5bb4a0]
C  0x00000210390086b0

The last pc belongs to native nmethod (printed below).
Java frames: (J=compiled Java code, j=interpreted, Vv=VM code)
J 15300  ui.data.rsbi.RSBBlockInterface_getName(J)Ljava/lang/String; (0 bytes) @ 0x0000021039008619 [0x00000210390085c0+0x0000000000000059]
J 31081 c2 ui.data.o.al.getName()Ljava/lang/String; (8 bytes) @ 0x00000210389475e4 [0x00000210389475a0+0x0000000000000044]
j  ui.views.systembuilder.de.gMY()Ljava/lang/String;+11
J 37242 c1 ui.dlg.k.f.b.a.i$b.getText()Ljava/lang/String; (20 bytes) @ 0x0000021031b4ea44 [0x0000021031b4e7e0+0x0000000000000264]
J 26490 c2 javax.swing.plaf.basic.BasicLabelUI.propertyChange(Ljava/beans/PropertyChangeEvent;)V java.desktop@21.0.1 (82 bytes) @ 0x0000021039bae368 [0x0000021039badf60+0x0000000000000408]
J 7995 c2 java.awt.Component.firePropertyChange(Ljava/lang/String;Ljava/lang/Object;Ljava/lang/Object;)V java.desktop@21.0.1 (59 bytes) @ 0x0000021038966100 [0x0000021038965740+0x00000000000009c0]
J 10499 c2 java.awt.Container.updateChildGraphicsData(Ljava/awt/GraphicsConfiguration;)Z java.desktop@21.0.1 (55 bytes) @ 0x0000021038adfb28 [0x0000021038adf8e0+0x0000000000000248]
J 10499 c2 java.awt.Container.updateChildGraphicsData(Ljava/awt/GraphicsConfiguration;)Z java.desktop@21.0.1 (55 bytes) @ 0x0000021038adfa90 [0x0000021038adf8e0+0x00000000000001b0]
J 10499 c2 java.awt.Container.updateChildGraphicsData(Ljava/awt/GraphicsConfiguration;)Z java.desktop@21.0.1 (55 bytes) @ 0x0000021038adfa90 [0x0000021038adf8e0+0x00000000000001b0]
J 10499 c2 java.awt.Container.updateChildGraphicsData(Ljava/awt/GraphicsConfiguration;)Z java.desktop@21.0.1 (55 bytes) @ 0x0000021038adfa90 [0x0000021038adf8e0+0x00000000000001b0]
J 10499 c2 java.awt.Container.updateChildGraphicsData(Ljava/awt/GraphicsConfiguration;)Z java.desktop@21.0.1 (55 bytes) @ 0x0000021038adfa90 [0x0000021038adf8e0+0x00000000000001b0]
J 10499 c2 java.awt.Container.updateChildGraphicsData(Ljava/awt/GraphicsConfiguration;)Z java.desktop@21.0.1 (55 bytes) @ 0x0000021038adfa90 [0x0000021038adf8e0+0x00000000000001b0]
J 12477 c2 java.awt.Component.setGraphicsConfiguration(Ljava/awt/GraphicsConfiguration;)V java.desktop@21.0.1 (34 bytes) @ 0x0000021038d27354 [0x0000021038d27220+0x0000000000000134]
J 18282 c2 java.awt.Container.addImpl(Ljava/awt/Component;Ljava/lang/Object;I)V java.desktop@21.0.1 (364 bytes) @ 0x0000021039202df4 [0x00000210392029a0+0x0000000000000454]
J 27356 c1 javax.swing.JTabbedPane.insertTab(Ljava/lang/String;Ljavax/swing/Icon;Ljava/awt/Component;Ljava/lang/String;I)V java.desktop@21.0.1 (194 bytes) @ 0x0000021030c0d4ac [0x0000021030c0cce0+0x00000000000007cc]
J 27355 c1 com.jidesoft.swing.JideTabbedPane.insertTab(Ljava/lang/String;Ljavax/swing/Icon;Ljava/awt/Component;Ljava/lang/String;I)V (71 bytes) @ 0x0000021031d2fbf4 [0x0000021031d2f740+0x00000000000004b4]
J 35302 c1 javax.swing.JTabbedPane.addTab(Ljava/lang/String;Ljava/awt/Component;)V java.desktop@21.0.1 (18 bytes) @ 0x0000021032004f5c [0x0000021032004d60+0x00000000000001fc]
J 35301 c1 ui.utils.swing.u.g.a(Ljava/lang/String;Ljava/awt/Component;Lui/frmwork/resource/HResource;)V (36 bytes) @ 0x0000021030d8e8d4 [0x0000021030d8e820+0x00000000000000b4]
j  ui.views.bS.jNy()V+175
j  ui.views.bS.kIO()V+52
j  ui.views.bS.cx(Lui/data/aN;)V+66
j  ui.views.bc.cx(Lui/data/aN;)V+52
J 17560 c1 ui.views.bS.handleEvent(Lui/frmwork/a/a;)V (196 bytes) @ 0x00000210329cfc44 [0x00000210329cf340+0x0000000000000904]
J 17559 c1 ui.views.bc.handleEvent(Lui/frmwork/a/a;)V (188 bytes) @ 0x00000210329ceb6c [0x00000210329cdc40+0x0000000000000f2c]
J 21108 c2 ui.frmwork.a.c.l(Lui/frmwork/a/a;)V (94 bytes) @ 0x0000021038d47b68 [0x0000021038d478a0+0x00000000000002c8]
J 34964 c2 ui.frmwork.a.c.a(Lui/frmwork/a/a;)V (60 bytes) @ 0x000002103a2f7be0 [0x000002103a2f77e0+0x0000000000000400]
J 30800 c1 ui.data.aP.P(Ljava/lang/Object;Ljava/lang/Object;)V (60 bytes) @ 0x000002103144f4a4 [0x000002103144efe0+0x00000000000004c4]
J 35256 c1 ui.data.aP.fx(Ljava/lang/Object;)V (7 bytes) @ 0x0000021031258bcc [0x0000021031258ac0+0x000000000000010c]
j  ui.views.systembuilder.gh$f.selectionNotify(Lde/concept/nlview/NlviewSelectionNotifyEvent;)V+344
J 36454 c1 de.concept.nlview.Nlview$SelectionNotifySender.run()V (42 bytes) @ 0x0000021030ece32c [0x0000021030ece080+0x00000000000002ac]
J 36451 c1 de.concept.nlview.Nlview.sendSelectionNotify(I)V (44 bytes) @ 0x0000021031b7b4bc [0x0000021031b7abc0+0x00000000000008fc]
v  ~StubRoutines::call_stub 0x0000021037d5100d
j  de.concept.nlview.Nlview.peerMouseRelease(JIIII)V+0
J 29738 c1 de.concept.nlview.Nlview.processMouseEvent(Ljava/awt/event/MouseEvent;)V (144 bytes) @ 0x000002103324810c [0x0000021033247360+0x0000000000000dac]
J 29747 c1 ui.views.systembuilder.gt.processMouseEvent(Ljava/awt/event/MouseEvent;)V (47 bytes) @ 0x000002103324affc [0x000002103324ae20+0x00000000000001dc]
J 25404 c2 java.awt.Container.processEvent(Ljava/awt/AWTEvent;)V java.desktop@21.0.1 (22 bytes) @ 0x000002103994707c [0x0000021039946ea0+0x00000000000001dc]
J 36544 c2 java.awt.Component.dispatchEventImpl(Ljava/awt/AWTEvent;)V java.desktop@21.0.1 (785 bytes) @ 0x00000210390411a0 [0x0000021039040880+0x0000000000000920]
J 21149 c2 java.awt.Container.dispatchEventImpl(Ljava/awt/AWTEvent;)V java.desktop@21.0.1 (129 bytes) @ 0x000002103860cbe0 [0x000002103860cb80+0x0000000000000060]
J 36359 c2 java.awt.LightweightDispatcher.retargetMouseEvent(Ljava/awt/Component;ILjava/awt/event/MouseEvent;)V java.desktop@21.0.1 (372 bytes) @ 0x0000021039fa38b0 [0x0000021039fa34c0+0x00000000000003f0]
J 36368 c2 java.awt.LightweightDispatcher.processMouseEvent(Ljava/awt/event/MouseEvent;)Z java.desktop@21.0.1 (268 bytes) @ 0x0000021039c467b0 [0x0000021039c46200+0x00000000000005b0]
J 36858 c2 java.awt.LightweightDispatcher.dispatchEvent(Ljava/awt/AWTEvent;)Z java.desktop@21.0.1 (73 bytes) @ 0x0000021039896174 [0x00000210398960c0+0x00000000000000b4]
J 36365 c2 java.awt.Window.dispatchEventImpl(Ljava/awt/AWTEvent;)V java.desktop@21.0.1 (23 bytes) @ 0x0000021038791250 [0x0000021038791080+0x00000000000001d0]
J 15582 c2 java.awt.EventQueue$4.run()Ljava/lang/Void; java.desktop@21.0.1 (60 bytes) @ 0x000002103903d8d8 [0x000002103903d460+0x0000000000000478]
J 15613 c2 java.awt.EventQueue$4.run()Ljava/lang/Object; java.desktop@21.0.1 (5 bytes) @ 0x00000210390617e0 [0x00000210390617a0+0x0000000000000040]
J 21161 c2 java.awt.EventQueue$5.run()Ljava/lang/Void; java.desktop@21.0.1 (19 bytes) @ 0x000002103912b374 [0x000002103912b180+0x00000000000001f4]
J 15580 c2 java.awt.EventQueue.dispatchEvent(Ljava/awt/AWTEvent;)V java.desktop@21.0.1 (80 bytes) @ 0x0000021039047810 [0x0000021039046ec0+0x0000000000000950]
J 17134 c2 ui.frmwork.a.d.dispatchEvent(Ljava/awt/AWTEvent;)V (41 bytes) @ 0x00000210390ecc00 [0x00000210390ebec0+0x0000000000000d40]
J 36431 c2 java.awt.EventDispatchThread.pumpOneEventForFilters(I)V java.desktop@21.0.1 (106 bytes) @ 0x0000021039b4e104 [0x0000021039b4dd20+0x00000000000003e4]
J 23834% c2 java.awt.EventDispatchThread.pumpEventsForFilter(ILjava/awt/Conditional;Ljava/awt/EventFilter;)V java.desktop@21.0.1 (47 bytes) @ 0x0000021038b19460 [0x0000021038b193a0+0x00000000000000c0]
j  java.awt.EventDispatchThread.pumpEventsForHierarchy(ILjava/awt/Conditional;Ljava/awt/Component;)V+11 java.desktop@21.0.1
j  java.awt.EventDispatchThread.pumpEvents(ILjava/awt/Conditional;)V+4 java.desktop@21.0.1
j  java.awt.EventDispatchThread.pumpEvents(Ljava/awt/Conditional;)V+3 java.desktop@21.0.1
j  java.awt.EventDispatchThread.run()V+9 java.desktop@21.0.1
v  ~StubRoutines::call_stub 0x0000021037d5100d

siginfo: EXCEPTION_ACCESS_VIOLATION (0xc0000005), reading address 0xffffffffffffffff


Registers:
RAX=0x0055002f003a0043, RBX=0x000002108a6cd6a0, RCX=0x00000210cdff5990, RDX=0x000000f5c31fcf68
RSP=0x000000f5c31fcf30, RBP=0x000000f5c31fd0a0, RSI=0x000002108fce2ad8, RDI=0x00000210b43bc1b0
R8 =0x00000210cdff5990, R9 =0x00000007254d23b8, R10=0x00007ff9975e9aae, R11=0x00000210389475c0
R12=0x0000000000000000, R13=0x000000f5c31fd0d0, R14=0x0000000000000000, R15=0x000002108fce2720
RIP=0x00007ff9825bb4a0, EFLAGS=0x0000000000010246


Register to memory mapping:

RAX=0x0055002f003a0043 is an unknown value
RBX={method} {0x000002108a6cd6a8} 'getName' '()Ljava/lang/String;' in 'ui/data/o/al'
RCX=0x00000210cdff5990 points into unknown readable memory: 0x0055002f003a0043 | 43 00 3a 00 2f 00 55 00
RDX=0x000000f5c31fcf68 is pointing into the stack for thread: 0x000002108fce2720
RSP=0x000000f5c31fcf30 is pointing into the stack for thread: 0x000002108fce2720
RBP=0x000000f5c31fd0a0 is pointing into the stack for thread: 0x000002108fce2720
RSI=0x000002108fce2ad8 points into unknown readable memory: 0x00007ff99757f790 | 90 f7 57 97 f9 7f 00 00
RDI=0x00000210b43bc1b0 is pointing into metadata
R8 =0x00000210cdff5990 points into unknown readable memory: 0x0055002f003a0043 | 43 00 3a 00 2f 00 55 00
R9 =0x00000007254d23b8 is an oop: java.awt.geom.AffineTransform 
{0x00000007254d23b8} - klass: 'java/awt/geom/AffineTransform'
 - ---- fields (total size 9 words):
 - transient 'state' 'I' @12  0 (0x00000000)
 - 'm00' 'D' @16  1.000000 (0x3ff0000000000000)
 - 'm10' 'D' @24  0.000000 (0x0000000000000000)
 - 'm01' 'D' @32  0.000000 (0x0000000000000000)
 - 'm11' 'D' @40  1.000000 (0x3ff0000000000000)
 - 'm02' 'D' @48  0.000000 (0x0000000000000000)
 - 'm12' 'D' @56  0.000000 (0x0000000000000000)
 - private transient 'type' 'I' @64  0 (0x00000000)
R10=0x00007ff9975e9aae jvm.dll
R11=0x00000210389475c0 is at entry_point+32 in (nmethod*)0x0000021038947410
Compiled method (c2) 5839675 31081       4       ui.data.o.al::getName (8 bytes)
 total in heap  [0x0000021038947410,0x00000210389476c8] = 696
 relocation     [0x0000021038947570,0x0000021038947598] = 40
 main code      [0x00000210389475a0,0x0000021038947630] = 144
 stub code      [0x0000021038947630,0x0000021038947658] = 40
 oops           [0x0000021038947658,0x0000021038947660] = 8
 metadata       [0x0000021038947660,0x0000021038947668] = 8
 scopes data    [0x0000021038947668,0x0000021038947678] = 16
 scopes pcs     [0x0000021038947678,0x00000210389476a8] = 48
 dependencies   [0x00000210389476a8,0x00000210389476b0] = 8
 handler table  [0x00000210389476b0,0x00000210389476c8] = 24
R12=0x0 is null
R13=0x000000f5c31fd0d0 is pointing into the stack for thread: 0x000002108fce2720
R14=0x0 is null
R15=0x000002108fce2720 is a thread

Top of Stack: (sp=0x000000f5c31fcf30)
0x000000f5c31fcf30:   00000210cf52d190 000000f500000000
0x000000f5c31fcf40:   000002108fce2ad8 000000f5c31fbd90
0x000000f5c31fcf50:   000002108fce2ad8 000002108fce2720
0x000000f5c31fcf60:   000002103912b690 00000210d47a2700
0x000000f5c31fcf70:   000002103912af90 0000000000000000
0x000000f5c31fcf80:   000000000000000f 0000000000000000
0x000000f5c31fcf90:   000002103912af90 0000000000000000
0x000000f5c31fcfa0:   000000000000000f 000002103912b180
0x000000f5c31fcfb0:   0000000000000000 000000f5c31fbc59
0x000000f5c31fcfc0:   000000f5c31fbbf8 00000210cf520000
0x000000f5c31fcfd0:   000000f5c31fbbc0 0000000000000000
0x000000f5c31fcfe0:   0000000000000007 00007ff996fb9300
0x000000f5c31fcff0:   000002108fce2720 00007ff996d1b627
0x000000f5c31fd000:   0000000700000000 0000000000000000
0x000000f5c31fd010:   0000ca82880dec8f 00000210386333b0
0x000000f5c31fd020:   000000f5c31fd090 00000210b43bc1b0
0x000000f5c31fd030:   0000021048eb6760 00000210390086b0
0x000000f5c31fd040:   00000007027a4400 000002108a6cd6a0
0x000000f5c31fd050:   0000000000000000 00007ff996f075f2
0x000000f5c31fd060:   00007ff99757c0d8 0000000000000000
0x000000f5c31fd070:   00000007096bc228 e0bee3e896f075f2
0x000000f5c31fd080:   0000000705f47ce8 0000021038e14be4
0x000000f5c31fd090:   00000007096bc228 000000000000072c
0x000000f5c31fd0a0:   000000f5c31fd120 00000210389475e4
0x000000f5c31fd0b0:   0000000000000001 0000000000000000
0x000000f5c31fd0c0:   000000f5c31fd120 0000021037d589b8
0x000000f5c31fd0d0:   000000070d3368f0 000000f5c31fd0d8
0x000000f5c31fd0e0:   00000210b3a080e3 0000000000000002
0x000000f5c31fd0f0:   00000210b3ed2cd0 0000000000000000
0x000000f5c31fd100:   0000000705ef7720 00000210b3a080f8
0x000000f5c31fd110:   000000f5c31fd0d0 000000f5c31fd140
0x000000f5c31fd120:   00000007065c2aa0 0000021031b4ea44 

Instructions: (pc=0x00007ff9825bb4a0)
0x00007ff9825bb3a0:   00 00 00 e8 bc 5a 1a 00 48 8b c7 eb 3b 48 8b 54
0x00007ff9825bb3b0:   24 70 48 83 fa 10 72 2e 48 ff c2 48 8b 4c 24 58
0x00007ff9825bb3c0:   48 8b c1 48 81 fa 00 10 00 00 72 15 48 83 c2 27
0x00007ff9825bb3d0:   48 8b 49 f8 48 2b c1 48 83 c0 f8 48 83 f8 1f 77
0x00007ff9825bb3e0:   5f e8 7e 5a 1a 00 33 c0 48 8b 8c 24 e0 00 00 00
0x00007ff9825bb3f0:   48 33 cc e8 48 65 1a 00 48 8b 9c 24 18 01 00 00
0x00007ff9825bb400:   48 81 c4 f0 00 00 00 41 5e 5f 5e c3 48 8b 54 24
0x00007ff9825bb410:   70 48 83 fa 10 72 cf 48 ff c2 48 8b 4c 24 58 48
0x00007ff9825bb420:   8b c1 48 81 fa 00 10 00 00 72 b6 48 83 c2 27 48
0x00007ff9825bb430:   8b 49 f8 48 2b c1 48 83 c0 f8 48 83 f8 1f 76 a1
0x00007ff9825bb440:   ff 15 72 52 3a 00 cc cc cc cc cc cc cc cc cc cc
0x00007ff9825bb450:   48 89 5c 24 10 56 57 41 56 48 81 ec f0 00 00 00
0x00007ff9825bb460:   48 8b 05 01 f6 5b 00 48 33 c4 48 89 84 24 e0 00
0x00007ff9825bb470:   00 00 48 8b f1 48 89 4c 24 20 45 33 f6 4c 89 74
0x00007ff9825bb480:   24 58 4c 89 74 24 68 48 c7 44 24 70 0f 00 00 00
0x00007ff9825bb490:   44 88 74 24 58 49 8b 00 48 8d 54 24 38 49 8b c8
0x00007ff9825bb4a0:   ff 50 10 48 8b d8 48 8d 44 24 58 48 3b c3 74 6c
0x00007ff9825bb4b0:   48 8b 54 24 70 48 83 fa 10 72 2e 48 ff c2 48 8b
0x00007ff9825bb4c0:   4c 24 58 48 8b c1 48 81 fa 00 10 00 00 72 15 48
0x00007ff9825bb4d0:   83 c2 27 48 8b 49 f8 48 2b c1 48 83 c0 f8 48 83
0x00007ff9825bb4e0:   f8 1f 77 6c e8 7b 59 1a 00 4c 89 74 24 68 48 c7
0x00007ff9825bb4f0:   44 24 70 0f 00 00 00 c6 44 24 58 00 0f 10 03 0f
0x00007ff9825bb500:   11 44 24 58 0f 10 4b 10 0f 11 4c 24 68 4c 89 73
0x00007ff9825bb510:   10 48 c7 43 18 0f 00 00 00 c6 03 00 48 8b 54 24
0x00007ff9825bb520:   50 48 83 fa 10 72 36 48 ff c2 48 8b 4c 24 38 48
0x00007ff9825bb530:   8b c1 48 81 fa 00 10 00 00 72 1c 48 83 c2 27 48
0x00007ff9825bb540:   8b 49 f8 48 2b c1 48 83 c0 f8 48 83 f8 1f 76 07
0x00007ff9825bb550:   ff 15 62 51 3a 00 cc e8 08 59 1a 00 90 4c 89 b4
0x00007ff9825bb560:   24 98 00 00 00 4c 89 b4 24 a8 00 00 00 48 c7 84
0x00007ff9825bb570:   24 b0 00 00 00 07 00 00 00 66 44 89 b4 24 98 00
0x00007ff9825bb580:   00 00 48 8d 94 24 98 00 00 00 48 8d 4c 24 58 ff
0x00007ff9825bb590:   15 53 62 3a 00 48 63 bc 24 a8 00 00 00 b8 02 00 


Stack slot to memory mapping:

stack at sp + 0 slots: 0x00000210cf52d190 points into unknown readable memory: 0x005f007400730072 | 72 00 73 00 74 00 5f 00
stack at sp + 1 slots: 0x000000f500000000 is an unknown value
stack at sp + 2 slots: 0x000002108fce2ad8 points into unknown readable memory: 0x00007ff99757f790 | 90 f7 57 97 f9 7f 00 00
stack at sp + 3 slots: 0x000000f5c31fbd90 is pointing into the stack for thread: 0x000002108fce2720
stack at sp + 4 slots: 0x000002108fce2ad8 points into unknown readable memory: 0x00007ff99757f790 | 90 f7 57 97 f9 7f 00 00
stack at sp + 5 slots: 0x000002108fce2720 is a thread
stack at sp + 6 slots: 0x000002103912b690 is at entry_point+1296 in (nmethod*)0x000002103912af90
Compiled method (c2) 5839708 21161       4       java.awt.EventQueue$5::run (19 bytes)
 total in heap  [0x000002103912af90,0x000002103912b938] = 2472
 relocation     [0x000002103912b0f0,0x000002103912b170] = 128
 main code      [0x000002103912b180,0x000002103912b5d8] = 1112
 stub code      [0x000002103912b5d8,0x000002103912b620] = 72
 oops           [0x000002103912b620,0x000002103912b630] = 16
 metadata       [0x000002103912b630,0x000002103912b690] = 96
 scopes data    [0x000002103912b690,0x000002103912b780] = 240
 scopes pcs     [0x000002103912b780,0x000002103912b850] = 208
 dependencies   [0x000002103912b850,0x000002103912b860] = 16
 handler table  [0x000002103912b860,0x000002103912b920] = 192
 nul chk table  [0x000002103912b920,0x000002103912b938] = 24
stack at sp + 7 slots: 0x00000210d47a2700 points into unknown readable memory: 0x6631373564363039 | 39 30 36 64 35 37 31 66


Compiled method (n/a) 5839718 15300     n 0       ui.data.rsbi::RSBBlockInterface_getName (native)
 total in heap  [0x0000021039008410,0x0000021039008a00] = 1520
 relocation     [0x0000021039008570,0x00000210390085a8] = 56
 main code      [0x00000210390085c0,0x00000210390089f3] = 1075
 stub code      [0x00000210390089f3,0x00000210390089f8] = 5
 oops           [0x00000210390089f8,0x0000021039008a00] = 8

[Constant Pool (empty)]

[MachCode]
[Entry Point]
  # {method} {0x00000210b23debf0} 'RSBBlockInterface_getName' '(J)Ljava/lang/String;' in 'ui/data/rsbi'
  # parm0:    rdx:rdx   = long
  #           [sp+0x70]  (sp of caller)
  0x00000210390085c0: 448b 5208 | 49bb 0000 | 0047 1002 | 0000 4d03 | d349 3bc2 | 0f84 0600 

  0x00000210390085d8: ;   {runtime_call ic_miss_stub}
  0x00000210390085d8: 0000 e9a1 | 61d9 fe90 
[Verified Entry Point]
  0x00000210390085e0: 8984 2400 | 80ff ff55 | 488b ec48 | 83ec 6090 | 4181 7f20 | 1700 0000 

  0x00000210390085f8: ;   {runtime_call StubRoutines (final stubs)}
  0x00000210390085f8: 7405 e861 | c7d7 fe4c 

  0x0000021039008600: ;   {oop(a 'java/lang/Class'{0x00000007096bc228} = 'ui/data/rsbi')}
  0x0000021039008600: 8bc2 49be | 28c2 6b09 | 0700 0000 | 4c89 7424 | 504c 8d74 | 2450 498b | d6c5 f877 

  0x000002103900861c: ;   {internal_word}
  0x000002103900861c: 49ba 1986 | 0039 1002 | 0000 4d89 | 97a0 0300 | 0049 89a7 | 9803 0000 

  0x0000021039008634: ;   {external_word}
  0x0000021039008634: 49ba ae9a | 5e97 f97f | 0000 4180 | 3a00 0f84 | 4a00 0000 

  0x0000021039008648: ;   {metadata({method} {0x00000210b23debf0} 'RSBBlockInterface_getName' '(J)Ljava/lang/String;' in 'ui/data/rsbi')}
  0x0000021039008648: 5241 5048 | bae8 eb3d | b210 0200 | 0049 8bcf | 4883 ec20 | 40f6 c40f | 0f84 1900 | 0000 4883 
  0x0000021039008668: ;   {runtime_call}
  0x0000021039008668: ec08 48b8 | a0d6 0897 | f97f 0000 | ffd0 4883 | c408 e90c 

  0x000002103900867c: ;   {runtime_call}
  0x000002103900867c: 0000 0048 | b8a0 d608 | 97f9 7f00 | 00ff d048 | 83c4 2041 | 585a 498d | 8fb8 0300 | 0041 c787 
  0x000002103900869c: 4c04 0000 | 0400 0000 

  0x00000210390086a4: ;   {runtime_call}
  0x00000210390086a4: 48b8 50b4 | 5b82 f97f | 0000 ffd0 | c5f8 7741 | c787 4c04 | 0000 0500 | 0000 f083 | 4424 c000 
  0x00000210390086c4: 493b af50 | 0400 000f | 870e 0000 | 0041 83bf | 4804 0000 | 000f 842b | 0000 00c5 | f877 4889 
  0x00000210390086e4: 45f8 498b | cf4c 8be4 | 4883 ec20 | 4883 e4f0 

  0x00000210390086f4: ;   {runtime_call}
  0x00000210390086f4: 48b8 2099 | d496 f97f | 0000 ffd0 | 498b e44d | 33e4 488b | 45f8 41c7 | 874c 0400 | 0008 0000 
  0x0000021039008714: 0041 83bf | c804 0000 | 020f 84a3 

  0x0000021039008720: ;   {external_word}
  0x0000021039008720: 0200 0049 | baae 9a5e | 97f9 7f00 | 0041 803a | 000f 844c | 0000 0048 

  0x0000021039008738: ;   {metadata({method} {0x00000210b23debf0} 'RSBBlockInterface_getName' '(J)Ljava/lang/String;' in 'ui/data/rsbi')}
  0x0000021039008738: 8945 f848 | bae8 eb3d | b210 0200 | 0049 8bcf | 4883 ec20 | 40f6 c40f | 0f84 1900 | 0000 4883 
  0x0000021039008758: ;   {runtime_call}
  0x0000021039008758: ec08 48b8 | a0d6 0897 | f97f 0000 | ffd0 4883 | c408 e90c 

  0x000002103900876c: ;   {runtime_call}
  0x000002103900876c: 0000 0048 | b8a0 d608 | 97f9 7f00 | 00ff d048 | 83c4 2048 | 8b45 f849 | c787 9803 | 0000 0000 
  0x000002103900878c: 0000 49c7 | 87a0 0300 | 0000 0000 | 00c5 f877 | 4885 c00f | 84fe 0100 | 00a8 030f | 8508 0000 
  0x00000210390087ac: 0048 8b00 | e9ee 0100 | 00a8 010f | 8509 0000 | 0048 8b40 | fee9 dd01 | 0000 488b | 40ff 4180 
  0x00000210390087cc: 7f40 000f | 84ce 0100 | 0048 83f8 | 000f 84c4 | 0100 0049 | 8b4f 2848 | 83f9 000f | 8414 0000 
  0x00000210390087ec: 0048 83e9 | 0849 894f | 2849 034f | 3848 8901 | e9a2 0100 | 0048 81ec | d000 0000 | 4889 0424 
  0x000002103900880c: 4889 4c24 | 0848 8954 | 2410 4889 | 7424 1848 | 897c 2420 | 4c89 4424 | 284c 894c | 2430 4c89 
  0x000002103900882c: 5424 384c | 895c 2440 | c5fb 1144 | 2450 c5fb | 114c 2458 | c5fb 1154 | 2460 c5fb | 115c 2468 
  0x000002103900884c: c5fb 1164 | 2470 c5fb | 116c 2478 | c5fb 11b4 | 2480 0000 | 00c5 fb11 | bc24 8800 | 0000 c57b 
  0x000002103900886c: ;   {no_reloc}
  0x000002103900886c: 1184 2490 | 0000 00c5 | 7b11 8c24 | 9800 0000 | c57b 1194 | 24a0 0000 | 00c5 7b11 | 9c24 a800 
  0x000002103900888c: 0000 c57b | 11a4 24b0 | 0000 00c5 | 7b11 ac24 | b800 0000 | c57b 11b4 | 24c0 0000 | 00c5 7b11 
  0x00000210390088ac: bc24 c800 | 0000 498b | d748 8bc8 | 4883 ec20 | 40f6 c40f | 0f84 1900 | 0000 4883 

  0x00000210390088c8: ;   {runtime_call}
  0x00000210390088c8: ec08 48b8 | e008 c896 | f97f 0000 | ffd0 4883 | c408 e90c 

  0x00000210390088dc: ;   {runtime_call}
  0x00000210390088dc: 0000 0048 | b8e0 08c8 | 96f9 7f00 | 00ff d048 | 83c4 20c5 | 7b10 bc24 | c800 0000 | c57b 10b4 
  0x00000210390088fc: 24c0 0000 | 00c5 7b10 | ac24 b800 | 0000 c57b | 10a4 24b0 | 0000 00c5 | 7b10 9c24 | a800 0000 
  0x000002103900891c: c57b 1094 | 24a0 0000 | 00c5 7b10 | 8c24 9800 | 0000 c57b | 1084 2490 | 0000 00c5 | fb10 bc24 
  0x000002103900893c: 8800 0000 | c5fb 10b4 | 2480 0000 | 00c5 fb10 | 6c24 78c5 | fb10 6424 | 70c5 fb10 | 5c24 68c5 
  0x000002103900895c: fb10 5424 | 60c5 fb10 | 4c24 58c5 | fb10 4424 | 504c 8b5c | 2440 4c8b | 5424 384c | 8b4c 2430 
  0x000002103900897c: 4c8b 4424 | 2848 8b7c | 2420 488b | 7424 1848 | 8b54 2410 | 488b 4c24 | 0848 8b04 | 2448 81c4 
  0x000002103900899c: d000 0000 | c5f8 7749 | 8b8f 2804 | 0000 c781 | 0001 0000 | 0000 0000 | c949 837f | 0800 0f85 
  0x00000210390089bc: 0100 0000 

  0x00000210390089c0: ;   {runtime_call StubRoutines (initial stubs)}
  0x00000210390089c0: c3e9 3a85 | d4fe c5f8 | 7748 8945 | f84c 8be4 | 4883 ec20 | 4883 e4f0 

  0x00000210390089d8: ;   {runtime_call}
  0x00000210390089d8: 48b8 800e | 0997 f97f | 0000 ffd0 | 498b e44d | 33e4 488b | 45f8 e930 | fdff fff4 | f4f4 f4f4 
[/MachCode]


Compiled method (c2) 5839728 31081       4       ui.data.o.al::getName (8 bytes)
 total in heap  [0x0000021038947410,0x00000210389476c8] = 696
 relocation     [0x0000021038947570,0x0000021038947598] = 40
 main code      [0x00000210389475a0,0x0000021038947630] = 144
 stub code      [0x0000021038947630,0x0000021038947658] = 40
 oops           [0x0000021038947658,0x0000021038947660] = 8
 metadata       [0x0000021038947660,0x0000021038947668] = 8
 scopes data    [0x0000021038947668,0x0000021038947678] = 16
 scopes pcs     [0x0000021038947678,0x00000210389476a8] = 48
 dependencies   [0x00000210389476a8,0x00000210389476b0] = 8
 handler table  [0x00000210389476b0,0x00000210389476c8] = 24

[Constant Pool (empty)]

[MachCode]
[Entry Point]
  # {method} {0x000002108a6cd6a8} 'getName' '()Ljava/lang/String;' in 'ui/data/o/al'
  #           [sp+0x20]  (sp of caller)
  0x00000210389475a0: 448b 5208 | 49bb 0000 | 0047 1002 | 0000 4d03 | d349 3bc2 

  0x00000210389475b4: ;   {runtime_call ic_miss_stub}
  0x00000210389475b4: 0f85 c671 | 45ff 6690 | 0f1f 4000 
[Verified Entry Point]
  0x00000210389475c0: 8984 2400 | 80ff ff55 | 4883 ec10 | 4181 7f20 | 1700 0000 | 0f85 4800 | 0000 488b 

  0x00000210389475dc: ;   {static_call}
  0x00000210389475dc: 5218 90e8 

  0x00000210389475e0: ; ImmutableOopMap {}
                      ;*invokestatic RSBBlockInterface_getName {reexecute=0 rethrow=0 return_oop=1}
                      ; - ui.data.o.al::getName@4 (line 138)
  0x00000210389475e0: fc0f 6c00 

  0x00000210389475e4: ;   {other}
  0x00000210389475e4: 0f1f 8400 | d401 0000 | 4883 c410 

  0x00000210389475f0: ;   {poll_return}
  0x00000210389475f0: 5d49 3ba7 | 5004 0000 | 0f87 0e00 | 0000 c348 | 8bd0 4883 

  0x0000021038947604: ;   {runtime_call _rethrow_Java}
  0x0000021038947604: c410 5de9 | f4d6 52ff 

  0x000002103894760c: ;   {internal_word}
  0x000002103894760c: 49ba f175 | 9438 1002 | 0000 4d89 | 9768 0400 

  0x000002103894761c: ;   {runtime_call SafepointBlob}
  0x000002103894761c: 00e9 dee0 

  0x0000021038947620: ;   {runtime_call StubRoutines (final stubs)}
  0x0000021038947620: 45ff e839 | d743 ffe9 | aeff ffff | f4f4 f4f4 
[Stub Code]
  0x0000021038947630: ;   {no_reloc}
  0x0000021038947630: 48bb 0000 | 0000 0000 

  0x0000021038947638: ;   {runtime_call}
  0x0000021038947638: 0000 e9fb 

  0x000002103894763c: ;   {runtime_call ExceptionBlob}
  0x000002103894763c: ffff ffe9 | bc79 52ff 
[Deopt Handler Code]
  0x0000021038947644: e800 0000 | 0048 832c 

  0x000002103894764c: ;   {runtime_call DeoptimizationBlob}
  0x000002103894764c: 2405 e94d | d345 fff4 | f4f4 f4f4 
[/MachCode]


Compiled method (c1) 5839730 37242       3       ui.dlg.k.f.b.a.i$b::getText (20 bytes)
 total in heap  [0x0000021031b4e610,0x0000021031b4ec80] = 1648
 relocation     [0x0000021031b4e770,0x0000021031b4e7e0] = 112
 main code      [0x0000021031b4e7e0,0x0000021031b4eb30] = 848
 stub code      [0x0000021031b4eb30,0x0000021031b4eb88] = 88
 oops           [0x0000021031b4eb88,0x0000021031b4eb90] = 8
 metadata       [0x0000021031b4eb90,0x0000021031b4eba8] = 24
 scopes data    [0x0000021031b4eba8,0x0000021031b4ebe0] = 56
 scopes pcs     [0x0000021031b4ebe0,0x0000021031b4ec60] = 128
 dependencies   [0x0000021031b4ec60,0x0000021031b4ec68] = 8
 nul chk table  [0x0000021031b4ec68,0x0000021031b4ec80] = 24

[Constant Pool (empty)]

[MachCode]
[Entry Point]
  # {method} {0x00000210b3a0b790} 'getText' '()Ljava/lang/String;' in 'ui/dlg/k/f/b/a/i$b'
  #           [sp+0x40]  (sp of caller)
  0x0000021031b4e7e0: 448b 5208 | 49bb 0000 | 0047 1002 | 0000 4d03 | d34c 3bd0 

  0x0000021031b4e7f4: ;   {runtime_call ic_miss_stub}
  0x0000021031b4e7f4: 0f85 86ff | 2406 660f | 1f44 0000 
[Verified Entry Point]
  0x0000021031b4e800: 8984 2400 | 80ff ff55 | 4883 ec30 | 4181 7f20 | 1700 0000 

  0x0000021031b4e814: ;   {runtime_call StubRoutines (final stubs)}
  0x0000021031b4e814: 7405 e845 

  0x0000021031b4e818: ;   {metadata(method data for {method} {0x00000210b3a0b790} 'getText' '()Ljava/lang/String;' in 'ui/dlg/k/f/b/a/i$b')}
  0x0000021031b4e818: 6523 0648 | beb0 c13b | b410 0200 | 008b becc | 0000 0083 | c702 89be | cc00 0000 | 81e7 fe07 
  0x0000021031b4e838: 0000 83ff | 000f 8449 | 0200 0048 

  0x0000021031b4e844: ;   {metadata(method data for {method} {0x00000210b3a0b790} 'getText' '()Ljava/lang/String;' in 'ui/dlg/k/f/b/a/i$b')}
  0x0000021031b4e844: 8bf2 48bf | b0c1 3bb4 | 1002 0000 

  0x0000021031b4e850: ;   {metadata('ui/dlg/k/f/b/a/i$b')}
  0x0000021031b4e850: 49ba c090 | eb48 1002 | 0000 4c89 | 9720 0100 | 0048 8387 | 2801 0000 

  0x0000021031b4e868: ;   {metadata(method data for {method} {0x00000210b3a0ba40} 'clt' '()Lui/data/aN;' in 'ui/dlg/k/f/b/a/i$b')}
  0x0000021031b4e868: 0148 bed8 | dc32 b410 | 0200 008b | becc 0000 | 0083 c702 | 89be cc00 | 0000 81e7 | feff 1f00 
  0x0000021031b4e888: 83ff 000f | 841c 0200 | 008b b2a0 | 0100 0048 | c1e6 0348 | 3b06 488b 

  0x0000021031b4e8a0: ;   {metadata(method data for {method} {0x00000210b3a0ba40} 'clt' '()Lui/data/aN;' in 'ui/dlg/k/f/b/a/i$b')}
  0x0000021031b4e8a0: fe48 bbd8 | dc32 b410 | 0200 008b | 7f08 49ba | 0000 0047 | 1002 0000 | 4903 fa48 | 3bbb 2001 
  0x0000021031b4e8c0: 0000 750d | 4883 8328 | 0100 0001 | e960 0000 | 0048 3bbb | 3001 0000 | 750d 4883 | 8338 0100 
  0x0000021031b4e8e0: 0001 e94a | 0000 0048 | 83bb 2001 | 0000 0075 | 1748 89bb | 2001 0000 | 48c7 8328 | 0100 0001 
  0x0000021031b4e900: 0000 00e9 | 2900 0000 | 4883 bb30 | 0100 0000 | 7517 4889 | bb30 0100 | 0048 c783 | 3801 0000 
  0x0000021031b4e920: 0100 0000 | e908 0000 | 0048 8383 | 1001 0000 | 0148 8954 | 2420 488b | d60f 1f40 | 0048 b8b0 
  0x0000021031b4e940: deda 9010 

  0x0000021031b4e944: ;   {virtual_call}
  0x0000021031b4e944: 0200 00e8 

  0x0000021031b4e948: ; ImmutableOopMap {[32]=Oop }
                      ;*invokevirtual clt {reexecute=0 rethrow=0 return_oop=0}
                      ; - ui.dlg.k.f.b.a.i$b::clt@4 (line 281)
                      ; - ui.dlg.k.f.b.a.i$b::getText@1 (line 264)
  0x0000021031b4e948: 54cd 2406 

  0x0000021031b4e94c: ;   {other}
  0x0000021031b4e94c: 0f1f 8400 | 3c03 0000 | 4883 f800 

  0x0000021031b4e958: ;   {metadata(method data for {method} {0x00000210b3a0b790} 'getText' '()Ljava/lang/String;' in 'ui/dlg/k/f/b/a/i$b')}
  0x0000021031b4e958: 48ba b0c1 | 3bb4 1002 | 0000 48be | 4801 0000 | 0000 0000 | 0f84 0a00 | 0000 48be | 5801 0000 
  0x0000021031b4e978: 0000 0000 | 488b 3c32 | 488d 7f01 | 4889 3c32 | 0f84 e100 | 0000 488b | 5424 208b | 92a0 0100 
  0x0000021031b4e998: 0048 c1e2 | 0348 3b02 

  0x0000021031b4e9a0: ;   {metadata(method data for {method} {0x00000210b3a0b790} 'getText' '()Ljava/lang/String;' in 'ui/dlg/k/f/b/a/i$b')}
  0x0000021031b4e9a0: 488b f248 | bfb0 c13b | b410 0200 | 008b 7608 | 49ba 0000 | 0047 1002 | 0000 4903 | f248 3bb7 
  0x0000021031b4e9c0: 7801 0000 | 750d 4883 | 8780 0100 | 0001 e960 | 0000 0048 | 3bb7 8801 | 0000 750d | 4883 8790 
  0x0000021031b4e9e0: 0100 0001 | e94a 0000 | 0048 83bf | 7801 0000 | 0075 1748 | 89b7 7801 | 0000 48c7 | 8780 0100 
  0x0000021031b4ea00: 0001 0000 | 00e9 2900 | 0000 4883 | bf88 0100 | 0000 7517 | 4889 b788 | 0100 0048 | c787 9001 
  0x0000021031b4ea20: 0000 0100 | 0000 e908 | 0000 0048 | 8387 6801 | 0000 0166 | 9048 b810 | cdda 9010 

  0x0000021031b4ea3c: ;   {virtual_call}
  0x0000021031b4ea3c: 0200 00e8 

  0x0000021031b4ea40: ; ImmutableOopMap {}
                      ;*invokevirtual gMY {reexecute=0 rethrow=0 return_oop=0}
                      ; - ui.dlg.k.f.b.a.i$b::getText@11 (line 264)
  0x0000021031b4ea40: 9ccc 2406 

  0x0000021031b4ea44: ;   {other}
  0x0000021031b4ea44: 0f1f 8400 | 3404 0001 

  0x0000021031b4ea4c: ;   {metadata(method data for {method} {0x00000210b3a0b790} 'getText' '()Ljava/lang/String;' in 'ui/dlg/k/f/b/a/i$b')}
  0x0000021031b4ea4c: 48be b0c1 | 3bb4 1002 | 0000 ff86 | a001 0000 | 4883 c430 

  0x0000021031b4ea60: ;   {poll_return}
  0x0000021031b4ea60: 5d49 3ba7 | 5004 0000 | 0f87 6a00 

  0x0000021031b4ea6c: ;   {oop(" "{0x0000000701a20198})}
  0x0000021031b4ea6c: 0000 c348 | b898 01a2 | 0107 0000 | 0048 83c4 

  0x0000021031b4ea7c: ;   {poll_return}
  0x0000021031b4ea7c: 305d 493b | a750 0400 | 000f 8763 | 0000 00c3 

  0x0000021031b4ea8c: ;   {metadata({method} {0x00000210b3a0b790} 'getText' '()Ljava/lang/String;' in 'ui/dlg/k/f/b/a/i$b')}
  0x0000021031b4ea8c: 49ba 88b7 | a0b3 1002 | 0000 4c89 | 5424 0848 | c704 24ff 

  0x0000021031b4eaa0: ;   {runtime_call counter_overflow Runtime1 stub}
  0x0000021031b4eaa0: ffff ffe8 

  0x0000021031b4eaa4: ; ImmutableOopMap {rdx=Oop }
                      ;*synchronization entry
                      ; - ui.dlg.k.f.b.a.i$b::getText@-1 (line 264)
  0x0000021031b4eaa4: d8ef 3106 | e996 fdff 

  0x0000021031b4eaac: ;   {metadata({method} {0x00000210b3a0ba40} 'clt' '()Lui/data/aN;' in 'ui/dlg/k/f/b/a/i$b')}
  0x0000021031b4eaac: ff49 ba38 | baa0 b310 | 0200 004c | 8954 2408 | 48c7 0424 | ffff ffff 

  0x0000021031b4eac4: ;   {runtime_call counter_overflow Runtime1 stub}
  0x0000021031b4eac4: e8b7 ef31 

  0x0000021031b4eac8: ; ImmutableOopMap {rdx=Oop }
                      ;*synchronization entry
                      ; - ui.dlg.k.f.b.a.i$b::clt@-1 (line 281)
                      ; - ui.dlg.k.f.b.a.i$b::getText@1 (line 264)
  0x0000021031b4eac8: 06e9 c3fd 

  0x0000021031b4eacc: ;   {runtime_call throw_null_pointer_exception Runtime1 stub}
  0x0000021031b4eacc: ffff e8ad 

  0x0000021031b4ead0: ; ImmutableOopMap {rdx=Oop rsi=Oop }
                      ;*invokevirtual clt {reexecute=0 rethrow=0 return_oop=0}
                      ; - ui.dlg.k.f.b.a.i$b::clt@4 (line 281)
                      ; - ui.dlg.k.f.b.a.i$b::getText@1 (line 264)
                      ;   {runtime_call throw_null_pointer_exception Runtime1 stub}
  0x0000021031b4ead0: 9e31 06e8 

  0x0000021031b4ead4: ; ImmutableOopMap {rdx=Oop }
                      ;*invokevirtual gMY {reexecute=0 rethrow=0 return_oop=0}
                      ; - ui.dlg.k.f.b.a.i$b::getText@11 (line 264)
  0x0000021031b4ead4: a89e 3106 

  0x0000021031b4ead8: ;   {internal_word}
  0x0000021031b4ead8: 49ba 61ea | b431 1002 | 0000 4d89 | 9768 0400 

  0x0000021031b4eae8: ;   {runtime_call SafepointBlob}
  0x0000021031b4eae8: 00e9 126c 

  0x0000021031b4eaec: ;   {internal_word}
  0x0000021031b4eaec: 2506 49ba | 7eea b431 | 1002 0000 | 4d89 9768 

  0x0000021031b4eafc: ;   {runtime_call SafepointBlob}
  0x0000021031b4eafc: 0400 00e9 | fc6b 2506 | 498b 8700 | 0500 0049 | c787 0005 | 0000 0000 | 0000 49c7 | 8708 0500 
  0x0000021031b4eb1c: 0000 0000 | 0048 83c4 

  0x0000021031b4eb24: ;   {runtime_call unwind_exception Runtime1 stub}
  0x0000021031b4eb24: 305d e955 | 8f31 06f4 | f4f4 f4f4 
[Stub Code]
  0x0000021031b4eb30: ;   {no_reloc}
  0x0000021031b4eb30: 0f1f 4400 

  0x0000021031b4eb34: ;   {static_stub}
  0x0000021031b4eb34: 0048 bb00 | 0000 0000 

  0x0000021031b4eb3c: ;   {runtime_call}
  0x0000021031b4eb3c: 0000 00e9 | fbff ffff 

  0x0000021031b4eb44: ;   {static_stub}
  0x0000021031b4eb44: 9048 bb00 | 0000 0000 

  0x0000021031b4eb4c: ;   {runtime_call}
  0x0000021031b4eb4c: 0000 00e9 | fbff ffff 
[Exception Handler]
  0x0000021031b4eb54: ;   {runtime_call handle_exception_from_callee Runtime1 stub}
  0x0000021031b4eb54: e827 bc31 

  0x0000021031b4eb58: ;   {external_word}
  0x0000021031b4eb58: 0648 b950 | e034 97f9 | 7f00 0048 

  0x0000021031b4eb64: ;   {runtime_call}
  0x0000021031b4eb64: 83e4 f048 | b850 eff7 | 96f9 7f00 | 00ff d0f4 
[Deopt Handler Code]
  0x0000021031b4eb74: ;   {section_word}
  0x0000021031b4eb74: 49ba 74eb | b431 1002 | 0000 4152 

  0x0000021031b4eb80: ;   {runtime_call DeoptimizationBlob}
  0x0000021031b4eb80: e91b 5e25 | 06f4 f4f4 
[/MachCode]


---------------  P R O C E S S  ---------------

Threads class SMR info:
_java_thread_list=0x00000210bdfa75b0, length=79, elements={
0x0000021027ce48d0, 0x0000021027f0a3d0, 0x0000021027f0b860, 0x0000021027f1ebd0,
0x0000021027f1fa40, 0x0000021027f24180, 0x0000021027f22740, 0x0000021024557a20,
0x0000021024557350, 0x0000021027f220b0, 0x0000021027f23af0, 0x0000021027f23460,
0x0000021027f20d00, 0x0000021027f21a20, 0x0000021027f21390, 0x000002108fce4160,
0x000002108fce2720, 0x000002108fce1a00, 0x000002108fce3ad0, 0x000002108fce2090,
0x000002108fce0ce0, 0x000002108fce6230, 0x000002108fce0650, 0x000002108fcdf930,
0x000002108fce6f50, 0x000002108fcdffc0, 0x00000210984e7760, 0x00000210903d95b0,
0x00000210903d6130, 0x00000210903d46f0, 0x00000210903d7b70, 0x00000210903d67c0,
0x00000210903d8200, 0x00000210903da960, 0x00000210903d8890, 0x00000210903d4060,
0x00000210af7322f0, 0x000002108fce68c0, 0x000002108fce5ba0, 0x00000210af7336a0,
0x00000210984e9830, 0x00000210bdcde7c0, 0x00000210bdce4a30, 0x00000210bdcde130,
0x00000210bdce3680, 0x00000210be15fe10, 0x00000210be15dd40, 0x00000210be15c300,
0x00000210be15f780, 0x00000210be161ee0, 0x00000210be15d020, 0x00000210be15b5e0,
0x00000210be1604a0, 0x00000210be162c00, 0x00000210be160b30, 0x00000210c39875b0,
0x00000210c3989d10, 0x00000210c3983410, 0x00000210c3983aa0, 0x00000210c398b0c0,
0x00000210c3984130, 0x00000210c398b750, 0x00000210c3985b70, 0x00000210c398ebd0,
0x00000210c398d190, 0x00000210c398d820, 0x00000210c3991330, 0x00000210cea6e110,
0x00000210cea72940, 0x00000210cea6ee30, 0x00000210be15ea60, 0x00000210d1ca2730,
0x00000210d1c9d870, 0x00000210d1ca4800, 0x00000210d1cacb40, 0x00000210cea6d3f0,
0x00000210d1ca3450, 0x00000210d1ca9030, 0x00000210d1cab790
}

Java Threads: ( => current thread )
  0x0000021027ce48d0 JavaThread "main"                              [_thread_blocked, id=32212, stack(0x000000f5b7100000,0x000000f5b7200000) (1024K)]
  0x0000021027f0a3d0 JavaThread "Reference Handler"          daemon [_thread_blocked, id=21612, stack(0x000000f5b9400000,0x000000f5b9e00000) (10240K)]
  0x0000021027f0b860 JavaThread "Finalizer"                  daemon [_thread_blocked, id=41488, stack(0x000000f5b9e00000,0x000000f5ba800000) (10240K)]
  0x0000021027f1ebd0 JavaThread "Signal Dispatcher"          daemon [_thread_blocked, id=25060, stack(0x000000f5ba800000,0x000000f5bb200000) (10240K)]
  0x0000021027f1fa40 JavaThread "Attach Listener"            daemon [_thread_blocked, id=28680, stack(0x000000f5bb200000,0x000000f5bbc00000) (10240K)]
  0x0000021027f24180 JavaThread "Service Thread"             daemon [_thread_blocked, id=184, stack(0x000000f5bbc00000,0x000000f5bc600000) (10240K)]
  0x0000021027f22740 JavaThread "Monitor Deflation Thread"   daemon [_thread_blocked, id=35620, stack(0x000000f5bc600000,0x000000f5bd000000) (10240K)]
  0x0000021024557a20 JavaThread "C2 CompilerThread0"         daemon [_thread_blocked, id=19276, stack(0x000000f5bd000000,0x000000f5bd100000) (1024K)]
  0x0000021024557350 JavaThread "C1 CompilerThread0"         daemon [_thread_blocked, id=42520, stack(0x000000f5bd100000,0x000000f5bd200000) (1024K)]
  0x0000021027f220b0 JavaThread "StringDedupThread"          daemon [_thread_blocked, id=900, stack(0x000000f5bd200000,0x000000f5bdc00000) (10240K)]
  0x0000021027f23af0 JavaThread "Common-Cleaner"             daemon [_thread_blocked, id=34896, stack(0x000000f5bdf00000,0x000000f5be900000) (10240K)]
  0x0000021027f23460 JavaThread "Notification Thread"        daemon [_thread_blocked, id=29312, stack(0x000000f5be900000,0x000000f5bf300000) (10240K)]
  0x0000021027f20d00 JavaThread "Java2D Disposer"            daemon [_thread_blocked, id=19372, stack(0x000000f5bf300000,0x000000f5bfd00000) (10240K)]
  0x0000021027f21a20 JavaThread "AWT-Windows"                daemon [_thread_in_native, id=38104, stack(0x000000f5c0700000,0x000000f5c1100000) (10240K)]
  0x0000021027f21390 JavaThread "TimerQueue"                 daemon [_thread_blocked, id=3304, stack(0x000000f5bfd00000,0x000000f5c0700000) (10240K)]
  0x000002108fce4160 JavaThread "AWT-Shutdown"                      [_thread_blocked, id=31308, stack(0x000000f5c1e00000,0x000000f5c2800000) (10240K)]
=>0x000002108fce2720 JavaThread "AWT-EventQueue-0"                  [_thread_in_native, id=35008, stack(0x000000f5c2800000,0x000000f5c3200000) (10240K)]
  0x000002108fce1a00 JavaThread "Thread-1"                          [_thread_in_native, id=13904, stack(0x000000f5b7200000,0x000000f5b8600000) (20480K)]
  0x000002108fce3ad0 JavaThread "Process Messages Thread"           [_thread_blocked, id=35108, stack(0x000000f5c4300000,0x000000f5c4d00000) (10240K)]
  0x000002108fce2090 JavaThread "Batik CleanerThread"        daemon [_thread_blocked, id=36340, stack(0x000000f5c3900000,0x000000f5c4300000) (10240K)]
  0x000002108fce0ce0 JavaThread "SyntheticaCleanerThread"    daemon [_thread_blocked, id=15188, stack(0x000000f5c5700000,0x000000f5c6100000) (10240K)]
  0x000002108fce6230 JavaThread "Timer-0"                           [_thread_blocked, id=2592, stack(0x000000f5c6b00000,0x000000f5c7500000) (10240K)]
  0x000002108fce0650 JavaThread "Monitor File Timestamp Swing Worker Thread"        [_thread_blocked, id=3764, stack(0x000000f5c7500000,0x000000f5c7f00000) (10240K)]
  0x000002108fcdf930 JavaThread "Monitor HEventQueue for Sluggish Gui Thread"        [_thread_blocked, id=33580, stack(0x000000f5c7f00000,0x000000f5c8900000) (10240K)]
  0x000002108fce6f50 JavaThread "SyntheticaAnimation 50"     daemon [_thread_blocked, id=11104, stack(0x000000f5c8900000,0x000000f5c9300000) (10240K)]
  0x000002108fcdffc0 JavaThread "SyntheticaAnimation 25"     daemon [_thread_blocked, id=41300, stack(0x000000f5c9300000,0x000000f5c9d00000) (10240K)]
  0x00000210984e7760 JavaThread "SyntheticaAnimation 70"     daemon [_thread_blocked, id=41556, stack(0x000000f5ca700000,0x000000f5cb100000) (10240K)]
  0x00000210903d95b0 JavaThread "Refresh Filesets Swing Worker Thread"        [_thread_blocked, id=19304, stack(0x000000f5c1400000,0x000000f5c1e00000) (10240K)]
  0x00000210903d6130 JavaThread "hw_ila_monitor"                    [_thread_blocked, id=32200, stack(0x000000f5c4d00000,0x000000f5c5700000) (10240K)]
  0x00000210903d46f0 JavaThread "pool-2-thread-1"                   [_thread_blocked, id=30756, stack(0x000000f5cbb00000,0x000000f5cc500000) (10240K)]
  0x00000210903d7b70 JavaThread "Timer-1"                           [_thread_blocked, id=38268, stack(0x000000f5cc500000,0x000000f5ccf00000) (10240K)]
  0x00000210903d67c0 JavaThread "pool-3-thread-1"                   [_thread_blocked, id=30932, stack(0x000000f5ccf00000,0x000000f5cd900000) (10240K)]
  0x00000210903d8200 JavaThread "Timer-2"                           [_thread_blocked, id=18952, stack(0x000000f5cd900000,0x000000f5ce300000) (10240K)]
  0x00000210903da960 JavaThread "pool-4-thread-1"                   [_thread_blocked, id=31492, stack(0x000000f5ce300000,0x000000f5ced00000) (10240K)]
  0x00000210903d8890 JavaThread "Timer-3"                           [_thread_blocked, id=42808, stack(0x000000f5ced00000,0x000000f5cf700000) (10240K)]
  0x00000210903d4060 JavaThread "Update Runs Swing Worker Thread"        [_thread_blocked, id=26664, stack(0x000000f5d0100000,0x000000f5d0b00000) (10240K)]
  0x00000210af7322f0 JavaThread "SyntheticaAnimation 50"     daemon [_thread_blocked, id=39700, stack(0x000000f5c9d00000,0x000000f5ca700000) (10240K)]
  0x000002108fce68c0 JavaThread "Timer-4"                           [_thread_blocked, id=40512, stack(0x000000f5c6100000,0x000000f5c6b00000) (10240K)]
  0x000002108fce5ba0 JavaThread "Monitor File Timestamp Swing Worker Thread"        [_thread_blocked, id=36684, stack(0x000000f5cb100000,0x000000f5cbb00000) (10240K)]
  0x00000210af7336a0 JavaThread "Timer-5"                           [_thread_blocked, id=39588, stack(0x000000f5cf700000,0x000000f5d0100000) (10240K)]
  0x00000210984e9830 JavaThread "Monitor File Timestamp Swing Worker Thread"        [_thread_blocked, id=31176, stack(0x000000f5d0b00000,0x000000f5d1500000) (10240K)]
  0x00000210bdcde7c0 JavaThread "Image Animator 3"           daemon [_thread_blocked, id=31860, stack(0x000000f5d1500000,0x000000f5d1f00000) (10240K)]
  0x00000210bdce4a30 JavaThread "pool-6-thread-1"                   [_thread_blocked, id=20180, stack(0x000000f5d4700000,0x000000f5d5100000) (10240K)]
  0x00000210bdcde130 JavaThread "pool-7-thread-1"                   [_thread_blocked, id=18288, stack(0x000000f5d6500000,0x000000f5d6f00000) (10240K)]
  0x00000210bdce3680 JavaThread "pool-8-thread-1"                   [_thread_blocked, id=24048, stack(0x000000f5d7900000,0x000000f5d8300000) (10240K)]
  0x00000210be15fe10 JavaThread "Refresh Filesets Swing Worker Thread"        [_thread_blocked, id=6328, stack(0x000000f5d2900000,0x000000f5d3300000) (10240K)]
  0x00000210be15dd40 JavaThread "Timer-10"                          [_thread_blocked, id=16964, stack(0x000000f5d3300000,0x000000f5d3d00000) (10240K)]
  0x00000210be15c300 JavaThread "Monitor File Timestamp Swing Worker Thread"        [_thread_blocked, id=41132, stack(0x000000f5d3d00000,0x000000f5d4700000) (10240K)]
  0x00000210be15f780 JavaThread "pool-9-thread-1"                   [_thread_blocked, id=26716, stack(0x000000f5d5b00000,0x000000f5d6500000) (10240K)]
  0x00000210be161ee0 JavaThread "Timer-11"                          [_thread_blocked, id=41756, stack(0x000000f5d6f00000,0x000000f5d7900000) (10240K)]
  0x00000210be15d020 JavaThread "pool-10-thread-1"                  [_thread_blocked, id=41388, stack(0x000000f5d8300000,0x000000f5d8d00000) (10240K)]
  0x00000210be15b5e0 JavaThread "Timer-12"                          [_thread_blocked, id=26348, stack(0x000000f5d8d00000,0x000000f5d9700000) (10240K)]
  0x00000210be1604a0 JavaThread "pool-11-thread-1"                  [_thread_blocked, id=30528, stack(0x000000f5d9700000,0x000000f5da100000) (10240K)]
  0x00000210be162c00 JavaThread "Timer-13"                          [_thread_blocked, id=16064, stack(0x000000f5da100000,0x000000f5dab00000) (10240K)]
  0x00000210be160b30 JavaThread "Update Runs Swing Worker Thread"        [_thread_blocked, id=1204, stack(0x000000f5dab00000,0x000000f5db500000) (10240K)]
  0x00000210c39875b0 JavaThread "FileSystemWatchService"     daemon [_thread_in_native, id=2144, stack(0x000000f5dbf00000,0x000000f5dc900000) (10240K)]
  0x00000210c3989d10 JavaThread "c"                                 [_thread_blocked, id=32060, stack(0x000000f5dc900000,0x000000f5dd300000) (10240K)]
  0x00000210c3983410 JavaThread "Swing-Shell"                daemon [_thread_blocked, id=4564, stack(0x000000f5d1f00000,0x000000f5d2900000) (10240K)]
  0x00000210c3983aa0 JavaThread "Timer-14"                          [_thread_blocked, id=3580, stack(0x000000f5d5100000,0x000000f5d5b00000) (10240K)]
  0x00000210c398b0c0 JavaThread "Monitor File Timestamp Swing Worker Thread"        [_thread_blocked, id=35064, stack(0x000000f5db500000,0x000000f5dbf00000) (10240K)]
  0x00000210c3984130 JavaThread "Timer-15"                          [_thread_blocked, id=12392, stack(0x000000f5dd300000,0x000000f5ddd00000) (10240K)]
  0x00000210c398b750 JavaThread "Monitor File Timestamp Swing Worker Thread"        [_thread_blocked, id=38588, stack(0x000000f5ddd00000,0x000000f5de700000) (10240K)]
  0x00000210c3985b70 JavaThread "Timer-16"                          [_thread_blocked, id=25572, stack(0x000000f5de700000,0x000000f5df100000) (10240K)]
  0x00000210c398ebd0 JavaThread "Monitor File Timestamp Swing Worker Thread"        [_thread_blocked, id=29604, stack(0x000000f5df100000,0x000000f5dfb00000) (10240K)]
  0x00000210c398d190 JavaThread "Timer-17"                          [_thread_blocked, id=38504, stack(0x000000f5dfb00000,0x000000f5e0500000) (10240K)]
  0x00000210c398d820 JavaThread "Monitor File Timestamp Swing Worker Thread"        [_thread_blocked, id=28720, stack(0x000000f5e0500000,0x000000f5e0f00000) (10240K)]
  0x00000210c3991330 JavaThread "SyntheticaAnimation 50"     daemon [_thread_blocked, id=3784, stack(0x000000f5e0f00000,0x000000f5e1900000) (10240K)]
  0x00000210cea6e110 JavaThread "pool-15-thread-1"                  [_thread_blocked, id=22836, stack(0x000000f5e4b00000,0x000000f5e5500000) (10240K)]
  0x00000210cea72940 JavaThread "pool-16-thread-1"                  [_thread_blocked, id=40860, stack(0x000000f5e5f00000,0x000000f5e6900000) (10240K)]
  0x00000210cea6ee30 JavaThread "pool-17-thread-1"                  [_thread_blocked, id=14592, stack(0x000000f5e7300000,0x000000f5e7d00000) (10240K)]
  0x00000210be15ea60 JavaThread "Timer-22"                          [_thread_blocked, id=34924, stack(0x000000f5e1900000,0x000000f5e2300000) (10240K)]
  0x00000210d1ca2730 JavaThread "pool-19-thread-1"                  [_thread_blocked, id=29180, stack(0x000000f5e5500000,0x000000f5e5f00000) (10240K)]
  0x00000210d1c9d870 JavaThread "pool-20-thread-1"                  [_thread_blocked, id=23412, stack(0x000000f5e8700000,0x000000f5e9100000) (10240K)]
  0x00000210d1ca4800 JavaThread "pool-21-thread-1"                  [_thread_blocked, id=32280, stack(0x000000f5e9b00000,0x000000f5ea500000) (10240K)]
  0x00000210d1cacb40 JavaThread "Timer-28"                          [_thread_blocked, id=5244, stack(0x000000f5e6900000,0x000000f5e7300000) (10240K)]
  0x00000210cea6d3f0 JavaThread "Timer-30"                          [_thread_blocked, id=8184, stack(0x000000f5e2300000,0x000000f5e2d00000) (10240K)]
  0x00000210d1ca3450 JavaThread "pool-24-thread-1"                  [_thread_blocked, id=12128, stack(0x000000f5e9100000,0x000000f5e9b00000) (10240K)]
  0x00000210d1ca9030 JavaThread "pool-25-thread-1"                  [_thread_blocked, id=38436, stack(0x000000f5eb900000,0x000000f5ec300000) (10240K)]
  0x00000210d1cab790 JavaThread "pool-26-thread-1"                  [_thread_blocked, id=35588, stack(0x000000f5ecd00000,0x000000f5ed700000) (10240K)]
Total: 79

Other Threads:
  0x0000021025f77930 VMThread "VM Thread"                           [id=2244, stack(0x000000f5b9300000,0x000000f5b9400000) (1024K)]
  0x0000021025d543a0 WatcherThread "VM Periodic Task Thread"        [id=704, stack(0x000000f5b9200000,0x000000f5b9300000) (1024K)]
  0x0000021025f78410 WorkerThread "GC Thread#0"                     [id=32728, stack(0x000000f5b8d00000,0x000000f5b8e00000) (1024K)]
  0x0000021027f2a140 WorkerThread "GC Thread#1"                     [id=14280, stack(0x000000f5c1100000,0x000000f5c1200000) (1024K)]
  0x0000021027f2c1e0 WorkerThread "GC Thread#2"                     [id=36420, stack(0x000000f5c1200000,0x000000f5c1300000) (1024K)]
  0x0000021027f2b360 WorkerThread "GC Thread#3"                     [id=42744, stack(0x000000f5c1300000,0x000000f5c1400000) (1024K)]
  0x00000210223beb60 ConcurrentGCThread "G1 Main Marker"            [id=41384, stack(0x000000f5b8e00000,0x000000f5b8f00000) (1024K)]
  0x0000021025f79290 WorkerThread "G1 Conc#0"                       [id=33756, stack(0x000000f5b8f00000,0x000000f5b9000000) (1024K)]
  0x0000021027e207f0 ConcurrentGCThread "G1 Refine#0"               [id=28048, stack(0x000000f5b9000000,0x000000f5b9100000) (1024K)]
  0x0000021025930cb0 ConcurrentGCThread "G1 Service"                [id=6616, stack(0x000000f5b9100000,0x000000f5b9200000) (1024K)]
Total: 10

Threads with active compile tasks:
Total: 0

VM state: not at safepoint (normal execution)

VM Mutex/Monitor currently owned by a thread: None

Heap address: 0x0000000701800000, size: 4072 MB, Compressed Oops mode: Zero based, Oop shift amount: 3

CDS archive(s) mapped at: [0x0000021047000000-0x0000021047c90000-0x0000021047c90000), size 13172736, SharedBaseAddress: 0x0000021047000000, ArchiveRelocationMode: 1.
Compressed class space mapped at: 0x0000021048000000-0x0000021088000000, reserved size: 1073741824
Narrow klass base: 0x0000021047000000, Narrow klass shift: 0, Narrow klass range: 0x100000000

GC Precious Log:
 CardTable entry size: 512
 Card Set container configuration: InlinePtr #cards 4 size 8 Array Of Cards #cards 16 size 48 Howl #buckets 8 coarsen threshold 3686 Howl Bitmap #cards 512 size 80 coarsen threshold 460 Card regions per heap region 1 cards per card region 4096
 CPUs: 16 total, 16 available
 Memory: 15681M
 Large Page Support: Disabled
 NUMA Support: Disabled
 Compressed Oops: Enabled (Zero based)
 Heap Region Size: 2M
 Heap Min Capacity: 512M
 Heap Initial Capacity: 512M
 Heap Max Capacity: 4072M
 Pre-touch: Disabled
 Parallel Workers: 4
 Concurrent Workers: 1
 Concurrent Refinement Workers: 4
 Periodic GC: Disabled
 String Deduplication is enabled

Heap:
 garbage-first heap   total 663552K, used 300765K [0x0000000701800000, 0x0000000800000000)
  region size 2048K, 40 young (81920K), 3 survivors (6144K)
 Metaspace       used 118313K, committed 119040K, reserved 1179648K
  class space    used 16576K, committed 16960K, reserved 1048576K

Heap Regions: E=young(eden), S=young(survivor), O=old, HS=humongous(starts), HC=humongous(continues), CS=collection set, F=free, TAMS=top-at-mark-start, PB=parsable bottom
|   0|0x0000000701800000, 0x0000000701a00000, 0x0000000701a00000|100%|HS|  |TAMS 0x0000000701800000| PB 0x0000000701800000| Untracked 
|   1|0x0000000701a00000, 0x0000000701bffff0, 0x0000000701c00000| 99%| O|  |TAMS 0x0000000701a00000| PB 0x0000000701a00000| Untracked 
|   2|0x0000000701c00000, 0x0000000701dfffe8, 0x0000000701e00000| 99%| O|  |TAMS 0x0000000701c00000| PB 0x0000000701c00000| Untracked 
|   3|0x0000000701e00000, 0x0000000701ffffd0, 0x0000000702000000| 99%| O|  |TAMS 0x0000000701e00000| PB 0x0000000701e00000| Untracked 
|   4|0x0000000702000000, 0x00000007021ffed0, 0x0000000702200000| 99%| O|  |TAMS 0x0000000702000000| PB 0x0000000702000000| Untracked 
|   5|0x0000000702200000, 0x0000000702400000, 0x0000000702400000|100%| O|  |TAMS 0x0000000702200000| PB 0x0000000702200000| Untracked 
|   6|0x0000000702400000, 0x0000000702600000, 0x0000000702600000|100%| O|  |TAMS 0x0000000702400000| PB 0x0000000702400000| Untracked 
|   7|0x0000000702600000, 0x0000000702800000, 0x0000000702800000|100%| O|  |TAMS 0x0000000702600000| PB 0x0000000702600000| Untracked 
|   8|0x0000000702800000, 0x0000000702a00000, 0x0000000702a00000|100%| O|  |TAMS 0x0000000702800000| PB 0x0000000702800000| Untracked 
|   9|0x0000000702a00000, 0x0000000702c00000, 0x0000000702c00000|100%| O|  |TAMS 0x0000000702a00000| PB 0x0000000702a00000| Untracked 
|  10|0x0000000702c00000, 0x0000000702e00000, 0x0000000702e00000|100%| O|  |TAMS 0x0000000702c00000| PB 0x0000000702c00000| Untracked 
|  11|0x0000000702e00000, 0x0000000703000000, 0x0000000703000000|100%| O|  |TAMS 0x0000000702e00000| PB 0x0000000702e00000| Untracked 
|  12|0x0000000703000000, 0x00000007031fffe8, 0x0000000703200000| 99%| O|  |TAMS 0x0000000703000000| PB 0x0000000703000000| Untracked 
|  13|0x0000000703200000, 0x00000007033fffe8, 0x0000000703400000| 99%| O|  |TAMS 0x0000000703200000| PB 0x0000000703200000| Untracked 
|  14|0x0000000703400000, 0x00000007035ffff0, 0x0000000703600000| 99%| O|  |TAMS 0x0000000703400000| PB 0x0000000703400000| Untracked 
|  15|0x0000000703600000, 0x00000007037fffb0, 0x0000000703800000| 99%| O|  |TAMS 0x0000000703600000| PB 0x0000000703600000| Untracked 
|  16|0x0000000703800000, 0x00000007039fec20, 0x0000000703a00000| 99%| O|  |TAMS 0x0000000703800000| PB 0x0000000703800000| Untracked 
|  17|0x0000000703a00000, 0x0000000703bffff8, 0x0000000703c00000| 99%| O|  |TAMS 0x0000000703a00000| PB 0x0000000703a00000| Untracked 
|  18|0x0000000703c00000, 0x0000000703dffff8, 0x0000000703e00000| 99%| O|  |TAMS 0x0000000703c00000| PB 0x0000000703c00000| Untracked 
|  19|0x0000000703e00000, 0x0000000704000000, 0x0000000704000000|100%| O|  |TAMS 0x0000000703e00000| PB 0x0000000703e00000| Untracked 
|  20|0x0000000704000000, 0x00000007041ff728, 0x0000000704200000| 99%| O|  |TAMS 0x0000000704000000| PB 0x0000000704000000| Untracked 
|  21|0x0000000704200000, 0x00000007043fffe0, 0x0000000704400000| 99%| O|  |TAMS 0x0000000704200000| PB 0x0000000704200000| Untracked 
|  22|0x0000000704400000, 0x00000007045ffe68, 0x0000000704600000| 99%| O|  |TAMS 0x0000000704400000| PB 0x0000000704400000| Untracked 
|  23|0x0000000704600000, 0x00000007047fffe0, 0x0000000704800000| 99%| O|  |TAMS 0x0000000704600000| PB 0x0000000704600000| Untracked 
|  24|0x0000000704800000, 0x00000007049ffff0, 0x0000000704a00000| 99%| O|  |TAMS 0x0000000704800000| PB 0x0000000704800000| Untracked 
|  25|0x0000000704a00000, 0x0000000704c00000, 0x0000000704c00000|100%| O|  |TAMS 0x0000000704a00000| PB 0x0000000704a00000| Untracked 
|  26|0x0000000704c00000, 0x0000000704dffff0, 0x0000000704e00000| 99%| O|  |TAMS 0x0000000704c00000| PB 0x0000000704c00000| Untracked 
|  27|0x0000000704e00000, 0x0000000705000000, 0x0000000705000000|100%| O|  |TAMS 0x0000000704e00000| PB 0x0000000704e00000| Untracked 
|  28|0x0000000705000000, 0x00000007051fff48, 0x0000000705200000| 99%| O|  |TAMS 0x0000000705000000| PB 0x0000000705000000| Untracked 
|  29|0x0000000705200000, 0x00000007053fff70, 0x0000000705400000| 99%| O|  |TAMS 0x0000000705200000| PB 0x0000000705200000| Untracked 
|  30|0x0000000705400000, 0x00000007055ffff8, 0x0000000705600000| 99%| O|  |TAMS 0x0000000705400000| PB 0x0000000705400000| Untracked 
|  31|0x0000000705600000, 0x00000007057fffe0, 0x0000000705800000| 99%| O|  |TAMS 0x0000000705600000| PB 0x0000000705600000| Untracked 
|  32|0x0000000705800000, 0x0000000705a00000, 0x0000000705a00000|100%| O|  |TAMS 0x0000000705800000| PB 0x0000000705800000| Untracked 
|  33|0x0000000705a00000, 0x0000000705c00000, 0x0000000705c00000|100%| O|  |TAMS 0x0000000705a00000| PB 0x0000000705a00000| Untracked 
|  34|0x0000000705c00000, 0x0000000705dfffd0, 0x0000000705e00000| 99%| O|  |TAMS 0x0000000705c00000| PB 0x0000000705c00000| Untracked 
|  35|0x0000000705e00000, 0x0000000705ffffe0, 0x0000000706000000| 99%| O|  |TAMS 0x0000000705e00000| PB 0x0000000705e00000| Untracked 
|  36|0x0000000706000000, 0x00000007061ffaf0, 0x0000000706200000| 99%| O|  |TAMS 0x0000000706000000| PB 0x0000000706000000| Untracked 
|  37|0x0000000706200000, 0x00000007063ff650, 0x0000000706400000| 99%| O|  |TAMS 0x0000000706200000| PB 0x0000000706200000| Untracked 
|  38|0x0000000706400000, 0x00000007065fffd8, 0x0000000706600000| 99%| O|  |TAMS 0x0000000706400000| PB 0x0000000706400000| Untracked 
|  39|0x0000000706600000, 0x0000000706800000, 0x0000000706800000|100%|HS|  |TAMS 0x0000000706600000| PB 0x0000000706600000| Untracked 
|  40|0x0000000706800000, 0x0000000706a00000, 0x0000000706a00000|100%|HC|  |TAMS 0x0000000706800000| PB 0x0000000706800000| Untracked 
|  41|0x0000000706a00000, 0x0000000706bffff8, 0x0000000706c00000| 99%| O|  |TAMS 0x0000000706a00000| PB 0x0000000706a00000| Untracked 
|  42|0x0000000706c00000, 0x0000000706e00000, 0x0000000706e00000|100%| O|  |TAMS 0x0000000706c00000| PB 0x0000000706c00000| Untracked 
|  43|0x0000000706e00000, 0x0000000706ffe0c8, 0x0000000707000000| 99%| O|  |TAMS 0x0000000706e00000| PB 0x0000000706e00000| Untracked 
|  44|0x0000000707000000, 0x00000007071fffe8, 0x0000000707200000| 99%| O|  |TAMS 0x0000000707000000| PB 0x0000000707000000| Untracked 
|  45|0x0000000707200000, 0x00000007073fffe0, 0x0000000707400000| 99%| O|  |TAMS 0x0000000707200000| PB 0x0000000707200000| Untracked 
|  46|0x0000000707400000, 0x00000007075ffff8, 0x0000000707600000| 99%| O|  |TAMS 0x0000000707400000| PB 0x0000000707400000| Untracked 
|  47|0x0000000707600000, 0x00000007077ffff0, 0x0000000707800000| 99%| O|  |TAMS 0x0000000707600000| PB 0x0000000707600000| Untracked 
|  48|0x0000000707800000, 0x0000000707a00000, 0x0000000707a00000|100%| O|  |TAMS 0x0000000707800000| PB 0x0000000707800000| Untracked 
|  49|0x0000000707a00000, 0x0000000707bffff0, 0x0000000707c00000| 99%| O|  |TAMS 0x0000000707a00000| PB 0x0000000707a00000| Untracked 
|  50|0x0000000707c00000, 0x0000000707dffff8, 0x0000000707e00000| 99%| O|  |TAMS 0x0000000707c00000| PB 0x0000000707c00000| Untracked 
|  51|0x0000000707e00000, 0x0000000707fffff8, 0x0000000708000000| 99%| O|  |TAMS 0x0000000707e00000| PB 0x0000000707e00000| Untracked 
|  52|0x0000000708000000, 0x00000007081fffc8, 0x0000000708200000| 99%| O|  |TAMS 0x0000000708000000| PB 0x0000000708000000| Untracked 
|  53|0x0000000708200000, 0x00000007083ffff8, 0x0000000708400000| 99%| O|  |TAMS 0x0000000708200000| PB 0x0000000708200000| Untracked 
|  54|0x0000000708400000, 0x00000007085ffff0, 0x0000000708600000| 99%| O|  |TAMS 0x0000000708400000| PB 0x0000000708400000| Untracked 
|  55|0x0000000708600000, 0x0000000708800000, 0x0000000708800000|100%| O|  |TAMS 0x0000000708600000| PB 0x0000000708600000| Untracked 
|  56|0x0000000708800000, 0x0000000708a00000, 0x0000000708a00000|100%| O|  |TAMS 0x0000000708800000| PB 0x0000000708800000| Untracked 
|  57|0x0000000708a00000, 0x0000000708bffff0, 0x0000000708c00000| 99%| O|  |TAMS 0x0000000708a00000| PB 0x0000000708a00000| Untracked 
|  58|0x0000000708c00000, 0x0000000708dffec8, 0x0000000708e00000| 99%| O|  |TAMS 0x0000000708c00000| PB 0x0000000708c00000| Untracked 
|  59|0x0000000708e00000, 0x0000000708ffffe8, 0x0000000709000000| 99%| O|  |TAMS 0x0000000708e00000| PB 0x0000000708e00000| Untracked 
|  60|0x0000000709000000, 0x0000000709200000, 0x0000000709200000|100%| O|  |TAMS 0x0000000709000000| PB 0x0000000709000000| Untracked 
|  61|0x0000000709200000, 0x00000007093ffff8, 0x0000000709400000| 99%| O|  |TAMS 0x0000000709200000| PB 0x0000000709200000| Untracked 
|  62|0x0000000709400000, 0x00000007095fff60, 0x0000000709600000| 99%| O|  |TAMS 0x0000000709400000| PB 0x0000000709400000| Untracked 
|  63|0x0000000709600000, 0x00000007097fffd8, 0x0000000709800000| 99%| O|  |TAMS 0x0000000709600000| PB 0x0000000709600000| Untracked 
|  64|0x0000000709800000, 0x00000007099ffb58, 0x0000000709a00000| 99%| O|  |TAMS 0x0000000709800000| PB 0x0000000709800000| Untracked 
|  65|0x0000000709a00000, 0x0000000709bfff88, 0x0000000709c00000| 99%| O|  |TAMS 0x0000000709a00000| PB 0x0000000709a00000| Untracked 
|  66|0x0000000709c00000, 0x0000000709e00000, 0x0000000709e00000|100%| O|  |TAMS 0x0000000709c00000| PB 0x0000000709c00000| Untracked 
|  67|0x0000000709e00000, 0x0000000709ffb960, 0x000000070a000000| 99%| O|  |TAMS 0x0000000709e00000| PB 0x0000000709e00000| Untracked 
|  68|0x000000070a000000, 0x000000070a200000, 0x000000070a200000|100%| O|  |TAMS 0x000000070a000000| PB 0x000000070a000000| Untracked 
|  69|0x000000070a200000, 0x000000070a3fffc0, 0x000000070a400000| 99%| O|  |TAMS 0x000000070a200000| PB 0x000000070a200000| Untracked 
|  70|0x000000070a400000, 0x000000070a5fffe8, 0x000000070a600000| 99%| O|  |TAMS 0x000000070a400000| PB 0x000000070a400000| Untracked 
|  71|0x000000070a600000, 0x000000070a7fbfe8, 0x000000070a800000| 99%| O|  |TAMS 0x000000070a600000| PB 0x000000070a600000| Untracked 
|  72|0x000000070a800000, 0x000000070a9fbe50, 0x000000070aa00000| 99%| O|  |TAMS 0x000000070a800000| PB 0x000000070a800000| Untracked 
|  73|0x000000070aa00000, 0x000000070abfffe8, 0x000000070ac00000| 99%| O|  |TAMS 0x000000070aa00000| PB 0x000000070aa00000| Untracked 
|  74|0x000000070ac00000, 0x000000070ae00000, 0x000000070ae00000|100%| O|  |TAMS 0x000000070ac00000| PB 0x000000070ac00000| Untracked 
|  75|0x000000070ae00000, 0x000000070afffff8, 0x000000070b000000| 99%| O|  |TAMS 0x000000070ae00000| PB 0x000000070ae00000| Untracked 
|  76|0x000000070b000000, 0x000000070b1ffff8, 0x000000070b200000| 99%| O|  |TAMS 0x000000070b000000| PB 0x000000070b000000| Untracked 
|  77|0x000000070b200000, 0x000000070b34b320, 0x000000070b400000| 64%| O|  |TAMS 0x000000070b200000| PB 0x000000070b200000| Untracked 
|  78|0x000000070b400000, 0x000000070b5fffa0, 0x000000070b600000| 99%| O|  |TAMS 0x000000070b400000| PB 0x000000070b400000| Untracked 
|  79|0x000000070b600000, 0x000000070b800000, 0x000000070b800000|100%| O|  |TAMS 0x000000070b600000| PB 0x000000070b600000| Untracked 
|  80|0x000000070b800000, 0x000000070ba00000, 0x000000070ba00000|100%| O|  |TAMS 0x000000070b800000| PB 0x000000070b800000| Untracked 
|  81|0x000000070ba00000, 0x000000070bc00000, 0x000000070bc00000|100%| O|  |TAMS 0x000000070ba00000| PB 0x000000070ba00000| Untracked 
|  82|0x000000070bc00000, 0x000000070bdffff8, 0x000000070be00000| 99%| O|  |TAMS 0x000000070bc00000| PB 0x000000070bc00000| Untracked 
|  83|0x000000070be00000, 0x000000070c000000, 0x000000070c000000|100%| O|  |TAMS 0x000000070be00000| PB 0x000000070be00000| Untracked 
|  84|0x000000070c000000, 0x000000070c1ffff8, 0x000000070c200000| 99%| O|  |TAMS 0x000000070c000000| PB 0x000000070c000000| Untracked 
|  85|0x000000070c200000, 0x000000070c28e880, 0x000000070c400000| 27%| O|  |TAMS 0x000000070c200000| PB 0x000000070c200000| Untracked 
|  86|0x000000070c400000, 0x000000070c5ffbe8, 0x000000070c600000| 99%| O|  |TAMS 0x000000070c400000| PB 0x000000070c400000| Untracked 
|  87|0x000000070c600000, 0x000000070c800000, 0x000000070c800000|100%| O|  |TAMS 0x000000070c600000| PB 0x000000070c600000| Untracked 
|  88|0x000000070c800000, 0x000000070c921d70, 0x000000070ca00000| 56%| O|  |TAMS 0x000000070c800000| PB 0x000000070c800000| Untracked 
|  89|0x000000070ca00000, 0x000000070cc00000, 0x000000070cc00000|100%|HS|  |TAMS 0x000000070ca00000| PB 0x000000070ca00000| Untracked 
|  90|0x000000070cc00000, 0x000000070ce00000, 0x000000070ce00000|100%|HC|  |TAMS 0x000000070cc00000| PB 0x000000070cc00000| Untracked 
|  91|0x000000070ce00000, 0x000000070d000000, 0x000000070d000000|100%|HC|  |TAMS 0x000000070ce00000| PB 0x000000070ce00000| Untracked 
|  92|0x000000070d000000, 0x000000070d200000, 0x000000070d200000|100%|HC|  |TAMS 0x000000070d000000| PB 0x000000070d000000| Untracked 
|  93|0x000000070d200000, 0x000000070d400000, 0x000000070d400000|100%| O|  |TAMS 0x000000070d200000| PB 0x000000070d200000| Untracked 
|  94|0x000000070d400000, 0x000000070d600000, 0x000000070d600000|100%| O|  |TAMS 0x000000070d400000| PB 0x000000070d400000| Untracked 
|  95|0x000000070d600000, 0x000000070d800000, 0x000000070d800000|100%| O|  |TAMS 0x000000070d600000| PB 0x000000070d600000| Untracked 
|  96|0x000000070d800000, 0x000000070da00000, 0x000000070da00000|100%| O|  |TAMS 0x000000070d800000| PB 0x000000070d800000| Untracked 
|  97|0x000000070da00000, 0x000000070dc00000, 0x000000070dc00000|100%| O|  |TAMS 0x000000070da00000| PB 0x000000070da00000| Untracked 
|  98|0x000000070dc00000, 0x000000070de00000, 0x000000070de00000|100%| O|  |TAMS 0x000000070dc00000| PB 0x000000070dc00000| Untracked 
|  99|0x000000070de00000, 0x000000070e000000, 0x000000070e000000|100%| O|  |TAMS 0x000000070de00000| PB 0x000000070de00000| Untracked 
| 100|0x000000070e000000, 0x000000070e1fa880, 0x000000070e200000| 98%| O|  |TAMS 0x000000070e000000| PB 0x000000070e000000| Untracked 
| 101|0x000000070e200000, 0x000000070e200000, 0x000000070e400000|  0%| F|  |TAMS 0x000000070e200000| PB 0x000000070e200000| Untracked 
| 102|0x000000070e400000, 0x000000070e400000, 0x000000070e600000|  0%| F|  |TAMS 0x000000070e400000| PB 0x000000070e400000| Untracked 
| 103|0x000000070e600000, 0x000000070e600000, 0x000000070e800000|  0%| F|  |TAMS 0x000000070e600000| PB 0x000000070e600000| Untracked 
| 104|0x000000070e800000, 0x000000070ea00000, 0x000000070ea00000|100%|HS|  |TAMS 0x000000070e800000| PB 0x000000070e800000| Untracked 
| 105|0x000000070ea00000, 0x000000070ec00000, 0x000000070ec00000|100%|HC|  |TAMS 0x000000070ea00000| PB 0x000000070ea00000| Untracked 
| 106|0x000000070ec00000, 0x000000070ee00000, 0x000000070ee00000|100%|HC|  |TAMS 0x000000070ec00000| PB 0x000000070ec00000| Untracked 
| 107|0x000000070ee00000, 0x000000070f000000, 0x000000070f000000|100%|HC|  |TAMS 0x000000070ee00000| PB 0x000000070ee00000| Untracked 
| 108|0x000000070f000000, 0x000000070f000000, 0x000000070f200000|  0%| F|  |TAMS 0x000000070f000000| PB 0x000000070f000000| Untracked 
| 109|0x000000070f200000, 0x000000070f200000, 0x000000070f400000|  0%| F|  |TAMS 0x000000070f200000| PB 0x000000070f200000| Untracked 
| 110|0x000000070f400000, 0x000000070f400000, 0x000000070f600000|  0%| F|  |TAMS 0x000000070f400000| PB 0x000000070f400000| Untracked 
| 111|0x000000070f600000, 0x000000070f600000, 0x000000070f800000|  0%| F|  |TAMS 0x000000070f600000| PB 0x000000070f600000| Untracked 
| 112|0x000000070f800000, 0x000000070f800000, 0x000000070fa00000|  0%| F|  |TAMS 0x000000070f800000| PB 0x000000070f800000| Untracked 
| 113|0x000000070fa00000, 0x000000070fa00000, 0x000000070fc00000|  0%| F|  |TAMS 0x000000070fa00000| PB 0x000000070fa00000| Untracked 
| 114|0x000000070fc00000, 0x000000070fc00000, 0x000000070fe00000|  0%| F|  |TAMS 0x000000070fc00000| PB 0x000000070fc00000| Untracked 
| 115|0x000000070fe00000, 0x000000070fe00000, 0x0000000710000000|  0%| F|  |TAMS 0x000000070fe00000| PB 0x000000070fe00000| Untracked 
| 116|0x0000000710000000, 0x0000000710000000, 0x0000000710200000|  0%| F|  |TAMS 0x0000000710000000| PB 0x0000000710000000| Untracked 
| 117|0x0000000710200000, 0x0000000710200000, 0x0000000710400000|  0%| F|  |TAMS 0x0000000710200000| PB 0x0000000710200000| Untracked 
| 118|0x0000000710400000, 0x0000000710600000, 0x0000000710600000|100%|HS|  |TAMS 0x0000000710400000| PB 0x0000000710400000| Untracked 
| 119|0x0000000710600000, 0x0000000710800000, 0x0000000710800000|100%|HC|  |TAMS 0x0000000710600000| PB 0x0000000710600000| Untracked 
| 120|0x0000000710800000, 0x0000000710a00000, 0x0000000710a00000|100%|HC|  |TAMS 0x0000000710800000| PB 0x0000000710800000| Untracked 
| 121|0x0000000710a00000, 0x0000000710c00000, 0x0000000710c00000|100%|HC|  |TAMS 0x0000000710a00000| PB 0x0000000710a00000| Untracked 
| 122|0x0000000710c00000, 0x0000000710c00000, 0x0000000710e00000|  0%| F|  |TAMS 0x0000000710c00000| PB 0x0000000710c00000| Untracked 
| 123|0x0000000710e00000, 0x0000000710e00000, 0x0000000711000000|  0%| F|  |TAMS 0x0000000710e00000| PB 0x0000000710e00000| Untracked 
| 124|0x0000000711000000, 0x0000000711000000, 0x0000000711200000|  0%| F|  |TAMS 0x0000000711000000| PB 0x0000000711000000| Untracked 
| 125|0x0000000711200000, 0x0000000711200000, 0x0000000711400000|  0%| F|  |TAMS 0x0000000711200000| PB 0x0000000711200000| Untracked 
| 126|0x0000000711400000, 0x0000000711400000, 0x0000000711600000|  0%| F|  |TAMS 0x0000000711400000| PB 0x0000000711400000| Untracked 
| 127|0x0000000711600000, 0x0000000711600000, 0x0000000711800000|  0%| F|  |TAMS 0x0000000711600000| PB 0x0000000711600000| Untracked 
| 128|0x0000000711800000, 0x0000000711800000, 0x0000000711a00000|  0%| F|  |TAMS 0x0000000711800000| PB 0x0000000711800000| Untracked 
| 129|0x0000000711a00000, 0x0000000711a00000, 0x0000000711c00000|  0%| F|  |TAMS 0x0000000711a00000| PB 0x0000000711a00000| Untracked 
| 130|0x0000000711c00000, 0x0000000711c00000, 0x0000000711e00000|  0%| F|  |TAMS 0x0000000711c00000| PB 0x0000000711c00000| Untracked 
| 131|0x0000000711e00000, 0x0000000711e00000, 0x0000000712000000|  0%| F|  |TAMS 0x0000000711e00000| PB 0x0000000711e00000| Untracked 
| 132|0x0000000712000000, 0x0000000712000000, 0x0000000712200000|  0%| F|  |TAMS 0x0000000712000000| PB 0x0000000712000000| Untracked 
| 133|0x0000000712200000, 0x0000000712200000, 0x0000000712400000|  0%| F|  |TAMS 0x0000000712200000| PB 0x0000000712200000| Untracked 
| 134|0x0000000712400000, 0x0000000712400000, 0x0000000712600000|  0%| F|  |TAMS 0x0000000712400000| PB 0x0000000712400000| Untracked 
| 135|0x0000000712600000, 0x0000000712600000, 0x0000000712800000|  0%| F|  |TAMS 0x0000000712600000| PB 0x0000000712600000| Untracked 
| 136|0x0000000712800000, 0x0000000712800000, 0x0000000712a00000|  0%| F|  |TAMS 0x0000000712800000| PB 0x0000000712800000| Untracked 
| 137|0x0000000712a00000, 0x0000000712a00000, 0x0000000712c00000|  0%| F|  |TAMS 0x0000000712a00000| PB 0x0000000712a00000| Untracked 
| 138|0x0000000712c00000, 0x0000000712c00000, 0x0000000712e00000|  0%| F|  |TAMS 0x0000000712c00000| PB 0x0000000712c00000| Untracked 
| 139|0x0000000712e00000, 0x0000000712e00000, 0x0000000713000000|  0%| F|  |TAMS 0x0000000712e00000| PB 0x0000000712e00000| Untracked 
| 140|0x0000000713000000, 0x0000000713000000, 0x0000000713200000|  0%| F|  |TAMS 0x0000000713000000| PB 0x0000000713000000| Untracked 
| 141|0x0000000713200000, 0x0000000713200000, 0x0000000713400000|  0%| F|  |TAMS 0x0000000713200000| PB 0x0000000713200000| Untracked 
| 142|0x0000000713400000, 0x0000000713400000, 0x0000000713600000|  0%| F|  |TAMS 0x0000000713400000| PB 0x0000000713400000| Untracked 
| 143|0x0000000713600000, 0x0000000713600000, 0x0000000713800000|  0%| F|  |TAMS 0x0000000713600000| PB 0x0000000713600000| Untracked 
| 144|0x0000000713800000, 0x0000000713800000, 0x0000000713a00000|  0%| F|  |TAMS 0x0000000713800000| PB 0x0000000713800000| Untracked 
| 145|0x0000000713a00000, 0x0000000713a00000, 0x0000000713c00000|  0%| F|  |TAMS 0x0000000713a00000| PB 0x0000000713a00000| Untracked 
| 146|0x0000000713c00000, 0x0000000713c00000, 0x0000000713e00000|  0%| F|  |TAMS 0x0000000713c00000| PB 0x0000000713c00000| Untracked 
| 147|0x0000000713e00000, 0x0000000713e00000, 0x0000000714000000|  0%| F|  |TAMS 0x0000000713e00000| PB 0x0000000713e00000| Untracked 
| 148|0x0000000714000000, 0x0000000714000000, 0x0000000714200000|  0%| F|  |TAMS 0x0000000714000000| PB 0x0000000714000000| Untracked 
| 149|0x0000000714200000, 0x0000000714200000, 0x0000000714400000|  0%| F|  |TAMS 0x0000000714200000| PB 0x0000000714200000| Untracked 
| 150|0x0000000714400000, 0x0000000714400000, 0x0000000714600000|  0%| F|  |TAMS 0x0000000714400000| PB 0x0000000714400000| Untracked 
| 151|0x0000000714600000, 0x0000000714600000, 0x0000000714800000|  0%| F|  |TAMS 0x0000000714600000| PB 0x0000000714600000| Untracked 
| 152|0x0000000714800000, 0x0000000714800000, 0x0000000714a00000|  0%| F|  |TAMS 0x0000000714800000| PB 0x0000000714800000| Untracked 
| 153|0x0000000714a00000, 0x0000000714a00000, 0x0000000714c00000|  0%| F|  |TAMS 0x0000000714a00000| PB 0x0000000714a00000| Untracked 
| 154|0x0000000714c00000, 0x0000000714c00000, 0x0000000714e00000|  0%| F|  |TAMS 0x0000000714c00000| PB 0x0000000714c00000| Untracked 
| 155|0x0000000714e00000, 0x0000000714e00000, 0x0000000715000000|  0%| F|  |TAMS 0x0000000714e00000| PB 0x0000000714e00000| Untracked 
| 156|0x0000000715000000, 0x0000000715000000, 0x0000000715200000|  0%| F|  |TAMS 0x0000000715000000| PB 0x0000000715000000| Untracked 
| 157|0x0000000715200000, 0x0000000715200000, 0x0000000715400000|  0%| F|  |TAMS 0x0000000715200000| PB 0x0000000715200000| Untracked 
| 158|0x0000000715400000, 0x0000000715400000, 0x0000000715600000|  0%| F|  |TAMS 0x0000000715400000| PB 0x0000000715400000| Untracked 
| 159|0x0000000715600000, 0x0000000715600000, 0x0000000715800000|  0%| F|  |TAMS 0x0000000715600000| PB 0x0000000715600000| Untracked 
| 160|0x0000000715800000, 0x0000000715800000, 0x0000000715a00000|  0%| F|  |TAMS 0x0000000715800000| PB 0x0000000715800000| Untracked 
| 161|0x0000000715a00000, 0x0000000715a00000, 0x0000000715c00000|  0%| F|  |TAMS 0x0000000715a00000| PB 0x0000000715a00000| Untracked 
| 162|0x0000000715c00000, 0x0000000715c00000, 0x0000000715e00000|  0%| F|  |TAMS 0x0000000715c00000| PB 0x0000000715c00000| Untracked 
| 163|0x0000000715e00000, 0x0000000715e00000, 0x0000000716000000|  0%| F|  |TAMS 0x0000000715e00000| PB 0x0000000715e00000| Untracked 
| 164|0x0000000716000000, 0x0000000716000000, 0x0000000716200000|  0%| F|  |TAMS 0x0000000716000000| PB 0x0000000716000000| Untracked 
| 165|0x0000000716200000, 0x0000000716200000, 0x0000000716400000|  0%| F|  |TAMS 0x0000000716200000| PB 0x0000000716200000| Untracked 
| 166|0x0000000716400000, 0x0000000716400000, 0x0000000716600000|  0%| F|  |TAMS 0x0000000716400000| PB 0x0000000716400000| Untracked 
| 167|0x0000000716600000, 0x0000000716600000, 0x0000000716800000|  0%| F|  |TAMS 0x0000000716600000| PB 0x0000000716600000| Untracked 
| 168|0x0000000716800000, 0x0000000716800000, 0x0000000716a00000|  0%| F|  |TAMS 0x0000000716800000| PB 0x0000000716800000| Untracked 
| 169|0x0000000716a00000, 0x0000000716a00000, 0x0000000716c00000|  0%| F|  |TAMS 0x0000000716a00000| PB 0x0000000716a00000| Untracked 
| 170|0x0000000716c00000, 0x0000000716c00000, 0x0000000716e00000|  0%| F|  |TAMS 0x0000000716c00000| PB 0x0000000716c00000| Untracked 
| 171|0x0000000716e00000, 0x0000000716e00000, 0x0000000717000000|  0%| F|  |TAMS 0x0000000716e00000| PB 0x0000000716e00000| Untracked 
| 172|0x0000000717000000, 0x0000000717000000, 0x0000000717200000|  0%| F|  |TAMS 0x0000000717000000| PB 0x0000000717000000| Untracked 
| 173|0x0000000717200000, 0x0000000717200000, 0x0000000717400000|  0%| F|  |TAMS 0x0000000717200000| PB 0x0000000717200000| Untracked 
| 174|0x0000000717400000, 0x0000000717400000, 0x0000000717600000|  0%| F|  |TAMS 0x0000000717400000| PB 0x0000000717400000| Untracked 
| 175|0x0000000717600000, 0x0000000717600000, 0x0000000717800000|  0%| F|  |TAMS 0x0000000717600000| PB 0x0000000717600000| Untracked 
| 176|0x0000000717800000, 0x0000000717800000, 0x0000000717a00000|  0%| F|  |TAMS 0x0000000717800000| PB 0x0000000717800000| Untracked 
| 177|0x0000000717a00000, 0x0000000717a00000, 0x0000000717c00000|  0%| F|  |TAMS 0x0000000717a00000| PB 0x0000000717a00000| Untracked 
| 178|0x0000000717c00000, 0x0000000717c00000, 0x0000000717e00000|  0%| F|  |TAMS 0x0000000717c00000| PB 0x0000000717c00000| Untracked 
| 179|0x0000000717e00000, 0x0000000717e00000, 0x0000000718000000|  0%| F|  |TAMS 0x0000000717e00000| PB 0x0000000717e00000| Untracked 
| 180|0x0000000718000000, 0x0000000718000000, 0x0000000718200000|  0%| F|  |TAMS 0x0000000718000000| PB 0x0000000718000000| Untracked 
| 181|0x0000000718200000, 0x0000000718200000, 0x0000000718400000|  0%| F|  |TAMS 0x0000000718200000| PB 0x0000000718200000| Untracked 
| 182|0x0000000718400000, 0x0000000718400000, 0x0000000718600000|  0%| F|  |TAMS 0x0000000718400000| PB 0x0000000718400000| Untracked 
| 183|0x0000000718600000, 0x0000000718600000, 0x0000000718800000|  0%| F|  |TAMS 0x0000000718600000| PB 0x0000000718600000| Untracked 
| 184|0x0000000718800000, 0x0000000718800000, 0x0000000718a00000|  0%| F|  |TAMS 0x0000000718800000| PB 0x0000000718800000| Untracked 
| 185|0x0000000718a00000, 0x0000000718a00000, 0x0000000718c00000|  0%| F|  |TAMS 0x0000000718a00000| PB 0x0000000718a00000| Untracked 
| 186|0x0000000718c00000, 0x0000000718c00000, 0x0000000718e00000|  0%| F|  |TAMS 0x0000000718c00000| PB 0x0000000718c00000| Untracked 
| 187|0x0000000718e00000, 0x0000000718e00000, 0x0000000719000000|  0%| F|  |TAMS 0x0000000718e00000| PB 0x0000000718e00000| Untracked 
| 188|0x0000000719000000, 0x0000000719000000, 0x0000000719200000|  0%| F|  |TAMS 0x0000000719000000| PB 0x0000000719000000| Untracked 
| 189|0x0000000719200000, 0x0000000719200000, 0x0000000719400000|  0%| F|  |TAMS 0x0000000719200000| PB 0x0000000719200000| Untracked 
| 190|0x0000000719400000, 0x0000000719400000, 0x0000000719600000|  0%| F|  |TAMS 0x0000000719400000| PB 0x0000000719400000| Untracked 
| 191|0x0000000719600000, 0x0000000719600000, 0x0000000719800000|  0%| F|  |TAMS 0x0000000719600000| PB 0x0000000719600000| Untracked 
| 192|0x0000000719800000, 0x0000000719800000, 0x0000000719a00000|  0%| F|  |TAMS 0x0000000719800000| PB 0x0000000719800000| Untracked 
| 193|0x0000000719a00000, 0x0000000719a00000, 0x0000000719c00000|  0%| F|  |TAMS 0x0000000719a00000| PB 0x0000000719a00000| Untracked 
| 194|0x0000000719c00000, 0x0000000719c00000, 0x0000000719e00000|  0%| F|  |TAMS 0x0000000719c00000| PB 0x0000000719c00000| Untracked 
| 195|0x0000000719e00000, 0x0000000719e00000, 0x000000071a000000|  0%| F|  |TAMS 0x0000000719e00000| PB 0x0000000719e00000| Untracked 
| 196|0x000000071a000000, 0x000000071a000000, 0x000000071a200000|  0%| F|  |TAMS 0x000000071a000000| PB 0x000000071a000000| Untracked 
| 197|0x000000071a200000, 0x000000071a200000, 0x000000071a400000|  0%| F|  |TAMS 0x000000071a200000| PB 0x000000071a200000| Untracked 
| 198|0x000000071a400000, 0x000000071a400000, 0x000000071a600000|  0%| F|  |TAMS 0x000000071a400000| PB 0x000000071a400000| Untracked 
| 199|0x000000071a600000, 0x000000071a600000, 0x000000071a800000|  0%| F|  |TAMS 0x000000071a600000| PB 0x000000071a600000| Untracked 
| 200|0x000000071a800000, 0x000000071a800000, 0x000000071aa00000|  0%| F|  |TAMS 0x000000071a800000| PB 0x000000071a800000| Untracked 
| 201|0x000000071aa00000, 0x000000071aa00000, 0x000000071ac00000|  0%| F|  |TAMS 0x000000071aa00000| PB 0x000000071aa00000| Untracked 
| 202|0x000000071ac00000, 0x000000071ac00000, 0x000000071ae00000|  0%| F|  |TAMS 0x000000071ac00000| PB 0x000000071ac00000| Untracked 
| 203|0x000000071ae00000, 0x000000071ae00000, 0x000000071b000000|  0%| F|  |TAMS 0x000000071ae00000| PB 0x000000071ae00000| Untracked 
| 204|0x000000071b000000, 0x000000071b000000, 0x000000071b200000|  0%| F|  |TAMS 0x000000071b000000| PB 0x000000071b000000| Untracked 
| 205|0x000000071b200000, 0x000000071b200000, 0x000000071b400000|  0%| F|  |TAMS 0x000000071b200000| PB 0x000000071b200000| Untracked 
| 206|0x000000071b400000, 0x000000071b400000, 0x000000071b600000|  0%| F|  |TAMS 0x000000071b400000| PB 0x000000071b400000| Untracked 
| 207|0x000000071b600000, 0x000000071b600000, 0x000000071b800000|  0%| F|  |TAMS 0x000000071b600000| PB 0x000000071b600000| Untracked 
| 208|0x000000071b800000, 0x000000071b800000, 0x000000071ba00000|  0%| F|  |TAMS 0x000000071b800000| PB 0x000000071b800000| Untracked 
| 209|0x000000071ba00000, 0x000000071ba00000, 0x000000071bc00000|  0%| F|  |TAMS 0x000000071ba00000| PB 0x000000071ba00000| Untracked 
| 210|0x000000071bc00000, 0x000000071bc00000, 0x000000071be00000|  0%| F|  |TAMS 0x000000071bc00000| PB 0x000000071bc00000| Untracked 
| 211|0x000000071be00000, 0x000000071be00000, 0x000000071c000000|  0%| F|  |TAMS 0x000000071be00000| PB 0x000000071be00000| Untracked 
| 212|0x000000071c000000, 0x000000071c000000, 0x000000071c200000|  0%| F|  |TAMS 0x000000071c000000| PB 0x000000071c000000| Untracked 
| 213|0x000000071c200000, 0x000000071c200000, 0x000000071c400000|  0%| F|  |TAMS 0x000000071c200000| PB 0x000000071c200000| Untracked 
| 214|0x000000071c400000, 0x000000071c400000, 0x000000071c600000|  0%| F|  |TAMS 0x000000071c400000| PB 0x000000071c400000| Untracked 
| 215|0x000000071c600000, 0x000000071c600000, 0x000000071c800000|  0%| F|  |TAMS 0x000000071c600000| PB 0x000000071c600000| Untracked 
| 216|0x000000071c800000, 0x000000071c800000, 0x000000071ca00000|  0%| F|  |TAMS 0x000000071c800000| PB 0x000000071c800000| Untracked 
| 217|0x000000071ca00000, 0x000000071ca00000, 0x000000071cc00000|  0%| F|  |TAMS 0x000000071ca00000| PB 0x000000071ca00000| Untracked 
| 218|0x000000071cc00000, 0x000000071cc00000, 0x000000071ce00000|  0%| F|  |TAMS 0x000000071cc00000| PB 0x000000071cc00000| Untracked 
| 219|0x000000071ce00000, 0x000000071ce00000, 0x000000071d000000|  0%| F|  |TAMS 0x000000071ce00000| PB 0x000000071ce00000| Untracked 
| 220|0x000000071d000000, 0x000000071d000000, 0x000000071d200000|  0%| F|  |TAMS 0x000000071d000000| PB 0x000000071d000000| Untracked 
| 221|0x000000071d200000, 0x000000071d200000, 0x000000071d400000|  0%| F|  |TAMS 0x000000071d200000| PB 0x000000071d200000| Untracked 
| 222|0x000000071d400000, 0x000000071d400000, 0x000000071d600000|  0%| F|  |TAMS 0x000000071d400000| PB 0x000000071d400000| Untracked 
| 223|0x000000071d600000, 0x000000071d600000, 0x000000071d800000|  0%| F|  |TAMS 0x000000071d600000| PB 0x000000071d600000| Untracked 
| 224|0x000000071d800000, 0x000000071d800000, 0x000000071da00000|  0%| F|  |TAMS 0x000000071d800000| PB 0x000000071d800000| Untracked 
| 225|0x000000071da00000, 0x000000071da00000, 0x000000071dc00000|  0%| F|  |TAMS 0x000000071da00000| PB 0x000000071da00000| Untracked 
| 226|0x000000071dc00000, 0x000000071dc00000, 0x000000071de00000|  0%| F|  |TAMS 0x000000071dc00000| PB 0x000000071dc00000| Untracked 
| 227|0x000000071de00000, 0x000000071de00000, 0x000000071e000000|  0%| F|  |TAMS 0x000000071de00000| PB 0x000000071de00000| Untracked 
| 228|0x000000071e000000, 0x000000071e000000, 0x000000071e200000|  0%| F|  |TAMS 0x000000071e000000| PB 0x000000071e000000| Untracked 
| 229|0x000000071e200000, 0x000000071e200000, 0x000000071e400000|  0%| F|  |TAMS 0x000000071e200000| PB 0x000000071e200000| Untracked 
| 230|0x000000071e400000, 0x000000071e400000, 0x000000071e600000|  0%| F|  |TAMS 0x000000071e400000| PB 0x000000071e400000| Untracked 
| 231|0x000000071e600000, 0x000000071e600000, 0x000000071e800000|  0%| F|  |TAMS 0x000000071e600000| PB 0x000000071e600000| Untracked 
| 232|0x000000071e800000, 0x000000071e800000, 0x000000071ea00000|  0%| F|  |TAMS 0x000000071e800000| PB 0x000000071e800000| Untracked 
| 233|0x000000071ea00000, 0x000000071ea00000, 0x000000071ec00000|  0%| F|  |TAMS 0x000000071ea00000| PB 0x000000071ea00000| Untracked 
| 234|0x000000071ec00000, 0x000000071ec00000, 0x000000071ee00000|  0%| F|  |TAMS 0x000000071ec00000| PB 0x000000071ec00000| Untracked 
| 235|0x000000071ee00000, 0x000000071ee00000, 0x000000071f000000|  0%| F|  |TAMS 0x000000071ee00000| PB 0x000000071ee00000| Untracked 
| 236|0x000000071f000000, 0x000000071f000000, 0x000000071f200000|  0%| F|  |TAMS 0x000000071f000000| PB 0x000000071f000000| Untracked 
| 237|0x000000071f200000, 0x000000071f200000, 0x000000071f400000|  0%| F|  |TAMS 0x000000071f200000| PB 0x000000071f200000| Untracked 
| 238|0x000000071f400000, 0x000000071f400000, 0x000000071f600000|  0%| F|  |TAMS 0x000000071f400000| PB 0x000000071f400000| Untracked 
| 239|0x000000071f600000, 0x000000071f600000, 0x000000071f800000|  0%| F|  |TAMS 0x000000071f600000| PB 0x000000071f600000| Untracked 
| 240|0x000000071f800000, 0x000000071f800000, 0x000000071fa00000|  0%| F|  |TAMS 0x000000071f800000| PB 0x000000071f800000| Untracked 
| 241|0x000000071fa00000, 0x000000071fa00000, 0x000000071fc00000|  0%| F|  |TAMS 0x000000071fa00000| PB 0x000000071fa00000| Untracked 
| 242|0x000000071fc00000, 0x000000071fc00000, 0x000000071fe00000|  0%| F|  |TAMS 0x000000071fc00000| PB 0x000000071fc00000| Untracked 
| 243|0x000000071fe00000, 0x000000071fe00000, 0x0000000720000000|  0%| F|  |TAMS 0x000000071fe00000| PB 0x000000071fe00000| Untracked 
| 244|0x0000000720000000, 0x0000000720000000, 0x0000000720200000|  0%| F|  |TAMS 0x0000000720000000| PB 0x0000000720000000| Untracked 
| 245|0x0000000720200000, 0x0000000720200000, 0x0000000720400000|  0%| F|  |TAMS 0x0000000720200000| PB 0x0000000720200000| Untracked 
| 246|0x0000000720400000, 0x0000000720400000, 0x0000000720600000|  0%| F|  |TAMS 0x0000000720400000| PB 0x0000000720400000| Untracked 
| 247|0x0000000720600000, 0x0000000720600000, 0x0000000720800000|  0%| F|  |TAMS 0x0000000720600000| PB 0x0000000720600000| Untracked 
| 248|0x0000000720800000, 0x0000000720800000, 0x0000000720a00000|  0%| F|  |TAMS 0x0000000720800000| PB 0x0000000720800000| Untracked 
| 249|0x0000000720a00000, 0x0000000720a00000, 0x0000000720c00000|  0%| F|  |TAMS 0x0000000720a00000| PB 0x0000000720a00000| Untracked 
| 250|0x0000000720c00000, 0x0000000720c00000, 0x0000000720e00000|  0%| F|  |TAMS 0x0000000720c00000| PB 0x0000000720c00000| Untracked 
| 251|0x0000000720e00000, 0x0000000720e00000, 0x0000000721000000|  0%| F|  |TAMS 0x0000000720e00000| PB 0x0000000720e00000| Untracked 
| 252|0x0000000721000000, 0x0000000721000000, 0x0000000721200000|  0%| F|  |TAMS 0x0000000721000000| PB 0x0000000721000000| Untracked 
| 253|0x0000000721200000, 0x0000000721200000, 0x0000000721400000|  0%| F|  |TAMS 0x0000000721200000| PB 0x0000000721200000| Untracked 
| 254|0x0000000721400000, 0x0000000721400000, 0x0000000721600000|  0%| F|  |TAMS 0x0000000721400000| PB 0x0000000721400000| Untracked 
| 255|0x0000000721600000, 0x0000000721600000, 0x0000000721800000|  0%| F|  |TAMS 0x0000000721600000| PB 0x0000000721600000| Untracked 
| 256|0x0000000721800000, 0x0000000721800000, 0x0000000721a00000|  0%| F|  |TAMS 0x0000000721800000| PB 0x0000000721800000| Untracked 
| 257|0x0000000721a00000, 0x0000000721a00000, 0x0000000721c00000|  0%| F|  |TAMS 0x0000000721a00000| PB 0x0000000721a00000| Untracked 
| 258|0x0000000721c00000, 0x0000000721c00000, 0x0000000721e00000|  0%| F|  |TAMS 0x0000000721c00000| PB 0x0000000721c00000| Untracked 
| 259|0x0000000721e00000, 0x0000000721e00000, 0x0000000722000000|  0%| F|  |TAMS 0x0000000721e00000| PB 0x0000000721e00000| Untracked 
| 260|0x0000000722000000, 0x0000000722000000, 0x0000000722200000|  0%| F|  |TAMS 0x0000000722000000| PB 0x0000000722000000| Untracked 
| 261|0x0000000722200000, 0x0000000722200000, 0x0000000722400000|  0%| F|  |TAMS 0x0000000722200000| PB 0x0000000722200000| Untracked 
| 262|0x0000000722400000, 0x0000000722400000, 0x0000000722600000|  0%| F|  |TAMS 0x0000000722400000| PB 0x0000000722400000| Untracked 
| 263|0x0000000722600000, 0x0000000722600000, 0x0000000722800000|  0%| F|  |TAMS 0x0000000722600000| PB 0x0000000722600000| Untracked 
| 264|0x0000000722800000, 0x0000000722800000, 0x0000000722a00000|  0%| F|  |TAMS 0x0000000722800000| PB 0x0000000722800000| Untracked 
| 265|0x0000000722a00000, 0x0000000722a00000, 0x0000000722c00000|  0%| F|  |TAMS 0x0000000722a00000| PB 0x0000000722a00000| Untracked 
| 266|0x0000000722c00000, 0x0000000722c00000, 0x0000000722e00000|  0%| F|  |TAMS 0x0000000722c00000| PB 0x0000000722c00000| Untracked 
| 267|0x0000000722e00000, 0x0000000722e00000, 0x0000000723000000|  0%| F|  |TAMS 0x0000000722e00000| PB 0x0000000722e00000| Untracked 
| 268|0x0000000723000000, 0x0000000723000000, 0x0000000723200000|  0%| F|  |TAMS 0x0000000723000000| PB 0x0000000723000000| Untracked 
| 269|0x0000000723200000, 0x0000000723200000, 0x0000000723400000|  0%| F|  |TAMS 0x0000000723200000| PB 0x0000000723200000| Untracked 
| 270|0x0000000723400000, 0x0000000723400000, 0x0000000723600000|  0%| F|  |TAMS 0x0000000723400000| PB 0x0000000723400000| Untracked 
| 271|0x0000000723600000, 0x0000000723600000, 0x0000000723800000|  0%| F|  |TAMS 0x0000000723600000| PB 0x0000000723600000| Untracked 
| 272|0x0000000723800000, 0x0000000723800000, 0x0000000723a00000|  0%| F|  |TAMS 0x0000000723800000| PB 0x0000000723800000| Untracked 
| 273|0x0000000723a00000, 0x0000000723a00000, 0x0000000723c00000|  0%| F|  |TAMS 0x0000000723a00000| PB 0x0000000723a00000| Untracked 
| 274|0x0000000723c00000, 0x0000000723c00000, 0x0000000723e00000|  0%| F|  |TAMS 0x0000000723c00000| PB 0x0000000723c00000| Untracked 
| 275|0x0000000723e00000, 0x0000000723e00000, 0x0000000724000000|  0%| F|  |TAMS 0x0000000723e00000| PB 0x0000000723e00000| Untracked 
| 276|0x0000000724000000, 0x0000000724000000, 0x0000000724200000|  0%| F|  |TAMS 0x0000000724000000| PB 0x0000000724000000| Untracked 
| 277|0x0000000724200000, 0x0000000724200000, 0x0000000724400000|  0%| F|  |TAMS 0x0000000724200000| PB 0x0000000724200000| Untracked 
| 278|0x0000000724400000, 0x0000000724400000, 0x0000000724600000|  0%| F|  |TAMS 0x0000000724400000| PB 0x0000000724400000| Untracked 
| 279|0x0000000724600000, 0x0000000724600000, 0x0000000724800000|  0%| F|  |TAMS 0x0000000724600000| PB 0x0000000724600000| Untracked 
| 280|0x0000000724800000, 0x00000007248d3b60, 0x0000000724a00000| 41%| S|CS|TAMS 0x0000000724800000| PB 0x0000000724800000| Complete 
| 281|0x0000000724a00000, 0x0000000724c00000, 0x0000000724c00000|100%| S|CS|TAMS 0x0000000724a00000| PB 0x0000000724a00000| Complete 
| 282|0x0000000724c00000, 0x0000000724e00000, 0x0000000724e00000|100%| S|CS|TAMS 0x0000000724c00000| PB 0x0000000724c00000| Complete 
| 283|0x0000000724e00000, 0x0000000724e00000, 0x0000000725000000|  0%| F|  |TAMS 0x0000000724e00000| PB 0x0000000724e00000| Untracked 
| 284|0x0000000725000000, 0x0000000725000000, 0x0000000725200000|  0%| F|  |TAMS 0x0000000725000000| PB 0x0000000725000000| Untracked 
| 285|0x0000000725200000, 0x0000000725200000, 0x0000000725400000|  0%| F|  |TAMS 0x0000000725200000| PB 0x0000000725200000| Untracked 
| 286|0x0000000725400000, 0x00000007255fac00, 0x0000000725600000| 98%| E|  |TAMS 0x0000000725400000| PB 0x0000000725400000| Complete 
| 287|0x0000000725600000, 0x0000000725800000, 0x0000000725800000|100%| E|CS|TAMS 0x0000000725600000| PB 0x0000000725600000| Complete 
| 288|0x0000000725800000, 0x0000000725a00000, 0x0000000725a00000|100%| E|CS|TAMS 0x0000000725800000| PB 0x0000000725800000| Complete 
| 289|0x0000000725a00000, 0x0000000725c00000, 0x0000000725c00000|100%| E|CS|TAMS 0x0000000725a00000| PB 0x0000000725a00000| Complete 
| 290|0x0000000725c00000, 0x0000000725e00000, 0x0000000725e00000|100%| E|CS|TAMS 0x0000000725c00000| PB 0x0000000725c00000| Complete 
| 291|0x0000000725e00000, 0x0000000726000000, 0x0000000726000000|100%| E|CS|TAMS 0x0000000725e00000| PB 0x0000000725e00000| Complete 
| 292|0x0000000726000000, 0x0000000726200000, 0x0000000726200000|100%| O|  |TAMS 0x0000000726000000| PB 0x0000000726000000| Untracked 
| 293|0x0000000726200000, 0x0000000726400000, 0x0000000726400000|100%| E|CS|TAMS 0x0000000726200000| PB 0x0000000726200000| Complete 
| 294|0x0000000726400000, 0x0000000726600000, 0x0000000726600000|100%| E|CS|TAMS 0x0000000726400000| PB 0x0000000726400000| Complete 
| 295|0x0000000726600000, 0x0000000726800000, 0x0000000726800000|100%| E|CS|TAMS 0x0000000726600000| PB 0x0000000726600000| Complete 
| 296|0x0000000726800000, 0x0000000726a00000, 0x0000000726a00000|100%| E|CS|TAMS 0x0000000726800000| PB 0x0000000726800000| Complete 
| 297|0x0000000726a00000, 0x0000000726c00000, 0x0000000726c00000|100%| E|CS|TAMS 0x0000000726a00000| PB 0x0000000726a00000| Complete 
| 298|0x0000000726c00000, 0x0000000726e00000, 0x0000000726e00000|100%| E|CS|TAMS 0x0000000726c00000| PB 0x0000000726c00000| Complete 
| 299|0x0000000726e00000, 0x0000000727000000, 0x0000000727000000|100%| E|CS|TAMS 0x0000000726e00000| PB 0x0000000726e00000| Complete 
| 300|0x0000000727000000, 0x0000000727200000, 0x0000000727200000|100%| E|CS|TAMS 0x0000000727000000| PB 0x0000000727000000| Complete 
| 301|0x0000000727200000, 0x0000000727400000, 0x0000000727400000|100%| E|CS|TAMS 0x0000000727200000| PB 0x0000000727200000| Complete 
| 302|0x0000000727400000, 0x0000000727600000, 0x0000000727600000|100%| E|CS|TAMS 0x0000000727400000| PB 0x0000000727400000| Complete 
| 303|0x0000000727600000, 0x0000000727800000, 0x0000000727800000|100%| E|CS|TAMS 0x0000000727600000| PB 0x0000000727600000| Complete 
| 304|0x0000000727800000, 0x0000000727a00000, 0x0000000727a00000|100%| E|CS|TAMS 0x0000000727800000| PB 0x0000000727800000| Complete 
| 305|0x0000000727a00000, 0x0000000727c00000, 0x0000000727c00000|100%| E|CS|TAMS 0x0000000727a00000| PB 0x0000000727a00000| Complete 
| 306|0x0000000727c00000, 0x0000000727e00000, 0x0000000727e00000|100%| E|CS|TAMS 0x0000000727c00000| PB 0x0000000727c00000| Complete 
| 307|0x0000000727e00000, 0x0000000728000000, 0x0000000728000000|100%| E|CS|TAMS 0x0000000727e00000| PB 0x0000000727e00000| Complete 
| 308|0x0000000728000000, 0x0000000728200000, 0x0000000728200000|100%| E|CS|TAMS 0x0000000728000000| PB 0x0000000728000000| Complete 
| 309|0x0000000728200000, 0x0000000728400000, 0x0000000728400000|100%| E|CS|TAMS 0x0000000728200000| PB 0x0000000728200000| Complete 
| 310|0x0000000728400000, 0x0000000728600000, 0x0000000728600000|100%| E|CS|TAMS 0x0000000728400000| PB 0x0000000728400000| Complete 
| 311|0x0000000728600000, 0x0000000728800000, 0x0000000728800000|100%| E|CS|TAMS 0x0000000728600000| PB 0x0000000728600000| Complete 
| 312|0x0000000728800000, 0x0000000728a00000, 0x0000000728a00000|100%| E|CS|TAMS 0x0000000728800000| PB 0x0000000728800000| Complete 
| 313|0x0000000728a00000, 0x0000000728c00000, 0x0000000728c00000|100%| E|CS|TAMS 0x0000000728a00000| PB 0x0000000728a00000| Complete 
| 314|0x0000000728c00000, 0x0000000728e00000, 0x0000000728e00000|100%| E|CS|TAMS 0x0000000728c00000| PB 0x0000000728c00000| Complete 
| 315|0x0000000728e00000, 0x0000000729000000, 0x0000000729000000|100%| E|CS|TAMS 0x0000000728e00000| PB 0x0000000728e00000| Complete 
| 316|0x0000000729000000, 0x0000000729200000, 0x0000000729200000|100%| E|CS|TAMS 0x0000000729000000| PB 0x0000000729000000| Complete 
| 317|0x0000000729200000, 0x0000000729400000, 0x0000000729400000|100%| E|CS|TAMS 0x0000000729200000| PB 0x0000000729200000| Complete 
| 318|0x0000000729400000, 0x0000000729600000, 0x0000000729600000|100%| E|CS|TAMS 0x0000000729400000| PB 0x0000000729400000| Complete 
| 319|0x0000000729600000, 0x0000000729800000, 0x0000000729800000|100%| E|CS|TAMS 0x0000000729600000| PB 0x0000000729600000| Complete 
| 320|0x0000000729800000, 0x0000000729a00000, 0x0000000729a00000|100%| E|CS|TAMS 0x0000000729800000| PB 0x0000000729800000| Complete 
| 321|0x0000000729a00000, 0x0000000729c00000, 0x0000000729c00000|100%| E|CS|TAMS 0x0000000729a00000| PB 0x0000000729a00000| Complete 
| 322|0x0000000729c00000, 0x0000000729e00000, 0x0000000729e00000|100%| E|CS|TAMS 0x0000000729c00000| PB 0x0000000729c00000| Complete 
| 323|0x0000000729e00000, 0x000000072a000000, 0x000000072a000000|100%| E|CS|TAMS 0x0000000729e00000| PB 0x0000000729e00000| Complete 

Card table byte_map: [0x0000021040100000,0x0000021040900000] _byte_map_base: 0x000002103c8f4000

Marking Bits: (CMBitMap*) 0x000002101fbedff0
 Bits: [0x0000021040900000, 0x00000210448a0000)

Polling page: 0x000002101ebc0000

Metaspace:

Usage:
  Non-class:     99.35 MB used.
      Class:     16.19 MB used.
       Both:    115.54 MB used.

Virtual space:
  Non-class space:      128.00 MB reserved,      99.69 MB ( 78%) committed,  2 nodes.
      Class space:        1.00 GB reserved,      16.56 MB (  2%) committed,  1 nodes.
             Both:        1.12 GB reserved,     116.25 MB ( 10%) committed. 

Chunk freelists:
   Non-Class:  11.98 MB
       Class:  15.49 MB
        Both:  27.47 MB

MaxMetaspaceSize: unlimited
CompressedClassSpaceSize: 1.00 GB
Initial GC threshold: 21.00 MB
Current GC threshold: 191.56 MB
CDS: on
 - commit_granule_bytes: 65536.
 - commit_granule_words: 8192.
 - virtual_space_node_default_size: 8388608.
 - enlarge_chunks_in_place: 1.
 - use_allocation_guard: 0.


Internal statistics:

num_allocs_failed_limit: 12.
num_arena_births: 1280.
num_arena_deaths: 350.
num_vsnodes_births: 3.
num_vsnodes_deaths: 0.
num_space_committed: 1853.
num_space_uncommitted: 0.
num_chunks_returned_to_freelist: 451.
num_chunks_taken_from_freelist: 4839.
num_chunk_merges: 135.
num_chunk_splits: 3444.
num_chunks_enlarged: 2638.
num_inconsistent_stats: 0.

CodeHeap 'non-profiled nmethods': size=119168Kb used=31574Kb max_used=32368Kb free=87593Kb
 bounds [0x00000210384a0000, 0x000002103a460000, 0x000002103f900000]
CodeHeap 'profiled nmethods': size=119104Kb used=46296Kb max_used=49408Kb free=72807Kb
 bounds [0x0000021030900000, 0x00000210339d0000, 0x0000021037d50000]
CodeHeap 'non-nmethods': size=7488Kb used=2575Kb max_used=4320Kb free=4912Kb
 bounds [0x0000021037d50000, 0x0000021038190000, 0x00000210384a0000]
 total_blobs=21534 nmethods=20093 adapters=1338
 compilation: enabled
              stopped_count=0, restarted_count=0
 full_count=0

Compilation events (20 events):
Event: 5838.004 Thread 0x00000210c9564680 nmethod 37537 0x0000021033012b90 code [0x0000021033012dc0, 0x0000021033013440]
Event: 5838.004 Thread 0x0000021024557350 nmethod 37538 0x0000021032027c90 code [0x0000021032027e60, 0x00000210320281c0]
Event: 5838.004 Thread 0x00000210c9564680 37536       3       com.yworks.yfiles.algorithms.aW::<init> (19 bytes)
Event: 5838.004 Thread 0x00000210c9566890 nmethod 37535 0x0000021032673310 code [0x00000210326734a0, 0x00000210326736b0]
Event: 5838.004 Thread 0x00000210c9564680 nmethod 37536 0x000002103262c490 code [0x000002103262c640, 0x000002103262c820]
Event: 5838.004 Thread 0x00000210c9562470 nmethod 37533 0x0000021031b12390 code [0x0000021031b12620, 0x0000021031b12d20]
Event: 5838.005 Thread 0x00000210c9562470 37539       3       com.yworks.yfiles.view.aM::enumerator (8 bytes)
Event: 5838.005 Thread 0x0000021024557350 37540       3       com.yworks.yfiles.graph.hM::I (71 bytes)
Event: 5838.005 Thread 0x00000210c9562470 nmethod 37539 0x00000210318a4b10 code [0x00000210318a4d00, 0x00000210318a53c8]
Event: 5838.006 Thread 0x0000021024557350 nmethod 37540 0x00000210331b8a90 code [0x00000210331b8cc0, 0x00000210331b93e8]
Event: 5838.141 Thread 0x0000021024557a20 37541       4       java.lang.Math::addExact (32 bytes)
Event: 5838.141 Thread 0x0000021024557a20 nmethod 37541 0x0000021038d70c10 code [0x0000021038d70da0, 0x0000021038d70e40]
Event: 5838.938 Thread 0x00000210c9566890 37542   !   3       com.jidesoft.docking.DockableFrame::setTabTitle (213 bytes)
Event: 5838.940 Thread 0x00000210c9566890 nmethod 37542 0x000002103147aa10 code [0x000002103147ace0, 0x000002103147c008]
Event: 5838.973 Thread 0x0000021024557a20 37543       4       javax.swing.AncestorNotifier::removeListeners (55 bytes)
Event: 5838.975 Thread 0x0000021024557a20 nmethod 37543 0x00000210398f5b10 code [0x00000210398f5ca0, 0x00000210398f5e00]
Event: 5839.491 Thread 0x0000021024557a20 37544       4       jdk.internal.ref.CleanerFactory::cleaner (4 bytes)
Event: 5839.491 Thread 0x0000021024557a20 nmethod 37544 0x0000021039b65890 code [0x0000021039b65a20, 0x0000021039b65a90]
Event: 5839.586 Thread 0x0000021024557350 37545       3       ui.views.systembuilder.c::handleEvent (56 bytes)
Event: 5839.587 Thread 0x0000021024557350 nmethod 37545 0x0000021031b73790 code [0x0000021031b739c0, 0x0000021031b74270]

GC Heap History (20 events):
Event: 5770.806 GC heap before
{Heap before GC invocations=346 (full 15):
 garbage-first heap   total 663552K, used 301381K [0x0000000701800000, 0x0000000800000000)
  region size 2048K, 40 young (81920K), 3 survivors (6144K)
 Metaspace       used 117744K, committed 118464K, reserved 1179648K
  class space    used 16531K, committed 16896K, reserved 1048576K
}
Event: 5770.814 GC heap after
{Heap after GC invocations=347 (full 15):
 garbage-first heap   total 663552K, used 225992K [0x0000000701800000, 0x0000000800000000)
  region size 2048K, 3 young (6144K), 3 survivors (6144K)
 Metaspace       used 117744K, committed 118464K, reserved 1179648K
  class space    used 16531K, committed 16896K, reserved 1048576K
}
Event: 5772.908 GC heap before
{Heap before GC invocations=347 (full 15):
 garbage-first heap   total 663552K, used 301768K [0x0000000701800000, 0x0000000800000000)
  region size 2048K, 40 young (81920K), 3 survivors (6144K)
 Metaspace       used 117804K, committed 118528K, reserved 1179648K
  class space    used 16531K, committed 16896K, reserved 1048576K
}
Event: 5772.918 GC heap after
{Heap after GC invocations=348 (full 15):
 garbage-first heap   total 663552K, used 225071K [0x0000000701800000, 0x0000000800000000)
  region size 2048K, 3 young (6144K), 3 survivors (6144K)
 Metaspace       used 117804K, committed 118528K, reserved 1179648K
  class space    used 16531K, committed 16896K, reserved 1048576K
}
Event: 5774.518 GC heap before
{Heap before GC invocations=348 (full 15):
 garbage-first heap   total 663552K, used 300847K [0x0000000701800000, 0x0000000800000000)
  region size 2048K, 40 young (81920K), 3 survivors (6144K)
 Metaspace       used 117812K, committed 118528K, reserved 1179648K
  class space    used 16531K, committed 16896K, reserved 1048576K
}
Event: 5774.526 GC heap after
{Heap after GC invocations=349 (full 15):
 garbage-first heap   total 663552K, used 225679K [0x0000000701800000, 0x0000000800000000)
  region size 2048K, 3 young (6144K), 3 survivors (6144K)
 Metaspace       used 117812K, committed 118528K, reserved 1179648K
  class space    used 16531K, committed 16896K, reserved 1048576K
}
Event: 5779.057 GC heap before
{Heap before GC invocations=349 (full 15):
 garbage-first heap   total 663552K, used 301455K [0x0000000701800000, 0x0000000800000000)
  region size 2048K, 40 young (81920K), 3 survivors (6144K)
 Metaspace       used 117819K, committed 118528K, reserved 1179648K
  class space    used 16531K, committed 16896K, reserved 1048576K
}
Event: 5779.064 GC heap after
{Heap after GC invocations=350 (full 15):
 garbage-first heap   total 663552K, used 225489K [0x0000000701800000, 0x0000000800000000)
  region size 2048K, 3 young (6144K), 3 survivors (6144K)
 Metaspace       used 117819K, committed 118528K, reserved 1179648K
  class space    used 16531K, committed 16896K, reserved 1048576K
}
Event: 5795.387 GC heap before
{Heap before GC invocations=350 (full 15):
 garbage-first heap   total 663552K, used 301265K [0x0000000701800000, 0x0000000800000000)
  region size 2048K, 40 young (81920K), 3 survivors (6144K)
 Metaspace       used 117827K, committed 118528K, reserved 1179648K
  class space    used 16531K, committed 16896K, reserved 1048576K
}
Event: 5795.393 GC heap after
{Heap after GC invocations=351 (full 15):
 garbage-first heap   total 663552K, used 225770K [0x0000000701800000, 0x0000000800000000)
  region size 2048K, 3 young (6144K), 3 survivors (6144K)
 Metaspace       used 117827K, committed 118528K, reserved 1179648K
  class space    used 16531K, committed 16896K, reserved 1048576K
}
Event: 5808.800 GC heap before
{Heap before GC invocations=351 (full 15):
 garbage-first heap   total 663552K, used 301546K [0x0000000701800000, 0x0000000800000000)
  region size 2048K, 40 young (81920K), 3 survivors (6144K)
 Metaspace       used 118031K, committed 118720K, reserved 1179648K
  class space    used 16574K, committed 16960K, reserved 1048576K
}
Event: 5808.806 GC heap after
{Heap after GC invocations=352 (full 15):
 garbage-first heap   total 663552K, used 226376K [0x0000000701800000, 0x0000000800000000)
  region size 2048K, 3 young (6144K), 3 survivors (6144K)
 Metaspace       used 118031K, committed 118720K, reserved 1179648K
  class space    used 16574K, committed 16960K, reserved 1048576K
}
Event: 5815.626 GC heap before
{Heap before GC invocations=352 (full 15):
 garbage-first heap   total 663552K, used 302152K [0x0000000701800000, 0x0000000800000000)
  region size 2048K, 40 young (81920K), 3 survivors (6144K)
 Metaspace       used 118058K, committed 118784K, reserved 1179648K
  class space    used 16575K, committed 16960K, reserved 1048576K
}
Event: 5815.632 GC heap after
{Heap after GC invocations=353 (full 15):
 garbage-first heap   total 663552K, used 226005K [0x0000000701800000, 0x0000000800000000)
  region size 2048K, 2 young (4096K), 2 survivors (4096K)
 Metaspace       used 118058K, committed 118784K, reserved 1179648K
  class space    used 16575K, committed 16960K, reserved 1048576K
}
Event: 5821.488 GC heap before
{Heap before GC invocations=353 (full 15):
 garbage-first heap   total 663552K, used 303829K [0x0000000701800000, 0x0000000800000000)
  region size 2048K, 40 young (81920K), 2 survivors (4096K)
 Metaspace       used 118061K, committed 118784K, reserved 1179648K
  class space    used 16575K, committed 16960K, reserved 1048576K
}
Event: 5821.493 GC heap after
{Heap after GC invocations=354 (full 15):
 garbage-first heap   total 663552K, used 226395K [0x0000000701800000, 0x0000000800000000)
  region size 2048K, 3 young (6144K), 3 survivors (6144K)
 Metaspace       used 118061K, committed 118784K, reserved 1179648K
  class space    used 16575K, committed 16960K, reserved 1048576K
}
Event: 5826.291 GC heap before
{Heap before GC invocations=354 (full 15):
 garbage-first heap   total 663552K, used 302171K [0x0000000701800000, 0x0000000800000000)
  region size 2048K, 40 young (81920K), 3 survivors (6144K)
 Metaspace       used 118137K, committed 118848K, reserved 1179648K
  class space    used 16576K, committed 16960K, reserved 1048576K
}
Event: 5826.297 GC heap after
{Heap after GC invocations=355 (full 15):
 garbage-first heap   total 663552K, used 226990K [0x0000000701800000, 0x0000000800000000)
  region size 2048K, 3 young (6144K), 3 survivors (6144K)
 Metaspace       used 118137K, committed 118848K, reserved 1179648K
  class space    used 16576K, committed 16960K, reserved 1048576K
}
Event: 5836.236 GC heap before
{Heap before GC invocations=355 (full 15):
 garbage-first heap   total 663552K, used 302766K [0x0000000701800000, 0x0000000800000000)
  region size 2048K, 40 young (81920K), 3 survivors (6144K)
 Metaspace       used 118155K, committed 118848K, reserved 1179648K
  class space    used 16576K, committed 16960K, reserved 1048576K
}
Event: 5836.241 GC heap after
{Heap after GC invocations=356 (full 15):
 garbage-first heap   total 663552K, used 227037K [0x0000000701800000, 0x0000000800000000)
  region size 2048K, 3 young (6144K), 3 survivors (6144K)
 Metaspace       used 118155K, committed 118848K, reserved 1179648K
  class space    used 16576K, committed 16960K, reserved 1048576K
}

Dll operation events (20 events):
Event: 2.053 Loaded shared library C:\Xilinx\Vivado\2024.2\lib\win64.o\xv_simtcltasks.dll
Event: 2.063 Loaded shared library C:\Xilinx\Vivado\2024.2\lib\win64.o\xv_ipservicestasks.dll
Event: 2.065 Loaded shared library C:\Xilinx\Vivado\2024.2\lib\win64.o\xv_vivadotasks.dll
Event: 2.067 Loaded shared library C:\Xilinx\Vivado\2024.2\lib\win64.o\xv_board.dll
Event: 2.068 Loaded shared library C:\Xilinx\Vivado\2024.2\lib\win64.o\xv_boarddep.dll
Event: 2.070 Loaded shared library C:\Xilinx\Vivado\2024.2\lib\win64.o\xv_boardcommontasks.dll
Event: 2.071 Loaded shared library C:\Xilinx\Vivado\2024.2\lib\win64.o\xv_ptgen.dll
Event: 2.073 Loaded shared library C:\Xilinx\Vivado\2024.2\lib\win64.o\xv_ip.dll
Event: 2.075 Loaded shared library C:\Xilinx\Vivado\2024.2\lib\win64.o\xv_mig.dll
Event: 2.078 Loaded shared library C:\Xilinx\Vivado\2024.2\lib\win64.o\xv_implflow.dll
Event: 2.079 Loaded shared library C:\Xilinx\Vivado\2024.2\lib\win64.o\xv_xhubtasks.dll
Event: 2.091 Loaded shared library C:\Xilinx\Vivado\2024.2\lib\win64.o\xv_iptasks.dll
Event: 2.093 Loaded shared library C:\Xilinx\Vivado\2024.2\lib\win64.o\xv_synth.dll
Event: 4.373 Loaded shared library C:\Xilinx\Vivado\2024.2\tps\win64\jre21.0.1_12\bin\verify.dll
Event: 4.472 Loaded shared library C:\Xilinx\Vivado\2024.2\tps\win64\jre21.0.1_12\bin\freetype.dll
Event: 4.476 Loaded shared library C:\Xilinx\Vivado\2024.2\tps\win64\jre21.0.1_12\bin\fontmanager.dll
Event: 13.576 Loaded shared library C:\Xilinx\Vivado\2024.2\lib\win64.o\xv_xhub.dll
Event: 19.709 Loaded shared library C:\Xilinx\Vivado\2024.2\tps\win64\jre21.0.1_12\bin\management.dll
Event: 19.713 Loaded shared library C:\Xilinx\Vivado\2024.2\tps\win64\jre21.0.1_12\bin\management_ext.dll
Event: 60.042 Loaded shared library C:\Xilinx\Vivado\2024.2\lib\win64.o\nlview.dll

Deoptimization events (20 events):
Event: 5795.431 Thread 0x000002108fce2720 Uncommon trap: trap_request=0xffffffde fr.pc=0x00000210387d0e40 relative=0x0000000000000d40
Event: 5795.431 Thread 0x000002108fce2720 Uncommon trap: reason=class_check action=maybe_recompile pc=0x00000210387d0e40 method=sun.java2d.pipe.ValidatePipe.drawString(Lsun/java2d/SunGraphics2D;Ljava/lang/String;DD)V @ 17 c2
Event: 5795.431 Thread 0x000002108fce2720 DEOPT PACKING pc=0x00000210387d0e40 sp=0x000000f5c31fbe50
Event: 5795.431 Thread 0x000002108fce2720 DEOPT UNPACKING pc=0x0000021037da46a2 sp=0x000000f5c31fbdd8 mode 2
Event: 5818.849 Thread 0x000002108fce2720 DEOPT PACKING pc=0x0000021030f919d0 sp=0x000000f5c31fe5a0
Event: 5818.849 Thread 0x000002108fce2720 DEOPT UNPACKING pc=0x0000021037da4e42 sp=0x000000f5c31fdb08 mode 0
Event: 5818.997 Thread 0x000002108fce2720 Uncommon trap: trap_request=0xffffff45 fr.pc=0x0000021039d5cb0c relative=0x000000000000042c
Event: 5818.997 Thread 0x000002108fce2720 Uncommon trap: reason=unstable_if action=reinterpret pc=0x0000021039d5cb0c method=ui.views.systembuilder.gh.m(Lde/concept/nlview/NlviewArgList;)Z @ 62 c2
Event: 5818.997 Thread 0x000002108fce2720 DEOPT PACKING pc=0x0000021039d5cb0c sp=0x000000f5c31fe490
Event: 5818.997 Thread 0x000002108fce2720 DEOPT UNPACKING pc=0x0000021037da46a2 sp=0x000000f5c31fe438 mode 2
Event: 5822.086 Thread 0x000002108fce2720 DEOPT PACKING pc=0x0000021032bac71f sp=0x000000f5c31fe4e0
Event: 5822.086 Thread 0x000002108fce2720 DEOPT UNPACKING pc=0x0000021037da4e42 sp=0x000000f5c31fdae0 mode 0
Event: 5830.743 Thread 0x000002108fce2720 Uncommon trap: trap_request=0xffffff45 fr.pc=0x0000021038bc605c relative=0x0000000000000efc
Event: 5830.743 Thread 0x000002108fce2720 Uncommon trap: reason=unstable_if action=reinterpret pc=0x0000021038bc605c method=com.jidesoft.document.c.a(Ljava/awt/AWTEvent;)V @ 505 c2
Event: 5830.743 Thread 0x000002108fce2720 DEOPT PACKING pc=0x0000021038bc605c sp=0x000000f5c31fe3e0
Event: 5830.743 Thread 0x000002108fce2720 DEOPT UNPACKING pc=0x0000021037da46a2 sp=0x000000f5c31fe370 mode 2
Event: 5830.744 Thread 0x000002108fce2720 Uncommon trap: trap_request=0xffffff45 fr.pc=0x0000021038fd3004 relative=0x0000000000000c24
Event: 5830.744 Thread 0x000002108fce2720 Uncommon trap: reason=unstable_if action=reinterpret pc=0x0000021038fd3004 method=java.awt.Component.removeFocusListener(Ljava/awt/event/FocusListener;)V @ 1 c2
Event: 5830.744 Thread 0x000002108fce2720 DEOPT PACKING pc=0x0000021038fd3004 sp=0x000000f5c31fe690
Event: 5830.744 Thread 0x000002108fce2720 DEOPT UNPACKING pc=0x0000021037da46a2 sp=0x000000f5c31fe670 mode 2

Classes loaded (20 events):
Event: 5561.369 Loading class sun/awt/dnd/SunDropTargetContextPeer$EventDispatcher
Event: 5561.369 Loading class sun/awt/dnd/SunDropTargetContextPeer$EventDispatcher done
Event: 5561.372 Loading class sun/awt/windows/WDropTargetContextPeer$1
Event: 5561.372 Loading class sun/awt/windows/WDropTargetContextPeer$1 done
Event: 5561.373 Loading class java/awt/Container$DropTargetEventTargetFilter
Event: 5561.373 Loading class java/awt/Container$DropTargetEventTargetFilter done
Event: 5561.373 Loading class java/awt/dnd/DropTarget$DropTargetAutoScroller
Event: 5561.374 Loading class java/awt/dnd/DropTarget$DropTargetAutoScroller done
Event: 5561.376 Loading class java/awt/dnd/DragSourceDragEvent
Event: 5561.376 Loading class java/awt/dnd/DragSourceEvent
Event: 5561.376 Loading class java/awt/dnd/DragSourceEvent done
Event: 5561.376 Loading class java/awt/dnd/DragSourceDragEvent done
Event: 5561.376 Loading class sun/awt/dnd/SunDragSourceContextPeer$EventDispatcher
Event: 5561.376 Loading class sun/awt/dnd/SunDragSourceContextPeer$EventDispatcher done
Event: 5561.423 Loading class java/awt/dnd/DragSourceDropEvent
Event: 5561.423 Loading class java/awt/dnd/DragSourceDropEvent done
Event: 5717.718 Loading class sun/awt/shell/Win32ShellFolderManager2$ComInvoker$2
Event: 5717.718 Loading class sun/awt/shell/Win32ShellFolderManager2$ComInvoker$2 done
Event: 5767.170 Loading class sun/util/locale/LocaleExtensions
Event: 5767.171 Loading class sun/util/locale/LocaleExtensions done

Classes unloaded (20 events):
Event: 4244.670 Thread 0x0000021025f77930 Unloading class 0x00000210480c0400 'java/lang/invoke/LambdaForm$MH+0x00000210480c0400'
Event: 4244.670 Thread 0x0000021025f77930 Unloading class 0x0000021048011400 'java/lang/invoke/LambdaForm$MH+0x0000021048011400'
Event: 4244.670 Thread 0x0000021025f77930 Unloading class 0x000002104800e400 'java/lang/invoke/LambdaForm$MH+0x000002104800e400'
Event: 5447.382 Thread 0x0000021025f77930 Unloading class 0x0000021048e0d800 'java/lang/invoke/LambdaForm$MH+0x0000021048e0d800'
Event: 5447.382 Thread 0x0000021025f77930 Unloading class 0x0000021048e0cc00 'java/lang/invoke/LambdaForm$MH+0x0000021048e0cc00'
Event: 5447.382 Thread 0x0000021025f77930 Unloading class 0x0000021048e0c800 'java/lang/invoke/LambdaForm$MH+0x0000021048e0c800'
Event: 5447.382 Thread 0x0000021025f77930 Unloading class 0x0000021048e0c400 'java/lang/invoke/LambdaForm$MH+0x0000021048e0c400'
Event: 5447.382 Thread 0x0000021025f77930 Unloading class 0x0000021048e0c000 'java/lang/invoke/LambdaForm$MH+0x0000021048e0c000'
Event: 5447.382 Thread 0x0000021025f77930 Unloading class 0x0000021048db5400 'java/lang/invoke/LambdaForm$MH+0x0000021048db5400'
Event: 5447.382 Thread 0x0000021025f77930 Unloading class 0x0000021048db5000 'java/lang/invoke/LambdaForm$MH+0x0000021048db5000'
Event: 5447.382 Thread 0x0000021025f77930 Unloading class 0x0000021048769800 'java/lang/invoke/LambdaForm$MH+0x0000021048769800'
Event: 5447.382 Thread 0x0000021025f77930 Unloading class 0x0000021048768c00 'java/lang/invoke/LambdaForm$MH+0x0000021048768c00'
Event: 5447.382 Thread 0x0000021025f77930 Unloading class 0x0000021048768800 'java/lang/invoke/LambdaForm$MH+0x0000021048768800'
Event: 5447.382 Thread 0x0000021025f77930 Unloading class 0x0000021048768400 'java/lang/invoke/LambdaForm$MH+0x0000021048768400'
Event: 5447.382 Thread 0x0000021025f77930 Unloading class 0x0000021048768000 'java/lang/invoke/LambdaForm$MH+0x0000021048768000'
Event: 5447.382 Thread 0x0000021025f77930 Unloading class 0x0000021048755400 'java/lang/invoke/LambdaForm$MH+0x0000021048755400'
Event: 5447.382 Thread 0x0000021025f77930 Unloading class 0x0000021048755000 'java/lang/invoke/LambdaForm$MH+0x0000021048755000'
Event: 5447.382 Thread 0x0000021025f77930 Unloading class 0x0000021048754c00 'java/lang/invoke/LambdaForm$MH+0x0000021048754c00'
Event: 5447.382 Thread 0x0000021025f77930 Unloading class 0x000002104872e000 'java/lang/invoke/LambdaForm$MH+0x000002104872e000'
Event: 5447.382 Thread 0x0000021025f77930 Unloading class 0x000002104872c800 'java/lang/invoke/LambdaForm$MH+0x000002104872c800'

Classes redefined (0 events):
No events

Internal exceptions (20 events):
Event: 5811.112 Thread 0x000002108fce2720 Exception <a 'java/io/FileNotFoundException'{0x000000072950f328}> (0x000000072950f328) 
thrown [s\src\hotspot\share\prims\jni.cpp, line 520]
Event: 5815.885 Thread 0x000002108fce2720 Exception <a 'java/io/FileNotFoundException'{0x00000007297adc70}> (0x00000007297adc70) 
thrown [s\src\hotspot\share\prims\jni.cpp, line 520]
Event: 5816.114 Thread 0x000002108fce2720 Exception <a 'java/io/FileNotFoundException'{0x000000072952c3d0}> (0x000000072952c3d0) 
thrown [s\src\hotspot\share\prims\jni.cpp, line 520]
Event: 5820.886 Thread 0x000002108fce2720 Exception <a 'java/io/FileNotFoundException'{0x00000007258d41d8}> (0x00000007258d41d8) 
thrown [s\src\hotspot\share\prims\jni.cpp, line 520]
Event: 5821.114 Thread 0x000002108fce2720 Exception <a 'java/io/FileNotFoundException'{0x00000007259a8160}> (0x00000007259a8160) 
thrown [s\src\hotspot\share\prims\jni.cpp, line 520]
Event: 5821.468 Thread 0x000002108fce2720 Exception <a 'de/concept/nlview/NlviewException'{0x0000000724eb3558}> (0x0000000724eb3558) 
thrown [s\src\hotspot\share\prims\jni.cpp, line 520]
Event: 5821.468 Thread 0x000002108fce2720 Exception <a 'de/concept/nlview/NlviewException'{0x0000000724ebe610}> (0x0000000724ebe610) 
thrown [s\src\hotspot\share\prims\jni.cpp, line 520]
Event: 5821.474 Thread 0x000002108fce2720 Exception <a 'de/concept/nlview/NlviewException'{0x0000000724f44dd0}> (0x0000000724f44dd0) 
thrown [s\src\hotspot\share\prims\jni.cpp, line 520]
Event: 5825.897 Thread 0x000002108fce2720 Exception <a 'java/io/FileNotFoundException'{0x0000000725505318}> (0x0000000725505318) 
thrown [s\src\hotspot\share\prims\jni.cpp, line 520]
Event: 5826.115 Thread 0x000002108fce2720 Exception <a 'java/io/FileNotFoundException'{0x0000000725507f00}> (0x0000000725507f00) 
thrown [s\src\hotspot\share\prims\jni.cpp, line 520]
Event: 5830.886 Thread 0x000002108fce2720 Exception <a 'java/io/FileNotFoundException'{0x000000072712e790}> (0x000000072712e790) 
thrown [s\src\hotspot\share\prims\jni.cpp, line 520]
Event: 5831.116 Thread 0x000002108fce2720 Exception <a 'java/io/FileNotFoundException'{0x00000007271501b8}> (0x00000007271501b8) 
thrown [s\src\hotspot\share\prims\jni.cpp, line 520]
Event: 5835.888 Thread 0x000002108fce2720 Exception <a 'java/io/FileNotFoundException'{0x0000000725dd9000}> (0x0000000725dd9000) 
thrown [s\src\hotspot\share\prims\jni.cpp, line 520]
Event: 5836.117 Thread 0x000002108fce2720 Exception <a 'java/io/FileNotFoundException'{0x0000000725ddbd08}> (0x0000000725ddbd08) 
thrown [s\src\hotspot\share\prims\jni.cpp, line 520]
Event: 5836.242 Thread 0x000002108fce2720 Exception <a 'de/concept/nlview/NlviewException'{0x0000000729e4b468}> (0x0000000729e4b468) 
thrown [s\src\hotspot\share\prims\jni.cpp, line 520]
Event: 5836.243 Thread 0x000002108fce2720 Exception <a 'de/concept/nlview/NlviewException'{0x0000000729e54d08}> (0x0000000729e54d08) 
thrown [s\src\hotspot\share\prims\jni.cpp, line 520]
Event: 5836.248 Thread 0x000002108fce2720 Exception <a 'de/concept/nlview/NlviewException'{0x0000000729edd340}> (0x0000000729edd340) 
thrown [s\src\hotspot\share\prims\jni.cpp, line 520]
Event: 5837.896 Thread 0x000002108fce2720 Exception <a 'de/concept/nlview/NlviewException'{0x0000000727dfc220}> (0x0000000727dfc220) 
thrown [s\src\hotspot\share\prims\jni.cpp, line 520]
Event: 5837.896 Thread 0x000002108fce2720 Exception <a 'de/concept/nlview/NlviewException'{0x0000000727a06b98}> (0x0000000727a06b98) 
thrown [s\src\hotspot\share\prims\jni.cpp, line 520]
Event: 5837.901 Thread 0x000002108fce2720 Exception <a 'de/concept/nlview/NlviewException'{0x0000000727a91a08}> (0x0000000727a91a08) 
thrown [s\src\hotspot\share\prims\jni.cpp, line 520]

ZGC Phase Switch (0 events):
No events

VM Operations (20 events):
Event: 5821.488 Executing VM operation: G1CollectForAllocation (G1 Evacuation Pause)
Event: 5821.493 Executing VM operation: G1CollectForAllocation (G1 Evacuation Pause) done
Event: 5823.493 Executing VM operation: Cleanup
Event: 5823.493 Executing VM operation: Cleanup done
Event: 5826.291 Executing VM operation: G1CollectForAllocation (G1 Evacuation Pause)
Event: 5826.298 Executing VM operation: G1CollectForAllocation (G1 Evacuation Pause) done
Event: 5827.298 Executing VM operation: Cleanup
Event: 5827.298 Executing VM operation: Cleanup done
Event: 5833.976 Executing VM operation: HandshakeAllThreads (HandshakeForDeflation)
Event: 5833.976 Executing VM operation: HandshakeAllThreads (HandshakeForDeflation) done
Event: 5833.976 Executing VM operation: Cleanup
Event: 5833.976 Executing VM operation: Cleanup done
Event: 5833.976 Executing VM operation: RendezvousGCThreads
Event: 5833.976 Executing VM operation: RendezvousGCThreads done
Event: 5836.236 Executing VM operation: G1CollectForAllocation (G1 Evacuation Pause)
Event: 5836.241 Executing VM operation: G1CollectForAllocation (G1 Evacuation Pause) done
Event: 5837.249 Executing VM operation: Cleanup
Event: 5837.250 Executing VM operation: Cleanup done
Event: 5839.250 Executing VM operation: Cleanup
Event: 5839.250 Executing VM operation: Cleanup done

Events (20 events):
Event: 5837.949 Thread 0x00000210c9562470 Thread added: 0x00000210c9562470
Event: 5837.954 Thread 0x00000210cea71c20 Thread added: 0x00000210cea71c20
Event: 5837.965 Thread 0x00000210cea6da80 Thread added: 0x00000210cea6da80
Event: 5838.001 Thread 0x00000210cea6fb50 Thread added: 0x00000210cea6fb50
Event: 5838.002 Thread 0x00000210cea71c20 Thread exited: 0x00000210cea71c20
Event: 5838.005 Thread 0x00000210cea6da80 Thread exited: 0x00000210cea6da80
Event: 5838.006 Thread 0x00000210cea6fb50 Thread exited: 0x00000210cea6fb50
Event: 5838.307 Thread 0x00000210cea71c20 Thread added: 0x00000210cea71c20
Event: 5838.312 Thread 0x00000210cea71c20 Thread exited: 0x00000210cea71c20
Event: 5838.878 Thread 0x00000210cea6da80 Thread added: 0x00000210cea6da80
Event: 5838.936 Thread 0x00000210cea6da80 Thread exited: 0x00000210cea6da80
Event: 5838.939 Thread 0x00000210c9562470 Thread exited: 0x00000210c9562470
Event: 5838.973 Thread 0x00000210c9564680 Thread exited: 0x00000210c9564680
Event: 5838.991 Thread 0x00000210cea71c20 Thread added: 0x00000210cea71c20
Event: 5838.996 Thread 0x00000210cea71c20 Thread exited: 0x00000210cea71c20
Event: 5839.307 Thread 0x00000210cea6da80 Thread added: 0x00000210cea6da80
Event: 5839.312 Thread 0x00000210cea6da80 Thread exited: 0x00000210cea6da80
Event: 5839.491 Thread 0x00000210cea6da80 Thread added: 0x00000210cea6da80
Event: 5839.491 Thread 0x00000210c9566890 Thread exited: 0x00000210c9566890
Event: 5839.586 Thread 0x00000210cea6da80 Thread exited: 0x00000210cea6da80


Dynamic libraries:
0x00007ff763ee0000 - 0x00007ff763ee8000 	C:\Xilinx\Vivado\2024.2\bin\unwrapped\win64.o\vivado.exe
0x00007ffa2fa90000 - 0x00007ffa2fca9000 	C:\windows\SYSTEM32\ntdll.dll
0x00007ffa2e590000 - 0x00007ffa2e654000 	C:\windows\System32\KERNEL32.DLL
0x00007ffa2ceb0000 - 0x00007ffa2d278000 	C:\windows\System32\KERNELBASE.dll
0x00007ffa2d280000 - 0x00007ffa2d391000 	C:\windows\System32\ucrtbase.dll
0x00007ff9fe540000 - 0x00007ff9fe55e000 	C:\windows\SYSTEM32\VCRUNTIME140.dll
0x00007ffa1c3a0000 - 0x00007ffa1c429000 	C:\windows\SYSTEM32\MSVCP140.dll
0x00007ffa1c450000 - 0x00007ffa1c477000 	C:\Xilinx\Vivado\2024.2\lib\win64.o\xv_commonmain.dll
0x00007ff99a690000 - 0x00007ff99bcfa000 	C:\Xilinx\Vivado\2024.2\lib\win64.o\xv_common.dll
0x00007ffa24510000 - 0x00007ffa2451c000 	C:\windows\SYSTEM32\VCRUNTIME140_1.dll
0x00007ffa2f3d0000 - 0x00007ffa2f581000 	C:\windows\System32\USER32.dll
0x00007ffa2d470000 - 0x00007ffa2d496000 	C:\windows\System32\win32u.dll
0x00007ffa22b80000 - 0x00007ffa22b8c000 	C:\Xilinx\Vivado\2024.2\lib\win64.o\xv_commonversion.dll
0x00007ffa2dfd0000 - 0x00007ffa2dff9000 	C:\windows\System32\GDI32.dll
0x00007ffa2d4a0000 - 0x00007ffa2d5bc000 	C:\windows\System32\gdi32full.dll
0x00007ffa19d70000 - 0x00007ffa19d9a000 	C:\Xilinx\Vivado\2024.2\lib\win64.o\boost_filesystem.dll
0x00007ff9d37f0000 - 0x00007ff9d3a3d000 	C:\Xilinx\Vivado\2024.2\lib\win64.o\xv_commonxillic.dll
0x00007ffa2d3a0000 - 0x00007ffa2d43a000 	C:\windows\System32\msvcp_win.dll
0x00007ffa2e660000 - 0x00007ffa2e711000 	C:\windows\System32\ADVAPI32.dll
0x00007ff9d2190000 - 0x00007ff9d2331000 	C:\Xilinx\Vivado\2024.2\lib\win64.o\tcl86t.dll
0x00007ffa2e420000 - 0x00007ffa2e491000 	C:\windows\System32\WS2_32.dll
0x00007ffa2e070000 - 0x00007ffa2e188000 	C:\windows\System32\RPCRT4.dll
0x00007ffa2e4a0000 - 0x00007ffa2e547000 	C:\windows\System32\msvcrt.dll
0x00007ffa2d730000 - 0x00007ffa2dfce000 	C:\windows\System32\SHELL32.dll
0x00007ffa2f320000 - 0x00007ffa2f3c8000 	C:\windows\System32\sechost.dll
0x00007ffa2d440000 - 0x00007ffa2d468000 	C:\windows\System32\bcrypt.dll
0x00007ffa2cd70000 - 0x00007ffa2ceaf000 	C:\windows\System32\wintypes.dll
0x00007ffa2e740000 - 0x00007ffa2ead2000 	C:\windows\System32\combase.dll
0x00007ff9a4360000 - 0x00007ff9a4790000 	C:\Xilinx\Vivado\2024.2\lib\win64.o\python38.dll
0x00007ffa2cc70000 - 0x00007ffa2ccec000 	C:\windows\System32\WINTRUST.dll
0x00007ffa049a0000 - 0x00007ffa049a9000 	C:\windows\SYSTEM32\WSOCK32.dll
0x00007ffa22340000 - 0x00007ffa22359000 	C:\windows\SYSTEM32\NETAPI32.dll
0x00007ffa2c100000 - 0x00007ffa2c128000 	C:\windows\SYSTEM32\USERENV.dll
0x00007ffa2e190000 - 0x00007ffa2e1f9000 	C:\windows\System32\SHLWAPI.dll
0x00007ffa18b50000 - 0x00007ffa18b7a000 	C:\Xilinx\Vivado\2024.2\lib\win64.o\zlib1.dll
0x00007ffa04430000 - 0x00007ffa0492e000 	C:\windows\SYSTEM32\WININET.dll
0x00007ffa2baa0000 - 0x00007ffa2bbcc000 	C:\windows\SYSTEM32\WINHTTP.dll
0x00007ffa0bd10000 - 0x00007ffa0bf05000 	C:\windows\SYSTEM32\urlmon.dll
0x00007ff99c770000 - 0x00007ff99d967000 	C:\Xilinx\Vivado\2024.2\lib\win64.o\xv_isl_iostreams.dll
0x00007ff99ea60000 - 0x00007ff99ed76000 	C:\Xilinx\Vivado\2024.2\lib\win64.o\libXil_lmgr11.dll
0x00007ff9f6df0000 - 0x00007ff9f6f34000 	C:\Xilinx\Vivado\2024.2\lib\win64.o\boost_regex.dll
0x00007ffa2eae0000 - 0x00007ffa2ebe3000 	C:\windows\System32\COMDLG32.dll
0x00007ffa2e210000 - 0x00007ffa2e314000 	C:\windows\System32\shcore.dll
0x00007ffa18b10000 - 0x00007ffa18b37000 	C:\Xilinx\Vivado\2024.2\lib\win64.o\boost_thread.dll
0x00007ffa229d0000 - 0x00007ffa229e9000 	C:\Xilinx\Vivado\2024.2\lib\win64.o\boost_date_time.dll
0x00007ffa2f230000 - 0x00007ffa2f309000 	C:\windows\System32\OLEAUT32.dll
0x00007ffa180f0000 - 0x00007ffa18114000 	C:\Xilinx\Vivado\2024.2\lib\win64.o\xv_isl_sysinfo.dll
0x00007ffa2f6b0000 - 0x00007ffa2f851000 	C:\windows\System32\ole32.dll
0x00007ffa2d5c0000 - 0x00007ffa2d728000 	C:\windows\System32\CRYPT32.dll
0x00007ffa18890000 - 0x00007ffa18924000 	C:\Xilinx\Vivado\2024.2\lib\win64.o\boost_program_options.dll
0x00007ffa22950000 - 0x00007ffa22960000 	C:\Xilinx\Vivado\2024.2\lib\win64.o\xv_boost_xilinx.dll
0x00007ff99a1f0000 - 0x00007ff99a690000 	C:\Xilinx\Vivado\2024.2\lib\win64.o\xv_COIN-all.dll
0x00007ffa1cb20000 - 0x00007ffa1cb3c000 	C:\Xilinx\Vivado\2024.2\lib\win64.o\librdiconfig.dll
0x00007ff9f4cc0000 - 0x00007ff9f4d65000 	C:\Xilinx\Vivado\2024.2\lib\win64.o\libhdxml.dll
0x00007ff9982d0000 - 0x00007ff99a1e7000 	C:\Xilinx\Vivado\2024.2\lib\win64.o\gurobi90.dll
0x00007ffa1c320000 - 0x00007ffa1c33a000 	C:\Xilinx\Vivado\2024.2\lib\win64.o\pthreadVC2.dll
0x00007ffa05a40000 - 0x00007ffa05ab7000 	C:\Xilinx\Vivado\2024.2\lib\win64.o\xv_lmx.dll
0x00007ff9f3090000 - 0x00007ff9f3147000 	C:\Xilinx\Vivado\2024.2\lib\win64.o\libzstd.dll
0x00007ffa2f9e0000 - 0x00007ffa2fa41000 	C:\windows\System32\WLDAP32.dll
0x00007ffa2f6a0000 - 0x00007ffa2f6a8000 	C:\windows\System32\Normaliz.dll
0x00007ffa014b0000 - 0x00007ffa01532000 	C:\Xilinx\Vivado\2024.2\lib\win64.o\libhdlpsolve.dll
0x00007ffa144c0000 - 0x00007ffa144f0000 	C:\windows\SYSTEM32\VCOMP140.DLL
0x00007ffa15a60000 - 0x00007ffa15a79000 	C:\Xilinx\Vivado\2024.2\lib\win64.o\librdizlib.dll
0x00007ff99c4a0000 - 0x00007ff99c761000 	C:\Xilinx\Vivado\2024.2\lib\win64.o\xerces-c_3_2.dll
0x00007ffa25800000 - 0x00007ffa2580a000 	C:\windows\SYSTEM32\VERSION.dll
0x00007ffa2b630000 - 0x00007ffa2b658000 	C:\windows\SYSTEM32\srvcli.dll
0x00007ffa2b660000 - 0x00007ffa2b66c000 	C:\windows\SYSTEM32\netutils.dll
0x00007ffa2a7b0000 - 0x00007ffa2b0c3000 	C:\windows\SYSTEM32\windows.storage.dll
0x00007ffa17e30000 - 0x00007ffa180ef000 	C:\windows\SYSTEM32\iertutil.dll
0x00007ffa144a0000 - 0x00007ffa144bc000 	C:\Xilinx\Vivado\2024.2\lib\win64.o\xv_isl_iosutils.dll
0x00007ff9fb030000 - 0x00007ff9fb0e3000 	C:\windows\WinSxS\amd64_microsoft.windows.common-controls_6595b64144ccf1df_5.82.22621.5983_none_b43eefe36389d177\COMCTL32.dll
0x00007ffa13e00000 - 0x00007ffa13e21000 	C:\Xilinx\Vivado\2024.2\lib\win64.o\boost_iostreams.dll
0x00007ffa25a80000 - 0x00007ffa25a9f000 	C:\windows\SYSTEM32\dhcpcsvc.DLL
0x00007ffa2be90000 - 0x00007ffa2bed5000 	C:\windows\SYSTEM32\LOGONCLI.DLL
0x00007ffa27530000 - 0x00007ffa27549000 	C:\windows\SYSTEM32\SAMCLI.DLL
0x00007ffa2c060000 - 0x00007ffa2c0c9000 	C:\windows\SYSTEM32\MSWSOCK.DLL
0x00007ffa2e550000 - 0x00007ffa2e581000 	C:\windows\System32\IMM32.DLL
0x00007ffa2c7d0000 - 0x00007ffa2c7e2000 	C:\windows\SYSTEM32\MSASN1.dll
0x00007ffa2c300000 - 0x00007ffa2c31b000 	C:\windows\SYSTEM32\CRYPTSP.dll
0x00007ffa2ba80000 - 0x00007ffa2ba98000 	C:\windows\SYSTEM32\kernel.appcore.dll
0x00007ffa2b9e0000 - 0x00007ffa2ba17000 	C:\windows\system32\rsaenh.dll
0x00007ffa2c2e0000 - 0x00007ffa2c2ec000 	C:\windows\SYSTEM32\CRYPTBASE.dll
0x00007ffa2ccf0000 - 0x00007ffa2cd6b000 	C:\windows\System32\bcryptPrimitives.dll
0x00007ffa2e720000 - 0x00007ffa2e73f000 	C:\windows\System32\imagehlp.dll
0x00007ff997c00000 - 0x00007ff9982cc000 	C:\Xilinx\Vivado\2024.2\lib\win64.o\xv_commontasks.dll
0x00007ff9976f0000 - 0x00007ff997bf0400 	C:\Xilinx\Vivado\2024.2\lib\win64.o\xv_sio.dll
0x00007ff996960000 - 0x00007ff9976e1000 	C:\Xilinx\Vivado\2024.2\tps\win64\jre21.0.1_12\bin\server\jvm.dll
0x00007ffa2b320000 - 0x00007ffa2b34d000 	C:\windows\SYSTEM32\IPHLPAPI.DLL
0x00007ffa2ca80000 - 0x00007ffa2cacd000 	C:\windows\SYSTEM32\POWRPROF.dll
0x00007ffa24490000 - 0x00007ffa244c4000 	C:\windows\SYSTEM32\WINMM.dll
0x00007ffa2ca60000 - 0x00007ffa2ca73000 	C:\windows\SYSTEM32\UMPDC.dll
0x00007ffa2c0d0000 - 0x00007ffa2c0f6000 	C:\windows\SYSTEM32\gpapi.dll
0x00007ffa14da0000 - 0x00007ffa14dd2000 	C:\Windows\System32\cryptnet.dll
0x00007ffa2cae0000 - 0x00007ffa2cb05000 	C:\windows\SYSTEM32\profapi.dll
0x00007ffa27be0000 - 0x00007ffa27bed000 	C:\windows\SYSTEM32\WINNSI.DLL
0x00007ffa2f310000 - 0x00007ffa2f319000 	C:\windows\System32\NSI.dll
0x00007ffa2be10000 - 0x00007ffa2be53000 	C:\windows\SYSTEM32\SspiCli.dll
0x00007ff9ef790000 - 0x00007ff9ef7a7000 	C:\windows\system32\napinsp.dll
0x00007ff9ef7b0000 - 0x00007ff9ef7cb000 	C:\windows\system32\pnrpnsp.dll
0x00007ffa2b350000 - 0x00007ffa2b448000 	C:\windows\SYSTEM32\DNSAPI.dll
0x00007ff9f3230000 - 0x00007ff9f3241000 	C:\windows\System32\winrnr.dll
0x00007ff9f2650000 - 0x00007ff9f2665000 	C:\windows\system32\wshbth.dll
0x00007ff9ef8c0000 - 0x00007ff9ef8e1000 	C:\windows\system32\nlansp_c.dll
0x0000000061d30000 - 0x0000000061d3b000 	C:\Program Files\National Instruments\Shared\mDNS Responder\nimdnsNSP.dll
0x0000000061d10000 - 0x0000000061d21000 	C:\windows\SYSTEM32\nimdnsResponder.dll
0x00007ffa25900000 - 0x00007ffa2591a000 	C:\windows\SYSTEM32\wkscli.dll
0x00007ffa18120000 - 0x00007ffa18132000 	C:\windows\SYSTEM32\cscapi.dll
0x00007ff992a80000 - 0x00007ff996953000 	C:\Xilinx\Vivado\2024.2\lib\win64.o\xv_tcltasks.dll
0x00007ff9f0f80000 - 0x00007ff9f1059000 	C:\Xilinx\Vivado\2024.2\lib\win64.o\xv_xhubtasks.dll
0x00007ff98f3b0000 - 0x00007ff99018f000 	C:\Xilinx\Vivado\2024.2\lib\win64.o\xv_power.dll
0x00007ff990190000 - 0x00007ff991e78000 	C:\Xilinx\Vivado\2024.2\lib\win64.o\xv_implflow.dll
0x00007ff991e80000 - 0x00007ff992a7b000 	C:\Xilinx\Vivado\2024.2\lib\win64.o\xv_project.dll
0x00007ff984030000 - 0x00007ff989995000 	C:\Xilinx\Vivado\2024.2\lib\win64.o\xv_place.dll
0x00007ff9833d0000 - 0x00007ff984024000 	C:\Xilinx\Vivado\2024.2\lib\win64.o\xv_lopt.dll
0x00007ff9899a0000 - 0x00007ff98f3af000 	C:\Xilinx\Vivado\2024.2\lib\win64.o\xv_route.dll
0x00007ff982c00000 - 0x00007ff9833c1000 	C:\Xilinx\Vivado\2024.2\lib\win64.o\xv_runs.dll
0x00007ff9d2020000 - 0x00007ff9d2186000 	C:\Xilinx\Vivado\2024.2\lib\win64.o\xv_chipscope.dll
0x00007ff982000000 - 0x00007ff982bfe000 	C:\Xilinx\Vivado\2024.2\lib\win64.o\xv_rsb.dll
0x00007ff981350000 - 0x00007ff981ffd000 	C:\Xilinx\Vivado\2024.2\lib\win64.o\xv_drc.dll
0x00007ff97e770000 - 0x00007ff981348000 	C:\Xilinx\Vivado\2024.2\lib\win64.o\xv_mig.dll
0x00007ff9d80d0000 - 0x00007ff9d81dc000 	C:\Xilinx\Vivado\2024.2\lib\win64.o\xv_dsp.dll
0x00007ff97e4e0000 - 0x00007ff97e765000 	C:\Xilinx\Vivado\2024.2\lib\win64.o\xv_chipscopeimpl.dll
0x00007ff97b740000 - 0x00007ff97e4d3000 	C:\Xilinx\Vivado\2024.2\lib\win64.o\xv_coregen.dll
0x00007ff979e40000 - 0x00007ff97b739000 	C:\Xilinx\Vivado\2024.2\lib\win64.o\xv_timing.dll
0x00007ff9799a0000 - 0x00007ff979e37000 	C:\Xilinx\Vivado\2024.2\lib\win64.o\xv_dlyest.dll
0x00007ff9792e0000 - 0x00007ff97999f000 	C:\Xilinx\Vivado\2024.2\lib\win64.o\xv_memdata.dll
0x00007ff976190000 - 0x00007ff976756000 	C:\Xilinx\Vivado\2024.2\lib\win64.o\xv_bitstream.dll
0x00007ff976760000 - 0x00007ff9792dc000 	C:\Xilinx\Vivado\2024.2\lib\win64.o\xv_designutils.dll

dbghelp: loaded successfully - version: 4.0.5 - missing functions: none
symbol engine: initialized successfully - sym options: 0x614 - pdb path: .;C:\Xilinx\Vivado\2024.2\bin\unwrapped\win64.o;C:\windows\SYSTEM32;C:\Xilinx\Vivado\2024.2\lib\win64.o;C:\windows\WinSxS\amd64_microsoft.windows.common-controls_6595b64144ccf1df_5.82.22621.5983_none_b43eefe36389d177;C:\Xilinx\Vivado\2024.2\tps\win64\jre21.0.1_12\bin\server;C:\Program Files\National Instruments\Shared\mDNS Responder;C:\Xilinx\Vivado\2024.2\tps\win64\jre21.0.1_12\bin;C:\windows\WinSxS\amd64_microsoft.windows.common-controls_6595b64144ccf1df_6.0.22621.6931_none_270fd4b77385a2c0;C:\windows\WinSxS\amd64_microsoft.windows.gdiplus_6595b64144ccf1df_1.1.22621.6783_none_57ff9bc6ce13cde1

VM Arguments:
jvm_args: -Dsun.java2d.pmoffscreen=false -Dhttps.protocols=TLSv1,TLSv1.1,TLSv1.2 -Dsun.java2d.xrender=false -Dsun.java2d.d3d=false -Dsun.awt.nopixfmt=true -Dsun.java2d.dpiaware=true -Dsun.java2d.uiScale.enabled=false -Dswing.aatext=true -XX:-UsePerfData -Djdk.map.althashing.threshold=512 -XX:StringTableSize=4072 -XX:+UseStringDeduplication -XX:MaxGCPauseMillis=200 -XX:ParallelGCThreads=4 -XX:+ParallelRefProcEnabled --add-opens=java.desktop/javax.swing.plaf.synth=ALL-UNNAMED --add-opens=java.base/java.nio=ALL-UNNAMED --add-opens=java.desktop/sun.swing=ALL-UNNAMED --add-opens=java.desktop/javax.swing=ALL-UNNAMED --add-opens=java.desktop/javax.swing.tree=ALL-UNNAMED --add-opens=java.desktop/javax.swing.plaf.basic=ALL-UNNAMED --add-opens=java.desktop/javax.swing.plaf.synth=ALL-UNNAMED --add-opens=java.desktop/javax.swing.plaf.basic=ALL-UNNAMED --add-opens=java.desktop/javax.swing=ALL-UNNAMED --add-opens=java.desktop/javax.swing.tree=ALL-UNNAMED --add-opens=java.desktop/java.awt.event=ALL-UNNAMED --add-exports=java.desktop/javax.swing.plaf.synth=ALL-UNNAMED --add-exports=java.base/java.nio=ALL-UNNAMED --add-exports=java.desktop/sun.swing=ALL-UNNAMED --add-exports=java.desktop/javax.swing=ALL-UNNAMED --add-exports=java.desktop/javax.swing.tree=ALL-UNNAMED --add-exports=java.desktop/javax.swing.plaf.basic=ALL-UNNAMED --add-exports=java.desktop/sun.swing=ALL-UNNAMED --add-exports=java.desktop/sun.swing.table=ALL-UNNAMED --add-exports=java.desktop/sun.swing.plaf.synth=ALL-UNNAMED --add-exports=java.desktop/sun.awt.shell=ALL-UNNAMED --add-exports=java.base/sun.security.action=ALL-UNNAMED --add-exports=java.desktop/sun.font=ALL-UNNAMED -XX:NewSize=80m -XX:MaxNewSize=80m -Xms512m -Xmx4072m -Xss10m 
java_command: <unknown>
java_class_path (initial): C:/Xilinx/Vivado/2024.2\lib\classes\apiguardian-api-1.1.0.jar;C:/Xilinx/Vivado/2024.2\lib\classes\asm-9.6-11.0.11-90.jar;C:/Xilinx/Vivado/2024.2\lib\classes\asm-analysis-9.6-11.0.11-90.jar;C:/Xilinx/Vivado/2024.2\lib\classes\asm-commons-9.6-11.0.11-90.jar;C:/Xilinx/Vivado/2024.2\lib\classes\asm-tree-9.6-11.0.11-90.jar;C:/Xilinx/Vivado/2024.2\lib\classes\autoesl-models-1.0.0-90.jar;C:/Xilinx/Vivado/2024.2\lib\classes\batik-anim-1.0.0-90.jar;C:/Xilinx/Vivado/2024.2\lib\classes\batik-awt-util-1.0.0-90.jar;C:/Xilinx/Vivado/2024.2\lib\classes\batik-bridge-1.0.0-90.jar;C:/Xilinx/Vivado/2024.2\lib\classes\batik-codec-1.0.0-90.jar;C:/Xilinx/Vivado/2024.2\lib\classes\batik-constants-1.0.0-90.jar;C:/Xilinx/Vivado/2024.2\lib\classes\batik-css-1.0.0-90.jar;C:/Xilinx/Vivado/2024.2\lib\classes\batik-dom-1.0.0-90.jar;C:/Xilinx/Vivado/2024.2\lib\classes\batik-ext-1.0.0-90.jar;C:/Xilinx/Vivado/2024.2\lib\classes\batik-gui-util-1.0.0-90.jar;C:/Xilinx/Vivado/2024.2\lib\classes\batik-gvt-1.0.0-90.jar;C:/Xilinx/Vivado/2024.2\lib\classes\batik-i18n-1.0.0-90.jar;C:/Xilinx/Vivado/2024.2\lib\classes\batik-parser-1.0.0-90.jar;C:/Xilinx/Vivado/2024.2\lib\classes\batik-script-1.0.0-90.jar;C:/Xilinx/Vivado/2024.2\lib\classes\batik-svg-dom-1.0.0-90.jar;C:/Xilinx/Vivado/2024.2\lib\classes\batik-svggen-1.0.0-90.jar;C:/Xilinx/Vivado/2024.2\lib\classes\batik-swing-1.0.0-90.jar;C:/Xilinx/Vivado/2024.2\lib\classes\batik-transcoder-1.0.0-90.jar;C:/Xilinx/Vivado/2024.2\lib\classes\batik-util-1.0.0-90.jar;C:/Xilinx/Vivado/2024.2\lib\classes\batik-xml-1.0.0-90.jar;C:/Xilinx/Vivado/2024.2\lib\classes\checker-qual-3.12.0.jar;C:/Xilinx/Vivado/2024.2\lib\classes\com.fasterxml.jackson.core.jackson-annotations_2.12.1.v20210128-1726-1.0.0-90.jar;C:/Xilinx/Vivado/2024.2\lib\classes\com.fasterxml.jackson.core.jackson-annotations_2.12.1.v20210128-1726-1.5.0-90.jar;C:/Xilinx/Vivado/2024.2\lib\classes\com.fasterxml.jackson.core.jackson-core_2.12.1.v20210128-1726-1.0.0-90.jar;C:/Xilinx/Vivado/2024.2\lib\classes\com.fasterxml.jackson.core.jackson-core_2.12.1.v20210128-1726-1.5.0-90.jar;C:/Xilinx/Vivado/2024.2\lib\classes\com.fasterxml.jackson.core.jackson-databind_2.12.1.v20210128-1726-1.0.0-90.jar;C:/Xilinx/Vivado/2024.2\lib\classes\com.fasterxml.jackson.core.jackson-databind_2.12.1.v20210128-1726-1.5.0-90.jar;C:/Xilinx/Vivado/2024.2\lib\classes\com.google.gson_2.8.9.v20220111-1409-1.5.0-90.jar;C:/Xilinx/Vivado/2024.2\lib\classes\com.google.guava_30.1.0.v20210127-2300-1.5.0-90.jar;C:/Xilinx/Vivado/2024.2\lib\classes\com.sigasi.hdt.connection_4.17.2.202304211001-1.5.0-90.jar;C:/Xilinx/Vivado/2024.2\lib\classes\com.sigasi.hdt.epl_4.17.2.202304211001-1.5.0-90.jar;C:/Xilinx/Vivado/2024.2\lib\classes\com.sigasi.hdt.project_4.17.2.202304211001-1.5.0-90.jar;C:/Xilinx/Vivado/2024.2\lib\classes\com.sigasi.hdt.readonlyfilesystem_4.17.2.202304211001-1.5.0-90.jar;C:/Xilinx/Vivado/2024.2\lib\classes\com.sigasi.hdt.shared_4.17.2.202304211001-1.5.0-90.jar;C:/Xilinx/Vivado/2024.2\lib\classes\com.sigasi.lcm_4.17.2.202304211001-1.5.0-90.jar;C:/Xilinx/Vivado/2024.2\lib\classes\com.sigasi.lsp.server.extensions_4.17.2.202304211001-1.5.0-90.jar;C:/Xilinx/Vivado/2024.2\lib\classes\com.sigasi.sdk.client_1.5.0.202304211001-1.5.0-90.jar;C:/Xilinx/Vivado/2024.2\lib\classes\commons-collections4-4.1-3.7.8-90.jar;C:/Xilinx/Vivado/2024.2\lib\classes\commons-compress-1.21-3.7.8-90.jar;C:/Xilinx/Vivado/2024.2\lib\classes\commons-io-2.15.0-11.0.11-90.jar;C:/Xilinx/Vivado/2024.2\lib\classes\commons-io-2.6.jar;C:/Xilinx/Vivado/2024.2\lib\classes\commons-lang3-3.14.0-11.0.11-90.jar;C:/Xilinx/Vivado/2024.2\lib\classes\commons-math-2.2-3.7.8-90.jar;C:/Xilinx/Vivado/2024.2\lib\classes\DispatchProtocol-1.24.0-595.jar;C:/Xilinx/Vivado/2024.2\lib\classes\dom4j-1.6.1-3.7.8-90.jar;C:/Xilinx/Vivado/2024.2\lib\classes\error_prone_annotations-2.11.0.jar;C:/Xilinx/Vivado/2024.2\lib\classes\failureaccess-1.0.1.jar;C:/Xilinx/Vivado/2024.2\lib\classes\frank_frameworks-1.0.0-595.jar;C:/Xilinx/Vivado/2024.2\lib\classes\gson-2.8.9.jar;C:/Xilinx/Vivado/2024.2\lib\classes\guava-31.1-android.jar;C:/Xilinx/Vivado/2024.2\lib\classes\help-1.24.0-412.jar;C:/Xilinx/Vivado/2024.2\lib\classes\hsqldb-3.7.8-90.jar;C:/Xilinx/Vivado/2024.2\lib\classes\j2objc-annotations-1.3.jar;C:/Xilinx/Vivado/2024.2\lib\classes\jakarta.annotation-api-2.1.0-11.0.11-90.jar;C:/Xilinx/Vivado/2024.2\lib\classes\jakarta.json-2.0.0-RC2-1.5.0-90.jar;C:/Xilinx/Vivado/2024.2\lib\classes\jakarta.json-api-2.0.0-RC2-1.5.0-90.jar;C:/Xilinx/Vivado/2024.2\lib\classes\jakarta.transaction-api-2.0.0-11.0.11-90.jar;C:/Xilinx/Vivado/2024.2\lib\classes\jaxb-api-2.3.0.jar;C:/Xilinx/Vivado/2024.2\lib\classes\jericho-html-3.4-1.0.0-90.jar;C:/Xilinx/Vivado/2024.2\lib\classes\jetty-jakarta-servlet-api-5.0.2-11.0.11-90.jar;C:/Xilinx/Vivado/2024.2\lib\classes\jh-2.0.05-90.jar;C:/Xilinx/Vivado/2024.2\lib\classes\jide-action-3.7.8-90.jar;C:/Xilinx/Vivado/2024.2\lib\classes\jide-charts-3.7.8-90.jar;C:/Xilinx/Vivado/2024.2\lib\classes\jide-common-3.7.8-90.jar;C:/Xilinx/Vivado/2024.2\lib\classes\jide-components-3.7.8-90.jar;C:/Xilinx/Vivado/2024.2\lib\classes\jide-dashboard-3.7.8-90.jar;C:/Xilinx/Vivado/2024.2\lib\classes\jide-data-3.7.8-90.jar;C:/Xilinx/Vivado/2024.2\lib\classes\jide-dialogs-3.7.8-90.jar;C:/Xilinx/Vivado/2024.2\lib\classes\jide-diff-3.7.8-90.jar;C:/Xilinx/Vivado/2024.2\lib\classes\jide-dock-3.7.8-90.jar;C:/Xilinx/Vivado/2024.2\lib\classes\jide-editor-3.7.8-90.jar;C:/Xilinx/Vivado/2024.2\lib\classes\jide-gantt-3.7.8-90.jar;C:/Xilinx/Vivado/2024.2\lib\classes\jide-grids-3.7.8-90.jar;C:/Xilinx/Vivado/2024.2\lib\classes\jide-pivot-3.7.8-90.jar;C:/Xilinx/Vivado/2024.2\lib\classes\jide-plaf-jdk7-3.7.8-90.jar;C:/Xilinx/Vivado/2024.2\lib\classes\jide-properties-3.7.8-90.jar;C:/Xilinx/Vivado/2024.2\lib\classes\jide-shortcut-3.7.8-90.jar;C:/Xilinx/Vivado/2024.2\lib\classes\jide-treemap-3.7.8-90.jar;C:/Xilinx/Vivado/2024.2\lib\classes\JRCClient-1.24.0-595.jar;C:/Xilinx/Vivado/2024.2\lib\classes\jsr305-3.0.2.jar;C:/Xilinx/Vivado/2024.2\lib\classes\junit-jupiter-api-5.6.2.jar;C:/Xilinx/Vivado/2024.2\lib\classes\junit-platform-commons-1.6.2.jar;C:/Xilinx/Vivado/2024.2\lib\classes\justify-3.0.0-RC2-1.5.0-90.jar;C:/Xilinx/Vivado/2024.2\lib\classes\jydocking-3.3.1-90.jar;C:/Xilinx/Vivado/2024.2\lib\classes\jytable-3.3.1-90.jar;C:/Xilinx/Vivado/2024.2\lib\classes\jywidgets-3.3.1-90.jar;C:/Xilinx/Vivado/2024.2\lib\classes\listenablefuture-9999.0-empty-to-avoid-conflict-with-guava.jar;C:/Xilinx/Vivado/2024.2\lib\classes\log4j-1.2-api-2.17.1-1.5.0-90.jar;C:/Xilinx/Vivado/2024.2\lib\classes\log4j-api-2.17.1-1.5.0-90.jar;C:/Xilinx/Vivado/2024.2\lib\classes\log4j-core-2.17.1-1.5.0-90.jar;C:/Xilinx/Vivado/2024.2\lib\classes\lucene-analyzers-common-4.10.2-3.7.8-90.jar;C:/Xilinx/Vivado/2024.2\lib\classes\lucene-core-4.10.2-3.7.8-90.jar;C:/Xilinx/Vivado/2024.2\lib\classes\lucene-queryparser-4.10.2-3.7.8-90.jar;C:/Xilinx/Vivado/2024.2\lib\classes\matlab_jmi-1.0.0-90.jar;C:/Xilinx/Vivado/2024.2\lib\classes\miglayout-3.7.3.1.jar;C:/Xilinx/Vivado/2024.2\lib\classes\nlview_java-1.0.0-90.jar;C:/Xilinx/Vivado/2024.2\lib\classes\opentest4j-1.2.0.jar;C:/Xilinx/Vivado/2024.2\lib\classes\org.apache.commons.lang_2.6.0.v201404270220-1.0.0-90.jar;C:/Xilinx/Vivado/2024.2\lib\classes\org.eclipse.core.commands-3.6.0-1.0.0-90.jar;C:/Xilinx/Vivado/2024.2\lib\classes\org.eclipse.core.filesystem_1.7.400.v20190518-1151-1.0.0-90.jar;C:/Xilinx/Vivado/2024.2\lib\classes\org.eclipse.core.jobs_3.10.400.v20190506-1457-1.0.0-90.jar;C:/Xilinx/Vivado/2024.2\lib\classes\org.eclipse.core.resources_3.13.400.v20190505-1655-1.0.0-90.jar;C:/Xilinx/Vivado/2024.2\lib\classes\org.eclipse.emf.common_2.18.0.v20191225-1014-1.0.0-90.jar;C:/Xilinx/Vivado/2024.2\lib\classes\org.eclipse.emf.common_2.24.0.v20220123-0838-1.5.0-90.jar;C:/Xilinx/Vivado/2024.2\lib\classes\org.eclipse.emf.ecore.xmi_2.16.0.v20190528-0725-1.0.0-90.jar;C:/Xilinx/Vivado/2024.2\lib\classes\org.eclipse.emf.ecore_2.21.0.v20200127-1342-1.0.0-90.jar;C:/Xilinx/Vivado/2024.2\lib\classes\org.eclipse.equinox.common_3.11.0.v20200206-0817-1.0.0-90.jar;C:/Xilinx/Vivado/2024.2\lib\classes\org.eclipse.equinox.registry_3.8.400.v20190516-1504-1.0.0-90.jar;C:/Xilinx/Vivado/2024.2\lib\classes\org.eclipse.jetty.alpn.client_11.0.18-11.0.11-90.jar;C:/Xilinx/Vivado/2024.2\lib\classes\org.eclipse.jetty.annotations_11.0.18-11.0.11-90.jar;C:/Xilinx/Vivado/2024.2\lib\classes\org.eclipse.jetty.client_11.0.18-11.0.11-90.jar;C:/Xilinx/Vivado/2024.2\lib\classes\org.eclipse.jetty.http_11.0.18-11.0.11-90.jar;C:/Xilinx/Vivado/2024.2\lib\classes\org.eclipse.jetty.io_11.0.18-11.0.11-90.jar;C:/Xilinx/Vivado/2024.2\lib\classes\org.eclipse.jetty.jndi_11.0.18-11.0.11-90.jar;C:/Xilinx/Vivado/2024.2\lib\classes\org.eclipse.jetty.plus_11.0.18-11.0.11-90.jar;C:/Xilinx/Vivado/2024.2\lib\classes\org.eclipse.jetty.security_11.0.18-11.0.11-90.jar;C:/Xilinx/Vivado/2024.2\lib\classes\org.eclipse.jetty.server_11.0.18-11.0.11-90.jar;C:/Xilinx/Vivado/2024.2\lib\classes\org.eclipse.jetty.servlet_11.0.18-11.0.11-90.jar;C:/Xilinx/Vivado/2024.2\lib\classes\org.eclipse.jetty.util_11.0.18-11.0.11-90.jar;C:/Xilinx/Vivado/2024.2\lib\classes\org.eclipse.jetty.webapp_11.0.18-11.0.11-90.jar;C:/Xilinx/Vivado/2024.2\lib\classes\org.eclipse.jetty.websocket.api_11.0.18-11.0.11-90.jar;C:/Xilinx/Vivado/2024.2\lib\classes\org.eclipse.jetty.websocket.client_11.0.18-11.0.11-90.jar;C:/Xilinx/Vivado/2024.2\lib\classes\org.eclipse.jetty.websocket.common_11.0.18-11.0.11-90.jar;C:/Xilinx/Vivado/2024.2\lib\classes\org.eclipse.jetty.websocket.core.client_11.0.18-11.0.11-90.jar;C:/Xilinx/Vivado/2024.2\lib\classes\org.eclipse.jetty.websocket.core.common_11.0.18-11.0.11-90.jar;C:/Xilinx/Vivado/2024.2\lib\classes\org.eclipse.jetty.websocket.core.server_11.0.18-11.0.11-90.jar;C:/Xilinx/Vivado/2024.2\lib\classes\org.eclipse.jetty.websocket.server_11.0.18-11.0.11-90.jar;C:/Xilinx/Vivado/2024.2\lib\classes\org.eclipse.jetty.websocket.servlet_11.0.18-11.0.11-90.jar;C:/Xilinx/Vivado/2024.2\lib\classes\org.eclipse.jetty.xml_11.0.18-11.0.11-90.jar;C:/Xilinx/Vivado/2024.2\lib\classes\org.eclipse.lsp4j.jsonrpc_0.12.0.v20210402-1305-1.5.0-90.jar;C:/Xilinx/Vivado/2024.2\lib\classes\org.eclipse.lsp4j_0.12.0.v20210402-1305-1.5.0-90.jar;C:/Xilinx/Vivado/2024.2\lib\classes\org.eclipse.xtext.util_2.18.0.v20190603-1042-1.0.0-90.jar;C:/Xilinx/Vivado/2024.2\lib\classes\org.eclipse.xtext.util_2.26.0.v20220228-0751-1.5.0-90.jar;C:/Xilinx/Vivado/2024.2\lib\classes\org.eclipse.xtext.xbase.lib_2.26.0.v20220228-0748-1.5.0-90.jar;C:/Xilinx/Vivado/2024.2\lib\classes\picocli-4.1.2.jar;C:/Xilinx/Vivado/2024.2\lib\classes\planAhead.jar;C:/Xilinx/Vivado/2024.2\lib\classes\poi-4.1.1-3.7.8-90.jar;C:/Xilinx/Vivado/2024.2\lib\classes\poi-ooxml-4.1.1-3.7.8-90.jar;C:/Xilinx/Vivado/2024.2\lib\classes\poi-ooxml-schemas-4.1.1-3.7.8-90.jar;C:/Xilinx/Vivado/2024.2\lib\classes\protobuf-java-3.21.12.jar;C:/Xilinx/Vivado/2024.2\lib\classes\protobuf-java-util-3.21.12.jar;C:/Xilinx/Vivado/2024.2\lib\classes\RuleService-1.24.0-595.jar;C:/Xilinx/Vivado/2024.2\lib\classes\slf4j-api-2.0.9-11.0.11-90.jar;C:/Xilinx/Vivado/2024.2\lib\classes\swingx-core-1.6.2-90.jar;C:/Xilinx/Vivado/2024.2\lib\classes\synthetica-3.3.1-90.jar;C:/Xilinx/Vivado/2024.2\lib\classes\syntheticaAddons-3.3.1-90.jar;C:/Xilinx/Vivado/2024.2\lib\classes\syntheticaDark-3.3.1-90.jar;C:/Xilinx/Vivado/2024.2\lib\classes\syntheticaPlain-3.3.1-90.jar;C:/Xilinx/Vivado/2024.2\lib\classes\syntheticaPlainAddon-3.3.1-90.jar;C:/Xilinx/Vivado/2024.2\lib\classes\sysgen.jar;C:/Xilinx/Vivado/2024.2\lib\classes\va-shared-1.0.0-595.jar;C:/Xilinx/Vivado/2024.2\lib\classes\VlmGUI.jar;C:/Xilinx/Vivado/2024.2\lib\classes\xml-apis-ext-1.0.0-90.jar;C:/Xilinx/Vivado/2024.2\lib\classes\xmlbeans-3.1.0-3.7.8-90.jar;C:/Xilinx/Vivado/2024.2\lib\classes\xmlgraphics-commons-1.0.0-90.jar;C:/Xilinx/Vivado/2024.2\lib\classes\yfiles-for-java-swing-3.3.0-90.jar;C:/Xilinx/Vivado/2024.2\lib\classes\windows\gluegen-rt-95.0.4638.69-90.jar;C:/Xilinx/Vivado/2024.2\lib\classes\windows\gluegen-rt-natives-windows-amd64-95.0.4638.69-90.jar;C:/Xilinx/Vivado/2024.2\lib\classes\windows\javafx-swt-21.0.1-90.jar;C:/Xilinx/Vivado/2024.2\lib\classes\windows\javafx.base-21.0.1-90.jar;C:/Xilinx/Vivado/2024.2\lib\classes\windows\javafx.controls-21.0.1-90.jar;C:/Xilinx/Vivado/2024.2\lib\classes\windows\javafx.fxml-21.0.1-90.jar;C:/Xilinx/Vivado/2024.2\lib\classes\windows\javafx.graphics-21.0.1-90.jar;C:/Xilinx/Vivado/2024.2\lib\classes\windows\javafx.media-21.0.1-90.jar;C:/Xilinx/Vivado/2024.2\lib\classes\windows\javafx.swing-21.0.1-90.jar;C:/Xilinx/Vivado/2024.2\lib\classes\windows\javafx.web-21.0.1-90.jar;C:/Xilinx/Vivado/2024.2\lib\classes\windows\jcef-95.0.4638.69-90.jar;C:/Xilinx/Vivado/2024.2\lib\classes\windows\jcef-tests-95.0.4638.69-90.jar;C:/Xilinx/Vivado/2024.2\lib\classes\windows\jogl-all-95.0.4638.69-90.jar;C:/Xilinx/Vivado/2024.2\lib\classes\windows\jogl-all-natives-windows-amd64-95.0.4638.69-90.jar
Launcher Type: generic

[Global flags]
     intx CICompilerCount                          = 12                                        {product} {ergonomic}
     uint ConcGCThreads                            = 1                                         {product} {ergonomic}
     uint G1ConcRefinementThreads                  = 4                                         {product} {ergonomic}
   size_t G1HeapRegionSize                         = 2097152                                   {product} {ergonomic}
    uintx GCDrainStackTargetSize                   = 64                                        {product} {ergonomic}
   size_t InitialHeapSize                          = 536870912                                 {product} {command line}
   size_t MarkStackSize                            = 4194304                                   {product} {ergonomic}
    uintx MaxGCPauseMillis                         = 200                                       {product} {command line}
   size_t MaxHeapSize                              = 4269801472                                {product} {command line}
   size_t MaxNewSize                               = 83886080                                  {product} {command line}
   size_t MinHeapDeltaBytes                        = 2097152                                   {product} {ergonomic}
   size_t MinHeapSize                              = 536870912                                 {product} {command line}
   size_t NewSize                                  = 83886080                                  {product} {command line}
    uintx NonNMethodCodeHeapSize                   = 7602480                                {pd product} {ergonomic}
    uintx NonProfiledCodeHeapSize                  = 122027880                              {pd product} {ergonomic}
     uint ParallelGCThreads                        = 4                                         {product} {command line}
     bool ParallelRefProcEnabled                   = true                                      {product} {command line}
    uintx ProfiledCodeHeapSize                     = 122027880                              {pd product} {ergonomic}
    uintx ReservedCodeCacheSize                    = 251658240                              {pd product} {ergonomic}
     bool SegmentedCodeCache                       = true                                      {product} {ergonomic}
   size_t SoftMaxHeapSize                          = 4269801472                             {manageable} {ergonomic}
    uintx StringTableSize                          = 4072                                      {product} {command line}
     intx ThreadStackSize                          = 10240                                  {pd product} {command line}
     bool UseCompressedOops                        = true                           {product lp64_product} {ergonomic}
     bool UseG1GC                                  = true                                      {product} {ergonomic}
     bool UseLargePagesIndividualAllocation        = false                                  {pd product} {ergonomic}
     bool UsePerfData                              = false                                     {product} {command line}
     bool UseStringDeduplication                   = true                                      {product} {command line}

Logging:
Log output configuration:
 #0: stdout all=warning uptime,level,tags foldmultilines=false
 #1: stderr all=off uptime,level,tags foldmultilines=false

Environment Variables:
PATH=C:/Xilinx/Vivado/2024.2\gnuwin\bin;C:/Xilinx/Vivado/2024.2\gnu\microblaze\nt\bin;C:/Xilinx/Vivado/2024.2/bin;C:/Xilinx/Vivado/2024.2/tps/win64/java-cef-95.0.4638.69/bin/lib/win64;C:/Xilinx/Vivado/2024.2/tps/win64/javafx-sdk-21.0.1/lib;C:/Xilinx/Vivado/2024.2/tps/win64/javafx-sdk-21.0.1/bin;C:/Xilinx/Vivado/2024.2/lib/win64.o;C:/Xilinx/Vivado/2024.2/tps/win64/jre21.0.1_12/bin/server;C:/Xilinx/Vivado/2024.2/tps/win64/jre21.0.1_12/bin;C:/Xilinx/Vitis/2024.2/bin;C:/Xilinx/Vivado/2024.2/ids_lite/ISE/bin/nt64;C:/Xilinx/Vivado/2024.2/ids_lite/ISE/lib/nt64;C:/Xilinx/Vitis_HLS/2024.2/bin;C:\Program Files (x86)\Common Files\Oracle\Java\java8path;C:\Program Files (x86)\Common Files\Oracle\Java\javapath;C:\windows\system32;C:\windows;C:\windows\System32\Wbem;C:\windows\System32\WindowsPowerShell\v1.0\;C:\windows\System32\OpenSSH\;C:\Program Files\MATLAB\R2023a\bin;C:\Program Files\Microsoft VS Code\bin;C:\Program Files\Git\cmd;C:\Program Files\HID Global\ActivClient\;C:\Program Files (x86)\HID Global\ActivClient\;C:\Users\C27Soren.Herzog\AppData\Local\Microsoft\WindowsApps;;C:/Xilinx/Vivado/2024.2\tps\mingw\6.2.0\win64.o\nt\bin;C:/Xilinx/Vivado/2024.2\tps\mingw\6.2.0\win64.o\nt\libexec\gcc\x86_64-w64-mingw32\6.2.0;C:/Xilinx/Vivado/2024.2\tps\win64\python-3.8.3;C:/Xilinx/Vivado/2024.2\tps\win64\python-3.8.3\bin;C:/Xilinx/Vivado/2024.2\tps\win64\python-3.8.3\lib;C:/Xilinx/Vivado/2024.2\tps\win64\python-3.8.3\lib\site-packages
USERNAME=C27Soren.Herzog
OS=Windows_NT
PROCESSOR_IDENTIFIER=AMD64 Family 25 Model 68 Stepping 1, AuthenticAMD
TMP=C:\Users\C27SOR~1.HER\AppData\Local\Temp
TEMP=C:\Users\C27SOR~1.HER\AppData\Local\Temp




Periodic native trim disabled

---------------  S Y S T E M  ---------------

OS:
 Windows 11 , 64 bit Build 22621 (10.0.22621.6931)
OS uptime: 5 days 8:34 hours
Hyper-V role detected

CPU: total 16 (initial active 16) (16 cores per cpu, 2 threads per core) family 25 model 68 stepping 1 microcode 0x0, cx8, cmov, fxsr, ht, mmx, 3dnowpref, sse, sse2, sse3, ssse3, sse4a, sse4.1, sse4.2, popcnt, lzcnt, tsc, tscinvbit, avx, avx2, aes, erms, clmul, bmi1, bmi2, adx, sha, fma, vzeroupper, clflush, clflushopt, hv, rdtscp, rdpid, fsrm, f16c, cet_ss
Processor Information for processor 0
  Max Mhz: 2701, Current Mhz: 2155, Mhz Limit: 2701
Processor Information for processor 1
  Max Mhz: 2701, Current Mhz: 2155, Mhz Limit: 2701
Processor Information for processor 2
  Max Mhz: 2701, Current Mhz: 2701, Mhz Limit: 2701
Processor Information for processor 3
  Max Mhz: 2701, Current Mhz: 2155, Mhz Limit: 2701
Processor Information for processor 4
  Max Mhz: 2701, Current Mhz: 2155, Mhz Limit: 2701
Processor Information for processor 5
  Max Mhz: 2701, Current Mhz: 2155, Mhz Limit: 2701
Processor Information for processor 6
  Max Mhz: 2701, Current Mhz: 2155, Mhz Limit: 2701
Processor Information for processor 7
  Max Mhz: 2701, Current Mhz: 2155, Mhz Limit: 2701
Processor Information for processor 8
  Max Mhz: 2701, Current Mhz: 2155, Mhz Limit: 2701
Processor Information for processor 9
  Max Mhz: 2701, Current Mhz: 2155, Mhz Limit: 2701
Processor Information for processor 10
  Max Mhz: 2701, Current Mhz: 2701, Mhz Limit: 2701
Processor Information for processor 11
  Max Mhz: 2701, Current Mhz: 2155, Mhz Limit: 2701
Processor Information for processor 12
  Max Mhz: 2701, Current Mhz: 2155, Mhz Limit: 2701
Processor Information for processor 13
  Max Mhz: 2701, Current Mhz: 2155, Mhz Limit: 2701
Processor Information for processor 14
  Max Mhz: 2701, Current Mhz: 2155, Mhz Limit: 2701
Processor Information for processor 15
  Max Mhz: 2701, Current Mhz: 2155, Mhz Limit: 2701

Memory: 4k page, system-wide physical 15681M (2987M free)
TotalPageFile size 27630M (AvailPageFile size 3738M)
current process WorkingSet (physical memory assigned to process): 1199M, peak: 1771M
current process commit charge ("private bytes"): 2235M, peak: 2372M

vm_info: OpenJDK 64-Bit Server VM (21.0.1+12-LTS) for windows-amd64 JRE (21.0.1+12-LTS), built on 2023-10-17T00:00:00Z by "admin" with unknown MS VC++:1937

END.
