#-----------------------------------------------------------
# Vivado v2024.2 (64-bit)
# SW Build 5239630 on Fri Nov 08 22:35:27 MST 2024
# IP Build 5239520 on Sun Nov 10 16:12:51 MST 2024
# SharedData Build 5239561 on Fri Nov 08 14:39:27 MST 2024
# Start of session at: Wed May  6 19:49:33 2026
# Process ID         : 7208
# Current directory  : C:/Users/C27Soren.Herzog/ece383/Herzog_ece383_wksp/FinalProj_IP
# Command line       : vivado.exe -gui_launcher_event rodinguilauncherevent33004 C:\Users\C27Soren.Herzog\ece383\Herzog_ece383_wksp\FinalProj_IP\design_ZoGolf_V3.xpr
# Log file           : C:/Users/C27Soren.Herzog/ece383/Herzog_ece383_wksp/FinalProj_IP/vivado.log
# Journal file       : C:/Users/C27Soren.Herzog/ece383/Herzog_ece383_wksp/FinalProj_IP\vivado.jou
# Running On         : C27-5CG3121G96
# Platform           : Windows Server 2016 or Windows 10
# Operating System   : 22631
# Processor Detail   : AMD Ryzen 7 PRO 6850U with Radeon Graphics     
# CPU Frequency      : 2695 MHz
# CPU Physical cores : 8
# CPU Logical cores  : 16
# Host memory        : 16442 MB
# Swap memory        : 13533 MB
# Total Virtual      : 29976 MB
# Available Virtual  : 5438 MB
#-----------------------------------------------------------
start_gui
open_project C:/Users/C27Soren.Herzog/ece383/Herzog_ece383_wksp/FinalProj_IP/design_ZoGolf_V3.xpr
CRITICAL WARNING: [Project 1-19] Could not find the file 'C:/Users/C27Soren.Herzog/ece383/Herzog_ece383_wksp/FinalProj_IP/design_ZoGolf_1/ip/design_ZoGolf_1_mig_7series_0_0/mig_a.prj'.
Scanning sources...
Finished scanning sources
INFO: [IP_Flow 19-234] Refreshing IP repositories
INFO: [IP_Flow 19-1700] Loaded user IP repository 'c:/Users/C27Soren.Herzog/Downloads/ece383_code-main/ece383_code-main/ip_repo/My_Lab3_1_0'.
INFO: [IP_Flow 19-1700] Loaded user IP repository 'c:/Users/C27Soren.Herzog/ece383/Herzog_ece383_wksp/ip_repo/ZoGolf_DP_1_0'.
INFO: [IP_Flow 19-1700] Loaded user IP repository 'c:/Users/C27Soren.Herzog/Downloads/ece383_code-main/ece383_code-main/ip_repo/My_Counter_IP_1_0'.
WARNING: [Board 49-26] cannot add Board Part xilinx.com:vck190:part0:2.2 available at C:/Xilinx/Vivado/2024.2/data/xhub/boards/XilinxBoardStore/boards/Xilinx/vck190/production/2.2/board.xml as part xcvc1902-vsva2197-2mp-e-s specified in board_part file is either invalid or not available
WARNING: [Board 49-26] cannot add Board Part xilinx.com:vck190:part0:3.0 available at C:/Xilinx/Vivado/2024.2/data/xhub/boards/XilinxBoardStore/boards/Xilinx/vck190/production/3.0/board.xml as part xcvc1902-vsva2197-2mp-e-s specified in board_part file is either invalid or not available
WARNING: [Board 49-26] cannot add Board Part xilinx.com:vck190:part0:3.1 available at C:/Xilinx/Vivado/2024.2/data/xhub/boards/XilinxBoardStore/boards/Xilinx/vck190/production/3.1/board.xml as part xcvc1902-vsva2197-2mp-e-s specified in board_part file is either invalid or not available
WARNING: [Board 49-26] cannot add Board Part xilinx.com:vck190:part0:3.2 available at C:/Xilinx/Vivado/2024.2/data/xhub/boards/XilinxBoardStore/boards/Xilinx/vck190/production/3.2/board.xml as part xcvc1902-vsva2197-2mp-e-s specified in board_part file is either invalid or not available
WARNING: [Board 49-26] cannot add Board Part xilinx.com:vck190:part0:3.3 available at C:/Xilinx/Vivado/2024.2/data/xhub/boards/XilinxBoardStore/boards/Xilinx/vck190/production/3.3/board.xml as part xcvc1902-vsva2197-2mp-e-s specified in board_part file is either invalid or not available
WARNING: [Board 49-26] cannot add Board Part xilinx.com:vck190_newl:part0:1.0 available at C:/Xilinx/Vivado/2024.2/data/xhub/boards/XilinxBoardStore/boards/Xilinx/vck190_newl/production/1.0/board.xml as part xcvc1902-vsva2197-2mp-e-s specified in board_part file is either invalid or not available
WARNING: [Board 49-26] cannot add Board Part xilinx.com:vck190_newl:part0:1.1 available at C:/Xilinx/Vivado/2024.2/data/xhub/boards/XilinxBoardStore/boards/Xilinx/vck190_newl/production/1.1/board.xml as part xcvc1902-vsva2197-2mp-e-s specified in board_part file is either invalid or not available
WARNING: [Board 49-26] cannot add Board Part xilinx.com:vck190_newl:part0:1.2 available at C:/Xilinx/Vivado/2024.2/data/xhub/boards/XilinxBoardStore/boards/Xilinx/vck190_newl/production/1.2/board.xml as part xcvc1902-vsva2197-2mp-e-s specified in board_part file is either invalid or not available
WARNING: [Board 49-26] cannot add Board Part xilinx.com:vmk180:part0:2.2 available at C:/Xilinx/Vivado/2024.2/data/xhub/boards/XilinxBoardStore/boards/Xilinx/vmk180/production/2.2/board.xml as part xcvm1802-vsva2197-2mp-e-s specified in board_part file is either invalid or not available
WARNING: [Board 49-26] cannot add Board Part xilinx.com:vmk180:part0:3.0 available at C:/Xilinx/Vivado/2024.2/data/xhub/boards/XilinxBoardStore/boards/Xilinx/vmk180/production/3.0/board.xml as part xcvm1802-vsva2197-2mp-e-s specified in board_part file is either invalid or not available
WARNING: [Board 49-26] cannot add Board Part xilinx.com:vmk180:part0:3.1 available at C:/Xilinx/Vivado/2024.2/data/xhub/boards/XilinxBoardStore/boards/Xilinx/vmk180/production/3.1/board.xml as part xcvm1802-vsva2197-2mp-e-s specified in board_part file is either invalid or not available
WARNING: [Board 49-26] cannot add Board Part xilinx.com:vmk180:part0:3.2 available at C:/Xilinx/Vivado/2024.2/data/xhub/boards/XilinxBoardStore/boards/Xilinx/vmk180/production/3.2/board.xml as part xcvm1802-vsva2197-2mp-e-s specified in board_part file is either invalid or not available
WARNING: [Board 49-26] cannot add Board Part xilinx.com:vmk180_newl:part0:1.0 available at C:/Xilinx/Vivado/2024.2/data/xhub/boards/XilinxBoardStore/boards/Xilinx/vmk180_newl/production/1.0/board.xml as part xcvm1802-vsva2197-2mp-e-s specified in board_part file is either invalid or not available
WARNING: [Board 49-26] cannot add Board Part xilinx.com:vmk180_newl:part0:1.1 available at C:/Xilinx/Vivado/2024.2/data/xhub/boards/XilinxBoardStore/boards/Xilinx/vmk180_newl/production/1.1/board.xml as part xcvm1802-vsva2197-2mp-e-s specified in board_part file is either invalid or not available
WARNING: [Board 49-26] cannot add Board Part xilinx.com:vpk120:part0:1.0 available at C:/Xilinx/Vivado/2024.2/data/xhub/boards/XilinxBoardStore/boards/Xilinx/vpk120/production/1.0/board.xml as part xcvp1202-vsva2785-2mp-e-s specified in board_part file is either invalid or not available
WARNING: [Board 49-26] cannot add Board Part xilinx.com:vpk120:part0:1.1 available at C:/Xilinx/Vivado/2024.2/data/xhub/boards/XilinxBoardStore/boards/Xilinx/vpk120/production/1.1/board.xml as part xcvp1202-vsva2785-2mp-e-s specified in board_part file is either invalid or not available
WARNING: [Board 49-26] cannot add Board Part xilinx.com:vpk120:part0:1.2 available at C:/Xilinx/Vivado/2024.2/data/xhub/boards/XilinxBoardStore/boards/Xilinx/vpk120/production/1.2/board.xml as part xcvp1202-vsva2785-2mp-e-s specified in board_part file is either invalid or not available
INFO: [IP_Flow 19-2313] Loaded Vivado IP repository 'C:/Xilinx/Vivado/2024.2/data/ip'.
INFO: [Project 1-5579] Found utility IPs instantiated in one or more block designs which have equivalent inline hdl with improved performance and reduced diskspace. It is recommended to migrate these utility IPs to inline hdl using the command upgrade_project -migrate_to_inline_hdl. The utility IPs may be deprecated in future releases. More information on inline hdl is available in UG994.
open_project: Time (s): cpu = 00:00:20 ; elapsed = 00:00:22 . Memory (MB): peak = 1496.355 ; gain = 412.504
update_compile_order -fileset sources_1
open_bd_design {C:/Users/C27Soren.Herzog/ece383/Herzog_ece383_wksp/FinalProj_IP/design_ZoGolf_V3.srcs/sources_1/bd/design_1/design_1.bd}
Reading block design file <C:/Users/C27Soren.Herzog/ece383/Herzog_ece383_wksp/FinalProj_IP/design_ZoGolf_V3.srcs/sources_1/bd/design_1/design_1.bd>...
Adding component instance block -- xilinx.com:ip:microblaze:11.0 - microblaze_0
Adding component instance block -- xilinx.com:ip:lmb_v10:3.0 - dlmb_v10
Adding component instance block -- xilinx.com:ip:lmb_v10:3.0 - ilmb_v10
Adding component instance block -- xilinx.com:ip:lmb_bram_if_cntlr:4.0 - dlmb_bram_if_cntlr
Adding component instance block -- xilinx.com:ip:lmb_bram_if_cntlr:4.0 - ilmb_bram_if_cntlr
Adding component instance block -- xilinx.com:ip:blk_mem_gen:8.4 - lmb_bram
Adding component instance block -- xilinx.com:ip:mdm:3.2 - mdm_1
Adding component instance block -- xilinx.com:ip:clk_wiz:6.0 - clk_wiz_1
Adding component instance block -- xilinx.com:ip:proc_sys_reset:5.0 - rst_clk_wiz_1_100M
Adding component instance block -- xilinx.com:ip:mig_7series:4.2 - mig_7series_0
Adding component instance block -- xilinx.com:ip:axi_uartlite:2.0 - axi_uartlite_0
Adding component instance block -- xilinx.com:ip:smartconnect:1.0 - axi_smc
Adding component instance block -- xilinx.com:ip:util_ds_buf:2.2 - util_ds_buf_0
Adding component instance block -- xilinx.com:ip:smartconnect:1.0 - axi_smc_1
Adding component instance block -- xilinx.com:ip:proc_sys_reset:5.0 - rst_mig_7series_0_100M
Adding component instance block -- xilinx.com:user:ZoGolf_DP:1.0 - ZoGolf_DP_0
Successfully read diagram <design_1> from block design file <C:/Users/C27Soren.Herzog/ece383/Herzog_ece383_wksp/FinalProj_IP/design_ZoGolf_V3.srcs/sources_1/bd/design_1/design_1.bd>
open_bd_design: Time (s): cpu = 00:00:06 ; elapsed = 00:00:14 . Memory (MB): peak = 1667.539 ; gain = 149.469
ipx::edit_ip_in_project -upgrade true -name ZoGolf_DP_v1_0_project -directory C:/Users/C27Soren.Herzog/ece383/Herzog_ece383_wksp/FinalProj_IP/design_ZoGolf_V3.tmp/ZoGolf_DP_v1_0_project c:/Users/C27Soren.Herzog/ece383/Herzog_ece383_wksp/ip_repo/ZoGolf_DP_1_0/component.xml
INFO: [ProjectBase 1-489] The host OS only allows 260 characters in a normal path. The project is stored in a path with more than 80 characters. If you experience issues with IP, Block Designs, or files not being found, please consider moving the project to a location with a shorter path. Alternately consider using the OS subst command to map part of the path to a drive letter.
Current project path is 'c:/users/c27soren.herzog/ece383/herzog_ece383_wksp/finalproj_ip/design_zogolf_v3.tmp/zogolf_dp_v1_0_project'
INFO: [IP_Flow 19-234] Refreshing IP repositories
INFO: [IP_Flow 19-1704] No user IP repositories specified
INFO: [IP_Flow 19-2313] Loaded Vivado IP repository 'C:/Xilinx/Vivado/2024.2/data/ip'.
WARNING: [Board 49-26] cannot add Board Part xilinx.com:vck190:part0:2.2 available at C:/Xilinx/Vivado/2024.2/data/xhub/boards/XilinxBoardStore/boards/Xilinx/vck190/production/2.2/board.xml as part xcvc1902-vsva2197-2mp-e-s specified in board_part file is either invalid or not available
WARNING: [Board 49-26] cannot add Board Part xilinx.com:vck190:part0:3.0 available at C:/Xilinx/Vivado/2024.2/data/xhub/boards/XilinxBoardStore/boards/Xilinx/vck190/production/3.0/board.xml as part xcvc1902-vsva2197-2mp-e-s specified in board_part file is either invalid or not available
WARNING: [Board 49-26] cannot add Board Part xilinx.com:vck190:part0:3.1 available at C:/Xilinx/Vivado/2024.2/data/xhub/boards/XilinxBoardStore/boards/Xilinx/vck190/production/3.1/board.xml as part xcvc1902-vsva2197-2mp-e-s specified in board_part file is either invalid or not available
WARNING: [Board 49-26] cannot add Board Part xilinx.com:vck190:part0:3.2 available at C:/Xilinx/Vivado/2024.2/data/xhub/boards/XilinxBoardStore/boards/Xilinx/vck190/production/3.2/board.xml as part xcvc1902-vsva2197-2mp-e-s specified in board_part file is either invalid or not available
WARNING: [Board 49-26] cannot add Board Part xilinx.com:vck190:part0:3.3 available at C:/Xilinx/Vivado/2024.2/data/xhub/boards/XilinxBoardStore/boards/Xilinx/vck190/production/3.3/board.xml as part xcvc1902-vsva2197-2mp-e-s specified in board_part file is either invalid or not available
WARNING: [Board 49-26] cannot add Board Part xilinx.com:vck190_newl:part0:1.0 available at C:/Xilinx/Vivado/2024.2/data/xhub/boards/XilinxBoardStore/boards/Xilinx/vck190_newl/production/1.0/board.xml as part xcvc1902-vsva2197-2mp-e-s specified in board_part file is either invalid or not available
WARNING: [Board 49-26] cannot add Board Part xilinx.com:vck190_newl:part0:1.1 available at C:/Xilinx/Vivado/2024.2/data/xhub/boards/XilinxBoardStore/boards/Xilinx/vck190_newl/production/1.1/board.xml as part xcvc1902-vsva2197-2mp-e-s specified in board_part file is either invalid or not available
WARNING: [Board 49-26] cannot add Board Part xilinx.com:vck190_newl:part0:1.2 available at C:/Xilinx/Vivado/2024.2/data/xhub/boards/XilinxBoardStore/boards/Xilinx/vck190_newl/production/1.2/board.xml as part xcvc1902-vsva2197-2mp-e-s specified in board_part file is either invalid or not available
WARNING: [Board 49-26] cannot add Board Part xilinx.com:vmk180:part0:2.2 available at C:/Xilinx/Vivado/2024.2/data/xhub/boards/XilinxBoardStore/boards/Xilinx/vmk180/production/2.2/board.xml as part xcvm1802-vsva2197-2mp-e-s specified in board_part file is either invalid or not available
WARNING: [Board 49-26] cannot add Board Part xilinx.com:vmk180:part0:3.0 available at C:/Xilinx/Vivado/2024.2/data/xhub/boards/XilinxBoardStore/boards/Xilinx/vmk180/production/3.0/board.xml as part xcvm1802-vsva2197-2mp-e-s specified in board_part file is either invalid or not available
WARNING: [Board 49-26] cannot add Board Part xilinx.com:vmk180:part0:3.1 available at C:/Xilinx/Vivado/2024.2/data/xhub/boards/XilinxBoardStore/boards/Xilinx/vmk180/production/3.1/board.xml as part xcvm1802-vsva2197-2mp-e-s specified in board_part file is either invalid or not available
WARNING: [Board 49-26] cannot add Board Part xilinx.com:vmk180:part0:3.2 available at C:/Xilinx/Vivado/2024.2/data/xhub/boards/XilinxBoardStore/boards/Xilinx/vmk180/production/3.2/board.xml as part xcvm1802-vsva2197-2mp-e-s specified in board_part file is either invalid or not available
WARNING: [Board 49-26] cannot add Board Part xilinx.com:vmk180_newl:part0:1.0 available at C:/Xilinx/Vivado/2024.2/data/xhub/boards/XilinxBoardStore/boards/Xilinx/vmk180_newl/production/1.0/board.xml as part xcvm1802-vsva2197-2mp-e-s specified in board_part file is either invalid or not available
WARNING: [Board 49-26] cannot add Board Part xilinx.com:vmk180_newl:part0:1.1 available at C:/Xilinx/Vivado/2024.2/data/xhub/boards/XilinxBoardStore/boards/Xilinx/vmk180_newl/production/1.1/board.xml as part xcvm1802-vsva2197-2mp-e-s specified in board_part file is either invalid or not available
WARNING: [Board 49-26] cannot add Board Part xilinx.com:vpk120:part0:1.0 available at C:/Xilinx/Vivado/2024.2/data/xhub/boards/XilinxBoardStore/boards/Xilinx/vpk120/production/1.0/board.xml as part xcvp1202-vsva2785-2mp-e-s specified in board_part file is either invalid or not available
WARNING: [Board 49-26] cannot add Board Part xilinx.com:vpk120:part0:1.1 available at C:/Xilinx/Vivado/2024.2/data/xhub/boards/XilinxBoardStore/boards/Xilinx/vpk120/production/1.1/board.xml as part xcvp1202-vsva2785-2mp-e-s specified in board_part file is either invalid or not available
WARNING: [Board 49-26] cannot add Board Part xilinx.com:vpk120:part0:1.2 available at C:/Xilinx/Vivado/2024.2/data/xhub/boards/XilinxBoardStore/boards/Xilinx/vpk120/production/1.2/board.xml as part xcvp1202-vsva2785-2mp-e-s specified in board_part file is either invalid or not available
create_project: Time (s): cpu = 00:00:05 ; elapsed = 00:00:07 . Memory (MB): peak = 1684.363 ; gain = 7.625
INFO: [IP_Flow 19-234] Refreshing IP repositories
INFO: [IP_Flow 19-1700] Loaded user IP repository 'c:/Users/C27Soren.Herzog/Downloads/ece383_code-main/ece383_code-main/ip_repo/My_Lab3_1_0'.
INFO: [IP_Flow 19-1700] Loaded user IP repository 'c:/Users/C27Soren.Herzog/ece383/Herzog_ece383_wksp/ip_repo/ZoGolf_DP_1_0'.
INFO: [IP_Flow 19-1700] Loaded user IP repository 'c:/Users/C27Soren.Herzog/Downloads/ece383_code-main/ece383_code-main/ip_repo/My_Counter_IP_1_0'.
INFO: [IP_Flow 19-795] Syncing license key meta-data
ipx::edit_ip_in_project: Time (s): cpu = 00:00:07 ; elapsed = 00:00:10 . Memory (MB): peak = 1693.094 ; gain = 16.355
update_compile_order -fileset sources_1
close [ open C:/Users/C27Soren.Herzog/ece383/Herzog_ece383_wksp/ip_repo/ZoGolf_DP_1_0/src/level2_BRAM_Pair.vhd w ]
add_files C:/Users/C27Soren.Herzog/ece383/Herzog_ece383_wksp/ip_repo/ZoGolf_DP_1_0/src/level2_BRAM_Pair.vhd
update_compile_order -fileset sources_1
WARNING: [filemgmt 56-199] Attempt to get parsing info during refresh. "On-the-fly" syntax checking information may be incorrect. [c:\Users\C27Soren.Herzog\ece383\Herzog_ece383_wksp\ip_repo\ZoGolf_DP_1_0\src\level0_BRAM_Pair.vhd:]
WARNING: [filemgmt 56-199] Attempt to get parsing info during refresh. "On-the-fly" syntax checking information may be incorrect. [C:\Users\C27Soren.Herzog\ece383\Herzog_ece383_wksp\ip_repo\ZoGolf_DP_1_0\src\level2_BRAM_Pair.vhd:]
WARNING: [filemgmt 56-199] Attempt to get parsing info during refresh. "On-the-fly" syntax checking information may be incorrect. [c:\Users\C27Soren.Herzog\ece383\Herzog_ece383_wksp\ip_repo\ZoGolf_DP_1_0\src\BRAM_Level_Selector.vhd:]
WARNING: [filemgmt 56-199] Attempt to get parsing info during refresh. "On-the-fly" syntax checking information may be incorrect. [C:\Users\C27Soren.Herzog\ece383\Herzog_ece383_wksp\ip_repo\ZoGolf_DP_1_0\src\level2_BRAM_Pair.vhd:]
WARNING: [filemgmt 56-199] Attempt to get parsing info during refresh. "On-the-fly" syntax checking information may be incorrect. [C:\Users\C27Soren.Herzog\ece383\Herzog_ece383_wksp\ip_repo\ZoGolf_DP_1_0\src\level2_BRAM_Pair.vhd:]
WARNING: [filemgmt 56-199] Attempt to get parsing info during refresh. "On-the-fly" syntax checking information may be incorrect. [c:\Users\C27Soren.Herzog\ece383\Herzog_ece383_wksp\ip_repo\ZoGolf_DP_1_0\src\level0_BRAM_Pair.vhd:]
WARNING: [filemgmt 56-199] Attempt to get parsing info during refresh. "On-the-fly" syntax checking information may be incorrect. [C:\Users\C27Soren.Herzog\ece383\Herzog_ece383_wksp\ip_repo\ZoGolf_DP_1_0\src\level2_BRAM_Pair.vhd:]
WARNING: [filemgmt 56-199] Attempt to get parsing info during refresh. "On-the-fly" syntax checking information may be incorrect. [c:\Users\C27Soren.Herzog\ece383\Herzog_ece383_wksp\ip_repo\ZoGolf_DP_1_0\src\BRAM_Level_Selector.vhd:]
WARNING: [filemgmt 56-199] Attempt to get parsing info during refresh. "On-the-fly" syntax checking information may be incorrect. [c:\Users\C27Soren.Herzog\ece383\Herzog_ece383_wksp\ip_repo\ZoGolf_DP_1_0\src\BRAM_Level_Selector.vhd:]
WARNING: [filemgmt 56-199] Attempt to get parsing info during refresh. "On-the-fly" syntax checking information may be incorrect. [c:\Users\C27Soren.Herzog\ece383\Herzog_ece383_wksp\ip_repo\ZoGolf_DP_1_0\src\BRAM_Level_Selector.vhd:]
update_compile_order -fileset sources_1
WARNING: [filemgmt 56-199] Attempt to get parsing info during refresh. "On-the-fly" syntax checking information may be incorrect. [c:\Users\C27Soren.Herzog\ece383\Herzog_ece383_wksp\ip_repo\ZoGolf_DP_1_0\src\level0_BRAM_Pair.vhd:]
WARNING: [filemgmt 56-199] Attempt to get parsing info during refresh. "On-the-fly" syntax checking information may be incorrect. [C:\Users\C27Soren.Herzog\ece383\Herzog_ece383_wksp\ip_repo\ZoGolf_DP_1_0\src\level2_BRAM_Pair.vhd:]
WARNING: [filemgmt 56-199] Attempt to get parsing info during refresh. "On-the-fly" syntax checking information may be incorrect. [c:\Users\C27Soren.Herzog\ece383\Herzog_ece383_wksp\ip_repo\ZoGolf_DP_1_0\src\BRAM_Level_Selector.vhd:]
WARNING: [filemgmt 56-199] Attempt to get parsing info during refresh. "On-the-fly" syntax checking information may be incorrect. [C:\Users\C27Soren.Herzog\ece383\Herzog_ece383_wksp\ip_repo\ZoGolf_DP_1_0\src\level2_BRAM_Pair.vhd:]
WARNING: [filemgmt 56-199] Attempt to get parsing info during refresh. "On-the-fly" syntax checking information may be incorrect. [C:\Users\C27Soren.Herzog\ece383\Herzog_ece383_wksp\ip_repo\ZoGolf_DP_1_0\src\level2_BRAM_Pair.vhd:]
WARNING: [filemgmt 56-199] Attempt to get parsing info during refresh. "On-the-fly" syntax checking information may be incorrect. [c:\Users\C27Soren.Herzog\ece383\Herzog_ece383_wksp\ip_repo\ZoGolf_DP_1_0\src\level0_BRAM_Pair.vhd:]
WARNING: [filemgmt 56-199] Attempt to get parsing info during refresh. "On-the-fly" syntax checking information may be incorrect. [C:\Users\C27Soren.Herzog\ece383\Herzog_ece383_wksp\ip_repo\ZoGolf_DP_1_0\src\level2_BRAM_Pair.vhd:]
WARNING: [filemgmt 56-199] Attempt to get parsing info during refresh. "On-the-fly" syntax checking information may be incorrect. [c:\Users\C27Soren.Herzog\ece383\Herzog_ece383_wksp\ip_repo\ZoGolf_DP_1_0\src\BRAM_Level_Selector.vhd:]
WARNING: [filemgmt 56-199] Attempt to get parsing info during refresh. "On-the-fly" syntax checking information may be incorrect. [c:\Users\C27Soren.Herzog\ece383\Herzog_ece383_wksp\ip_repo\ZoGolf_DP_1_0\src\BRAM_Level_Selector.vhd:]
WARNING: [filemgmt 56-199] Attempt to get parsing info during refresh. "On-the-fly" syntax checking information may be incorrect. [c:\Users\C27Soren.Herzog\ece383\Herzog_ece383_wksp\ip_repo\ZoGolf_DP_1_0\src\BRAM_Level_Selector.vhd:]
set_property file_type {VHDL 2008} [get_files  c:/Users/C27Soren.Herzog/ece383/Herzog_ece383_wksp/ip_repo/ZoGolf_DP_1_0/src/ece383_pkg.vhd]
WARNING: [filemgmt 56-199] Attempt to get parsing info during refresh. "On-the-fly" syntax checking information may be incorrect. [c:\Users\C27Soren.Herzog\ece383\Herzog_ece383_wksp\ip_repo\ZoGolf_DP_1_0\src\level0_BRAM_Pair.vhd:]
WARNING: [filemgmt 56-199] Attempt to get parsing info during refresh. "On-the-fly" syntax checking information may be incorrect. [C:\Users\C27Soren.Herzog\ece383\Herzog_ece383_wksp\ip_repo\ZoGolf_DP_1_0\src\level2_BRAM_Pair.vhd:]
WARNING: [filemgmt 56-199] Attempt to get parsing info during refresh. "On-the-fly" syntax checking information may be incorrect. [c:\Users\C27Soren.Herzog\ece383\Herzog_ece383_wksp\ip_repo\ZoGolf_DP_1_0\src\BRAM_Level_Selector.vhd:]
WARNING: [filemgmt 56-199] Attempt to get parsing info during refresh. "On-the-fly" syntax checking information may be incorrect. [C:\Users\C27Soren.Herzog\ece383\Herzog_ece383_wksp\ip_repo\ZoGolf_DP_1_0\src\level2_BRAM_Pair.vhd:]
WARNING: [filemgmt 56-199] Attempt to get parsing info during refresh. "On-the-fly" syntax checking information may be incorrect. [C:\Users\C27Soren.Herzog\ece383\Herzog_ece383_wksp\ip_repo\ZoGolf_DP_1_0\src\level2_BRAM_Pair.vhd:]
WARNING: [filemgmt 56-199] Attempt to get parsing info during refresh. "On-the-fly" syntax checking information may be incorrect. [c:\Users\C27Soren.Herzog\ece383\Herzog_ece383_wksp\ip_repo\ZoGolf_DP_1_0\src\level0_BRAM_Pair.vhd:]
WARNING: [filemgmt 56-199] Attempt to get parsing info during refresh. "On-the-fly" syntax checking information may be incorrect. [C:\Users\C27Soren.Herzog\ece383\Herzog_ece383_wksp\ip_repo\ZoGolf_DP_1_0\src\level2_BRAM_Pair.vhd:]
WARNING: [filemgmt 56-199] Attempt to get parsing info during refresh. "On-the-fly" syntax checking information may be incorrect. [c:\Users\C27Soren.Herzog\ece383\Herzog_ece383_wksp\ip_repo\ZoGolf_DP_1_0\src\BRAM_Level_Selector.vhd:]
WARNING: [filemgmt 56-199] Attempt to get parsing info during refresh. "On-the-fly" syntax checking information may be incorrect. [c:\Users\C27Soren.Herzog\ece383\Herzog_ece383_wksp\ip_repo\ZoGolf_DP_1_0\src\BRAM_Level_Selector.vhd:]
WARNING: [filemgmt 56-199] Attempt to get parsing info during refresh. "On-the-fly" syntax checking information may be incorrect. [c:\Users\C27Soren.Herzog\ece383\Herzog_ece383_wksp\ip_repo\ZoGolf_DP_1_0\src\BRAM_Level_Selector.vhd:]
update_compile_order -fileset sources_1
WARNING: [filemgmt 56-199] Attempt to get parsing info during refresh. "On-the-fly" syntax checking information may be incorrect. [c:\Users\C27Soren.Herzog\ece383\Herzog_ece383_wksp\ip_repo\ZoGolf_DP_1_0\src\level0_BRAM_Pair.vhd:]
WARNING: [filemgmt 56-199] Attempt to get parsing info during refresh. "On-the-fly" syntax checking information may be incorrect. [C:\Users\C27Soren.Herzog\ece383\Herzog_ece383_wksp\ip_repo\ZoGolf_DP_1_0\src\level2_BRAM_Pair.vhd:]
WARNING: [filemgmt 56-199] Attempt to get parsing info during refresh. "On-the-fly" syntax checking information may be incorrect. [c:\Users\C27Soren.Herzog\ece383\Herzog_ece383_wksp\ip_repo\ZoGolf_DP_1_0\src\BRAM_Level_Selector.vhd:]
WARNING: [filemgmt 56-199] Attempt to get parsing info during refresh. "On-the-fly" syntax checking information may be incorrect. [C:\Users\C27Soren.Herzog\ece383\Herzog_ece383_wksp\ip_repo\ZoGolf_DP_1_0\src\level2_BRAM_Pair.vhd:]
WARNING: [filemgmt 56-199] Attempt to get parsing info during refresh. "On-the-fly" syntax checking information may be incorrect. [C:\Users\C27Soren.Herzog\ece383\Herzog_ece383_wksp\ip_repo\ZoGolf_DP_1_0\src\level2_BRAM_Pair.vhd:]
WARNING: [filemgmt 56-199] Attempt to get parsing info during refresh. "On-the-fly" syntax checking information may be incorrect. [c:\Users\C27Soren.Herzog\ece383\Herzog_ece383_wksp\ip_repo\ZoGolf_DP_1_0\src\level0_BRAM_Pair.vhd:]
WARNING: [filemgmt 56-199] Attempt to get parsing info during refresh. "On-the-fly" syntax checking information may be incorrect. [C:\Users\C27Soren.Herzog\ece383\Herzog_ece383_wksp\ip_repo\ZoGolf_DP_1_0\src\level2_BRAM_Pair.vhd:]
WARNING: [filemgmt 56-199] Attempt to get parsing info during refresh. "On-the-fly" syntax checking information may be incorrect. [c:\Users\C27Soren.Herzog\ece383\Herzog_ece383_wksp\ip_repo\ZoGolf_DP_1_0\src\BRAM_Level_Selector.vhd:]
WARNING: [filemgmt 56-199] Attempt to get parsing info during refresh. "On-the-fly" syntax checking information may be incorrect. [c:\Users\C27Soren.Herzog\ece383\Herzog_ece383_wksp\ip_repo\ZoGolf_DP_1_0\src\BRAM_Level_Selector.vhd:]
WARNING: [filemgmt 56-199] Attempt to get parsing info during refresh. "On-the-fly" syntax checking information may be incorrect. [c:\Users\C27Soren.Herzog\ece383\Herzog_ece383_wksp\ip_repo\ZoGolf_DP_1_0\src\BRAM_Level_Selector.vhd:]
WARNING: [filemgmt 56-199] Attempt to get parsing info during refresh. "On-the-fly" syntax checking information may be incorrect. [c:\Users\C27Soren.Herzog\ece383\Herzog_ece383_wksp\ip_repo\ZoGolf_DP_1_0\src\ece383_pkg.vhd:]
WARNING: [filemgmt 56-199] Attempt to get parsing info during refresh. "On-the-fly" syntax checking information may be incorrect. [c:\Users\C27Soren.Herzog\ece383\Herzog_ece383_wksp\ip_repo\ZoGolf_DP_1_0\src\level0_BRAM_Pair.vhd:]
WARNING: [filemgmt 56-199] Attempt to get parsing info during refresh. "On-the-fly" syntax checking information may be incorrect. [C:\Users\C27Soren.Herzog\ece383\Herzog_ece383_wksp\ip_repo\ZoGolf_DP_1_0\src\level2_BRAM_Pair.vhd:]
WARNING: [filemgmt 56-199] Attempt to get parsing info during refresh. "On-the-fly" syntax checking information may be incorrect. [c:\Users\C27Soren.Herzog\ece383\Herzog_ece383_wksp\ip_repo\ZoGolf_DP_1_0\src\BRAM_Level_Selector.vhd:]
WARNING: [filemgmt 56-199] Attempt to get parsing info during refresh. "On-the-fly" syntax checking information may be incorrect. [C:\Users\C27Soren.Herzog\ece383\Herzog_ece383_wksp\ip_repo\ZoGolf_DP_1_0\src\level2_BRAM_Pair.vhd:]
WARNING: [filemgmt 56-199] Attempt to get parsing info during refresh. "On-the-fly" syntax checking information may be incorrect. [C:\Users\C27Soren.Herzog\ece383\Herzog_ece383_wksp\ip_repo\ZoGolf_DP_1_0\src\level2_BRAM_Pair.vhd:]
WARNING: [filemgmt 56-199] Attempt to get parsing info during refresh. "On-the-fly" syntax checking information may be incorrect. [c:\Users\C27Soren.Herzog\ece383\Herzog_ece383_wksp\ip_repo\ZoGolf_DP_1_0\src\ece383_pkg.vhd:]
WARNING: [filemgmt 56-199] Attempt to get parsing info during refresh. "On-the-fly" syntax checking information may be incorrect. [c:\Users\C27Soren.Herzog\ece383\Herzog_ece383_wksp\ip_repo\ZoGolf_DP_1_0\src\level0_BRAM_Pair.vhd:]
WARNING: [filemgmt 56-199] Attempt to get parsing info during refresh. "On-the-fly" syntax checking information may be incorrect. [C:\Users\C27Soren.Herzog\ece383\Herzog_ece383_wksp\ip_repo\ZoGolf_DP_1_0\src\level2_BRAM_Pair.vhd:]
WARNING: [filemgmt 56-199] Attempt to get parsing info during refresh. "On-the-fly" syntax checking information may be incorrect. [c:\Users\C27Soren.Herzog\ece383\Herzog_ece383_wksp\ip_repo\ZoGolf_DP_1_0\src\BRAM_Level_Selector.vhd:]
WARNING: [filemgmt 56-199] Attempt to get parsing info during refresh. "On-the-fly" syntax checking information may be incorrect. [c:\Users\C27Soren.Herzog\ece383\Herzog_ece383_wksp\ip_repo\ZoGolf_DP_1_0\src\ece383_pkg.vhd:]
WARNING: [filemgmt 56-199] Attempt to get parsing info during refresh. "On-the-fly" syntax checking information may be incorrect. [c:\Users\C27Soren.Herzog\ece383\Herzog_ece383_wksp\ip_repo\ZoGolf_DP_1_0\src\ece383_pkg.vhd:]
ERROR: [Common 17-180] Spawn failed: No error
ERROR: [Common 17-180] Spawn failed: No error
WARNING: [filemgmt 56-199] Attempt to get parsing info during refresh. "On-the-fly" syntax checking information may be incorrect. [c:\Users\C27Soren.Herzog\ece383\Herzog_ece383_wksp\ip_repo\ZoGolf_DP_1_0\src\ece383_pkg.vhd:]
WARNING: [filemgmt 56-199] Attempt to get parsing info during refresh. "On-the-fly" syntax checking information may be incorrect. [c:\Users\C27Soren.Herzog\ece383\Herzog_ece383_wksp\ip_repo\ZoGolf_DP_1_0\src\level0_BRAM_Pair.vhd:]
WARNING: [filemgmt 56-199] Attempt to get parsing info during refresh. "On-the-fly" syntax checking information may be incorrect. [C:\Users\C27Soren.Herzog\ece383\Herzog_ece383_wksp\ip_repo\ZoGolf_DP_1_0\src\level2_BRAM_Pair.vhd:]
WARNING: [filemgmt 56-199] Attempt to get parsing info during refresh. "On-the-fly" syntax checking information may be incorrect. [c:\Users\C27Soren.Herzog\ece383\Herzog_ece383_wksp\ip_repo\ZoGolf_DP_1_0\src\BRAM_Level_Selector.vhd:]
WARNING: [filemgmt 56-199] Attempt to get parsing info during refresh. "On-the-fly" syntax checking information may be incorrect. [C:\Users\C27Soren.Herzog\ece383\Herzog_ece383_wksp\ip_repo\ZoGolf_DP_1_0\src\level2_BRAM_Pair.vhd:]
WARNING: [filemgmt 56-199] Attempt to get parsing info during refresh. "On-the-fly" syntax checking information may be incorrect. [C:\Users\C27Soren.Herzog\ece383\Herzog_ece383_wksp\ip_repo\ZoGolf_DP_1_0\src\level2_BRAM_Pair.vhd:]
WARNING: [filemgmt 56-199] Attempt to get parsing info during refresh. "On-the-fly" syntax checking information may be incorrect. [c:\Users\C27Soren.Herzog\ece383\Herzog_ece383_wksp\ip_repo\ZoGolf_DP_1_0\src\ece383_pkg.vhd:]
WARNING: [filemgmt 56-199] Attempt to get parsing info during refresh. "On-the-fly" syntax checking information may be incorrect. [c:\Users\C27Soren.Herzog\ece383\Herzog_ece383_wksp\ip_repo\ZoGolf_DP_1_0\src\level0_BRAM_Pair.vhd:]
WARNING: [filemgmt 56-199] Attempt to get parsing info during refresh. "On-the-fly" syntax checking information may be incorrect. [C:\Users\C27Soren.Herzog\ece383\Herzog_ece383_wksp\ip_repo\ZoGolf_DP_1_0\src\level2_BRAM_Pair.vhd:]
WARNING: [filemgmt 56-199] Attempt to get parsing info during refresh. "On-the-fly" syntax checking information may be incorrect. [c:\Users\C27Soren.Herzog\ece383\Herzog_ece383_wksp\ip_repo\ZoGolf_DP_1_0\src\BRAM_Level_Selector.vhd:]
WARNING: [filemgmt 56-199] Attempt to get parsing info during refresh. "On-the-fly" syntax checking information may be incorrect. [c:\Users\C27Soren.Herzog\ece383\Herzog_ece383_wksp\ip_repo\ZoGolf_DP_1_0\src\ece383_pkg.vhd:]
WARNING: [filemgmt 56-199] Attempt to get parsing info during refresh. "On-the-fly" syntax checking information may be incorrect. [c:\Users\C27Soren.Herzog\ece383\Herzog_ece383_wksp\ip_repo\ZoGolf_DP_1_0\src\ece383_pkg.vhd:]
ERROR: [Common 17-180] Spawn failed: No error
WARNING: [filemgmt 56-199] Attempt to get parsing info during refresh. "On-the-fly" syntax checking information may be incorrect. [c:\Users\C27Soren.Herzog\ece383\Herzog_ece383_wksp\ip_repo\ZoGolf_DP_1_0\src\ece383_pkg.vhd:]
WARNING: [filemgmt 56-199] Attempt to get parsing info during refresh. "On-the-fly" syntax checking information may be incorrect. [c:\Users\C27Soren.Herzog\ece383\Herzog_ece383_wksp\ip_repo\ZoGolf_DP_1_0\src\level0_BRAM_Pair.vhd:]
WARNING: [filemgmt 56-199] Attempt to get parsing info during refresh. "On-the-fly" syntax checking information may be incorrect. [C:\Users\C27Soren.Herzog\ece383\Herzog_ece383_wksp\ip_repo\ZoGolf_DP_1_0\src\level2_BRAM_Pair.vhd:]
WARNING: [filemgmt 56-199] Attempt to get parsing info during refresh. "On-the-fly" syntax checking information may be incorrect. [c:\Users\C27Soren.Herzog\ece383\Herzog_ece383_wksp\ip_repo\ZoGolf_DP_1_0\src\BRAM_Level_Selector.vhd:]
WARNING: [filemgmt 56-199] Attempt to get parsing info during refresh. "On-the-fly" syntax checking information may be incorrect. [c:\Users\C27Soren.Herzog\ece383\Herzog_ece383_wksp\ip_repo\ZoGolf_DP_1_0\src\level0_BRAM_Pair.vhd:]
WARNING: [filemgmt 56-199] Attempt to get parsing info during refresh. "On-the-fly" syntax checking information may be incorrect. [c:\Users\C27Soren.Herzog\ece383\Herzog_ece383_wksp\ip_repo\ZoGolf_DP_1_0\src\level0_BRAM_Pair.vhd:]
ERROR: [Common 17-180] Spawn failed: No error
update_compile_order -fileset sources_1
WARNING: [filemgmt 56-199] Attempt to get parsing info during refresh. "On-the-fly" syntax checking information may be incorrect. [c:\Users\C27Soren.Herzog\ece383\Herzog_ece383_wksp\ip_repo\ZoGolf_DP_1_0\src\ece383_pkg.vhd:]
WARNING: [filemgmt 56-199] Attempt to get parsing info during refresh. "On-the-fly" syntax checking information may be incorrect. [c:\Users\C27Soren.Herzog\ece383\Herzog_ece383_wksp\ip_repo\ZoGolf_DP_1_0\src\level0_BRAM_Pair.vhd:]
WARNING: [filemgmt 56-199] Attempt to get parsing info during refresh. "On-the-fly" syntax checking information may be incorrect. [C:\Users\C27Soren.Herzog\ece383\Herzog_ece383_wksp\ip_repo\ZoGolf_DP_1_0\src\level2_BRAM_Pair.vhd:]
WARNING: [filemgmt 56-199] Attempt to get parsing info during refresh. "On-the-fly" syntax checking information may be incorrect. [c:\Users\C27Soren.Herzog\ece383\Herzog_ece383_wksp\ip_repo\ZoGolf_DP_1_0\src\BRAM_Level_Selector.vhd:]
WARNING: [filemgmt 56-199] Attempt to get parsing info during refresh. "On-the-fly" syntax checking information may be incorrect. [C:\Users\C27Soren.Herzog\ece383\Herzog_ece383_wksp\ip_repo\ZoGolf_DP_1_0\src\level2_BRAM_Pair.vhd:]
WARNING: [filemgmt 56-199] Attempt to get parsing info during refresh. "On-the-fly" syntax checking information may be incorrect. [C:\Users\C27Soren.Herzog\ece383\Herzog_ece383_wksp\ip_repo\ZoGolf_DP_1_0\src\level2_BRAM_Pair.vhd:]
WARNING: [filemgmt 56-199] Attempt to get parsing info during refresh. "On-the-fly" syntax checking information may be incorrect. [c:\Users\C27Soren.Herzog\ece383\Herzog_ece383_wksp\ip_repo\ZoGolf_DP_1_0\src\ece383_pkg.vhd:]
WARNING: [filemgmt 56-199] Attempt to get parsing info during refresh. "On-the-fly" syntax checking information may be incorrect. [c:\Users\C27Soren.Herzog\ece383\Herzog_ece383_wksp\ip_repo\ZoGolf_DP_1_0\src\level0_BRAM_Pair.vhd:]
WARNING: [filemgmt 56-199] Attempt to get parsing info during refresh. "On-the-fly" syntax checking information may be incorrect. [C:\Users\C27Soren.Herzog\ece383\Herzog_ece383_wksp\ip_repo\ZoGolf_DP_1_0\src\level2_BRAM_Pair.vhd:]
WARNING: [filemgmt 56-199] Attempt to get parsing info during refresh. "On-the-fly" syntax checking information may be incorrect. [c:\Users\C27Soren.Herzog\ece383\Herzog_ece383_wksp\ip_repo\ZoGolf_DP_1_0\src\BRAM_Level_Selector.vhd:]
WARNING: [filemgmt 56-199] Attempt to get parsing info during refresh. "On-the-fly" syntax checking information may be incorrect. [c:\Users\C27Soren.Herzog\ece383\Herzog_ece383_wksp\ip_repo\ZoGolf_DP_1_0\src\ece383_pkg.vhd:]
WARNING: [filemgmt 56-199] Attempt to get parsing info during refresh. "On-the-fly" syntax checking information may be incorrect. [c:\Users\C27Soren.Herzog\ece383\Herzog_ece383_wksp\ip_repo\ZoGolf_DP_1_0\src\ece383_pkg.vhd:]
WARNING: [filemgmt 56-199] Attempt to get parsing info during refresh. "On-the-fly" syntax checking information may be incorrect. [c:\Users\C27Soren.Herzog\ece383\Herzog_ece383_wksp\ip_repo\ZoGolf_DP_1_0\src\ece383_pkg.vhd:]
WARNING: [filemgmt 56-199] Attempt to get parsing info during refresh. "On-the-fly" syntax checking information may be incorrect. [c:\Users\C27Soren.Herzog\ece383\Herzog_ece383_wksp\ip_repo\ZoGolf_DP_1_0\src\level0_BRAM_Pair.vhd:]
WARNING: [filemgmt 56-199] Attempt to get parsing info during refresh. "On-the-fly" syntax checking information may be incorrect. [C:\Users\C27Soren.Herzog\ece383\Herzog_ece383_wksp\ip_repo\ZoGolf_DP_1_0\src\level2_BRAM_Pair.vhd:]
WARNING: [filemgmt 56-199] Attempt to get parsing info during refresh. "On-the-fly" syntax checking information may be incorrect. [c:\Users\C27Soren.Herzog\ece383\Herzog_ece383_wksp\ip_repo\ZoGolf_DP_1_0\src\BRAM_Level_Selector.vhd:]
WARNING: [filemgmt 56-199] Attempt to get parsing info during refresh. "On-the-fly" syntax checking information may be incorrect. [c:\Users\C27Soren.Herzog\ece383\Herzog_ece383_wksp\ip_repo\ZoGolf_DP_1_0\src\BRAM_Level_Selector.vhd:]
WARNING: [filemgmt 56-199] Attempt to get parsing info during refresh. "On-the-fly" syntax checking information may be incorrect. [c:\Users\C27Soren.Herzog\ece383\Herzog_ece383_wksp\ip_repo\ZoGolf_DP_1_0\src\BRAM_Level_Selector.vhd:]
WARNING: [filemgmt 56-199] Attempt to get parsing info during refresh. "On-the-fly" syntax checking information may be incorrect. [c:\Users\C27Soren.Herzog\ece383\Herzog_ece383_wksp\ip_repo\ZoGolf_DP_1_0\src\ece383_pkg.vhd:]
WARNING: [filemgmt 56-199] Attempt to get parsing info during refresh. "On-the-fly" syntax checking information may be incorrect. [c:\Users\C27Soren.Herzog\ece383\Herzog_ece383_wksp\ip_repo\ZoGolf_DP_1_0\src\level0_BRAM_Pair.vhd:]
WARNING: [filemgmt 56-199] Attempt to get parsing info during refresh. "On-the-fly" syntax checking information may be incorrect. [C:\Users\C27Soren.Herzog\ece383\Herzog_ece383_wksp\ip_repo\ZoGolf_DP_1_0\src\level2_BRAM_Pair.vhd:]
WARNING: [filemgmt 56-199] Attempt to get parsing info during refresh. "On-the-fly" syntax checking information may be incorrect. [c:\Users\C27Soren.Herzog\ece383\Herzog_ece383_wksp\ip_repo\ZoGolf_DP_1_0\src\BRAM_Level_Selector.vhd:]
WARNING: [filemgmt 56-199] Attempt to get parsing info during refresh. "On-the-fly" syntax checking information may be incorrect. [c:\Users\C27Soren.Herzog\ece383\Herzog_ece383_wksp\ip_repo\ZoGolf_DP_1_0\src\level0_BRAM_Pair.vhd:]
WARNING: [filemgmt 56-199] Attempt to get parsing info during refresh. "On-the-fly" syntax checking information may be incorrect. [c:\Users\C27Soren.Herzog\ece383\Herzog_ece383_wksp\ip_repo\ZoGolf_DP_1_0\src\level0_BRAM_Pair.vhd:]
ERROR: [Common 17-180] Spawn failed: No error
WARNING: [filemgmt 56-199] Attempt to get parsing info during refresh. "On-the-fly" syntax checking information may be incorrect. [c:\Users\C27Soren.Herzog\ece383\Herzog_ece383_wksp\ip_repo\ZoGolf_DP_1_0\src\ece383_pkg.vhd:]
WARNING: [filemgmt 56-199] Attempt to get parsing info during refresh. "On-the-fly" syntax checking information may be incorrect. [c:\Users\C27Soren.Herzog\ece383\Herzog_ece383_wksp\ip_repo\ZoGolf_DP_1_0\src\level0_BRAM_Pair.vhd:]
WARNING: [filemgmt 56-199] Attempt to get parsing info during refresh. "On-the-fly" syntax checking information may be incorrect. [C:\Users\C27Soren.Herzog\ece383\Herzog_ece383_wksp\ip_repo\ZoGolf_DP_1_0\src\level2_BRAM_Pair.vhd:]
WARNING: [filemgmt 56-199] Attempt to get parsing info during refresh. "On-the-fly" syntax checking information may be incorrect. [c:\Users\C27Soren.Herzog\ece383\Herzog_ece383_wksp\ip_repo\ZoGolf_DP_1_0\src\BRAM_Level_Selector.vhd:]
WARNING: [filemgmt 56-199] Attempt to get parsing info during refresh. "On-the-fly" syntax checking information may be incorrect. [C:\Users\C27Soren.Herzog\ece383\Herzog_ece383_wksp\ip_repo\ZoGolf_DP_1_0\src\level2_BRAM_Pair.vhd:]
WARNING: [filemgmt 56-199] Attempt to get parsing info during refresh. "On-the-fly" syntax checking information may be incorrect. [C:\Users\C27Soren.Herzog\ece383\Herzog_ece383_wksp\ip_repo\ZoGolf_DP_1_0\src\level2_BRAM_Pair.vhd:]
WARNING: [filemgmt 56-199] Attempt to get parsing info during refresh. "On-the-fly" syntax checking information may be incorrect. [c:\Users\C27Soren.Herzog\ece383\Herzog_ece383_wksp\ip_repo\ZoGolf_DP_1_0\src\ece383_pkg.vhd:]
WARNING: [filemgmt 56-199] Attempt to get parsing info during refresh. "On-the-fly" syntax checking information may be incorrect. [c:\Users\C27Soren.Herzog\ece383\Herzog_ece383_wksp\ip_repo\ZoGolf_DP_1_0\src\level0_BRAM_Pair.vhd:]
WARNING: [filemgmt 56-199] Attempt to get parsing info during refresh. "On-the-fly" syntax checking information may be incorrect. [C:\Users\C27Soren.Herzog\ece383\Herzog_ece383_wksp\ip_repo\ZoGolf_DP_1_0\src\level2_BRAM_Pair.vhd:]
WARNING: [filemgmt 56-199] Attempt to get parsing info during refresh. "On-the-fly" syntax checking information may be incorrect. [c:\Users\C27Soren.Herzog\ece383\Herzog_ece383_wksp\ip_repo\ZoGolf_DP_1_0\src\BRAM_Level_Selector.vhd:]
WARNING: [filemgmt 56-199] Attempt to get parsing info during refresh. "On-the-fly" syntax checking information may be incorrect. [c:\Users\C27Soren.Herzog\ece383\Herzog_ece383_wksp\ip_repo\ZoGolf_DP_1_0\src\ece383_pkg.vhd:]
WARNING: [filemgmt 56-199] Attempt to get parsing info during refresh. "On-the-fly" syntax checking information may be incorrect. [c:\Users\C27Soren.Herzog\ece383\Herzog_ece383_wksp\ip_repo\ZoGolf_DP_1_0\src\ece383_pkg.vhd:]
ERROR: [Common 17-180] Spawn failed: No error
WARNING: [filemgmt 56-199] Attempt to get parsing info during refresh. "On-the-fly" syntax checking information may be incorrect. [c:\Users\C27Soren.Herzog\ece383\Herzog_ece383_wksp\ip_repo\ZoGolf_DP_1_0\src\ece383_pkg.vhd:]
WARNING: [filemgmt 56-199] Attempt to get parsing info during refresh. "On-the-fly" syntax checking information may be incorrect. [c:\Users\C27Soren.Herzog\ece383\Herzog_ece383_wksp\ip_repo\ZoGolf_DP_1_0\src\level0_BRAM_Pair.vhd:]
WARNING: [filemgmt 56-199] Attempt to get parsing info during refresh. "On-the-fly" syntax checking information may be incorrect. [C:\Users\C27Soren.Herzog\ece383\Herzog_ece383_wksp\ip_repo\ZoGolf_DP_1_0\src\level2_BRAM_Pair.vhd:]
WARNING: [filemgmt 56-199] Attempt to get parsing info during refresh. "On-the-fly" syntax checking information may be incorrect. [c:\Users\C27Soren.Herzog\ece383\Herzog_ece383_wksp\ip_repo\ZoGolf_DP_1_0\src\BRAM_Level_Selector.vhd:]
WARNING: [filemgmt 56-199] Attempt to get parsing info during refresh. "On-the-fly" syntax checking information may be incorrect. [c:\Users\C27Soren.Herzog\ece383\Herzog_ece383_wksp\ip_repo\ZoGolf_DP_1_0\src\level0_BRAM_Pair.vhd:]
WARNING: [filemgmt 56-199] Attempt to get parsing info during refresh. "On-the-fly" syntax checking information may be incorrect. [c:\Users\C27Soren.Herzog\ece383\Herzog_ece383_wksp\ip_repo\ZoGolf_DP_1_0\src\level0_BRAM_Pair.vhd:]
ERROR: [Common 17-180] Spawn failed: No error
update_compile_order -fileset sources_1
WARNING: [filemgmt 56-199] Attempt to get parsing info during refresh. "On-the-fly" syntax checking information may be incorrect. [c:\Users\C27Soren.Herzog\ece383\Herzog_ece383_wksp\ip_repo\ZoGolf_DP_1_0\src\ece383_pkg.vhd:]
WARNING: [filemgmt 56-199] Attempt to get parsing info during refresh. "On-the-fly" syntax checking information may be incorrect. [c:\Users\C27Soren.Herzog\ece383\Herzog_ece383_wksp\ip_repo\ZoGolf_DP_1_0\src\level0_BRAM_Pair.vhd:]
WARNING: [filemgmt 56-199] Attempt to get parsing info during refresh. "On-the-fly" syntax checking information may be incorrect. [C:\Users\C27Soren.Herzog\ece383\Herzog_ece383_wksp\ip_repo\ZoGolf_DP_1_0\src\level2_BRAM_Pair.vhd:]
WARNING: [filemgmt 56-199] Attempt to get parsing info during refresh. "On-the-fly" syntax checking information may be incorrect. [c:\Users\C27Soren.Herzog\ece383\Herzog_ece383_wksp\ip_repo\ZoGolf_DP_1_0\src\BRAM_Level_Selector.vhd:]
WARNING: [filemgmt 56-199] Attempt to get parsing info during refresh. "On-the-fly" syntax checking information may be incorrect. [C:\Users\C27Soren.Herzog\ece383\Herzog_ece383_wksp\ip_repo\ZoGolf_DP_1_0\src\level2_BRAM_Pair.vhd:]
WARNING: [filemgmt 56-199] Attempt to get parsing info during refresh. "On-the-fly" syntax checking information may be incorrect. [C:\Users\C27Soren.Herzog\ece383\Herzog_ece383_wksp\ip_repo\ZoGolf_DP_1_0\src\level2_BRAM_Pair.vhd:]
WARNING: [filemgmt 56-199] Attempt to get parsing info during refresh. "On-the-fly" syntax checking information may be incorrect. [c:\Users\C27Soren.Herzog\ece383\Herzog_ece383_wksp\ip_repo\ZoGolf_DP_1_0\src\ece383_pkg.vhd:]
WARNING: [filemgmt 56-199] Attempt to get parsing info during refresh. "On-the-fly" syntax checking information may be incorrect. [c:\Users\C27Soren.Herzog\ece383\Herzog_ece383_wksp\ip_repo\ZoGolf_DP_1_0\src\level0_BRAM_Pair.vhd:]
WARNING: [filemgmt 56-199] Attempt to get parsing info during refresh. "On-the-fly" syntax checking information may be incorrect. [C:\Users\C27Soren.Herzog\ece383\Herzog_ece383_wksp\ip_repo\ZoGolf_DP_1_0\src\level2_BRAM_Pair.vhd:]
WARNING: [filemgmt 56-199] Attempt to get parsing info during refresh. "On-the-fly" syntax checking information may be incorrect. [c:\Users\C27Soren.Herzog\ece383\Herzog_ece383_wksp\ip_repo\ZoGolf_DP_1_0\src\BRAM_Level_Selector.vhd:]
WARNING: [filemgmt 56-199] Attempt to get parsing info during refresh. "On-the-fly" syntax checking information may be incorrect. [c:\Users\C27Soren.Herzog\ece383\Herzog_ece383_wksp\ip_repo\ZoGolf_DP_1_0\src\ece383_pkg.vhd:]
WARNING: [filemgmt 56-199] Attempt to get parsing info during refresh. "On-the-fly" syntax checking information may be incorrect. [c:\Users\C27Soren.Herzog\ece383\Herzog_ece383_wksp\ip_repo\ZoGolf_DP_1_0\src\ece383_pkg.vhd:]
ERROR: [Common 17-180] Spawn failed: No error
WARNING: [filemgmt 56-199] Attempt to get parsing info during refresh. "On-the-fly" syntax checking information may be incorrect. [c:\Users\C27Soren.Herzog\ece383\Herzog_ece383_wksp\ip_repo\ZoGolf_DP_1_0\src\ece383_pkg.vhd:]
WARNING: [filemgmt 56-199] Attempt to get parsing info during refresh. "On-the-fly" syntax checking information may be incorrect. [c:\Users\C27Soren.Herzog\ece383\Herzog_ece383_wksp\ip_repo\ZoGolf_DP_1_0\src\level0_BRAM_Pair.vhd:]
WARNING: [filemgmt 56-199] Attempt to get parsing info during refresh. "On-the-fly" syntax checking information may be incorrect. [C:\Users\C27Soren.Herzog\ece383\Herzog_ece383_wksp\ip_repo\ZoGolf_DP_1_0\src\level2_BRAM_Pair.vhd:]
WARNING: [filemgmt 56-199] Attempt to get parsing info during refresh. "On-the-fly" syntax checking information may be incorrect. [c:\Users\C27Soren.Herzog\ece383\Herzog_ece383_wksp\ip_repo\ZoGolf_DP_1_0\src\BRAM_Level_Selector.vhd:]
WARNING: [filemgmt 56-199] Attempt to get parsing info during refresh. "On-the-fly" syntax checking information may be incorrect. [c:\Users\C27Soren.Herzog\ece383\Herzog_ece383_wksp\ip_repo\ZoGolf_DP_1_0\src\level0_BRAM_Pair.vhd:]
WARNING: [filemgmt 56-199] Attempt to get parsing info during refresh. "On-the-fly" syntax checking information may be incorrect. [c:\Users\C27Soren.Herzog\ece383\Herzog_ece383_wksp\ip_repo\ZoGolf_DP_1_0\src\level0_BRAM_Pair.vhd:]
ERROR: [Common 17-180] Spawn failed: No error
close [ open C:/Users/C27Soren.Herzog/ece383/Herzog_ece383_wksp/ip_repo/ZoGolf_DP_1_0/src/level3_BRAM_Pair.vhd w ]
add_files C:/Users/C27Soren.Herzog/ece383/Herzog_ece383_wksp/ip_repo/ZoGolf_DP_1_0/src/level3_BRAM_Pair.vhd
close [ open C:/Users/C27Soren.Herzog/ece383/Herzog_ece383_wksp/ip_repo/ZoGolf_DP_1_0/src/level9_BRAM_Pair.vhd w ]
add_files C:/Users/C27Soren.Herzog/ece383/Herzog_ece383_wksp/ip_repo/ZoGolf_DP_1_0/src/level9_BRAM_Pair.vhd
close [ open C:/Users/C27Soren.Herzog/ece383/Herzog_ece383_wksp/ip_repo/ZoGolf_DP_1_0/src/level6_BRAM_Pair.vhd w ]
add_files C:/Users/C27Soren.Herzog/ece383/Herzog_ece383_wksp/ip_repo/ZoGolf_DP_1_0/src/level6_BRAM_Pair.vhd
close [ open C:/Users/C27Soren.Herzog/ece383/Herzog_ece383_wksp/ip_repo/ZoGolf_DP_1_0/src/level5_BRAM_Pair.vhd w ]
add_files C:/Users/C27Soren.Herzog/ece383/Herzog_ece383_wksp/ip_repo/ZoGolf_DP_1_0/src/level5_BRAM_Pair.vhd
close [ open C:/Users/C27Soren.Herzog/ece383/Herzog_ece383_wksp/ip_repo/ZoGolf_DP_1_0/src/level7_BRAM_Pair.vhd w ]
add_files C:/Users/C27Soren.Herzog/ece383/Herzog_ece383_wksp/ip_repo/ZoGolf_DP_1_0/src/level7_BRAM_Pair.vhd
close [ open C:/Users/C27Soren.Herzog/ece383/Herzog_ece383_wksp/ip_repo/ZoGolf_DP_1_0/src/level4_BRAM_Pair.vhd w ]
add_files C:/Users/C27Soren.Herzog/ece383/Herzog_ece383_wksp/ip_repo/ZoGolf_DP_1_0/src/level4_BRAM_Pair.vhd
close [ open C:/Users/C27Soren.Herzog/ece383/Herzog_ece383_wksp/ip_repo/ZoGolf_DP_1_0/src/level8_BRAM_Pair.vhd w ]
add_files C:/Users/C27Soren.Herzog/ece383/Herzog_ece383_wksp/ip_repo/ZoGolf_DP_1_0/src/level8_BRAM_Pair.vhd
WARNING: [filemgmt 56-199] Attempt to get parsing info during refresh. "On-the-fly" syntax checking information may be incorrect. [c:\Users\C27Soren.Herzog\ece383\Herzog_ece383_wksp\ip_repo\ZoGolf_DP_1_0\src\ece383_pkg.vhd:]
WARNING: [filemgmt 56-199] Attempt to get parsing info during refresh. "On-the-fly" syntax checking information may be incorrect. [c:\Users\C27Soren.Herzog\ece383\Herzog_ece383_wksp\ip_repo\ZoGolf_DP_1_0\src\level0_BRAM_Pair.vhd:]
WARNING: [filemgmt 56-199] Attempt to get parsing info during refresh. "On-the-fly" syntax checking information may be incorrect. [C:\Users\C27Soren.Herzog\ece383\Herzog_ece383_wksp\ip_repo\ZoGolf_DP_1_0\src\level2_BRAM_Pair.vhd:]
WARNING: [filemgmt 56-199] Attempt to get parsing info during refresh. "On-the-fly" syntax checking information may be incorrect. [c:\Users\C27Soren.Herzog\ece383\Herzog_ece383_wksp\ip_repo\ZoGolf_DP_1_0\src\BRAM_Level_Selector.vhd:]
WARNING: [filemgmt 56-199] Attempt to get parsing info during refresh. "On-the-fly" syntax checking information may be incorrect. [c:\Users\C27Soren.Herzog\ece383\Herzog_ece383_wksp\ip_repo\ZoGolf_DP_1_0\src\color_mapper.vhd:]
WARNING: [filemgmt 56-199] Attempt to get parsing info during refresh. "On-the-fly" syntax checking information may be incorrect. [c:\Users\C27Soren.Herzog\ece383\Herzog_ece383_wksp\ip_repo\ZoGolf_DP_1_0\src\level0_BRAM_Pair.vhd:]
WARNING: [filemgmt 56-199] Attempt to get parsing info during refresh. "On-the-fly" syntax checking information may be incorrect. [c:\Users\C27Soren.Herzog\ece383\Herzog_ece383_wksp\ip_repo\ZoGolf_DP_1_0\src\level0_BRAM_Pair.vhd:]
WARNING: [filemgmt 56-199] Attempt to get parsing info during refresh. "On-the-fly" syntax checking information may be incorrect. [c:\Users\C27Soren.Herzog\ece383\Herzog_ece383_wksp\ip_repo\ZoGolf_DP_1_0\src\ece383_pkg.vhd:]
WARNING: [filemgmt 56-199] Attempt to get parsing info during refresh. "On-the-fly" syntax checking information may be incorrect. [c:\Users\C27Soren.Herzog\ece383\Herzog_ece383_wksp\ip_repo\ZoGolf_DP_1_0\src\level0_BRAM_Pair.vhd:]
WARNING: [filemgmt 56-199] Attempt to get parsing info during refresh. "On-the-fly" syntax checking information may be incorrect. [C:\Users\C27Soren.Herzog\ece383\Herzog_ece383_wksp\ip_repo\ZoGolf_DP_1_0\src\level2_BRAM_Pair.vhd:]
WARNING: [filemgmt 56-199] Attempt to get parsing info during refresh. "On-the-fly" syntax checking information may be incorrect. [c:\Users\C27Soren.Herzog\ece383\Herzog_ece383_wksp\ip_repo\ZoGolf_DP_1_0\src\BRAM_Level_Selector.vhd:]
WARNING: [filemgmt 56-199] Attempt to get parsing info during refresh. "On-the-fly" syntax checking information may be incorrect. [c:\Users\C27Soren.Herzog\ece383\Herzog_ece383_wksp\ip_repo\ZoGolf_DP_1_0\src\color_mapper.vhd:]
WARNING: [filemgmt 56-199] Attempt to get parsing info during refresh. "On-the-fly" syntax checking information may be incorrect. [c:\Users\C27Soren.Herzog\ece383\Herzog_ece383_wksp\ip_repo\ZoGolf_DP_1_0\src\color_mapper.vhd:]
WARNING: [filemgmt 56-199] Attempt to get parsing info during refresh. "On-the-fly" syntax checking information may be incorrect. [c:\Users\C27Soren.Herzog\ece383\Herzog_ece383_wksp\ip_repo\ZoGolf_DP_1_0\src\color_mapper.vhd:]
WARNING: [filemgmt 56-199] Attempt to get parsing info during refresh. "On-the-fly" syntax checking information may be incorrect. [c:\Users\C27Soren.Herzog\ece383\Herzog_ece383_wksp\ip_repo\ZoGolf_DP_1_0\src\ece383_pkg.vhd:]
WARNING: [filemgmt 56-199] Attempt to get parsing info during refresh. "On-the-fly" syntax checking information may be incorrect. [c:\Users\C27Soren.Herzog\ece383\Herzog_ece383_wksp\ip_repo\ZoGolf_DP_1_0\src\level0_BRAM_Pair.vhd:]
WARNING: [filemgmt 56-199] Attempt to get parsing info during refresh. "On-the-fly" syntax checking information may be incorrect. [C:\Users\C27Soren.Herzog\ece383\Herzog_ece383_wksp\ip_repo\ZoGolf_DP_1_0\src\level2_BRAM_Pair.vhd:]
WARNING: [filemgmt 56-199] Attempt to get parsing info during refresh. "On-the-fly" syntax checking information may be incorrect. [c:\Users\C27Soren.Herzog\ece383\Herzog_ece383_wksp\ip_repo\ZoGolf_DP_1_0\src\BRAM_Level_Selector.vhd:]
WARNING: [filemgmt 56-199] Attempt to get parsing info during refresh. "On-the-fly" syntax checking information may be incorrect. [c:\Users\C27Soren.Herzog\ece383\Herzog_ece383_wksp\ip_repo\ZoGolf_DP_1_0\src\color_mapper.vhd:]
WARNING: [filemgmt 56-199] Attempt to get parsing info during refresh. "On-the-fly" syntax checking information may be incorrect. [C:\Users\C27Soren.Herzog\ece383\Herzog_ece383_wksp\ip_repo\ZoGolf_DP_1_0\src\level2_BRAM_Pair.vhd:]
WARNING: [filemgmt 56-199] Attempt to get parsing info during refresh. "On-the-fly" syntax checking information may be incorrect. [C:\Users\C27Soren.Herzog\ece383\Herzog_ece383_wksp\ip_repo\ZoGolf_DP_1_0\src\level2_BRAM_Pair.vhd:]
WARNING: [filemgmt 56-199] Attempt to get parsing info during refresh. "On-the-fly" syntax checking information may be incorrect. [c:\Users\C27Soren.Herzog\ece383\Herzog_ece383_wksp\ip_repo\ZoGolf_DP_1_0\src\ece383_pkg.vhd:]
WARNING: [filemgmt 56-199] Attempt to get parsing info during refresh. "On-the-fly" syntax checking information may be incorrect. [c:\Users\C27Soren.Herzog\ece383\Herzog_ece383_wksp\ip_repo\ZoGolf_DP_1_0\src\level0_BRAM_Pair.vhd:]
WARNING: [filemgmt 56-199] Attempt to get parsing info during refresh. "On-the-fly" syntax checking information may be incorrect. [C:\Users\C27Soren.Herzog\ece383\Herzog_ece383_wksp\ip_repo\ZoGolf_DP_1_0\src\level2_BRAM_Pair.vhd:]
WARNING: [filemgmt 56-199] Attempt to get parsing info during refresh. "On-the-fly" syntax checking information may be incorrect. [c:\Users\C27Soren.Herzog\ece383\Herzog_ece383_wksp\ip_repo\ZoGolf_DP_1_0\src\BRAM_Level_Selector.vhd:]
WARNING: [filemgmt 56-199] Attempt to get parsing info during refresh. "On-the-fly" syntax checking information may be incorrect. [c:\Users\C27Soren.Herzog\ece383\Herzog_ece383_wksp\ip_repo\ZoGolf_DP_1_0\src\color_mapper.vhd:]
WARNING: [filemgmt 56-199] Attempt to get parsing info during refresh. "On-the-fly" syntax checking information may be incorrect. [c:\Users\C27Soren.Herzog\ece383\Herzog_ece383_wksp\ip_repo\ZoGolf_DP_1_0\src\ece383_pkg.vhd:]
WARNING: [filemgmt 56-199] Attempt to get parsing info during refresh. "On-the-fly" syntax checking information may be incorrect. [c:\Users\C27Soren.Herzog\ece383\Herzog_ece383_wksp\ip_repo\ZoGolf_DP_1_0\src\ece383_pkg.vhd:]
ERROR: [Common 17-180] Spawn failed: No error
WARNING: [filemgmt 56-199] Attempt to get parsing info during refresh. "On-the-fly" syntax checking information may be incorrect. [c:\Users\C27Soren.Herzog\ece383\Herzog_ece383_wksp\ip_repo\ZoGolf_DP_1_0\src\ece383_pkg.vhd:]
WARNING: [filemgmt 56-199] Attempt to get parsing info during refresh. "On-the-fly" syntax checking information may be incorrect. [c:\Users\C27Soren.Herzog\ece383\Herzog_ece383_wksp\ip_repo\ZoGolf_DP_1_0\src\level0_BRAM_Pair.vhd:]
WARNING: [filemgmt 56-199] Attempt to get parsing info during refresh. "On-the-fly" syntax checking information may be incorrect. [C:\Users\C27Soren.Herzog\ece383\Herzog_ece383_wksp\ip_repo\ZoGolf_DP_1_0\src\level2_BRAM_Pair.vhd:]
WARNING: [filemgmt 56-199] Attempt to get parsing info during refresh. "On-the-fly" syntax checking information may be incorrect. [c:\Users\C27Soren.Herzog\ece383\Herzog_ece383_wksp\ip_repo\ZoGolf_DP_1_0\src\BRAM_Level_Selector.vhd:]
WARNING: [filemgmt 56-199] Attempt to get parsing info during refresh. "On-the-fly" syntax checking information may be incorrect. [c:\Users\C27Soren.Herzog\ece383\Herzog_ece383_wksp\ip_repo\ZoGolf_DP_1_0\src\color_mapper.vhd:]
WARNING: [filemgmt 56-199] Attempt to get parsing info during refresh. "On-the-fly" syntax checking information may be incorrect. [C:\Users\C27Soren.Herzog\ece383\Herzog_ece383_wksp\ip_repo\ZoGolf_DP_1_0\src\level2_BRAM_Pair.vhd:]
WARNING: [filemgmt 56-199] Attempt to get parsing info during refresh. "On-the-fly" syntax checking information may be incorrect. [C:\Users\C27Soren.Herzog\ece383\Herzog_ece383_wksp\ip_repo\ZoGolf_DP_1_0\src\level2_BRAM_Pair.vhd:]
WARNING: [filemgmt 56-199] Attempt to get parsing info during refresh. "On-the-fly" syntax checking information may be incorrect. [c:\Users\C27Soren.Herzog\ece383\Herzog_ece383_wksp\ip_repo\ZoGolf_DP_1_0\src\ece383_pkg.vhd:]
WARNING: [filemgmt 56-199] Attempt to get parsing info during refresh. "On-the-fly" syntax checking information may be incorrect. [c:\Users\C27Soren.Herzog\ece383\Herzog_ece383_wksp\ip_repo\ZoGolf_DP_1_0\src\level0_BRAM_Pair.vhd:]
WARNING: [filemgmt 56-199] Attempt to get parsing info during refresh. "On-the-fly" syntax checking information may be incorrect. [C:\Users\C27Soren.Herzog\ece383\Herzog_ece383_wksp\ip_repo\ZoGolf_DP_1_0\src\level2_BRAM_Pair.vhd:]
WARNING: [filemgmt 56-199] Attempt to get parsing info during refresh. "On-the-fly" syntax checking information may be incorrect. [c:\Users\C27Soren.Herzog\ece383\Herzog_ece383_wksp\ip_repo\ZoGolf_DP_1_0\src\BRAM_Level_Selector.vhd:]
WARNING: [filemgmt 56-199] Attempt to get parsing info during refresh. "On-the-fly" syntax checking information may be incorrect. [c:\Users\C27Soren.Herzog\ece383\Herzog_ece383_wksp\ip_repo\ZoGolf_DP_1_0\src\color_mapper.vhd:]
WARNING: [filemgmt 56-199] Attempt to get parsing info during refresh. "On-the-fly" syntax checking information may be incorrect. [c:\Users\C27Soren.Herzog\ece383\Herzog_ece383_wksp\ip_repo\ZoGolf_DP_1_0\src\ece383_pkg.vhd:]
WARNING: [filemgmt 56-199] Attempt to get parsing info during refresh. "On-the-fly" syntax checking information may be incorrect. [c:\Users\C27Soren.Herzog\ece383\Herzog_ece383_wksp\ip_repo\ZoGolf_DP_1_0\src\ece383_pkg.vhd:]
WARNING: [filemgmt 56-199] Attempt to get parsing info during refresh. "On-the-fly" syntax checking information may be incorrect. [c:\Users\C27Soren.Herzog\ece383\Herzog_ece383_wksp\ip_repo\ZoGolf_DP_1_0\src\ece383_pkg.vhd:]
WARNING: [filemgmt 56-199] Attempt to get parsing info during refresh. "On-the-fly" syntax checking information may be incorrect. [c:\Users\C27Soren.Herzog\ece383\Herzog_ece383_wksp\ip_repo\ZoGolf_DP_1_0\src\level0_BRAM_Pair.vhd:]
WARNING: [filemgmt 56-199] Attempt to get parsing info during refresh. "On-the-fly" syntax checking information may be incorrect. [C:\Users\C27Soren.Herzog\ece383\Herzog_ece383_wksp\ip_repo\ZoGolf_DP_1_0\src\level2_BRAM_Pair.vhd:]
WARNING: [filemgmt 56-199] Attempt to get parsing info during refresh. "On-the-fly" syntax checking information may be incorrect. [c:\Users\C27Soren.Herzog\ece383\Herzog_ece383_wksp\ip_repo\ZoGolf_DP_1_0\src\BRAM_Level_Selector.vhd:]
WARNING: [filemgmt 56-199] Attempt to get parsing info during refresh. "On-the-fly" syntax checking information may be incorrect. [c:\Users\C27Soren.Herzog\ece383\Herzog_ece383_wksp\ip_repo\ZoGolf_DP_1_0\src\color_mapper.vhd:]
WARNING: [filemgmt 56-199] Attempt to get parsing info during refresh. "On-the-fly" syntax checking information may be incorrect. [c:\Users\C27Soren.Herzog\ece383\Herzog_ece383_wksp\ip_repo\ZoGolf_DP_1_0\src\color_mapper.vhd:]
WARNING: [filemgmt 56-199] Attempt to get parsing info during refresh. "On-the-fly" syntax checking information may be incorrect. [c:\Users\C27Soren.Herzog\ece383\Herzog_ece383_wksp\ip_repo\ZoGolf_DP_1_0\src\color_mapper.vhd:]
WARNING: [filemgmt 56-199] Attempt to get parsing info during refresh. "On-the-fly" syntax checking information may be incorrect. [c:\Users\C27Soren.Herzog\ece383\Herzog_ece383_wksp\ip_repo\ZoGolf_DP_1_0\src\ece383_pkg.vhd:]
WARNING: [filemgmt 56-199] Attempt to get parsing info during refresh. "On-the-fly" syntax checking information may be incorrect. [c:\Users\C27Soren.Herzog\ece383\Herzog_ece383_wksp\ip_repo\ZoGolf_DP_1_0\src\level0_BRAM_Pair.vhd:]
WARNING: [filemgmt 56-199] Attempt to get parsing info during refresh. "On-the-fly" syntax checking information may be incorrect. [C:\Users\C27Soren.Herzog\ece383\Herzog_ece383_wksp\ip_repo\ZoGolf_DP_1_0\src\level2_BRAM_Pair.vhd:]
WARNING: [filemgmt 56-199] Attempt to get parsing info during refresh. "On-the-fly" syntax checking information may be incorrect. [c:\Users\C27Soren.Herzog\ece383\Herzog_ece383_wksp\ip_repo\ZoGolf_DP_1_0\src\BRAM_Level_Selector.vhd:]
WARNING: [filemgmt 56-199] Attempt to get parsing info during refresh. "On-the-fly" syntax checking information may be incorrect. [c:\Users\C27Soren.Herzog\ece383\Herzog_ece383_wksp\ip_repo\ZoGolf_DP_1_0\src\color_mapper.vhd:]
WARNING: [filemgmt 56-199] Attempt to get parsing info during refresh. "On-the-fly" syntax checking information may be incorrect. [c:\Users\C27Soren.Herzog\ece383\Herzog_ece383_wksp\ip_repo\ZoGolf_DP_1_0\src\BRAM_Level_Selector.vhd:]
WARNING: [filemgmt 56-199] Attempt to get parsing info during refresh. "On-the-fly" syntax checking information may be incorrect. [c:\Users\C27Soren.Herzog\ece383\Herzog_ece383_wksp\ip_repo\ZoGolf_DP_1_0\src\BRAM_Level_Selector.vhd:]
update_compile_order -fileset sources_1
WARNING: [filemgmt 56-199] Attempt to get parsing info during refresh. "On-the-fly" syntax checking information may be incorrect. [c:\Users\C27Soren.Herzog\ece383\Herzog_ece383_wksp\ip_repo\ZoGolf_DP_1_0\src\ece383_pkg.vhd:]
WARNING: [filemgmt 56-199] Attempt to get parsing info during refresh. "On-the-fly" syntax checking information may be incorrect. [c:\Users\C27Soren.Herzog\ece383\Herzog_ece383_wksp\ip_repo\ZoGolf_DP_1_0\src\level0_BRAM_Pair.vhd:]
WARNING: [filemgmt 56-199] Attempt to get parsing info during refresh. "On-the-fly" syntax checking information may be incorrect. [C:\Users\C27Soren.Herzog\ece383\Herzog_ece383_wksp\ip_repo\ZoGolf_DP_1_0\src\level2_BRAM_Pair.vhd:]
WARNING: [filemgmt 56-199] Attempt to get parsing info during refresh. "On-the-fly" syntax checking information may be incorrect. [c:\Users\C27Soren.Herzog\ece383\Herzog_ece383_wksp\ip_repo\ZoGolf_DP_1_0\src\BRAM_Level_Selector.vhd:]
WARNING: [filemgmt 56-199] Attempt to get parsing info during refresh. "On-the-fly" syntax checking information may be incorrect. [c:\Users\C27Soren.Herzog\ece383\Herzog_ece383_wksp\ip_repo\ZoGolf_DP_1_0\src\color_mapper.vhd:]
WARNING: [filemgmt 56-199] Attempt to get parsing info during refresh. "On-the-fly" syntax checking information may be incorrect. [C:\Users\C27Soren.Herzog\ece383\Herzog_ece383_wksp\ip_repo\ZoGolf_DP_1_0\src\level2_BRAM_Pair.vhd:]
WARNING: [filemgmt 56-199] Attempt to get parsing info during refresh. "On-the-fly" syntax checking information may be incorrect. [C:\Users\C27Soren.Herzog\ece383\Herzog_ece383_wksp\ip_repo\ZoGolf_DP_1_0\src\level2_BRAM_Pair.vhd:]
WARNING: [filemgmt 56-199] Attempt to get parsing info during refresh. "On-the-fly" syntax checking information may be incorrect. [c:\Users\C27Soren.Herzog\ece383\Herzog_ece383_wksp\ip_repo\ZoGolf_DP_1_0\src\ece383_pkg.vhd:]
WARNING: [filemgmt 56-199] Attempt to get parsing info during refresh. "On-the-fly" syntax checking information may be incorrect. [c:\Users\C27Soren.Herzog\ece383\Herzog_ece383_wksp\ip_repo\ZoGolf_DP_1_0\src\level0_BRAM_Pair.vhd:]
WARNING: [filemgmt 56-199] Attempt to get parsing info during refresh. "On-the-fly" syntax checking information may be incorrect. [C:\Users\C27Soren.Herzog\ece383\Herzog_ece383_wksp\ip_repo\ZoGolf_DP_1_0\src\level2_BRAM_Pair.vhd:]
WARNING: [filemgmt 56-199] Attempt to get parsing info during refresh. "On-the-fly" syntax checking information may be incorrect. [c:\Users\C27Soren.Herzog\ece383\Herzog_ece383_wksp\ip_repo\ZoGolf_DP_1_0\src\BRAM_Level_Selector.vhd:]
WARNING: [filemgmt 56-199] Attempt to get parsing info during refresh. "On-the-fly" syntax checking information may be incorrect. [c:\Users\C27Soren.Herzog\ece383\Herzog_ece383_wksp\ip_repo\ZoGolf_DP_1_0\src\color_mapper.vhd:]
WARNING: [filemgmt 56-199] Attempt to get parsing info during refresh. "On-the-fly" syntax checking information may be incorrect. [c:\Users\C27Soren.Herzog\ece383\Herzog_ece383_wksp\ip_repo\ZoGolf_DP_1_0\src\ece383_pkg.vhd:]
WARNING: [filemgmt 56-199] Attempt to get parsing info during refresh. "On-the-fly" syntax checking information may be incorrect. [c:\Users\C27Soren.Herzog\ece383\Herzog_ece383_wksp\ip_repo\ZoGolf_DP_1_0\src\ece383_pkg.vhd:]
WARNING: [filemgmt 56-199] Attempt to get parsing info during refresh. "On-the-fly" syntax checking information may be incorrect. [c:\Users\C27Soren.Herzog\ece383\Herzog_ece383_wksp\ip_repo\ZoGolf_DP_1_0\src\ece383_pkg.vhd:]
WARNING: [filemgmt 56-199] Attempt to get parsing info during refresh. "On-the-fly" syntax checking information may be incorrect. [c:\Users\C27Soren.Herzog\ece383\Herzog_ece383_wksp\ip_repo\ZoGolf_DP_1_0\src\level0_BRAM_Pair.vhd:]
WARNING: [filemgmt 56-199] Attempt to get parsing info during refresh. "On-the-fly" syntax checking information may be incorrect. [C:\Users\C27Soren.Herzog\ece383\Herzog_ece383_wksp\ip_repo\ZoGolf_DP_1_0\src\level2_BRAM_Pair.vhd:]
WARNING: [filemgmt 56-199] Attempt to get parsing info during refresh. "On-the-fly" syntax checking information may be incorrect. [c:\Users\C27Soren.Herzog\ece383\Herzog_ece383_wksp\ip_repo\ZoGolf_DP_1_0\src\BRAM_Level_Selector.vhd:]
WARNING: [filemgmt 56-199] Attempt to get parsing info during refresh. "On-the-fly" syntax checking information may be incorrect. [c:\Users\C27Soren.Herzog\ece383\Herzog_ece383_wksp\ip_repo\ZoGolf_DP_1_0\src\color_mapper.vhd:]
WARNING: [filemgmt 56-199] Attempt to get parsing info during refresh. "On-the-fly" syntax checking information may be incorrect. [c:\Users\C27Soren.Herzog\ece383\Herzog_ece383_wksp\ip_repo\ZoGolf_DP_1_0\src\BRAM_Level_Selector.vhd:]
WARNING: [filemgmt 56-199] Attempt to get parsing info during refresh. "On-the-fly" syntax checking information may be incorrect. [c:\Users\C27Soren.Herzog\ece383\Herzog_ece383_wksp\ip_repo\ZoGolf_DP_1_0\src\BRAM_Level_Selector.vhd:]
WARNING: [filemgmt 56-199] Attempt to get parsing info during refresh. "On-the-fly" syntax checking information may be incorrect. [c:\Users\C27Soren.Herzog\ece383\Herzog_ece383_wksp\ip_repo\ZoGolf_DP_1_0\src\ece383_pkg.vhd:]
WARNING: [filemgmt 56-199] Attempt to get parsing info during refresh. "On-the-fly" syntax checking information may be incorrect. [c:\Users\C27Soren.Herzog\ece383\Herzog_ece383_wksp\ip_repo\ZoGolf_DP_1_0\src\level0_BRAM_Pair.vhd:]
WARNING: [filemgmt 56-199] Attempt to get parsing info during refresh. "On-the-fly" syntax checking information may be incorrect. [C:\Users\C27Soren.Herzog\ece383\Herzog_ece383_wksp\ip_repo\ZoGolf_DP_1_0\src\level2_BRAM_Pair.vhd:]
WARNING: [filemgmt 56-199] Attempt to get parsing info during refresh. "On-the-fly" syntax checking information may be incorrect. [c:\Users\C27Soren.Herzog\ece383\Herzog_ece383_wksp\ip_repo\ZoGolf_DP_1_0\src\BRAM_Level_Selector.vhd:]
WARNING: [filemgmt 56-199] Attempt to get parsing info during refresh. "On-the-fly" syntax checking information may be incorrect. [c:\Users\C27Soren.Herzog\ece383\Herzog_ece383_wksp\ip_repo\ZoGolf_DP_1_0\src\color_mapper.vhd:]
WARNING: [filemgmt 56-199] Attempt to get parsing info during refresh. "On-the-fly" syntax checking information may be incorrect. [c:\Users\C27Soren.Herzog\ece383\Herzog_ece383_wksp\ip_repo\ZoGolf_DP_1_0\src\color_mapper.vhd:]
WARNING: [filemgmt 56-199] Attempt to get parsing info during refresh. "On-the-fly" syntax checking information may be incorrect. [c:\Users\C27Soren.Herzog\ece383\Herzog_ece383_wksp\ip_repo\ZoGolf_DP_1_0\src\color_mapper.vhd:]
WARNING: [filemgmt 56-199] Attempt to get parsing info during refresh. "On-the-fly" syntax checking information may be incorrect. [c:\Users\C27Soren.Herzog\ece383\Herzog_ece383_wksp\ip_repo\ZoGolf_DP_1_0\src\ece383_pkg.vhd:]
WARNING: [filemgmt 56-199] Attempt to get parsing info during refresh. "On-the-fly" syntax checking information may be incorrect. [c:\Users\C27Soren.Herzog\ece383\Herzog_ece383_wksp\ip_repo\ZoGolf_DP_1_0\src\level0_BRAM_Pair.vhd:]
WARNING: [filemgmt 56-199] Attempt to get parsing info during refresh. "On-the-fly" syntax checking information may be incorrect. [c:\Users\C27Soren.Herzog\ece383\Herzog_ece383_wksp\ip_repo\ZoGolf_DP_1_0\src\BRAM_Level_Selector.vhd:]
WARNING: [filemgmt 56-199] Attempt to get parsing info during refresh. "On-the-fly" syntax checking information may be incorrect. [c:\Users\C27Soren.Herzog\ece383\Herzog_ece383_wksp\ip_repo\ZoGolf_DP_1_0\src\BRAM_Level_Selector.vhd:]
WARNING: [filemgmt 56-199] Attempt to get parsing info during refresh. "On-the-fly" syntax checking information may be incorrect. [c:\Users\C27Soren.Herzog\ece383\Herzog_ece383_wksp\ip_repo\ZoGolf_DP_1_0\src\BRAM_Level_Selector.vhd:]
WARNING: [filemgmt 56-199] Attempt to get parsing info during refresh. "On-the-fly" syntax checking information may be incorrect. [c:\Users\C27Soren.Herzog\ece383\Herzog_ece383_wksp\ip_repo\ZoGolf_DP_1_0\src\ece383_pkg.vhd:]
WARNING: [filemgmt 56-199] Attempt to get parsing info during refresh. "On-the-fly" syntax checking information may be incorrect. [c:\Users\C27Soren.Herzog\ece383\Herzog_ece383_wksp\ip_repo\ZoGolf_DP_1_0\src\level0_BRAM_Pair.vhd:]
WARNING: [filemgmt 56-199] Attempt to get parsing info during refresh. "On-the-fly" syntax checking information may be incorrect. [c:\Users\C27Soren.Herzog\ece383\Herzog_ece383_wksp\ip_repo\ZoGolf_DP_1_0\src\BRAM_Level_Selector.vhd:]
WARNING: [filemgmt 56-199] Attempt to get parsing info during refresh. "On-the-fly" syntax checking information may be incorrect. [c:\Users\C27Soren.Herzog\ece383\Herzog_ece383_wksp\ip_repo\ZoGolf_DP_1_0\src\ece383_pkg.vhd:]
WARNING: [filemgmt 56-199] Attempt to get parsing info during refresh. "On-the-fly" syntax checking information may be incorrect. [c:\Users\C27Soren.Herzog\ece383\Herzog_ece383_wksp\ip_repo\ZoGolf_DP_1_0\src\ece383_pkg.vhd:]
WARNING: [filemgmt 56-199] Attempt to get parsing info during refresh. "On-the-fly" syntax checking information may be incorrect. [c:\Users\C27Soren.Herzog\ece383\Herzog_ece383_wksp\ip_repo\ZoGolf_DP_1_0\src\ece383_pkg.vhd:]
WARNING: [filemgmt 56-199] Attempt to get parsing info during refresh. "On-the-fly" syntax checking information may be incorrect. [C:\Users\C27Soren.Herzog\ece383\Herzog_ece383_wksp\ip_repo\ZoGolf_DP_1_0\src\level3_BRAM_Pair.vhd:]
WARNING: [filemgmt 56-199] Attempt to get parsing info during refresh. "On-the-fly" syntax checking information may be incorrect. [c:\Users\C27Soren.Herzog\ece383\Herzog_ece383_wksp\ip_repo\ZoGolf_DP_1_0\src\level0_BRAM_Pair.vhd:]
WARNING: [filemgmt 56-199] Attempt to get parsing info during refresh. "On-the-fly" syntax checking information may be incorrect. [C:\Users\C27Soren.Herzog\ece383\Herzog_ece383_wksp\ip_repo\ZoGolf_DP_1_0\src\level6_BRAM_Pair.vhd:]
WARNING: [filemgmt 56-199] Attempt to get parsing info during refresh. "On-the-fly" syntax checking information may be incorrect. [C:\Users\C27Soren.Herzog\ece383\Herzog_ece383_wksp\ip_repo\ZoGolf_DP_1_0\src\level7_BRAM_Pair.vhd:]
WARNING: [filemgmt 56-199] Attempt to get parsing info during refresh. "On-the-fly" syntax checking information may be incorrect. [C:\Users\C27Soren.Herzog\ece383\Herzog_ece383_wksp\ip_repo\ZoGolf_DP_1_0\src\level8_BRAM_Pair.vhd:]
WARNING: [filemgmt 56-199] Attempt to get parsing info during refresh. "On-the-fly" syntax checking information may be incorrect. [C:\Users\C27Soren.Herzog\ece383\Herzog_ece383_wksp\ip_repo\ZoGolf_DP_1_0\src\level5_BRAM_Pair.vhd:]
WARNING: [filemgmt 56-199] Attempt to get parsing info during refresh. "On-the-fly" syntax checking information may be incorrect. [c:\Users\C27Soren.Herzog\ece383\Herzog_ece383_wksp\ip_repo\ZoGolf_DP_1_0\src\BRAM_Level_Selector.vhd:]
WARNING: [filemgmt 56-199] Attempt to get parsing info during refresh. "On-the-fly" syntax checking information may be incorrect. [C:\Users\C27Soren.Herzog\ece383\Herzog_ece383_wksp\ip_repo\ZoGolf_DP_1_0\src\level4_BRAM_Pair.vhd:]
WARNING: [filemgmt 56-199] Attempt to get parsing info during refresh. "On-the-fly" syntax checking information may be incorrect. [C:\Users\C27Soren.Herzog\ece383\Herzog_ece383_wksp\ip_repo\ZoGolf_DP_1_0\src\level9_BRAM_Pair.vhd:]
WARNING: [filemgmt 56-199] Attempt to get parsing info during refresh. "On-the-fly" syntax checking information may be incorrect. [c:\Users\C27Soren.Herzog\ece383\Herzog_ece383_wksp\ip_repo\ZoGolf_DP_1_0\src\ece383_pkg.vhd:]
WARNING: [filemgmt 56-199] Attempt to get parsing info during refresh. "On-the-fly" syntax checking information may be incorrect. [c:\Users\C27Soren.Herzog\ece383\Herzog_ece383_wksp\ip_repo\ZoGolf_DP_1_0\src\ece383_pkg.vhd:]
WARNING: [filemgmt 56-199] Attempt to get parsing info during refresh. "On-the-fly" syntax checking information may be incorrect. [c:\Users\C27Soren.Herzog\ece383\Herzog_ece383_wksp\ip_repo\ZoGolf_DP_1_0\src\ece383_pkg.vhd:]
WARNING: [filemgmt 56-199] Attempt to get parsing info during refresh. "On-the-fly" syntax checking information may be incorrect. [C:\Users\C27Soren.Herzog\ece383\Herzog_ece383_wksp\ip_repo\ZoGolf_DP_1_0\src\level3_BRAM_Pair.vhd:]
WARNING: [filemgmt 56-199] Attempt to get parsing info during refresh. "On-the-fly" syntax checking information may be incorrect. [c:\Users\C27Soren.Herzog\ece383\Herzog_ece383_wksp\ip_repo\ZoGolf_DP_1_0\src\level0_BRAM_Pair.vhd:]
WARNING: [filemgmt 56-199] Attempt to get parsing info during refresh. "On-the-fly" syntax checking information may be incorrect. [C:\Users\C27Soren.Herzog\ece383\Herzog_ece383_wksp\ip_repo\ZoGolf_DP_1_0\src\level6_BRAM_Pair.vhd:]
WARNING: [filemgmt 56-199] Attempt to get parsing info during refresh. "On-the-fly" syntax checking information may be incorrect. [C:\Users\C27Soren.Herzog\ece383\Herzog_ece383_wksp\ip_repo\ZoGolf_DP_1_0\src\level7_BRAM_Pair.vhd:]
WARNING: [filemgmt 56-199] Attempt to get parsing info during refresh. "On-the-fly" syntax checking information may be incorrect. [C:\Users\C27Soren.Herzog\ece383\Herzog_ece383_wksp\ip_repo\ZoGolf_DP_1_0\src\level8_BRAM_Pair.vhd:]
WARNING: [filemgmt 56-199] Attempt to get parsing info during refresh. "On-the-fly" syntax checking information may be incorrect. [C:\Users\C27Soren.Herzog\ece383\Herzog_ece383_wksp\ip_repo\ZoGolf_DP_1_0\src\level5_BRAM_Pair.vhd:]
WARNING: [filemgmt 56-199] Attempt to get parsing info during refresh. "On-the-fly" syntax checking information may be incorrect. [c:\Users\C27Soren.Herzog\ece383\Herzog_ece383_wksp\ip_repo\ZoGolf_DP_1_0\src\BRAM_Level_Selector.vhd:]
WARNING: [filemgmt 56-199] Attempt to get parsing info during refresh. "On-the-fly" syntax checking information may be incorrect. [C:\Users\C27Soren.Herzog\ece383\Herzog_ece383_wksp\ip_repo\ZoGolf_DP_1_0\src\level4_BRAM_Pair.vhd:]
WARNING: [filemgmt 56-199] Attempt to get parsing info during refresh. "On-the-fly" syntax checking information may be incorrect. [C:\Users\C27Soren.Herzog\ece383\Herzog_ece383_wksp\ip_repo\ZoGolf_DP_1_0\src\level9_BRAM_Pair.vhd:]
WARNING: [filemgmt 56-199] Attempt to get parsing info during refresh. "On-the-fly" syntax checking information may be incorrect. [C:\Users\C27Soren.Herzog\ece383\Herzog_ece383_wksp\ip_repo\ZoGolf_DP_1_0\src\level9_BRAM_Pair.vhd:]
WARNING: [filemgmt 56-199] Attempt to get parsing info during refresh. "On-the-fly" syntax checking information may be incorrect. [C:\Users\C27Soren.Herzog\ece383\Herzog_ece383_wksp\ip_repo\ZoGolf_DP_1_0\src\level9_BRAM_Pair.vhd:]
WARNING: [filemgmt 56-199] Attempt to get parsing info during refresh. "On-the-fly" syntax checking information may be incorrect. [c:\Users\C27Soren.Herzog\ece383\Herzog_ece383_wksp\ip_repo\ZoGolf_DP_1_0\src\ece383_pkg.vhd:]
WARNING: [filemgmt 56-199] Attempt to get parsing info during refresh. "On-the-fly" syntax checking information may be incorrect. [C:\Users\C27Soren.Herzog\ece383\Herzog_ece383_wksp\ip_repo\ZoGolf_DP_1_0\src\level3_BRAM_Pair.vhd:]
WARNING: [filemgmt 56-199] Attempt to get parsing info during refresh. "On-the-fly" syntax checking information may be incorrect. [c:\Users\C27Soren.Herzog\ece383\Herzog_ece383_wksp\ip_repo\ZoGolf_DP_1_0\src\level0_BRAM_Pair.vhd:]
WARNING: [filemgmt 56-199] Attempt to get parsing info during refresh. "On-the-fly" syntax checking information may be incorrect. [C:\Users\C27Soren.Herzog\ece383\Herzog_ece383_wksp\ip_repo\ZoGolf_DP_1_0\src\level6_BRAM_Pair.vhd:]
WARNING: [filemgmt 56-199] Attempt to get parsing info during refresh. "On-the-fly" syntax checking information may be incorrect. [C:\Users\C27Soren.Herzog\ece383\Herzog_ece383_wksp\ip_repo\ZoGolf_DP_1_0\src\level7_BRAM_Pair.vhd:]
WARNING: [filemgmt 56-199] Attempt to get parsing info during refresh. "On-the-fly" syntax checking information may be incorrect. [C:\Users\C27Soren.Herzog\ece383\Herzog_ece383_wksp\ip_repo\ZoGolf_DP_1_0\src\level8_BRAM_Pair.vhd:]
WARNING: [filemgmt 56-199] Attempt to get parsing info during refresh. "On-the-fly" syntax checking information may be incorrect. [C:\Users\C27Soren.Herzog\ece383\Herzog_ece383_wksp\ip_repo\ZoGolf_DP_1_0\src\level5_BRAM_Pair.vhd:]
WARNING: [filemgmt 56-199] Attempt to get parsing info during refresh. "On-the-fly" syntax checking information may be incorrect. [c:\Users\C27Soren.Herzog\ece383\Herzog_ece383_wksp\ip_repo\ZoGolf_DP_1_0\src\BRAM_Level_Selector.vhd:]
WARNING: [filemgmt 56-199] Attempt to get parsing info during refresh. "On-the-fly" syntax checking information may be incorrect. [C:\Users\C27Soren.Herzog\ece383\Herzog_ece383_wksp\ip_repo\ZoGolf_DP_1_0\src\level4_BRAM_Pair.vhd:]
WARNING: [filemgmt 56-199] Attempt to get parsing info during refresh. "On-the-fly" syntax checking information may be incorrect. [C:\Users\C27Soren.Herzog\ece383\Herzog_ece383_wksp\ip_repo\ZoGolf_DP_1_0\src\level9_BRAM_Pair.vhd:]
WARNING: [filemgmt 56-199] Attempt to get parsing info during refresh. "On-the-fly" syntax checking information may be incorrect. [C:\Users\C27Soren.Herzog\ece383\Herzog_ece383_wksp\ip_repo\ZoGolf_DP_1_0\src\level5_BRAM_Pair.vhd:]
WARNING: [filemgmt 56-199] Attempt to get parsing info during refresh. "On-the-fly" syntax checking information may be incorrect. [C:\Users\C27Soren.Herzog\ece383\Herzog_ece383_wksp\ip_repo\ZoGolf_DP_1_0\src\level5_BRAM_Pair.vhd:]
WARNING: [filemgmt 56-199] Attempt to get parsing info during refresh. "On-the-fly" syntax checking information may be incorrect. [c:\Users\C27Soren.Herzog\ece383\Herzog_ece383_wksp\ip_repo\ZoGolf_DP_1_0\src\ece383_pkg.vhd:]
WARNING: [filemgmt 56-199] Attempt to get parsing info during refresh. "On-the-fly" syntax checking information may be incorrect. [C:\Users\C27Soren.Herzog\ece383\Herzog_ece383_wksp\ip_repo\ZoGolf_DP_1_0\src\level3_BRAM_Pair.vhd:]
WARNING: [filemgmt 56-199] Attempt to get parsing info during refresh. "On-the-fly" syntax checking information may be incorrect. [c:\Users\C27Soren.Herzog\ece383\Herzog_ece383_wksp\ip_repo\ZoGolf_DP_1_0\src\level0_BRAM_Pair.vhd:]
WARNING: [filemgmt 56-199] Attempt to get parsing info during refresh. "On-the-fly" syntax checking information may be incorrect. [C:\Users\C27Soren.Herzog\ece383\Herzog_ece383_wksp\ip_repo\ZoGolf_DP_1_0\src\level6_BRAM_Pair.vhd:]
WARNING: [filemgmt 56-199] Attempt to get parsing info during refresh. "On-the-fly" syntax checking information may be incorrect. [C:\Users\C27Soren.Herzog\ece383\Herzog_ece383_wksp\ip_repo\ZoGolf_DP_1_0\src\level7_BRAM_Pair.vhd:]
WARNING: [filemgmt 56-199] Attempt to get parsing info during refresh. "On-the-fly" syntax checking information may be incorrect. [C:\Users\C27Soren.Herzog\ece383\Herzog_ece383_wksp\ip_repo\ZoGolf_DP_1_0\src\level8_BRAM_Pair.vhd:]
WARNING: [filemgmt 56-199] Attempt to get parsing info during refresh. "On-the-fly" syntax checking information may be incorrect. [C:\Users\C27Soren.Herzog\ece383\Herzog_ece383_wksp\ip_repo\ZoGolf_DP_1_0\src\level5_BRAM_Pair.vhd:]
WARNING: [filemgmt 56-199] Attempt to get parsing info during refresh. "On-the-fly" syntax checking information may be incorrect. [c:\Users\C27Soren.Herzog\ece383\Herzog_ece383_wksp\ip_repo\ZoGolf_DP_1_0\src\BRAM_Level_Selector.vhd:]
WARNING: [filemgmt 56-199] Attempt to get parsing info during refresh. "On-the-fly" syntax checking information may be incorrect. [C:\Users\C27Soren.Herzog\ece383\Herzog_ece383_wksp\ip_repo\ZoGolf_DP_1_0\src\level4_BRAM_Pair.vhd:]
WARNING: [filemgmt 56-199] Attempt to get parsing info during refresh. "On-the-fly" syntax checking information may be incorrect. [C:\Users\C27Soren.Herzog\ece383\Herzog_ece383_wksp\ip_repo\ZoGolf_DP_1_0\src\level9_BRAM_Pair.vhd:]
WARNING: [filemgmt 56-199] Attempt to get parsing info during refresh. "On-the-fly" syntax checking information may be incorrect. [C:\Users\C27Soren.Herzog\ece383\Herzog_ece383_wksp\ip_repo\ZoGolf_DP_1_0\src\level7_BRAM_Pair.vhd:]
WARNING: [filemgmt 56-199] Attempt to get parsing info during refresh. "On-the-fly" syntax checking information may be incorrect. [C:\Users\C27Soren.Herzog\ece383\Herzog_ece383_wksp\ip_repo\ZoGolf_DP_1_0\src\level7_BRAM_Pair.vhd:]
WARNING: [filemgmt 56-199] Attempt to get parsing info during refresh. "On-the-fly" syntax checking information may be incorrect. [c:\Users\C27Soren.Herzog\ece383\Herzog_ece383_wksp\ip_repo\ZoGolf_DP_1_0\src\ece383_pkg.vhd:]
WARNING: [filemgmt 56-199] Attempt to get parsing info during refresh. "On-the-fly" syntax checking information may be incorrect. [C:\Users\C27Soren.Herzog\ece383\Herzog_ece383_wksp\ip_repo\ZoGolf_DP_1_0\src\level3_BRAM_Pair.vhd:]
WARNING: [filemgmt 56-199] Attempt to get parsing info during refresh. "On-the-fly" syntax checking information may be incorrect. [c:\Users\C27Soren.Herzog\ece383\Herzog_ece383_wksp\ip_repo\ZoGolf_DP_1_0\src\level0_BRAM_Pair.vhd:]
WARNING: [filemgmt 56-199] Attempt to get parsing info during refresh. "On-the-fly" syntax checking information may be incorrect. [C:\Users\C27Soren.Herzog\ece383\Herzog_ece383_wksp\ip_repo\ZoGolf_DP_1_0\src\level6_BRAM_Pair.vhd:]
WARNING: [filemgmt 56-199] Attempt to get parsing info during refresh. "On-the-fly" syntax checking information may be incorrect. [C:\Users\C27Soren.Herzog\ece383\Herzog_ece383_wksp\ip_repo\ZoGolf_DP_1_0\src\level7_BRAM_Pair.vhd:]
WARNING: [filemgmt 56-199] Attempt to get parsing info during refresh. "On-the-fly" syntax checking information may be incorrect. [C:\Users\C27Soren.Herzog\ece383\Herzog_ece383_wksp\ip_repo\ZoGolf_DP_1_0\src\level8_BRAM_Pair.vhd:]
WARNING: [filemgmt 56-199] Attempt to get parsing info during refresh. "On-the-fly" syntax checking information may be incorrect. [C:\Users\C27Soren.Herzog\ece383\Herzog_ece383_wksp\ip_repo\ZoGolf_DP_1_0\src\level5_BRAM_Pair.vhd:]
WARNING: [filemgmt 56-199] Attempt to get parsing info during refresh. "On-the-fly" syntax checking information may be incorrect. [c:\Users\C27Soren.Herzog\ece383\Herzog_ece383_wksp\ip_repo\ZoGolf_DP_1_0\src\BRAM_Level_Selector.vhd:]
WARNING: [filemgmt 56-199] Attempt to get parsing info during refresh. "On-the-fly" syntax checking information may be incorrect. [C:\Users\C27Soren.Herzog\ece383\Herzog_ece383_wksp\ip_repo\ZoGolf_DP_1_0\src\level4_BRAM_Pair.vhd:]
WARNING: [filemgmt 56-199] Attempt to get parsing info during refresh. "On-the-fly" syntax checking information may be incorrect. [C:\Users\C27Soren.Herzog\ece383\Herzog_ece383_wksp\ip_repo\ZoGolf_DP_1_0\src\level9_BRAM_Pair.vhd:]
WARNING: [filemgmt 56-199] Attempt to get parsing info during refresh. "On-the-fly" syntax checking information may be incorrect. [C:\Users\C27Soren.Herzog\ece383\Herzog_ece383_wksp\ip_repo\ZoGolf_DP_1_0\src\level4_BRAM_Pair.vhd:]
WARNING: [filemgmt 56-199] Attempt to get parsing info during refresh. "On-the-fly" syntax checking information may be incorrect. [C:\Users\C27Soren.Herzog\ece383\Herzog_ece383_wksp\ip_repo\ZoGolf_DP_1_0\src\level4_BRAM_Pair.vhd:]
WARNING: [filemgmt 56-199] Attempt to get parsing info during refresh. "On-the-fly" syntax checking information may be incorrect. [c:\Users\C27Soren.Herzog\ece383\Herzog_ece383_wksp\ip_repo\ZoGolf_DP_1_0\src\ece383_pkg.vhd:]
WARNING: [filemgmt 56-199] Attempt to get parsing info during refresh. "On-the-fly" syntax checking information may be incorrect. [C:\Users\C27Soren.Herzog\ece383\Herzog_ece383_wksp\ip_repo\ZoGolf_DP_1_0\src\level3_BRAM_Pair.vhd:]
WARNING: [filemgmt 56-199] Attempt to get parsing info during refresh. "On-the-fly" syntax checking information may be incorrect. [c:\Users\C27Soren.Herzog\ece383\Herzog_ece383_wksp\ip_repo\ZoGolf_DP_1_0\src\level0_BRAM_Pair.vhd:]
WARNING: [filemgmt 56-199] Attempt to get parsing info during refresh. "On-the-fly" syntax checking information may be incorrect. [C:\Users\C27Soren.Herzog\ece383\Herzog_ece383_wksp\ip_repo\ZoGolf_DP_1_0\src\level6_BRAM_Pair.vhd:]
WARNING: [filemgmt 56-199] Attempt to get parsing info during refresh. "On-the-fly" syntax checking information may be incorrect. [C:\Users\C27Soren.Herzog\ece383\Herzog_ece383_wksp\ip_repo\ZoGolf_DP_1_0\src\level7_BRAM_Pair.vhd:]
WARNING: [filemgmt 56-199] Attempt to get parsing info during refresh. "On-the-fly" syntax checking information may be incorrect. [C:\Users\C27Soren.Herzog\ece383\Herzog_ece383_wksp\ip_repo\ZoGolf_DP_1_0\src\level8_BRAM_Pair.vhd:]
WARNING: [filemgmt 56-199] Attempt to get parsing info during refresh. "On-the-fly" syntax checking information may be incorrect. [C:\Users\C27Soren.Herzog\ece383\Herzog_ece383_wksp\ip_repo\ZoGolf_DP_1_0\src\level5_BRAM_Pair.vhd:]
WARNING: [filemgmt 56-199] Attempt to get parsing info during refresh. "On-the-fly" syntax checking information may be incorrect. [c:\Users\C27Soren.Herzog\ece383\Herzog_ece383_wksp\ip_repo\ZoGolf_DP_1_0\src\BRAM_Level_Selector.vhd:]
WARNING: [filemgmt 56-199] Attempt to get parsing info during refresh. "On-the-fly" syntax checking information may be incorrect. [C:\Users\C27Soren.Herzog\ece383\Herzog_ece383_wksp\ip_repo\ZoGolf_DP_1_0\src\level4_BRAM_Pair.vhd:]
WARNING: [filemgmt 56-199] Attempt to get parsing info during refresh. "On-the-fly" syntax checking information may be incorrect. [C:\Users\C27Soren.Herzog\ece383\Herzog_ece383_wksp\ip_repo\ZoGolf_DP_1_0\src\level9_BRAM_Pair.vhd:]
WARNING: [filemgmt 56-199] Attempt to get parsing info during refresh. "On-the-fly" syntax checking information may be incorrect. [C:\Users\C27Soren.Herzog\ece383\Herzog_ece383_wksp\ip_repo\ZoGolf_DP_1_0\src\level6_BRAM_Pair.vhd:]
WARNING: [filemgmt 56-199] Attempt to get parsing info during refresh. "On-the-fly" syntax checking information may be incorrect. [C:\Users\C27Soren.Herzog\ece383\Herzog_ece383_wksp\ip_repo\ZoGolf_DP_1_0\src\level6_BRAM_Pair.vhd:]
WARNING: [filemgmt 56-199] Attempt to get parsing info during refresh. "On-the-fly" syntax checking information may be incorrect. [c:\Users\C27Soren.Herzog\ece383\Herzog_ece383_wksp\ip_repo\ZoGolf_DP_1_0\src\ece383_pkg.vhd:]
WARNING: [filemgmt 56-199] Attempt to get parsing info during refresh. "On-the-fly" syntax checking information may be incorrect. [C:\Users\C27Soren.Herzog\ece383\Herzog_ece383_wksp\ip_repo\ZoGolf_DP_1_0\src\level3_BRAM_Pair.vhd:]
WARNING: [filemgmt 56-199] Attempt to get parsing info during refresh. "On-the-fly" syntax checking information may be incorrect. [c:\Users\C27Soren.Herzog\ece383\Herzog_ece383_wksp\ip_repo\ZoGolf_DP_1_0\src\level0_BRAM_Pair.vhd:]
WARNING: [filemgmt 56-199] Attempt to get parsing info during refresh. "On-the-fly" syntax checking information may be incorrect. [C:\Users\C27Soren.Herzog\ece383\Herzog_ece383_wksp\ip_repo\ZoGolf_DP_1_0\src\level6_BRAM_Pair.vhd:]
WARNING: [filemgmt 56-199] Attempt to get parsing info during refresh. "On-the-fly" syntax checking information may be incorrect. [C:\Users\C27Soren.Herzog\ece383\Herzog_ece383_wksp\ip_repo\ZoGolf_DP_1_0\src\level7_BRAM_Pair.vhd:]
WARNING: [filemgmt 56-199] Attempt to get parsing info during refresh. "On-the-fly" syntax checking information may be incorrect. [C:\Users\C27Soren.Herzog\ece383\Herzog_ece383_wksp\ip_repo\ZoGolf_DP_1_0\src\level8_BRAM_Pair.vhd:]
WARNING: [filemgmt 56-199] Attempt to get parsing info during refresh. "On-the-fly" syntax checking information may be incorrect. [C:\Users\C27Soren.Herzog\ece383\Herzog_ece383_wksp\ip_repo\ZoGolf_DP_1_0\src\level5_BRAM_Pair.vhd:]
WARNING: [filemgmt 56-199] Attempt to get parsing info during refresh. "On-the-fly" syntax checking information may be incorrect. [c:\Users\C27Soren.Herzog\ece383\Herzog_ece383_wksp\ip_repo\ZoGolf_DP_1_0\src\BRAM_Level_Selector.vhd:]
WARNING: [filemgmt 56-199] Attempt to get parsing info during refresh. "On-the-fly" syntax checking information may be incorrect. [C:\Users\C27Soren.Herzog\ece383\Herzog_ece383_wksp\ip_repo\ZoGolf_DP_1_0\src\level4_BRAM_Pair.vhd:]
WARNING: [filemgmt 56-199] Attempt to get parsing info during refresh. "On-the-fly" syntax checking information may be incorrect. [C:\Users\C27Soren.Herzog\ece383\Herzog_ece383_wksp\ip_repo\ZoGolf_DP_1_0\src\level9_BRAM_Pair.vhd:]
WARNING: [filemgmt 56-199] Attempt to get parsing info during refresh. "On-the-fly" syntax checking information may be incorrect. [C:\Users\C27Soren.Herzog\ece383\Herzog_ece383_wksp\ip_repo\ZoGolf_DP_1_0\src\level8_BRAM_Pair.vhd:]
WARNING: [filemgmt 56-199] Attempt to get parsing info during refresh. "On-the-fly" syntax checking information may be incorrect. [C:\Users\C27Soren.Herzog\ece383\Herzog_ece383_wksp\ip_repo\ZoGolf_DP_1_0\src\level8_BRAM_Pair.vhd:]
WARNING: [filemgmt 56-199] Attempt to get parsing info during refresh. "On-the-fly" syntax checking information may be incorrect. [c:\Users\C27Soren.Herzog\ece383\Herzog_ece383_wksp\ip_repo\ZoGolf_DP_1_0\src\ece383_pkg.vhd:]
WARNING: [filemgmt 56-199] Attempt to get parsing info during refresh. "On-the-fly" syntax checking information may be incorrect. [C:\Users\C27Soren.Herzog\ece383\Herzog_ece383_wksp\ip_repo\ZoGolf_DP_1_0\src\level3_BRAM_Pair.vhd:]
WARNING: [filemgmt 56-199] Attempt to get parsing info during refresh. "On-the-fly" syntax checking information may be incorrect. [c:\Users\C27Soren.Herzog\ece383\Herzog_ece383_wksp\ip_repo\ZoGolf_DP_1_0\src\level0_BRAM_Pair.vhd:]
WARNING: [filemgmt 56-199] Attempt to get parsing info during refresh. "On-the-fly" syntax checking information may be incorrect. [C:\Users\C27Soren.Herzog\ece383\Herzog_ece383_wksp\ip_repo\ZoGolf_DP_1_0\src\level6_BRAM_Pair.vhd:]
WARNING: [filemgmt 56-199] Attempt to get parsing info during refresh. "On-the-fly" syntax checking information may be incorrect. [C:\Users\C27Soren.Herzog\ece383\Herzog_ece383_wksp\ip_repo\ZoGolf_DP_1_0\src\level7_BRAM_Pair.vhd:]
WARNING: [filemgmt 56-199] Attempt to get parsing info during refresh. "On-the-fly" syntax checking information may be incorrect. [C:\Users\C27Soren.Herzog\ece383\Herzog_ece383_wksp\ip_repo\ZoGolf_DP_1_0\src\level8_BRAM_Pair.vhd:]
WARNING: [filemgmt 56-199] Attempt to get parsing info during refresh. "On-the-fly" syntax checking information may be incorrect. [C:\Users\C27Soren.Herzog\ece383\Herzog_ece383_wksp\ip_repo\ZoGolf_DP_1_0\src\level5_BRAM_Pair.vhd:]
WARNING: [filemgmt 56-199] Attempt to get parsing info during refresh. "On-the-fly" syntax checking information may be incorrect. [c:\Users\C27Soren.Herzog\ece383\Herzog_ece383_wksp\ip_repo\ZoGolf_DP_1_0\src\BRAM_Level_Selector.vhd:]
WARNING: [filemgmt 56-199] Attempt to get parsing info during refresh. "On-the-fly" syntax checking information may be incorrect. [C:\Users\C27Soren.Herzog\ece383\Herzog_ece383_wksp\ip_repo\ZoGolf_DP_1_0\src\level4_BRAM_Pair.vhd:]
WARNING: [filemgmt 56-199] Attempt to get parsing info during refresh. "On-the-fly" syntax checking information may be incorrect. [C:\Users\C27Soren.Herzog\ece383\Herzog_ece383_wksp\ip_repo\ZoGolf_DP_1_0\src\level9_BRAM_Pair.vhd:]
WARNING: [filemgmt 56-199] Attempt to get parsing info during refresh. "On-the-fly" syntax checking information may be incorrect. [c:\Users\C27Soren.Herzog\ece383\Herzog_ece383_wksp\ip_repo\ZoGolf_DP_1_0\src\BRAM_Level_Selector.vhd:]
WARNING: [filemgmt 56-199] Attempt to get parsing info during refresh. "On-the-fly" syntax checking information may be incorrect. [c:\Users\C27Soren.Herzog\ece383\Herzog_ece383_wksp\ip_repo\ZoGolf_DP_1_0\src\BRAM_Level_Selector.vhd:]
WARNING: [filemgmt 56-199] Attempt to get parsing info during refresh. "On-the-fly" syntax checking information may be incorrect. [c:\Users\C27Soren.Herzog\ece383\Herzog_ece383_wksp\ip_repo\ZoGolf_DP_1_0\src\ece383_pkg.vhd:]
WARNING: [filemgmt 56-199] Attempt to get parsing info during refresh. "On-the-fly" syntax checking information may be incorrect. [C:\Users\C27Soren.Herzog\ece383\Herzog_ece383_wksp\ip_repo\ZoGolf_DP_1_0\src\level3_BRAM_Pair.vhd:]
WARNING: [filemgmt 56-199] Attempt to get parsing info during refresh. "On-the-fly" syntax checking information may be incorrect. [c:\Users\C27Soren.Herzog\ece383\Herzog_ece383_wksp\ip_repo\ZoGolf_DP_1_0\src\level0_BRAM_Pair.vhd:]
WARNING: [filemgmt 56-199] Attempt to get parsing info during refresh. "On-the-fly" syntax checking information may be incorrect. [C:\Users\C27Soren.Herzog\ece383\Herzog_ece383_wksp\ip_repo\ZoGolf_DP_1_0\src\level6_BRAM_Pair.vhd:]
INFO: [Common 17-14] Message 'filemgmt 56-199' appears 100 times and further instances of the messages will be disabled. Use the Tcl command set_msg_config to change the current settings.
ERROR: [Common 17-180] Spawn failed: No error
ERROR: [Common 17-180] Spawn failed: No error
ERROR: [Common 17-180] Spawn failed: No error
ERROR: [Common 17-180] Spawn failed: No error
ERROR: [Common 17-180] Spawn failed: No error
ERROR: [Common 17-180] Spawn failed: No error
WARNING: [filemgmt 56-199] Attempt to get parsing info during refresh. "On-the-fly" syntax checking information may be incorrect. [c:\Users\C27Soren.Herzog\ece383\Herzog_ece383_wksp\ip_repo\ZoGolf_DP_1_0\src\ece383_pkg.vhd:]
WARNING: [filemgmt 56-199] Attempt to get parsing info during refresh. "On-the-fly" syntax checking information may be incorrect. [c:\Users\C27Soren.Herzog\ece383\Herzog_ece383_wksp\ip_repo\ZoGolf_DP_1_0\src\level0_BRAM_Pair.vhd:]
WARNING: [filemgmt 56-199] Attempt to get parsing info during refresh. "On-the-fly" syntax checking information may be incorrect. [C:\Users\C27Soren.Herzog\ece383\Herzog_ece383_wksp\ip_repo\ZoGolf_DP_1_0\src\level6_BRAM_Pair.vhd:]
WARNING: [filemgmt 56-199] Attempt to get parsing info during refresh. "On-the-fly" syntax checking information may be incorrect. [C:\Users\C27Soren.Herzog\ece383\Herzog_ece383_wksp\ip_repo\ZoGolf_DP_1_0\src\level7_BRAM_Pair.vhd:]
WARNING: [filemgmt 56-199] Attempt to get parsing info during refresh. "On-the-fly" syntax checking information may be incorrect. [C:\Users\C27Soren.Herzog\ece383\Herzog_ece383_wksp\ip_repo\ZoGolf_DP_1_0\src\level8_BRAM_Pair.vhd:]
WARNING: [filemgmt 56-199] Attempt to get parsing info during refresh. "On-the-fly" syntax checking information may be incorrect. [C:\Users\C27Soren.Herzog\ece383\Herzog_ece383_wksp\ip_repo\ZoGolf_DP_1_0\src\level5_BRAM_Pair.vhd:]
WARNING: [filemgmt 56-199] Attempt to get parsing info during refresh. "On-the-fly" syntax checking information may be incorrect. [c:\Users\C27Soren.Herzog\ece383\Herzog_ece383_wksp\ip_repo\ZoGolf_DP_1_0\src\BRAM_Level_Selector.vhd:]
WARNING: [filemgmt 56-199] Attempt to get parsing info during refresh. "On-the-fly" syntax checking information may be incorrect. [C:\Users\C27Soren.Herzog\ece383\Herzog_ece383_wksp\ip_repo\ZoGolf_DP_1_0\src\level4_BRAM_Pair.vhd:]
WARNING: [filemgmt 56-199] Attempt to get parsing info during refresh. "On-the-fly" syntax checking information may be incorrect. [C:\Users\C27Soren.Herzog\ece383\Herzog_ece383_wksp\ip_repo\ZoGolf_DP_1_0\src\level9_BRAM_Pair.vhd:]
WARNING: [filemgmt 56-199] Attempt to get parsing info during refresh. "On-the-fly" syntax checking information may be incorrect. [c:\Users\C27Soren.Herzog\ece383\Herzog_ece383_wksp\ip_repo\ZoGolf_DP_1_0\src\BRAM_Level_Selector.vhd:]
WARNING: [filemgmt 56-199] Attempt to get parsing info during refresh. "On-the-fly" syntax checking information may be incorrect. [c:\Users\C27Soren.Herzog\ece383\Herzog_ece383_wksp\ip_repo\ZoGolf_DP_1_0\src\BRAM_Level_Selector.vhd:]
WARNING: [filemgmt 56-199] Attempt to get parsing info during refresh. "On-the-fly" syntax checking information may be incorrect. [c:\Users\C27Soren.Herzog\ece383\Herzog_ece383_wksp\ip_repo\ZoGolf_DP_1_0\src\ece383_pkg.vhd:]
WARNING: [filemgmt 56-199] Attempt to get parsing info during refresh. "On-the-fly" syntax checking information may be incorrect. [c:\Users\C27Soren.Herzog\ece383\Herzog_ece383_wksp\ip_repo\ZoGolf_DP_1_0\src\level0_BRAM_Pair.vhd:]
WARNING: [filemgmt 56-199] Attempt to get parsing info during refresh. "On-the-fly" syntax checking information may be incorrect. [C:\Users\C27Soren.Herzog\ece383\Herzog_ece383_wksp\ip_repo\ZoGolf_DP_1_0\src\level6_BRAM_Pair.vhd:]
WARNING: [filemgmt 56-199] Attempt to get parsing info during refresh. "On-the-fly" syntax checking information may be incorrect. [C:\Users\C27Soren.Herzog\ece383\Herzog_ece383_wksp\ip_repo\ZoGolf_DP_1_0\src\level7_BRAM_Pair.vhd:]
WARNING: [filemgmt 56-199] Attempt to get parsing info during refresh. "On-the-fly" syntax checking information may be incorrect. [C:\Users\C27Soren.Herzog\ece383\Herzog_ece383_wksp\ip_repo\ZoGolf_DP_1_0\src\level8_BRAM_Pair.vhd:]
WARNING: [filemgmt 56-199] Attempt to get parsing info during refresh. "On-the-fly" syntax checking information may be incorrect. [C:\Users\C27Soren.Herzog\ece383\Herzog_ece383_wksp\ip_repo\ZoGolf_DP_1_0\src\level5_BRAM_Pair.vhd:]
WARNING: [filemgmt 56-199] Attempt to get parsing info during refresh. "On-the-fly" syntax checking information may be incorrect. [c:\Users\C27Soren.Herzog\ece383\Herzog_ece383_wksp\ip_repo\ZoGolf_DP_1_0\src\BRAM_Level_Selector.vhd:]
WARNING: [filemgmt 56-199] Attempt to get parsing info during refresh. "On-the-fly" syntax checking information may be incorrect. [C:\Users\C27Soren.Herzog\ece383\Herzog_ece383_wksp\ip_repo\ZoGolf_DP_1_0\src\level4_BRAM_Pair.vhd:]
WARNING: [filemgmt 56-199] Attempt to get parsing info during refresh. "On-the-fly" syntax checking information may be incorrect. [C:\Users\C27Soren.Herzog\ece383\Herzog_ece383_wksp\ip_repo\ZoGolf_DP_1_0\src\level9_BRAM_Pair.vhd:]
WARNING: [filemgmt 56-199] Attempt to get parsing info during refresh. "On-the-fly" syntax checking information may be incorrect. [C:\Users\C27Soren.Herzog\ece383\Herzog_ece383_wksp\ip_repo\ZoGolf_DP_1_0\src\level4_BRAM_Pair.vhd:]
WARNING: [filemgmt 56-199] Attempt to get parsing info during refresh. "On-the-fly" syntax checking information may be incorrect. [C:\Users\C27Soren.Herzog\ece383\Herzog_ece383_wksp\ip_repo\ZoGolf_DP_1_0\src\level4_BRAM_Pair.vhd:]
WARNING: [filemgmt 56-199] Attempt to get parsing info during refresh. "On-the-fly" syntax checking information may be incorrect. [c:\Users\C27Soren.Herzog\ece383\Herzog_ece383_wksp\ip_repo\ZoGolf_DP_1_0\src\ece383_pkg.vhd:]
WARNING: [filemgmt 56-199] Attempt to get parsing info during refresh. "On-the-fly" syntax checking information may be incorrect. [c:\Users\C27Soren.Herzog\ece383\Herzog_ece383_wksp\ip_repo\ZoGolf_DP_1_0\src\level0_BRAM_Pair.vhd:]
WARNING: [filemgmt 56-199] Attempt to get parsing info during refresh. "On-the-fly" syntax checking information may be incorrect. [C:\Users\C27Soren.Herzog\ece383\Herzog_ece383_wksp\ip_repo\ZoGolf_DP_1_0\src\level6_BRAM_Pair.vhd:]
WARNING: [filemgmt 56-199] Attempt to get parsing info during refresh. "On-the-fly" syntax checking information may be incorrect. [C:\Users\C27Soren.Herzog\ece383\Herzog_ece383_wksp\ip_repo\ZoGolf_DP_1_0\src\level7_BRAM_Pair.vhd:]
WARNING: [filemgmt 56-199] Attempt to get parsing info during refresh. "On-the-fly" syntax checking information may be incorrect. [C:\Users\C27Soren.Herzog\ece383\Herzog_ece383_wksp\ip_repo\ZoGolf_DP_1_0\src\level8_BRAM_Pair.vhd:]
WARNING: [filemgmt 56-199] Attempt to get parsing info during refresh. "On-the-fly" syntax checking information may be incorrect. [C:\Users\C27Soren.Herzog\ece383\Herzog_ece383_wksp\ip_repo\ZoGolf_DP_1_0\src\level5_BRAM_Pair.vhd:]
WARNING: [filemgmt 56-199] Attempt to get parsing info during refresh. "On-the-fly" syntax checking information may be incorrect. [c:\Users\C27Soren.Herzog\ece383\Herzog_ece383_wksp\ip_repo\ZoGolf_DP_1_0\src\BRAM_Level_Selector.vhd:]
WARNING: [filemgmt 56-199] Attempt to get parsing info during refresh. "On-the-fly" syntax checking information may be incorrect. [C:\Users\C27Soren.Herzog\ece383\Herzog_ece383_wksp\ip_repo\ZoGolf_DP_1_0\src\level4_BRAM_Pair.vhd:]
WARNING: [filemgmt 56-199] Attempt to get parsing info during refresh. "On-the-fly" syntax checking information may be incorrect. [C:\Users\C27Soren.Herzog\ece383\Herzog_ece383_wksp\ip_repo\ZoGolf_DP_1_0\src\level9_BRAM_Pair.vhd:]
WARNING: [filemgmt 56-199] Attempt to get parsing info during refresh. "On-the-fly" syntax checking information may be incorrect. [C:\Users\C27Soren.Herzog\ece383\Herzog_ece383_wksp\ip_repo\ZoGolf_DP_1_0\src\level6_BRAM_Pair.vhd:]
WARNING: [filemgmt 56-199] Attempt to get parsing info during refresh. "On-the-fly" syntax checking information may be incorrect. [C:\Users\C27Soren.Herzog\ece383\Herzog_ece383_wksp\ip_repo\ZoGolf_DP_1_0\src\level6_BRAM_Pair.vhd:]
WARNING: [filemgmt 56-199] Attempt to get parsing info during refresh. "On-the-fly" syntax checking information may be incorrect. [c:\Users\C27Soren.Herzog\ece383\Herzog_ece383_wksp\ip_repo\ZoGolf_DP_1_0\src\ece383_pkg.vhd:]
WARNING: [filemgmt 56-199] Attempt to get parsing info during refresh. "On-the-fly" syntax checking information may be incorrect. [c:\Users\C27Soren.Herzog\ece383\Herzog_ece383_wksp\ip_repo\ZoGolf_DP_1_0\src\level0_BRAM_Pair.vhd:]
WARNING: [filemgmt 56-199] Attempt to get parsing info during refresh. "On-the-fly" syntax checking information may be incorrect. [C:\Users\C27Soren.Herzog\ece383\Herzog_ece383_wksp\ip_repo\ZoGolf_DP_1_0\src\level6_BRAM_Pair.vhd:]
WARNING: [filemgmt 56-199] Attempt to get parsing info during refresh. "On-the-fly" syntax checking information may be incorrect. [C:\Users\C27Soren.Herzog\ece383\Herzog_ece383_wksp\ip_repo\ZoGolf_DP_1_0\src\level7_BRAM_Pair.vhd:]
WARNING: [filemgmt 56-199] Attempt to get parsing info during refresh. "On-the-fly" syntax checking information may be incorrect. [C:\Users\C27Soren.Herzog\ece383\Herzog_ece383_wksp\ip_repo\ZoGolf_DP_1_0\src\level8_BRAM_Pair.vhd:]
WARNING: [filemgmt 56-199] Attempt to get parsing info during refresh. "On-the-fly" syntax checking information may be incorrect. [C:\Users\C27Soren.Herzog\ece383\Herzog_ece383_wksp\ip_repo\ZoGolf_DP_1_0\src\level5_BRAM_Pair.vhd:]
WARNING: [filemgmt 56-199] Attempt to get parsing info during refresh. "On-the-fly" syntax checking information may be incorrect. [c:\Users\C27Soren.Herzog\ece383\Herzog_ece383_wksp\ip_repo\ZoGolf_DP_1_0\src\BRAM_Level_Selector.vhd:]
WARNING: [filemgmt 56-199] Attempt to get parsing info during refresh. "On-the-fly" syntax checking information may be incorrect. [C:\Users\C27Soren.Herzog\ece383\Herzog_ece383_wksp\ip_repo\ZoGolf_DP_1_0\src\level4_BRAM_Pair.vhd:]
WARNING: [filemgmt 56-199] Attempt to get parsing info during refresh. "On-the-fly" syntax checking information may be incorrect. [C:\Users\C27Soren.Herzog\ece383\Herzog_ece383_wksp\ip_repo\ZoGolf_DP_1_0\src\level9_BRAM_Pair.vhd:]
WARNING: [filemgmt 56-199] Attempt to get parsing info during refresh. "On-the-fly" syntax checking information may be incorrect. [C:\Users\C27Soren.Herzog\ece383\Herzog_ece383_wksp\ip_repo\ZoGolf_DP_1_0\src\level5_BRAM_Pair.vhd:]
WARNING: [filemgmt 56-199] Attempt to get parsing info during refresh. "On-the-fly" syntax checking information may be incorrect. [C:\Users\C27Soren.Herzog\ece383\Herzog_ece383_wksp\ip_repo\ZoGolf_DP_1_0\src\level5_BRAM_Pair.vhd:]
WARNING: [filemgmt 56-199] Attempt to get parsing info during refresh. "On-the-fly" syntax checking information may be incorrect. [c:\Users\C27Soren.Herzog\ece383\Herzog_ece383_wksp\ip_repo\ZoGolf_DP_1_0\src\ece383_pkg.vhd:]
WARNING: [filemgmt 56-199] Attempt to get parsing info during refresh. "On-the-fly" syntax checking information may be incorrect. [c:\Users\C27Soren.Herzog\ece383\Herzog_ece383_wksp\ip_repo\ZoGolf_DP_1_0\src\level0_BRAM_Pair.vhd:]
WARNING: [filemgmt 56-199] Attempt to get parsing info during refresh. "On-the-fly" syntax checking information may be incorrect. [C:\Users\C27Soren.Herzog\ece383\Herzog_ece383_wksp\ip_repo\ZoGolf_DP_1_0\src\level6_BRAM_Pair.vhd:]
WARNING: [filemgmt 56-199] Attempt to get parsing info during refresh. "On-the-fly" syntax checking information may be incorrect. [C:\Users\C27Soren.Herzog\ece383\Herzog_ece383_wksp\ip_repo\ZoGolf_DP_1_0\src\level7_BRAM_Pair.vhd:]
WARNING: [filemgmt 56-199] Attempt to get parsing info during refresh. "On-the-fly" syntax checking information may be incorrect. [C:\Users\C27Soren.Herzog\ece383\Herzog_ece383_wksp\ip_repo\ZoGolf_DP_1_0\src\level8_BRAM_Pair.vhd:]
WARNING: [filemgmt 56-199] Attempt to get parsing info during refresh. "On-the-fly" syntax checking information may be incorrect. [C:\Users\C27Soren.Herzog\ece383\Herzog_ece383_wksp\ip_repo\ZoGolf_DP_1_0\src\level5_BRAM_Pair.vhd:]
WARNING: [filemgmt 56-199] Attempt to get parsing info during refresh. "On-the-fly" syntax checking information may be incorrect. [c:\Users\C27Soren.Herzog\ece383\Herzog_ece383_wksp\ip_repo\ZoGolf_DP_1_0\src\BRAM_Level_Selector.vhd:]
WARNING: [filemgmt 56-199] Attempt to get parsing info during refresh. "On-the-fly" syntax checking information may be incorrect. [C:\Users\C27Soren.Herzog\ece383\Herzog_ece383_wksp\ip_repo\ZoGolf_DP_1_0\src\level4_BRAM_Pair.vhd:]
WARNING: [filemgmt 56-199] Attempt to get parsing info during refresh. "On-the-fly" syntax checking information may be incorrect. [C:\Users\C27Soren.Herzog\ece383\Herzog_ece383_wksp\ip_repo\ZoGolf_DP_1_0\src\level9_BRAM_Pair.vhd:]
WARNING: [filemgmt 56-199] Attempt to get parsing info during refresh. "On-the-fly" syntax checking information may be incorrect. [C:\Users\C27Soren.Herzog\ece383\Herzog_ece383_wksp\ip_repo\ZoGolf_DP_1_0\src\level8_BRAM_Pair.vhd:]
WARNING: [filemgmt 56-199] Attempt to get parsing info during refresh. "On-the-fly" syntax checking information may be incorrect. [C:\Users\C27Soren.Herzog\ece383\Herzog_ece383_wksp\ip_repo\ZoGolf_DP_1_0\src\level8_BRAM_Pair.vhd:]
WARNING: [filemgmt 56-199] Attempt to get parsing info during refresh. "On-the-fly" syntax checking information may be incorrect. [c:\Users\C27Soren.Herzog\ece383\Herzog_ece383_wksp\ip_repo\ZoGolf_DP_1_0\src\ece383_pkg.vhd:]
WARNING: [filemgmt 56-199] Attempt to get parsing info during refresh. "On-the-fly" syntax checking information may be incorrect. [c:\Users\C27Soren.Herzog\ece383\Herzog_ece383_wksp\ip_repo\ZoGolf_DP_1_0\src\level0_BRAM_Pair.vhd:]
WARNING: [filemgmt 56-199] Attempt to get parsing info during refresh. "On-the-fly" syntax checking information may be incorrect. [C:\Users\C27Soren.Herzog\ece383\Herzog_ece383_wksp\ip_repo\ZoGolf_DP_1_0\src\level6_BRAM_Pair.vhd:]
WARNING: [filemgmt 56-199] Attempt to get parsing info during refresh. "On-the-fly" syntax checking information may be incorrect. [C:\Users\C27Soren.Herzog\ece383\Herzog_ece383_wksp\ip_repo\ZoGolf_DP_1_0\src\level7_BRAM_Pair.vhd:]
WARNING: [filemgmt 56-199] Attempt to get parsing info during refresh. "On-the-fly" syntax checking information may be incorrect. [C:\Users\C27Soren.Herzog\ece383\Herzog_ece383_wksp\ip_repo\ZoGolf_DP_1_0\src\level8_BRAM_Pair.vhd:]
WARNING: [filemgmt 56-199] Attempt to get parsing info during refresh. "On-the-fly" syntax checking information may be incorrect. [C:\Users\C27Soren.Herzog\ece383\Herzog_ece383_wksp\ip_repo\ZoGolf_DP_1_0\src\level5_BRAM_Pair.vhd:]
WARNING: [filemgmt 56-199] Attempt to get parsing info during refresh. "On-the-fly" syntax checking information may be incorrect. [c:\Users\C27Soren.Herzog\ece383\Herzog_ece383_wksp\ip_repo\ZoGolf_DP_1_0\src\BRAM_Level_Selector.vhd:]
WARNING: [filemgmt 56-199] Attempt to get parsing info during refresh. "On-the-fly" syntax checking information may be incorrect. [C:\Users\C27Soren.Herzog\ece383\Herzog_ece383_wksp\ip_repo\ZoGolf_DP_1_0\src\level4_BRAM_Pair.vhd:]
WARNING: [filemgmt 56-199] Attempt to get parsing info during refresh. "On-the-fly" syntax checking information may be incorrect. [C:\Users\C27Soren.Herzog\ece383\Herzog_ece383_wksp\ip_repo\ZoGolf_DP_1_0\src\level9_BRAM_Pair.vhd:]
WARNING: [filemgmt 56-199] Attempt to get parsing info during refresh. "On-the-fly" syntax checking information may be incorrect. [c:\Users\C27Soren.Herzog\ece383\Herzog_ece383_wksp\ip_repo\ZoGolf_DP_1_0\src\ece383_pkg.vhd:]
WARNING: [filemgmt 56-199] Attempt to get parsing info during refresh. "On-the-fly" syntax checking information may be incorrect. [c:\Users\C27Soren.Herzog\ece383\Herzog_ece383_wksp\ip_repo\ZoGolf_DP_1_0\src\ece383_pkg.vhd:]
ERROR: [Common 17-180] Spawn failed: No error
WARNING: [filemgmt 56-199] Attempt to get parsing info during refresh. "On-the-fly" syntax checking information may be incorrect. [c:\Users\C27Soren.Herzog\ece383\Herzog_ece383_wksp\ip_repo\ZoGolf_DP_1_0\src\ece383_pkg.vhd:]
WARNING: [filemgmt 56-199] Attempt to get parsing info during refresh. "On-the-fly" syntax checking information may be incorrect. [c:\Users\C27Soren.Herzog\ece383\Herzog_ece383_wksp\ip_repo\ZoGolf_DP_1_0\src\level0_BRAM_Pair.vhd:]
WARNING: [filemgmt 56-199] Attempt to get parsing info during refresh. "On-the-fly" syntax checking information may be incorrect. [C:\Users\C27Soren.Herzog\ece383\Herzog_ece383_wksp\ip_repo\ZoGolf_DP_1_0\src\level6_BRAM_Pair.vhd:]
WARNING: [filemgmt 56-199] Attempt to get parsing info during refresh. "On-the-fly" syntax checking information may be incorrect. [C:\Users\C27Soren.Herzog\ece383\Herzog_ece383_wksp\ip_repo\ZoGolf_DP_1_0\src\level7_BRAM_Pair.vhd:]
WARNING: [filemgmt 56-199] Attempt to get parsing info during refresh. "On-the-fly" syntax checking information may be incorrect. [C:\Users\C27Soren.Herzog\ece383\Herzog_ece383_wksp\ip_repo\ZoGolf_DP_1_0\src\level8_BRAM_Pair.vhd:]
WARNING: [filemgmt 56-199] Attempt to get parsing info during refresh. "On-the-fly" syntax checking information may be incorrect. [C:\Users\C27Soren.Herzog\ece383\Herzog_ece383_wksp\ip_repo\ZoGolf_DP_1_0\src\level5_BRAM_Pair.vhd:]
WARNING: [filemgmt 56-199] Attempt to get parsing info during refresh. "On-the-fly" syntax checking information may be incorrect. [c:\Users\C27Soren.Herzog\ece383\Herzog_ece383_wksp\ip_repo\ZoGolf_DP_1_0\src\BRAM_Level_Selector.vhd:]
WARNING: [filemgmt 56-199] Attempt to get parsing info during refresh. "On-the-fly" syntax checking information may be incorrect. [C:\Users\C27Soren.Herzog\ece383\Herzog_ece383_wksp\ip_repo\ZoGolf_DP_1_0\src\level4_BRAM_Pair.vhd:]
WARNING: [filemgmt 56-199] Attempt to get parsing info during refresh. "On-the-fly" syntax checking information may be incorrect. [C:\Users\C27Soren.Herzog\ece383\Herzog_ece383_wksp\ip_repo\ZoGolf_DP_1_0\src\level9_BRAM_Pair.vhd:]
WARNING: [filemgmt 56-199] Attempt to get parsing info during refresh. "On-the-fly" syntax checking information may be incorrect. [C:\Users\C27Soren.Herzog\ece383\Herzog_ece383_wksp\ip_repo\ZoGolf_DP_1_0\src\level9_BRAM_Pair.vhd:]
WARNING: [filemgmt 56-199] Attempt to get parsing info during refresh. "On-the-fly" syntax checking information may be incorrect. [C:\Users\C27Soren.Herzog\ece383\Herzog_ece383_wksp\ip_repo\ZoGolf_DP_1_0\src\level9_BRAM_Pair.vhd:]
ERROR: [Common 17-180] Spawn failed: No error
WARNING: [filemgmt 56-199] Attempt to get parsing info during refresh. "On-the-fly" syntax checking information may be incorrect. [c:\Users\C27Soren.Herzog\ece383\Herzog_ece383_wksp\ip_repo\ZoGolf_DP_1_0\src\ece383_pkg.vhd:]
WARNING: [filemgmt 56-199] Attempt to get parsing info during refresh. "On-the-fly" syntax checking information may be incorrect. [c:\Users\C27Soren.Herzog\ece383\Herzog_ece383_wksp\ip_repo\ZoGolf_DP_1_0\src\level0_BRAM_Pair.vhd:]
WARNING: [filemgmt 56-199] Attempt to get parsing info during refresh. "On-the-fly" syntax checking information may be incorrect. [C:\Users\C27Soren.Herzog\ece383\Herzog_ece383_wksp\ip_repo\ZoGolf_DP_1_0\src\level6_BRAM_Pair.vhd:]
WARNING: [filemgmt 56-199] Attempt to get parsing info during refresh. "On-the-fly" syntax checking information may be incorrect. [C:\Users\C27Soren.Herzog\ece383\Herzog_ece383_wksp\ip_repo\ZoGolf_DP_1_0\src\level7_BRAM_Pair.vhd:]
WARNING: [filemgmt 56-199] Attempt to get parsing info during refresh. "On-the-fly" syntax checking information may be incorrect. [C:\Users\C27Soren.Herzog\ece383\Herzog_ece383_wksp\ip_repo\ZoGolf_DP_1_0\src\level8_BRAM_Pair.vhd:]
WARNING: [filemgmt 56-199] Attempt to get parsing info during refresh. "On-the-fly" syntax checking information may be incorrect. [C:\Users\C27Soren.Herzog\ece383\Herzog_ece383_wksp\ip_repo\ZoGolf_DP_1_0\src\level5_BRAM_Pair.vhd:]
WARNING: [filemgmt 56-199] Attempt to get parsing info during refresh. "On-the-fly" syntax checking information may be incorrect. [c:\Users\C27Soren.Herzog\ece383\Herzog_ece383_wksp\ip_repo\ZoGolf_DP_1_0\src\BRAM_Level_Selector.vhd:]
WARNING: [filemgmt 56-199] Attempt to get parsing info during refresh. "On-the-fly" syntax checking information may be incorrect. [C:\Users\C27Soren.Herzog\ece383\Herzog_ece383_wksp\ip_repo\ZoGolf_DP_1_0\src\level4_BRAM_Pair.vhd:]
WARNING: [filemgmt 56-199] Attempt to get parsing info during refresh. "On-the-fly" syntax checking information may be incorrect. [C:\Users\C27Soren.Herzog\ece383\Herzog_ece383_wksp\ip_repo\ZoGolf_DP_1_0\src\level9_BRAM_Pair.vhd:]
WARNING: [filemgmt 56-199] Attempt to get parsing info during refresh. "On-the-fly" syntax checking information may be incorrect. [C:\Users\C27Soren.Herzog\ece383\Herzog_ece383_wksp\ip_repo\ZoGolf_DP_1_0\src\level7_BRAM_Pair.vhd:]
WARNING: [filemgmt 56-199] Attempt to get parsing info during refresh. "On-the-fly" syntax checking information may be incorrect. [C:\Users\C27Soren.Herzog\ece383\Herzog_ece383_wksp\ip_repo\ZoGolf_DP_1_0\src\level7_BRAM_Pair.vhd:]
WARNING: [filemgmt 56-199] Attempt to get parsing info during refresh. "On-the-fly" syntax checking information may be incorrect. [c:\Users\C27Soren.Herzog\ece383\Herzog_ece383_wksp\ip_repo\ZoGolf_DP_1_0\src\ece383_pkg.vhd:]
WARNING: [filemgmt 56-199] Attempt to get parsing info during refresh. "On-the-fly" syntax checking information may be incorrect. [c:\Users\C27Soren.Herzog\ece383\Herzog_ece383_wksp\ip_repo\ZoGolf_DP_1_0\src\level0_BRAM_Pair.vhd:]
WARNING: [filemgmt 56-199] Attempt to get parsing info during refresh. "On-the-fly" syntax checking information may be incorrect. [C:\Users\C27Soren.Herzog\ece383\Herzog_ece383_wksp\ip_repo\ZoGolf_DP_1_0\src\level6_BRAM_Pair.vhd:]
WARNING: [filemgmt 56-199] Attempt to get parsing info during refresh. "On-the-fly" syntax checking information may be incorrect. [C:\Users\C27Soren.Herzog\ece383\Herzog_ece383_wksp\ip_repo\ZoGolf_DP_1_0\src\level7_BRAM_Pair.vhd:]
WARNING: [filemgmt 56-199] Attempt to get parsing info during refresh. "On-the-fly" syntax checking information may be incorrect. [C:\Users\C27Soren.Herzog\ece383\Herzog_ece383_wksp\ip_repo\ZoGolf_DP_1_0\src\level8_BRAM_Pair.vhd:]
WARNING: [filemgmt 56-199] Attempt to get parsing info during refresh. "On-the-fly" syntax checking information may be incorrect. [C:\Users\C27Soren.Herzog\ece383\Herzog_ece383_wksp\ip_repo\ZoGolf_DP_1_0\src\level5_BRAM_Pair.vhd:]
WARNING: [filemgmt 56-199] Attempt to get parsing info during refresh. "On-the-fly" syntax checking information may be incorrect. [c:\Users\C27Soren.Herzog\ece383\Herzog_ece383_wksp\ip_repo\ZoGolf_DP_1_0\src\BRAM_Level_Selector.vhd:]
WARNING: [filemgmt 56-199] Attempt to get parsing info during refresh. "On-the-fly" syntax checking information may be incorrect. [C:\Users\C27Soren.Herzog\ece383\Herzog_ece383_wksp\ip_repo\ZoGolf_DP_1_0\src\level4_BRAM_Pair.vhd:]
WARNING: [filemgmt 56-199] Attempt to get parsing info during refresh. "On-the-fly" syntax checking information may be incorrect. [C:\Users\C27Soren.Herzog\ece383\Herzog_ece383_wksp\ip_repo\ZoGolf_DP_1_0\src\level9_BRAM_Pair.vhd:]
WARNING: [filemgmt 56-199] Attempt to get parsing info during refresh. "On-the-fly" syntax checking information may be incorrect. [c:\Users\C27Soren.Herzog\ece383\Herzog_ece383_wksp\ip_repo\ZoGolf_DP_1_0\src\BRAM_Level_Selector.vhd:]
WARNING: [filemgmt 56-199] Attempt to get parsing info during refresh. "On-the-fly" syntax checking information may be incorrect. [c:\Users\C27Soren.Herzog\ece383\Herzog_ece383_wksp\ip_repo\ZoGolf_DP_1_0\src\BRAM_Level_Selector.vhd:]
WARNING: [filemgmt 56-199] Attempt to get parsing info during refresh. "On-the-fly" syntax checking information may be incorrect. [c:\Users\C27Soren.Herzog\ece383\Herzog_ece383_wksp\ip_repo\ZoGolf_DP_1_0\src\ece383_pkg.vhd:]
WARNING: [filemgmt 56-199] Attempt to get parsing info during refresh. "On-the-fly" syntax checking information may be incorrect. [c:\Users\C27Soren.Herzog\ece383\Herzog_ece383_wksp\ip_repo\ZoGolf_DP_1_0\src\level0_BRAM_Pair.vhd:]
WARNING: [filemgmt 56-199] Attempt to get parsing info during refresh. "On-the-fly" syntax checking information may be incorrect. [C:\Users\C27Soren.Herzog\ece383\Herzog_ece383_wksp\ip_repo\ZoGolf_DP_1_0\src\level6_BRAM_Pair.vhd:]
WARNING: [filemgmt 56-199] Attempt to get parsing info during refresh. "On-the-fly" syntax checking information may be incorrect. [C:\Users\C27Soren.Herzog\ece383\Herzog_ece383_wksp\ip_repo\ZoGolf_DP_1_0\src\level7_BRAM_Pair.vhd:]
WARNING: [filemgmt 56-199] Attempt to get parsing info during refresh. "On-the-fly" syntax checking information may be incorrect. [C:\Users\C27Soren.Herzog\ece383\Herzog_ece383_wksp\ip_repo\ZoGolf_DP_1_0\src\level8_BRAM_Pair.vhd:]
WARNING: [filemgmt 56-199] Attempt to get parsing info during refresh. "On-the-fly" syntax checking information may be incorrect. [C:\Users\C27Soren.Herzog\ece383\Herzog_ece383_wksp\ip_repo\ZoGolf_DP_1_0\src\level5_BRAM_Pair.vhd:]
WARNING: [filemgmt 56-199] Attempt to get parsing info during refresh. "On-the-fly" syntax checking information may be incorrect. [c:\Users\C27Soren.Herzog\ece383\Herzog_ece383_wksp\ip_repo\ZoGolf_DP_1_0\src\BRAM_Level_Selector.vhd:]
WARNING: [filemgmt 56-199] Attempt to get parsing info during refresh. "On-the-fly" syntax checking information may be incorrect. [C:\Users\C27Soren.Herzog\ece383\Herzog_ece383_wksp\ip_repo\ZoGolf_DP_1_0\src\level4_BRAM_Pair.vhd:]
WARNING: [filemgmt 56-199] Attempt to get parsing info during refresh. "On-the-fly" syntax checking information may be incorrect. [C:\Users\C27Soren.Herzog\ece383\Herzog_ece383_wksp\ip_repo\ZoGolf_DP_1_0\src\level9_BRAM_Pair.vhd:]
WARNING: [filemgmt 56-199] Attempt to get parsing info during refresh. "On-the-fly" syntax checking information may be incorrect. [C:\Users\C27Soren.Herzog\ece383\Herzog_ece383_wksp\ip_repo\ZoGolf_DP_1_0\src\level4_BRAM_Pair.vhd:]
WARNING: [filemgmt 56-199] Attempt to get parsing info during refresh. "On-the-fly" syntax checking information may be incorrect. [C:\Users\C27Soren.Herzog\ece383\Herzog_ece383_wksp\ip_repo\ZoGolf_DP_1_0\src\level4_BRAM_Pair.vhd:]
WARNING: [filemgmt 56-199] Attempt to get parsing info during refresh. "On-the-fly" syntax checking information may be incorrect. [c:\Users\C27Soren.Herzog\ece383\Herzog_ece383_wksp\ip_repo\ZoGolf_DP_1_0\src\ece383_pkg.vhd:]
WARNING: [filemgmt 56-199] Attempt to get parsing info during refresh. "On-the-fly" syntax checking information may be incorrect. [c:\Users\C27Soren.Herzog\ece383\Herzog_ece383_wksp\ip_repo\ZoGolf_DP_1_0\src\level0_BRAM_Pair.vhd:]
WARNING: [filemgmt 56-199] Attempt to get parsing info during refresh. "On-the-fly" syntax checking information may be incorrect. [C:\Users\C27Soren.Herzog\ece383\Herzog_ece383_wksp\ip_repo\ZoGolf_DP_1_0\src\level6_BRAM_Pair.vhd:]
WARNING: [filemgmt 56-199] Attempt to get parsing info during refresh. "On-the-fly" syntax checking information may be incorrect. [C:\Users\C27Soren.Herzog\ece383\Herzog_ece383_wksp\ip_repo\ZoGolf_DP_1_0\src\level7_BRAM_Pair.vhd:]
WARNING: [filemgmt 56-199] Attempt to get parsing info during refresh. "On-the-fly" syntax checking information may be incorrect. [C:\Users\C27Soren.Herzog\ece383\Herzog_ece383_wksp\ip_repo\ZoGolf_DP_1_0\src\level8_BRAM_Pair.vhd:]
WARNING: [filemgmt 56-199] Attempt to get parsing info during refresh. "On-the-fly" syntax checking information may be incorrect. [C:\Users\C27Soren.Herzog\ece383\Herzog_ece383_wksp\ip_repo\ZoGolf_DP_1_0\src\level5_BRAM_Pair.vhd:]
WARNING: [filemgmt 56-199] Attempt to get parsing info during refresh. "On-the-fly" syntax checking information may be incorrect. [c:\Users\C27Soren.Herzog\ece383\Herzog_ece383_wksp\ip_repo\ZoGolf_DP_1_0\src\BRAM_Level_Selector.vhd:]
WARNING: [filemgmt 56-199] Attempt to get parsing info during refresh. "On-the-fly" syntax checking information may be incorrect. [C:\Users\C27Soren.Herzog\ece383\Herzog_ece383_wksp\ip_repo\ZoGolf_DP_1_0\src\level4_BRAM_Pair.vhd:]
WARNING: [filemgmt 56-199] Attempt to get parsing info during refresh. "On-the-fly" syntax checking information may be incorrect. [C:\Users\C27Soren.Herzog\ece383\Herzog_ece383_wksp\ip_repo\ZoGolf_DP_1_0\src\level9_BRAM_Pair.vhd:]
WARNING: [filemgmt 56-199] Attempt to get parsing info during refresh. "On-the-fly" syntax checking information may be incorrect. [C:\Users\C27Soren.Herzog\ece383\Herzog_ece383_wksp\ip_repo\ZoGolf_DP_1_0\src\level6_BRAM_Pair.vhd:]
WARNING: [filemgmt 56-199] Attempt to get parsing info during refresh. "On-the-fly" syntax checking information may be incorrect. [C:\Users\C27Soren.Herzog\ece383\Herzog_ece383_wksp\ip_repo\ZoGolf_DP_1_0\src\level6_BRAM_Pair.vhd:]
WARNING: [filemgmt 56-199] Attempt to get parsing info during refresh. "On-the-fly" syntax checking information may be incorrect. [c:\Users\C27Soren.Herzog\ece383\Herzog_ece383_wksp\ip_repo\ZoGolf_DP_1_0\src\ece383_pkg.vhd:]
WARNING: [filemgmt 56-199] Attempt to get parsing info during refresh. "On-the-fly" syntax checking information may be incorrect. [c:\Users\C27Soren.Herzog\ece383\Herzog_ece383_wksp\ip_repo\ZoGolf_DP_1_0\src\level0_BRAM_Pair.vhd:]
WARNING: [filemgmt 56-199] Attempt to get parsing info during refresh. "On-the-fly" syntax checking information may be incorrect. [C:\Users\C27Soren.Herzog\ece383\Herzog_ece383_wksp\ip_repo\ZoGolf_DP_1_0\src\level6_BRAM_Pair.vhd:]
WARNING: [filemgmt 56-199] Attempt to get parsing info during refresh. "On-the-fly" syntax checking information may be incorrect. [C:\Users\C27Soren.Herzog\ece383\Herzog_ece383_wksp\ip_repo\ZoGolf_DP_1_0\src\level7_BRAM_Pair.vhd:]
WARNING: [filemgmt 56-199] Attempt to get parsing info during refresh. "On-the-fly" syntax checking information may be incorrect. [C:\Users\C27Soren.Herzog\ece383\Herzog_ece383_wksp\ip_repo\ZoGolf_DP_1_0\src\level8_BRAM_Pair.vhd:]
WARNING: [filemgmt 56-199] Attempt to get parsing info during refresh. "On-the-fly" syntax checking information may be incorrect. [C:\Users\C27Soren.Herzog\ece383\Herzog_ece383_wksp\ip_repo\ZoGolf_DP_1_0\src\level5_BRAM_Pair.vhd:]
WARNING: [filemgmt 56-199] Attempt to get parsing info during refresh. "On-the-fly" syntax checking information may be incorrect. [c:\Users\C27Soren.Herzog\ece383\Herzog_ece383_wksp\ip_repo\ZoGolf_DP_1_0\src\BRAM_Level_Selector.vhd:]
WARNING: [filemgmt 56-199] Attempt to get parsing info during refresh. "On-the-fly" syntax checking information may be incorrect. [C:\Users\C27Soren.Herzog\ece383\Herzog_ece383_wksp\ip_repo\ZoGolf_DP_1_0\src\level4_BRAM_Pair.vhd:]
WARNING: [filemgmt 56-199] Attempt to get parsing info during refresh. "On-the-fly" syntax checking information may be incorrect. [C:\Users\C27Soren.Herzog\ece383\Herzog_ece383_wksp\ip_repo\ZoGolf_DP_1_0\src\level9_BRAM_Pair.vhd:]
WARNING: [filemgmt 56-199] Attempt to get parsing info during refresh. "On-the-fly" syntax checking information may be incorrect. [C:\Users\C27Soren.Herzog\ece383\Herzog_ece383_wksp\ip_repo\ZoGolf_DP_1_0\src\level8_BRAM_Pair.vhd:]
WARNING: [filemgmt 56-199] Attempt to get parsing info during refresh. "On-the-fly" syntax checking information may be incorrect. [C:\Users\C27Soren.Herzog\ece383\Herzog_ece383_wksp\ip_repo\ZoGolf_DP_1_0\src\level8_BRAM_Pair.vhd:]
WARNING: [filemgmt 56-199] Attempt to get parsing info during refresh. "On-the-fly" syntax checking information may be incorrect. [c:\Users\C27Soren.Herzog\ece383\Herzog_ece383_wksp\ip_repo\ZoGolf_DP_1_0\src\ece383_pkg.vhd:]
WARNING: [filemgmt 56-199] Attempt to get parsing info during refresh. "On-the-fly" syntax checking information may be incorrect. [c:\Users\C27Soren.Herzog\ece383\Herzog_ece383_wksp\ip_repo\ZoGolf_DP_1_0\src\level0_BRAM_Pair.vhd:]
WARNING: [filemgmt 56-199] Attempt to get parsing info during refresh. "On-the-fly" syntax checking information may be incorrect. [C:\Users\C27Soren.Herzog\ece383\Herzog_ece383_wksp\ip_repo\ZoGolf_DP_1_0\src\level6_BRAM_Pair.vhd:]
WARNING: [filemgmt 56-199] Attempt to get parsing info during refresh. "On-the-fly" syntax checking information may be incorrect. [C:\Users\C27Soren.Herzog\ece383\Herzog_ece383_wksp\ip_repo\ZoGolf_DP_1_0\src\level7_BRAM_Pair.vhd:]
WARNING: [filemgmt 56-199] Attempt to get parsing info during refresh. "On-the-fly" syntax checking information may be incorrect. [C:\Users\C27Soren.Herzog\ece383\Herzog_ece383_wksp\ip_repo\ZoGolf_DP_1_0\src\level8_BRAM_Pair.vhd:]
WARNING: [filemgmt 56-199] Attempt to get parsing info during refresh. "On-the-fly" syntax checking information may be incorrect. [C:\Users\C27Soren.Herzog\ece383\Herzog_ece383_wksp\ip_repo\ZoGolf_DP_1_0\src\level5_BRAM_Pair.vhd:]
WARNING: [filemgmt 56-199] Attempt to get parsing info during refresh. "On-the-fly" syntax checking information may be incorrect. [c:\Users\C27Soren.Herzog\ece383\Herzog_ece383_wksp\ip_repo\ZoGolf_DP_1_0\src\BRAM_Level_Selector.vhd:]
WARNING: [filemgmt 56-199] Attempt to get parsing info during refresh. "On-the-fly" syntax checking information may be incorrect. [C:\Users\C27Soren.Herzog\ece383\Herzog_ece383_wksp\ip_repo\ZoGolf_DP_1_0\src\level4_BRAM_Pair.vhd:]
WARNING: [filemgmt 56-199] Attempt to get parsing info during refresh. "On-the-fly" syntax checking information may be incorrect. [C:\Users\C27Soren.Herzog\ece383\Herzog_ece383_wksp\ip_repo\ZoGolf_DP_1_0\src\level9_BRAM_Pair.vhd:]
WARNING: [filemgmt 56-199] Attempt to get parsing info during refresh. "On-the-fly" syntax checking information may be incorrect. [C:\Users\C27Soren.Herzog\ece383\Herzog_ece383_wksp\ip_repo\ZoGolf_DP_1_0\src\level5_BRAM_Pair.vhd:]
WARNING: [filemgmt 56-199] Attempt to get parsing info during refresh. "On-the-fly" syntax checking information may be incorrect. [C:\Users\C27Soren.Herzog\ece383\Herzog_ece383_wksp\ip_repo\ZoGolf_DP_1_0\src\level5_BRAM_Pair.vhd:]
WARNING: [filemgmt 56-199] Attempt to get parsing info during refresh. "On-the-fly" syntax checking information may be incorrect. [c:\Users\C27Soren.Herzog\ece383\Herzog_ece383_wksp\ip_repo\ZoGolf_DP_1_0\src\ece383_pkg.vhd:]
WARNING: [filemgmt 56-199] Attempt to get parsing info during refresh. "On-the-fly" syntax checking information may be incorrect. [c:\Users\C27Soren.Herzog\ece383\Herzog_ece383_wksp\ip_repo\ZoGolf_DP_1_0\src\level0_BRAM_Pair.vhd:]
WARNING: [filemgmt 56-199] Attempt to get parsing info during refresh. "On-the-fly" syntax checking information may be incorrect. [C:\Users\C27Soren.Herzog\ece383\Herzog_ece383_wksp\ip_repo\ZoGolf_DP_1_0\src\level6_BRAM_Pair.vhd:]
WARNING: [filemgmt 56-199] Attempt to get parsing info during refresh. "On-the-fly" syntax checking information may be incorrect. [C:\Users\C27Soren.Herzog\ece383\Herzog_ece383_wksp\ip_repo\ZoGolf_DP_1_0\src\level7_BRAM_Pair.vhd:]
WARNING: [filemgmt 56-199] Attempt to get parsing info during refresh. "On-the-fly" syntax checking information may be incorrect. [C:\Users\C27Soren.Herzog\ece383\Herzog_ece383_wksp\ip_repo\ZoGolf_DP_1_0\src\level8_BRAM_Pair.vhd:]
WARNING: [filemgmt 56-199] Attempt to get parsing info during refresh. "On-the-fly" syntax checking information may be incorrect. [C:\Users\C27Soren.Herzog\ece383\Herzog_ece383_wksp\ip_repo\ZoGolf_DP_1_0\src\level5_BRAM_Pair.vhd:]
WARNING: [filemgmt 56-199] Attempt to get parsing info during refresh. "On-the-fly" syntax checking information may be incorrect. [c:\Users\C27Soren.Herzog\ece383\Herzog_ece383_wksp\ip_repo\ZoGolf_DP_1_0\src\BRAM_Level_Selector.vhd:]
WARNING: [filemgmt 56-199] Attempt to get parsing info during refresh. "On-the-fly" syntax checking information may be incorrect. [C:\Users\C27Soren.Herzog\ece383\Herzog_ece383_wksp\ip_repo\ZoGolf_DP_1_0\src\level4_BRAM_Pair.vhd:]
WARNING: [filemgmt 56-199] Attempt to get parsing info during refresh. "On-the-fly" syntax checking information may be incorrect. [C:\Users\C27Soren.Herzog\ece383\Herzog_ece383_wksp\ip_repo\ZoGolf_DP_1_0\src\level9_BRAM_Pair.vhd:]
WARNING: [filemgmt 56-199] Attempt to get parsing info during refresh. "On-the-fly" syntax checking information may be incorrect. [c:\Users\C27Soren.Herzog\ece383\Herzog_ece383_wksp\ip_repo\ZoGolf_DP_1_0\src\ece383_pkg.vhd:]
WARNING: [filemgmt 56-199] Attempt to get parsing info during refresh. "On-the-fly" syntax checking information may be incorrect. [c:\Users\C27Soren.Herzog\ece383\Herzog_ece383_wksp\ip_repo\ZoGolf_DP_1_0\src\ece383_pkg.vhd:]
WARNING: [filemgmt 56-199] Attempt to get parsing info during refresh. "On-the-fly" syntax checking information may be incorrect. [c:\Users\C27Soren.Herzog\ece383\Herzog_ece383_wksp\ip_repo\ZoGolf_DP_1_0\src\ece383_pkg.vhd:]
WARNING: [filemgmt 56-199] Attempt to get parsing info during refresh. "On-the-fly" syntax checking information may be incorrect. [c:\Users\C27Soren.Herzog\ece383\Herzog_ece383_wksp\ip_repo\ZoGolf_DP_1_0\src\level0_BRAM_Pair.vhd:]
WARNING: [filemgmt 56-199] Attempt to get parsing info during refresh. "On-the-fly" syntax checking information may be incorrect. [C:\Users\C27Soren.Herzog\ece383\Herzog_ece383_wksp\ip_repo\ZoGolf_DP_1_0\src\level6_BRAM_Pair.vhd:]
WARNING: [filemgmt 56-199] Attempt to get parsing info during refresh. "On-the-fly" syntax checking information may be incorrect. [C:\Users\C27Soren.Herzog\ece383\Herzog_ece383_wksp\ip_repo\ZoGolf_DP_1_0\src\level7_BRAM_Pair.vhd:]
WARNING: [filemgmt 56-199] Attempt to get parsing info during refresh. "On-the-fly" syntax checking information may be incorrect. [C:\Users\C27Soren.Herzog\ece383\Herzog_ece383_wksp\ip_repo\ZoGolf_DP_1_0\src\level8_BRAM_Pair.vhd:]
WARNING: [filemgmt 56-199] Attempt to get parsing info during refresh. "On-the-fly" syntax checking information may be incorrect. [C:\Users\C27Soren.Herzog\ece383\Herzog_ece383_wksp\ip_repo\ZoGolf_DP_1_0\src\level5_BRAM_Pair.vhd:]
WARNING: [filemgmt 56-199] Attempt to get parsing info during refresh. "On-the-fly" syntax checking information may be incorrect. [c:\Users\C27Soren.Herzog\ece383\Herzog_ece383_wksp\ip_repo\ZoGolf_DP_1_0\src\BRAM_Level_Selector.vhd:]
WARNING: [filemgmt 56-199] Attempt to get parsing info during refresh. "On-the-fly" syntax checking information may be incorrect. [C:\Users\C27Soren.Herzog\ece383\Herzog_ece383_wksp\ip_repo\ZoGolf_DP_1_0\src\level4_BRAM_Pair.vhd:]
WARNING: [filemgmt 56-199] Attempt to get parsing info during refresh. "On-the-fly" syntax checking information may be incorrect. [C:\Users\C27Soren.Herzog\ece383\Herzog_ece383_wksp\ip_repo\ZoGolf_DP_1_0\src\level9_BRAM_Pair.vhd:]
WARNING: [filemgmt 56-199] Attempt to get parsing info during refresh. "On-the-fly" syntax checking information may be incorrect. [C:\Users\C27Soren.Herzog\ece383\Herzog_ece383_wksp\ip_repo\ZoGolf_DP_1_0\src\level9_BRAM_Pair.vhd:]
WARNING: [filemgmt 56-199] Attempt to get parsing info during refresh. "On-the-fly" syntax checking information may be incorrect. [C:\Users\C27Soren.Herzog\ece383\Herzog_ece383_wksp\ip_repo\ZoGolf_DP_1_0\src\level9_BRAM_Pair.vhd:]
WARNING: [filemgmt 56-199] Attempt to get parsing info during refresh. "On-the-fly" syntax checking information may be incorrect. [c:\Users\C27Soren.Herzog\ece383\Herzog_ece383_wksp\ip_repo\ZoGolf_DP_1_0\src\ece383_pkg.vhd:]
WARNING: [filemgmt 56-199] Attempt to get parsing info during refresh. "On-the-fly" syntax checking information may be incorrect. [c:\Users\C27Soren.Herzog\ece383\Herzog_ece383_wksp\ip_repo\ZoGolf_DP_1_0\src\level0_BRAM_Pair.vhd:]
WARNING: [filemgmt 56-199] Attempt to get parsing info during refresh. "On-the-fly" syntax checking information may be incorrect. [C:\Users\C27Soren.Herzog\ece383\Herzog_ece383_wksp\ip_repo\ZoGolf_DP_1_0\src\level6_BRAM_Pair.vhd:]
WARNING: [filemgmt 56-199] Attempt to get parsing info during refresh. "On-the-fly" syntax checking information may be incorrect. [C:\Users\C27Soren.Herzog\ece383\Herzog_ece383_wksp\ip_repo\ZoGolf_DP_1_0\src\level7_BRAM_Pair.vhd:]
WARNING: [filemgmt 56-199] Attempt to get parsing info during refresh. "On-the-fly" syntax checking information may be incorrect. [C:\Users\C27Soren.Herzog\ece383\Herzog_ece383_wksp\ip_repo\ZoGolf_DP_1_0\src\level8_BRAM_Pair.vhd:]
WARNING: [filemgmt 56-199] Attempt to get parsing info during refresh. "On-the-fly" syntax checking information may be incorrect. [C:\Users\C27Soren.Herzog\ece383\Herzog_ece383_wksp\ip_repo\ZoGolf_DP_1_0\src\level5_BRAM_Pair.vhd:]
WARNING: [filemgmt 56-199] Attempt to get parsing info during refresh. "On-the-fly" syntax checking information may be incorrect. [c:\Users\C27Soren.Herzog\ece383\Herzog_ece383_wksp\ip_repo\ZoGolf_DP_1_0\src\BRAM_Level_Selector.vhd:]
WARNING: [filemgmt 56-199] Attempt to get parsing info during refresh. "On-the-fly" syntax checking information may be incorrect. [C:\Users\C27Soren.Herzog\ece383\Herzog_ece383_wksp\ip_repo\ZoGolf_DP_1_0\src\level4_BRAM_Pair.vhd:]
WARNING: [filemgmt 56-199] Attempt to get parsing info during refresh. "On-the-fly" syntax checking information may be incorrect. [C:\Users\C27Soren.Herzog\ece383\Herzog_ece383_wksp\ip_repo\ZoGolf_DP_1_0\src\level9_BRAM_Pair.vhd:]
WARNING: [filemgmt 56-199] Attempt to get parsing info during refresh. "On-the-fly" syntax checking information may be incorrect. [C:\Users\C27Soren.Herzog\ece383\Herzog_ece383_wksp\ip_repo\ZoGolf_DP_1_0\src\level7_BRAM_Pair.vhd:]
WARNING: [filemgmt 56-199] Attempt to get parsing info during refresh. "On-the-fly" syntax checking information may be incorrect. [C:\Users\C27Soren.Herzog\ece383\Herzog_ece383_wksp\ip_repo\ZoGolf_DP_1_0\src\level7_BRAM_Pair.vhd:]
WARNING: [filemgmt 56-199] Attempt to get parsing info during refresh. "On-the-fly" syntax checking information may be incorrect. [c:\Users\C27Soren.Herzog\ece383\Herzog_ece383_wksp\ip_repo\ZoGolf_DP_1_0\src\ece383_pkg.vhd:]
WARNING: [filemgmt 56-199] Attempt to get parsing info during refresh. "On-the-fly" syntax checking information may be incorrect. [C:\Users\C27Soren.Herzog\ece383\Herzog_ece383_wksp\ip_repo\ZoGolf_DP_1_0\src\level3_BRAM_Pair.vhd:]
WARNING: [filemgmt 56-199] Attempt to get parsing info during refresh. "On-the-fly" syntax checking information may be incorrect. [c:\Users\C27Soren.Herzog\ece383\Herzog_ece383_wksp\ip_repo\ZoGolf_DP_1_0\src\level0_BRAM_Pair.vhd:]
WARNING: [filemgmt 56-199] Attempt to get parsing info during refresh. "On-the-fly" syntax checking information may be incorrect. [C:\Users\C27Soren.Herzog\ece383\Herzog_ece383_wksp\ip_repo\ZoGolf_DP_1_0\src\level6_BRAM_Pair.vhd:]
WARNING: [filemgmt 56-199] Attempt to get parsing info during refresh. "On-the-fly" syntax checking information may be incorrect. [C:\Users\C27Soren.Herzog\ece383\Herzog_ece383_wksp\ip_repo\ZoGolf_DP_1_0\src\level7_BRAM_Pair.vhd:]
WARNING: [filemgmt 56-199] Attempt to get parsing info during refresh. "On-the-fly" syntax checking information may be incorrect. [C:\Users\C27Soren.Herzog\ece383\Herzog_ece383_wksp\ip_repo\ZoGolf_DP_1_0\src\level8_BRAM_Pair.vhd:]
WARNING: [filemgmt 56-199] Attempt to get parsing info during refresh. "On-the-fly" syntax checking information may be incorrect. [C:\Users\C27Soren.Herzog\ece383\Herzog_ece383_wksp\ip_repo\ZoGolf_DP_1_0\src\level5_BRAM_Pair.vhd:]
WARNING: [filemgmt 56-199] Attempt to get parsing info during refresh. "On-the-fly" syntax checking information may be incorrect. [c:\Users\C27Soren.Herzog\ece383\Herzog_ece383_wksp\ip_repo\ZoGolf_DP_1_0\src\BRAM_Level_Selector.vhd:]
WARNING: [filemgmt 56-199] Attempt to get parsing info during refresh. "On-the-fly" syntax checking information may be incorrect. [C:\Users\C27Soren.Herzog\ece383\Herzog_ece383_wksp\ip_repo\ZoGolf_DP_1_0\src\level4_BRAM_Pair.vhd:]
WARNING: [filemgmt 56-199] Attempt to get parsing info during refresh. "On-the-fly" syntax checking information may be incorrect. [C:\Users\C27Soren.Herzog\ece383\Herzog_ece383_wksp\ip_repo\ZoGolf_DP_1_0\src\level9_BRAM_Pair.vhd:]
WARNING: [filemgmt 56-199] Attempt to get parsing info during refresh. "On-the-fly" syntax checking information may be incorrect. [c:\Users\C27Soren.Herzog\ece383\Herzog_ece383_wksp\ip_repo\ZoGolf_DP_1_0\src\BRAM_Level_Selector.vhd:]
WARNING: [filemgmt 56-199] Attempt to get parsing info during refresh. "On-the-fly" syntax checking information may be incorrect. [c:\Users\C27Soren.Herzog\ece383\Herzog_ece383_wksp\ip_repo\ZoGolf_DP_1_0\src\BRAM_Level_Selector.vhd:]
WARNING: [filemgmt 56-199] Attempt to get parsing info during refresh. "On-the-fly" syntax checking information may be incorrect. [c:\Users\C27Soren.Herzog\ece383\Herzog_ece383_wksp\ip_repo\ZoGolf_DP_1_0\src\ece383_pkg.vhd:]
WARNING: [filemgmt 56-199] Attempt to get parsing info during refresh. "On-the-fly" syntax checking information may be incorrect. [C:\Users\C27Soren.Herzog\ece383\Herzog_ece383_wksp\ip_repo\ZoGolf_DP_1_0\src\level3_BRAM_Pair.vhd:]
WARNING: [filemgmt 56-199] Attempt to get parsing info during refresh. "On-the-fly" syntax checking information may be incorrect. [c:\Users\C27Soren.Herzog\ece383\Herzog_ece383_wksp\ip_repo\ZoGolf_DP_1_0\src\level0_BRAM_Pair.vhd:]
WARNING: [filemgmt 56-199] Attempt to get parsing info during refresh. "On-the-fly" syntax checking information may be incorrect. [C:\Users\C27Soren.Herzog\ece383\Herzog_ece383_wksp\ip_repo\ZoGolf_DP_1_0\src\level6_BRAM_Pair.vhd:]
WARNING: [filemgmt 56-199] Attempt to get parsing info during refresh. "On-the-fly" syntax checking information may be incorrect. [C:\Users\C27Soren.Herzog\ece383\Herzog_ece383_wksp\ip_repo\ZoGolf_DP_1_0\src\level7_BRAM_Pair.vhd:]
WARNING: [filemgmt 56-199] Attempt to get parsing info during refresh. "On-the-fly" syntax checking information may be incorrect. [C:\Users\C27Soren.Herzog\ece383\Herzog_ece383_wksp\ip_repo\ZoGolf_DP_1_0\src\level8_BRAM_Pair.vhd:]
WARNING: [filemgmt 56-199] Attempt to get parsing info during refresh. "On-the-fly" syntax checking information may be incorrect. [C:\Users\C27Soren.Herzog\ece383\Herzog_ece383_wksp\ip_repo\ZoGolf_DP_1_0\src\level5_BRAM_Pair.vhd:]
WARNING: [filemgmt 56-199] Attempt to get parsing info during refresh. "On-the-fly" syntax checking information may be incorrect. [c:\Users\C27Soren.Herzog\ece383\Herzog_ece383_wksp\ip_repo\ZoGolf_DP_1_0\src\BRAM_Level_Selector.vhd:]
WARNING: [filemgmt 56-199] Attempt to get parsing info during refresh. "On-the-fly" syntax checking information may be incorrect. [C:\Users\C27Soren.Herzog\ece383\Herzog_ece383_wksp\ip_repo\ZoGolf_DP_1_0\src\level4_BRAM_Pair.vhd:]
WARNING: [filemgmt 56-199] Attempt to get parsing info during refresh. "On-the-fly" syntax checking information may be incorrect. [C:\Users\C27Soren.Herzog\ece383\Herzog_ece383_wksp\ip_repo\ZoGolf_DP_1_0\src\level9_BRAM_Pair.vhd:]
WARNING: [filemgmt 56-199] Attempt to get parsing info during refresh. "On-the-fly" syntax checking information may be incorrect. [C:\Users\C27Soren.Herzog\ece383\Herzog_ece383_wksp\ip_repo\ZoGolf_DP_1_0\src\level4_BRAM_Pair.vhd:]
WARNING: [filemgmt 56-199] Attempt to get parsing info during refresh. "On-the-fly" syntax checking information may be incorrect. [C:\Users\C27Soren.Herzog\ece383\Herzog_ece383_wksp\ip_repo\ZoGolf_DP_1_0\src\level4_BRAM_Pair.vhd:]
WARNING: [filemgmt 56-199] Attempt to get parsing info during refresh. "On-the-fly" syntax checking information may be incorrect. [c:\Users\C27Soren.Herzog\ece383\Herzog_ece383_wksp\ip_repo\ZoGolf_DP_1_0\src\ece383_pkg.vhd:]
WARNING: [filemgmt 56-199] Attempt to get parsing info during refresh. "On-the-fly" syntax checking information may be incorrect. [C:\Users\C27Soren.Herzog\ece383\Herzog_ece383_wksp\ip_repo\ZoGolf_DP_1_0\src\level3_BRAM_Pair.vhd:]
WARNING: [filemgmt 56-199] Attempt to get parsing info during refresh. "On-the-fly" syntax checking information may be incorrect. [c:\Users\C27Soren.Herzog\ece383\Herzog_ece383_wksp\ip_repo\ZoGolf_DP_1_0\src\level0_BRAM_Pair.vhd:]
WARNING: [filemgmt 56-199] Attempt to get parsing info during refresh. "On-the-fly" syntax checking information may be incorrect. [C:\Users\C27Soren.Herzog\ece383\Herzog_ece383_wksp\ip_repo\ZoGolf_DP_1_0\src\level6_BRAM_Pair.vhd:]
WARNING: [filemgmt 56-199] Attempt to get parsing info during refresh. "On-the-fly" syntax checking information may be incorrect. [C:\Users\C27Soren.Herzog\ece383\Herzog_ece383_wksp\ip_repo\ZoGolf_DP_1_0\src\level7_BRAM_Pair.vhd:]
WARNING: [filemgmt 56-199] Attempt to get parsing info during refresh. "On-the-fly" syntax checking information may be incorrect. [C:\Users\C27Soren.Herzog\ece383\Herzog_ece383_wksp\ip_repo\ZoGolf_DP_1_0\src\level8_BRAM_Pair.vhd:]
WARNING: [filemgmt 56-199] Attempt to get parsing info during refresh. "On-the-fly" syntax checking information may be incorrect. [C:\Users\C27Soren.Herzog\ece383\Herzog_ece383_wksp\ip_repo\ZoGolf_DP_1_0\src\level5_BRAM_Pair.vhd:]
WARNING: [filemgmt 56-199] Attempt to get parsing info during refresh. "On-the-fly" syntax checking information may be incorrect. [c:\Users\C27Soren.Herzog\ece383\Herzog_ece383_wksp\ip_repo\ZoGolf_DP_1_0\src\BRAM_Level_Selector.vhd:]
WARNING: [filemgmt 56-199] Attempt to get parsing info during refresh. "On-the-fly" syntax checking information may be incorrect. [C:\Users\C27Soren.Herzog\ece383\Herzog_ece383_wksp\ip_repo\ZoGolf_DP_1_0\src\level4_BRAM_Pair.vhd:]
WARNING: [filemgmt 56-199] Attempt to get parsing info during refresh. "On-the-fly" syntax checking information may be incorrect. [C:\Users\C27Soren.Herzog\ece383\Herzog_ece383_wksp\ip_repo\ZoGolf_DP_1_0\src\level9_BRAM_Pair.vhd:]
WARNING: [filemgmt 56-199] Attempt to get parsing info during refresh. "On-the-fly" syntax checking information may be incorrect. [C:\Users\C27Soren.Herzog\ece383\Herzog_ece383_wksp\ip_repo\ZoGolf_DP_1_0\src\level6_BRAM_Pair.vhd:]
WARNING: [filemgmt 56-199] Attempt to get parsing info during refresh. "On-the-fly" syntax checking information may be incorrect. [C:\Users\C27Soren.Herzog\ece383\Herzog_ece383_wksp\ip_repo\ZoGolf_DP_1_0\src\level6_BRAM_Pair.vhd:]
WARNING: [filemgmt 56-199] Attempt to get parsing info during refresh. "On-the-fly" syntax checking information may be incorrect. [c:\Users\C27Soren.Herzog\ece383\Herzog_ece383_wksp\ip_repo\ZoGolf_DP_1_0\src\ece383_pkg.vhd:]
WARNING: [filemgmt 56-199] Attempt to get parsing info during refresh. "On-the-fly" syntax checking information may be incorrect. [C:\Users\C27Soren.Herzog\ece383\Herzog_ece383_wksp\ip_repo\ZoGolf_DP_1_0\src\level3_BRAM_Pair.vhd:]
WARNING: [filemgmt 56-199] Attempt to get parsing info during refresh. "On-the-fly" syntax checking information may be incorrect. [c:\Users\C27Soren.Herzog\ece383\Herzog_ece383_wksp\ip_repo\ZoGolf_DP_1_0\src\level0_BRAM_Pair.vhd:]
WARNING: [filemgmt 56-199] Attempt to get parsing info during refresh. "On-the-fly" syntax checking information may be incorrect. [C:\Users\C27Soren.Herzog\ece383\Herzog_ece383_wksp\ip_repo\ZoGolf_DP_1_0\src\level6_BRAM_Pair.vhd:]
WARNING: [filemgmt 56-199] Attempt to get parsing info during refresh. "On-the-fly" syntax checking information may be incorrect. [C:\Users\C27Soren.Herzog\ece383\Herzog_ece383_wksp\ip_repo\ZoGolf_DP_1_0\src\level7_BRAM_Pair.vhd:]
WARNING: [filemgmt 56-199] Attempt to get parsing info during refresh. "On-the-fly" syntax checking information may be incorrect. [C:\Users\C27Soren.Herzog\ece383\Herzog_ece383_wksp\ip_repo\ZoGolf_DP_1_0\src\level8_BRAM_Pair.vhd:]
WARNING: [filemgmt 56-199] Attempt to get parsing info during refresh. "On-the-fly" syntax checking information may be incorrect. [C:\Users\C27Soren.Herzog\ece383\Herzog_ece383_wksp\ip_repo\ZoGolf_DP_1_0\src\level5_BRAM_Pair.vhd:]
WARNING: [filemgmt 56-199] Attempt to get parsing info during refresh. "On-the-fly" syntax checking information may be incorrect. [c:\Users\C27Soren.Herzog\ece383\Herzog_ece383_wksp\ip_repo\ZoGolf_DP_1_0\src\BRAM_Level_Selector.vhd:]
WARNING: [filemgmt 56-199] Attempt to get parsing info during refresh. "On-the-fly" syntax checking information may be incorrect. [C:\Users\C27Soren.Herzog\ece383\Herzog_ece383_wksp\ip_repo\ZoGolf_DP_1_0\src\level4_BRAM_Pair.vhd:]
WARNING: [filemgmt 56-199] Attempt to get parsing info during refresh. "On-the-fly" syntax checking information may be incorrect. [C:\Users\C27Soren.Herzog\ece383\Herzog_ece383_wksp\ip_repo\ZoGolf_DP_1_0\src\level9_BRAM_Pair.vhd:]
WARNING: [filemgmt 56-199] Attempt to get parsing info during refresh. "On-the-fly" syntax checking information may be incorrect. [C:\Users\C27Soren.Herzog\ece383\Herzog_ece383_wksp\ip_repo\ZoGolf_DP_1_0\src\level8_BRAM_Pair.vhd:]
WARNING: [filemgmt 56-199] Attempt to get parsing info during refresh. "On-the-fly" syntax checking information may be incorrect. [C:\Users\C27Soren.Herzog\ece383\Herzog_ece383_wksp\ip_repo\ZoGolf_DP_1_0\src\level8_BRAM_Pair.vhd:]
WARNING: [filemgmt 56-199] Attempt to get parsing info during refresh. "On-the-fly" syntax checking information may be incorrect. [c:\Users\C27Soren.Herzog\ece383\Herzog_ece383_wksp\ip_repo\ZoGolf_DP_1_0\src\ece383_pkg.vhd:]
WARNING: [filemgmt 56-199] Attempt to get parsing info during refresh. "On-the-fly" syntax checking information may be incorrect. [C:\Users\C27Soren.Herzog\ece383\Herzog_ece383_wksp\ip_repo\ZoGolf_DP_1_0\src\level3_BRAM_Pair.vhd:]
WARNING: [filemgmt 56-199] Attempt to get parsing info during refresh. "On-the-fly" syntax checking information may be incorrect. [c:\Users\C27Soren.Herzog\ece383\Herzog_ece383_wksp\ip_repo\ZoGolf_DP_1_0\src\level0_BRAM_Pair.vhd:]
WARNING: [filemgmt 56-199] Attempt to get parsing info during refresh. "On-the-fly" syntax checking information may be incorrect. [C:\Users\C27Soren.Herzog\ece383\Herzog_ece383_wksp\ip_repo\ZoGolf_DP_1_0\src\level6_BRAM_Pair.vhd:]
WARNING: [filemgmt 56-199] Attempt to get parsing info during refresh. "On-the-fly" syntax checking information may be incorrect. [C:\Users\C27Soren.Herzog\ece383\Herzog_ece383_wksp\ip_repo\ZoGolf_DP_1_0\src\level7_BRAM_Pair.vhd:]
WARNING: [filemgmt 56-199] Attempt to get parsing info during refresh. "On-the-fly" syntax checking information may be incorrect. [C:\Users\C27Soren.Herzog\ece383\Herzog_ece383_wksp\ip_repo\ZoGolf_DP_1_0\src\level8_BRAM_Pair.vhd:]
WARNING: [filemgmt 56-199] Attempt to get parsing info during refresh. "On-the-fly" syntax checking information may be incorrect. [C:\Users\C27Soren.Herzog\ece383\Herzog_ece383_wksp\ip_repo\ZoGolf_DP_1_0\src\level5_BRAM_Pair.vhd:]
WARNING: [filemgmt 56-199] Attempt to get parsing info during refresh. "On-the-fly" syntax checking information may be incorrect. [c:\Users\C27Soren.Herzog\ece383\Herzog_ece383_wksp\ip_repo\ZoGolf_DP_1_0\src\BRAM_Level_Selector.vhd:]
WARNING: [filemgmt 56-199] Attempt to get parsing info during refresh. "On-the-fly" syntax checking information may be incorrect. [C:\Users\C27Soren.Herzog\ece383\Herzog_ece383_wksp\ip_repo\ZoGolf_DP_1_0\src\level4_BRAM_Pair.vhd:]
WARNING: [filemgmt 56-199] Attempt to get parsing info during refresh. "On-the-fly" syntax checking information may be incorrect. [C:\Users\C27Soren.Herzog\ece383\Herzog_ece383_wksp\ip_repo\ZoGolf_DP_1_0\src\level9_BRAM_Pair.vhd:]
WARNING: [filemgmt 56-199] Attempt to get parsing info during refresh. "On-the-fly" syntax checking information may be incorrect. [C:\Users\C27Soren.Herzog\ece383\Herzog_ece383_wksp\ip_repo\ZoGolf_DP_1_0\src\level3_BRAM_Pair.vhd:]
WARNING: [filemgmt 56-199] Attempt to get parsing info during refresh. "On-the-fly" syntax checking information may be incorrect. [C:\Users\C27Soren.Herzog\ece383\Herzog_ece383_wksp\ip_repo\ZoGolf_DP_1_0\src\level3_BRAM_Pair.vhd:]
ERROR: [Common 17-180] Spawn failed: No error
WARNING: [filemgmt 56-199] Attempt to get parsing info during refresh. "On-the-fly" syntax checking information may be incorrect. [c:\Users\C27Soren.Herzog\ece383\Herzog_ece383_wksp\ip_repo\ZoGolf_DP_1_0\src\ece383_pkg.vhd:]
WARNING: [filemgmt 56-199] Attempt to get parsing info during refresh. "On-the-fly" syntax checking information may be incorrect. [C:\Users\C27Soren.Herzog\ece383\Herzog_ece383_wksp\ip_repo\ZoGolf_DP_1_0\src\level3_BRAM_Pair.vhd:]
WARNING: [filemgmt 56-199] Attempt to get parsing info during refresh. "On-the-fly" syntax checking information may be incorrect. [c:\Users\C27Soren.Herzog\ece383\Herzog_ece383_wksp\ip_repo\ZoGolf_DP_1_0\src\level0_BRAM_Pair.vhd:]
WARNING: [filemgmt 56-199] Attempt to get parsing info during refresh. "On-the-fly" syntax checking information may be incorrect. [C:\Users\C27Soren.Herzog\ece383\Herzog_ece383_wksp\ip_repo\ZoGolf_DP_1_0\src\level6_BRAM_Pair.vhd:]
WARNING: [filemgmt 56-199] Attempt to get parsing info during refresh. "On-the-fly" syntax checking information may be incorrect. [C:\Users\C27Soren.Herzog\ece383\Herzog_ece383_wksp\ip_repo\ZoGolf_DP_1_0\src\level7_BRAM_Pair.vhd:]
WARNING: [filemgmt 56-199] Attempt to get parsing info during refresh. "On-the-fly" syntax checking information may be incorrect. [C:\Users\C27Soren.Herzog\ece383\Herzog_ece383_wksp\ip_repo\ZoGolf_DP_1_0\src\level8_BRAM_Pair.vhd:]
WARNING: [filemgmt 56-199] Attempt to get parsing info during refresh. "On-the-fly" syntax checking information may be incorrect. [C:\Users\C27Soren.Herzog\ece383\Herzog_ece383_wksp\ip_repo\ZoGolf_DP_1_0\src\level5_BRAM_Pair.vhd:]
WARNING: [filemgmt 56-199] Attempt to get parsing info during refresh. "On-the-fly" syntax checking information may be incorrect. [c:\Users\C27Soren.Herzog\ece383\Herzog_ece383_wksp\ip_repo\ZoGolf_DP_1_0\src\BRAM_Level_Selector.vhd:]
WARNING: [filemgmt 56-199] Attempt to get parsing info during refresh. "On-the-fly" syntax checking information may be incorrect. [C:\Users\C27Soren.Herzog\ece383\Herzog_ece383_wksp\ip_repo\ZoGolf_DP_1_0\src\level4_BRAM_Pair.vhd:]
WARNING: [filemgmt 56-199] Attempt to get parsing info during refresh. "On-the-fly" syntax checking information may be incorrect. [C:\Users\C27Soren.Herzog\ece383\Herzog_ece383_wksp\ip_repo\ZoGolf_DP_1_0\src\level9_BRAM_Pair.vhd:]
WARNING: [filemgmt 56-199] Attempt to get parsing info during refresh. "On-the-fly" syntax checking information may be incorrect. [c:\Users\C27Soren.Herzog\ece383\Herzog_ece383_wksp\ip_repo\ZoGolf_DP_1_0\src\ece383_pkg.vhd:]
WARNING: [filemgmt 56-199] Attempt to get parsing info during refresh. "On-the-fly" syntax checking information may be incorrect. [c:\Users\C27Soren.Herzog\ece383\Herzog_ece383_wksp\ip_repo\ZoGolf_DP_1_0\src\ece383_pkg.vhd:]
ERROR: [Common 17-180] Spawn failed: No error
WARNING: [filemgmt 56-199] Attempt to get parsing info during refresh. "On-the-fly" syntax checking information may be incorrect. [c:\Users\C27Soren.Herzog\ece383\Herzog_ece383_wksp\ip_repo\ZoGolf_DP_1_0\src\ece383_pkg.vhd:]
WARNING: [filemgmt 56-199] Attempt to get parsing info during refresh. "On-the-fly" syntax checking information may be incorrect. [C:\Users\C27Soren.Herzog\ece383\Herzog_ece383_wksp\ip_repo\ZoGolf_DP_1_0\src\level3_BRAM_Pair.vhd:]
WARNING: [filemgmt 56-199] Attempt to get parsing info during refresh. "On-the-fly" syntax checking information may be incorrect. [c:\Users\C27Soren.Herzog\ece383\Herzog_ece383_wksp\ip_repo\ZoGolf_DP_1_0\src\level0_BRAM_Pair.vhd:]
WARNING: [filemgmt 56-199] Attempt to get parsing info during refresh. "On-the-fly" syntax checking information may be incorrect. [C:\Users\C27Soren.Herzog\ece383\Herzog_ece383_wksp\ip_repo\ZoGolf_DP_1_0\src\level6_BRAM_Pair.vhd:]
WARNING: [filemgmt 56-199] Attempt to get parsing info during refresh. "On-the-fly" syntax checking information may be incorrect. [C:\Users\C27Soren.Herzog\ece383\Herzog_ece383_wksp\ip_repo\ZoGolf_DP_1_0\src\level7_BRAM_Pair.vhd:]
WARNING: [filemgmt 56-199] Attempt to get parsing info during refresh. "On-the-fly" syntax checking information may be incorrect. [C:\Users\C27Soren.Herzog\ece383\Herzog_ece383_wksp\ip_repo\ZoGolf_DP_1_0\src\level8_BRAM_Pair.vhd:]
WARNING: [filemgmt 56-199] Attempt to get parsing info during refresh. "On-the-fly" syntax checking information may be incorrect. [C:\Users\C27Soren.Herzog\ece383\Herzog_ece383_wksp\ip_repo\ZoGolf_DP_1_0\src\level5_BRAM_Pair.vhd:]
WARNING: [filemgmt 56-199] Attempt to get parsing info during refresh. "On-the-fly" syntax checking information may be incorrect. [c:\Users\C27Soren.Herzog\ece383\Herzog_ece383_wksp\ip_repo\ZoGolf_DP_1_0\src\BRAM_Level_Selector.vhd:]
WARNING: [filemgmt 56-199] Attempt to get parsing info during refresh. "On-the-fly" syntax checking information may be incorrect. [C:\Users\C27Soren.Herzog\ece383\Herzog_ece383_wksp\ip_repo\ZoGolf_DP_1_0\src\level4_BRAM_Pair.vhd:]
WARNING: [filemgmt 56-199] Attempt to get parsing info during refresh. "On-the-fly" syntax checking information may be incorrect. [C:\Users\C27Soren.Herzog\ece383\Herzog_ece383_wksp\ip_repo\ZoGolf_DP_1_0\src\level9_BRAM_Pair.vhd:]
WARNING: [filemgmt 56-199] Attempt to get parsing info during refresh. "On-the-fly" syntax checking information may be incorrect. [c:\Users\C27Soren.Herzog\ece383\Herzog_ece383_wksp\ip_repo\ZoGolf_DP_1_0\src\level0_BRAM_Pair.vhd:]
WARNING: [filemgmt 56-199] Attempt to get parsing info during refresh. "On-the-fly" syntax checking information may be incorrect. [c:\Users\C27Soren.Herzog\ece383\Herzog_ece383_wksp\ip_repo\ZoGolf_DP_1_0\src\level0_BRAM_Pair.vhd:]
ERROR: [Common 17-180] Spawn failed: No error
WARNING: [filemgmt 56-199] Attempt to get parsing info during refresh. "On-the-fly" syntax checking information may be incorrect. [c:\Users\C27Soren.Herzog\ece383\Herzog_ece383_wksp\ip_repo\ZoGolf_DP_1_0\src\ece383_pkg.vhd:]
WARNING: [filemgmt 56-199] Attempt to get parsing info during refresh. "On-the-fly" syntax checking information may be incorrect. [C:\Users\C27Soren.Herzog\ece383\Herzog_ece383_wksp\ip_repo\ZoGolf_DP_1_0\src\level3_BRAM_Pair.vhd:]
WARNING: [filemgmt 56-199] Attempt to get parsing info during refresh. "On-the-fly" syntax checking information may be incorrect. [c:\Users\C27Soren.Herzog\ece383\Herzog_ece383_wksp\ip_repo\ZoGolf_DP_1_0\src\level0_BRAM_Pair.vhd:]
WARNING: [filemgmt 56-199] Attempt to get parsing info during refresh. "On-the-fly" syntax checking information may be incorrect. [C:\Users\C27Soren.Herzog\ece383\Herzog_ece383_wksp\ip_repo\ZoGolf_DP_1_0\src\level6_BRAM_Pair.vhd:]
WARNING: [filemgmt 56-199] Attempt to get parsing info during refresh. "On-the-fly" syntax checking information may be incorrect. [C:\Users\C27Soren.Herzog\ece383\Herzog_ece383_wksp\ip_repo\ZoGolf_DP_1_0\src\level7_BRAM_Pair.vhd:]
WARNING: [filemgmt 56-199] Attempt to get parsing info during refresh. "On-the-fly" syntax checking information may be incorrect. [C:\Users\C27Soren.Herzog\ece383\Herzog_ece383_wksp\ip_repo\ZoGolf_DP_1_0\src\level8_BRAM_Pair.vhd:]
WARNING: [filemgmt 56-199] Attempt to get parsing info during refresh. "On-the-fly" syntax checking information may be incorrect. [C:\Users\C27Soren.Herzog\ece383\Herzog_ece383_wksp\ip_repo\ZoGolf_DP_1_0\src\level5_BRAM_Pair.vhd:]
WARNING: [filemgmt 56-199] Attempt to get parsing info during refresh. "On-the-fly" syntax checking information may be incorrect. [c:\Users\C27Soren.Herzog\ece383\Herzog_ece383_wksp\ip_repo\ZoGolf_DP_1_0\src\BRAM_Level_Selector.vhd:]
WARNING: [filemgmt 56-199] Attempt to get parsing info during refresh. "On-the-fly" syntax checking information may be incorrect. [C:\Users\C27Soren.Herzog\ece383\Herzog_ece383_wksp\ip_repo\ZoGolf_DP_1_0\src\level4_BRAM_Pair.vhd:]
WARNING: [filemgmt 56-199] Attempt to get parsing info during refresh. "On-the-fly" syntax checking information may be incorrect. [C:\Users\C27Soren.Herzog\ece383\Herzog_ece383_wksp\ip_repo\ZoGolf_DP_1_0\src\level9_BRAM_Pair.vhd:]
WARNING: [filemgmt 56-199] Attempt to get parsing info during refresh. "On-the-fly" syntax checking information may be incorrect. [C:\Users\C27Soren.Herzog\ece383\Herzog_ece383_wksp\ip_repo\ZoGolf_DP_1_0\src\level5_BRAM_Pair.vhd:]
WARNING: [filemgmt 56-199] Attempt to get parsing info during refresh. "On-the-fly" syntax checking information may be incorrect. [C:\Users\C27Soren.Herzog\ece383\Herzog_ece383_wksp\ip_repo\ZoGolf_DP_1_0\src\level5_BRAM_Pair.vhd:]
ERROR: [Common 17-180] Spawn failed: No error
WARNING: [filemgmt 56-199] Attempt to get parsing info during refresh. "On-the-fly" syntax checking information may be incorrect. [c:\Users\C27Soren.Herzog\ece383\Herzog_ece383_wksp\ip_repo\ZoGolf_DP_1_0\src\ece383_pkg.vhd:]
WARNING: [filemgmt 56-199] Attempt to get parsing info during refresh. "On-the-fly" syntax checking information may be incorrect. [C:\Users\C27Soren.Herzog\ece383\Herzog_ece383_wksp\ip_repo\ZoGolf_DP_1_0\src\level3_BRAM_Pair.vhd:]
WARNING: [filemgmt 56-199] Attempt to get parsing info during refresh. "On-the-fly" syntax checking information may be incorrect. [c:\Users\C27Soren.Herzog\ece383\Herzog_ece383_wksp\ip_repo\ZoGolf_DP_1_0\src\level0_BRAM_Pair.vhd:]
WARNING: [filemgmt 56-199] Attempt to get parsing info during refresh. "On-the-fly" syntax checking information may be incorrect. [C:\Users\C27Soren.Herzog\ece383\Herzog_ece383_wksp\ip_repo\ZoGolf_DP_1_0\src\level6_BRAM_Pair.vhd:]
INFO: [Common 17-14] Message 'filemgmt 56-199' appears 100 times and further instances of the messages will be disabled. Use the Tcl command set_msg_config to change the current settings.
ERROR: [Common 17-180] Spawn failed: No error
WARNING: [filemgmt 56-199] Attempt to get parsing info during refresh. "On-the-fly" syntax checking information may be incorrect. [c:\Users\C27Soren.Herzog\ece383\Herzog_ece383_wksp\ip_repo\ZoGolf_DP_1_0\src\ece383_pkg.vhd:]
WARNING: [filemgmt 56-199] Attempt to get parsing info during refresh. "On-the-fly" syntax checking information may be incorrect. [c:\Users\C27Soren.Herzog\ece383\Herzog_ece383_wksp\ip_repo\ZoGolf_DP_1_0\src\level0_BRAM_Pair.vhd:]
WARNING: [filemgmt 56-199] Attempt to get parsing info during refresh. "On-the-fly" syntax checking information may be incorrect. [C:\Users\C27Soren.Herzog\ece383\Herzog_ece383_wksp\ip_repo\ZoGolf_DP_1_0\src\level6_BRAM_Pair.vhd:]
WARNING: [filemgmt 56-199] Attempt to get parsing info during refresh. "On-the-fly" syntax checking information may be incorrect. [C:\Users\C27Soren.Herzog\ece383\Herzog_ece383_wksp\ip_repo\ZoGolf_DP_1_0\src\level7_BRAM_Pair.vhd:]
WARNING: [filemgmt 56-199] Attempt to get parsing info during refresh. "On-the-fly" syntax checking information may be incorrect. [C:\Users\C27Soren.Herzog\ece383\Herzog_ece383_wksp\ip_repo\ZoGolf_DP_1_0\src\level8_BRAM_Pair.vhd:]
WARNING: [filemgmt 56-199] Attempt to get parsing info during refresh. "On-the-fly" syntax checking information may be incorrect. [C:\Users\C27Soren.Herzog\ece383\Herzog_ece383_wksp\ip_repo\ZoGolf_DP_1_0\src\level5_BRAM_Pair.vhd:]
WARNING: [filemgmt 56-199] Attempt to get parsing info during refresh. "On-the-fly" syntax checking information may be incorrect. [c:\Users\C27Soren.Herzog\ece383\Herzog_ece383_wksp\ip_repo\ZoGolf_DP_1_0\src\BRAM_Level_Selector.vhd:]
WARNING: [filemgmt 56-199] Attempt to get parsing info during refresh. "On-the-fly" syntax checking information may be incorrect. [C:\Users\C27Soren.Herzog\ece383\Herzog_ece383_wksp\ip_repo\ZoGolf_DP_1_0\src\level4_BRAM_Pair.vhd:]
WARNING: [filemgmt 56-199] Attempt to get parsing info during refresh. "On-the-fly" syntax checking information may be incorrect. [C:\Users\C27Soren.Herzog\ece383\Herzog_ece383_wksp\ip_repo\ZoGolf_DP_1_0\src\level9_BRAM_Pair.vhd:]
WARNING: [filemgmt 56-199] Attempt to get parsing info during refresh. "On-the-fly" syntax checking information may be incorrect. [c:\Users\C27Soren.Herzog\ece383\Herzog_ece383_wksp\ip_repo\ZoGolf_DP_1_0\src\BRAM_Level_Selector.vhd:]
WARNING: [filemgmt 56-199] Attempt to get parsing info during refresh. "On-the-fly" syntax checking information may be incorrect. [c:\Users\C27Soren.Herzog\ece383\Herzog_ece383_wksp\ip_repo\ZoGolf_DP_1_0\src\BRAM_Level_Selector.vhd:]
WARNING: [filemgmt 56-199] Attempt to get parsing info during refresh. "On-the-fly" syntax checking information may be incorrect. [c:\Users\C27Soren.Herzog\ece383\Herzog_ece383_wksp\ip_repo\ZoGolf_DP_1_0\src\ece383_pkg.vhd:]
WARNING: [filemgmt 56-199] Attempt to get parsing info during refresh. "On-the-fly" syntax checking information may be incorrect. [c:\Users\C27Soren.Herzog\ece383\Herzog_ece383_wksp\ip_repo\ZoGolf_DP_1_0\src\level0_BRAM_Pair.vhd:]
WARNING: [filemgmt 56-199] Attempt to get parsing info during refresh. "On-the-fly" syntax checking information may be incorrect. [C:\Users\C27Soren.Herzog\ece383\Herzog_ece383_wksp\ip_repo\ZoGolf_DP_1_0\src\level6_BRAM_Pair.vhd:]
WARNING: [filemgmt 56-199] Attempt to get parsing info during refresh. "On-the-fly" syntax checking information may be incorrect. [C:\Users\C27Soren.Herzog\ece383\Herzog_ece383_wksp\ip_repo\ZoGolf_DP_1_0\src\level7_BRAM_Pair.vhd:]
WARNING: [filemgmt 56-199] Attempt to get parsing info during refresh. "On-the-fly" syntax checking information may be incorrect. [C:\Users\C27Soren.Herzog\ece383\Herzog_ece383_wksp\ip_repo\ZoGolf_DP_1_0\src\level8_BRAM_Pair.vhd:]
WARNING: [filemgmt 56-199] Attempt to get parsing info during refresh. "On-the-fly" syntax checking information may be incorrect. [C:\Users\C27Soren.Herzog\ece383\Herzog_ece383_wksp\ip_repo\ZoGolf_DP_1_0\src\level5_BRAM_Pair.vhd:]
WARNING: [filemgmt 56-199] Attempt to get parsing info during refresh. "On-the-fly" syntax checking information may be incorrect. [c:\Users\C27Soren.Herzog\ece383\Herzog_ece383_wksp\ip_repo\ZoGolf_DP_1_0\src\BRAM_Level_Selector.vhd:]
WARNING: [filemgmt 56-199] Attempt to get parsing info during refresh. "On-the-fly" syntax checking information may be incorrect. [C:\Users\C27Soren.Herzog\ece383\Herzog_ece383_wksp\ip_repo\ZoGolf_DP_1_0\src\level4_BRAM_Pair.vhd:]
WARNING: [filemgmt 56-199] Attempt to get parsing info during refresh. "On-the-fly" syntax checking information may be incorrect. [C:\Users\C27Soren.Herzog\ece383\Herzog_ece383_wksp\ip_repo\ZoGolf_DP_1_0\src\level9_BRAM_Pair.vhd:]
WARNING: [filemgmt 56-199] Attempt to get parsing info during refresh. "On-the-fly" syntax checking information may be incorrect. [C:\Users\C27Soren.Herzog\ece383\Herzog_ece383_wksp\ip_repo\ZoGolf_DP_1_0\src\level4_BRAM_Pair.vhd:]
WARNING: [filemgmt 56-199] Attempt to get parsing info during refresh. "On-the-fly" syntax checking information may be incorrect. [C:\Users\C27Soren.Herzog\ece383\Herzog_ece383_wksp\ip_repo\ZoGolf_DP_1_0\src\level4_BRAM_Pair.vhd:]
WARNING: [filemgmt 56-199] Attempt to get parsing info during refresh. "On-the-fly" syntax checking information may be incorrect. [c:\Users\C27Soren.Herzog\ece383\Herzog_ece383_wksp\ip_repo\ZoGolf_DP_1_0\src\ece383_pkg.vhd:]
WARNING: [filemgmt 56-199] Attempt to get parsing info during refresh. "On-the-fly" syntax checking information may be incorrect. [c:\Users\C27Soren.Herzog\ece383\Herzog_ece383_wksp\ip_repo\ZoGolf_DP_1_0\src\level0_BRAM_Pair.vhd:]
WARNING: [filemgmt 56-199] Attempt to get parsing info during refresh. "On-the-fly" syntax checking information may be incorrect. [C:\Users\C27Soren.Herzog\ece383\Herzog_ece383_wksp\ip_repo\ZoGolf_DP_1_0\src\level6_BRAM_Pair.vhd:]
WARNING: [filemgmt 56-199] Attempt to get parsing info during refresh. "On-the-fly" syntax checking information may be incorrect. [C:\Users\C27Soren.Herzog\ece383\Herzog_ece383_wksp\ip_repo\ZoGolf_DP_1_0\src\level7_BRAM_Pair.vhd:]
WARNING: [filemgmt 56-199] Attempt to get parsing info during refresh. "On-the-fly" syntax checking information may be incorrect. [C:\Users\C27Soren.Herzog\ece383\Herzog_ece383_wksp\ip_repo\ZoGolf_DP_1_0\src\level8_BRAM_Pair.vhd:]
WARNING: [filemgmt 56-199] Attempt to get parsing info during refresh. "On-the-fly" syntax checking information may be incorrect. [C:\Users\C27Soren.Herzog\ece383\Herzog_ece383_wksp\ip_repo\ZoGolf_DP_1_0\src\level5_BRAM_Pair.vhd:]
WARNING: [filemgmt 56-199] Attempt to get parsing info during refresh. "On-the-fly" syntax checking information may be incorrect. [c:\Users\C27Soren.Herzog\ece383\Herzog_ece383_wksp\ip_repo\ZoGolf_DP_1_0\src\BRAM_Level_Selector.vhd:]
WARNING: [filemgmt 56-199] Attempt to get parsing info during refresh. "On-the-fly" syntax checking information may be incorrect. [C:\Users\C27Soren.Herzog\ece383\Herzog_ece383_wksp\ip_repo\ZoGolf_DP_1_0\src\level4_BRAM_Pair.vhd:]
WARNING: [filemgmt 56-199] Attempt to get parsing info during refresh. "On-the-fly" syntax checking information may be incorrect. [C:\Users\C27Soren.Herzog\ece383\Herzog_ece383_wksp\ip_repo\ZoGolf_DP_1_0\src\level9_BRAM_Pair.vhd:]
WARNING: [filemgmt 56-199] Attempt to get parsing info during refresh. "On-the-fly" syntax checking information may be incorrect. [C:\Users\C27Soren.Herzog\ece383\Herzog_ece383_wksp\ip_repo\ZoGolf_DP_1_0\src\level6_BRAM_Pair.vhd:]
WARNING: [filemgmt 56-199] Attempt to get parsing info during refresh. "On-the-fly" syntax checking information may be incorrect. [C:\Users\C27Soren.Herzog\ece383\Herzog_ece383_wksp\ip_repo\ZoGolf_DP_1_0\src\level6_BRAM_Pair.vhd:]
WARNING: [filemgmt 56-199] Attempt to get parsing info during refresh. "On-the-fly" syntax checking information may be incorrect. [c:\Users\C27Soren.Herzog\ece383\Herzog_ece383_wksp\ip_repo\ZoGolf_DP_1_0\src\ece383_pkg.vhd:]
WARNING: [filemgmt 56-199] Attempt to get parsing info during refresh. "On-the-fly" syntax checking information may be incorrect. [c:\Users\C27Soren.Herzog\ece383\Herzog_ece383_wksp\ip_repo\ZoGolf_DP_1_0\src\level0_BRAM_Pair.vhd:]
WARNING: [filemgmt 56-199] Attempt to get parsing info during refresh. "On-the-fly" syntax checking information may be incorrect. [C:\Users\C27Soren.Herzog\ece383\Herzog_ece383_wksp\ip_repo\ZoGolf_DP_1_0\src\level6_BRAM_Pair.vhd:]
WARNING: [filemgmt 56-199] Attempt to get parsing info during refresh. "On-the-fly" syntax checking information may be incorrect. [C:\Users\C27Soren.Herzog\ece383\Herzog_ece383_wksp\ip_repo\ZoGolf_DP_1_0\src\level7_BRAM_Pair.vhd:]
WARNING: [filemgmt 56-199] Attempt to get parsing info during refresh. "On-the-fly" syntax checking information may be incorrect. [C:\Users\C27Soren.Herzog\ece383\Herzog_ece383_wksp\ip_repo\ZoGolf_DP_1_0\src\level8_BRAM_Pair.vhd:]
WARNING: [filemgmt 56-199] Attempt to get parsing info during refresh. "On-the-fly" syntax checking information may be incorrect. [C:\Users\C27Soren.Herzog\ece383\Herzog_ece383_wksp\ip_repo\ZoGolf_DP_1_0\src\level5_BRAM_Pair.vhd:]
WARNING: [filemgmt 56-199] Attempt to get parsing info during refresh. "On-the-fly" syntax checking information may be incorrect. [c:\Users\C27Soren.Herzog\ece383\Herzog_ece383_wksp\ip_repo\ZoGolf_DP_1_0\src\BRAM_Level_Selector.vhd:]
WARNING: [filemgmt 56-199] Attempt to get parsing info during refresh. "On-the-fly" syntax checking information may be incorrect. [C:\Users\C27Soren.Herzog\ece383\Herzog_ece383_wksp\ip_repo\ZoGolf_DP_1_0\src\level4_BRAM_Pair.vhd:]
WARNING: [filemgmt 56-199] Attempt to get parsing info during refresh. "On-the-fly" syntax checking information may be incorrect. [C:\Users\C27Soren.Herzog\ece383\Herzog_ece383_wksp\ip_repo\ZoGolf_DP_1_0\src\level9_BRAM_Pair.vhd:]
WARNING: [filemgmt 56-199] Attempt to get parsing info during refresh. "On-the-fly" syntax checking information may be incorrect. [C:\Users\C27Soren.Herzog\ece383\Herzog_ece383_wksp\ip_repo\ZoGolf_DP_1_0\src\level8_BRAM_Pair.vhd:]
WARNING: [filemgmt 56-199] Attempt to get parsing info during refresh. "On-the-fly" syntax checking information may be incorrect. [C:\Users\C27Soren.Herzog\ece383\Herzog_ece383_wksp\ip_repo\ZoGolf_DP_1_0\src\level8_BRAM_Pair.vhd:]
WARNING: [filemgmt 56-199] Attempt to get parsing info during refresh. "On-the-fly" syntax checking information may be incorrect. [c:\Users\C27Soren.Herzog\ece383\Herzog_ece383_wksp\ip_repo\ZoGolf_DP_1_0\src\ece383_pkg.vhd:]
WARNING: [filemgmt 56-199] Attempt to get parsing info during refresh. "On-the-fly" syntax checking information may be incorrect. [c:\Users\C27Soren.Herzog\ece383\Herzog_ece383_wksp\ip_repo\ZoGolf_DP_1_0\src\level0_BRAM_Pair.vhd:]
WARNING: [filemgmt 56-199] Attempt to get parsing info during refresh. "On-the-fly" syntax checking information may be incorrect. [C:\Users\C27Soren.Herzog\ece383\Herzog_ece383_wksp\ip_repo\ZoGolf_DP_1_0\src\level6_BRAM_Pair.vhd:]
WARNING: [filemgmt 56-199] Attempt to get parsing info during refresh. "On-the-fly" syntax checking information may be incorrect. [C:\Users\C27Soren.Herzog\ece383\Herzog_ece383_wksp\ip_repo\ZoGolf_DP_1_0\src\level7_BRAM_Pair.vhd:]
WARNING: [filemgmt 56-199] Attempt to get parsing info during refresh. "On-the-fly" syntax checking information may be incorrect. [C:\Users\C27Soren.Herzog\ece383\Herzog_ece383_wksp\ip_repo\ZoGolf_DP_1_0\src\level8_BRAM_Pair.vhd:]
WARNING: [filemgmt 56-199] Attempt to get parsing info during refresh. "On-the-fly" syntax checking information may be incorrect. [C:\Users\C27Soren.Herzog\ece383\Herzog_ece383_wksp\ip_repo\ZoGolf_DP_1_0\src\level5_BRAM_Pair.vhd:]
WARNING: [filemgmt 56-199] Attempt to get parsing info during refresh. "On-the-fly" syntax checking information may be incorrect. [c:\Users\C27Soren.Herzog\ece383\Herzog_ece383_wksp\ip_repo\ZoGolf_DP_1_0\src\BRAM_Level_Selector.vhd:]
WARNING: [filemgmt 56-199] Attempt to get parsing info during refresh. "On-the-fly" syntax checking information may be incorrect. [C:\Users\C27Soren.Herzog\ece383\Herzog_ece383_wksp\ip_repo\ZoGolf_DP_1_0\src\level4_BRAM_Pair.vhd:]
WARNING: [filemgmt 56-199] Attempt to get parsing info during refresh. "On-the-fly" syntax checking information may be incorrect. [C:\Users\C27Soren.Herzog\ece383\Herzog_ece383_wksp\ip_repo\ZoGolf_DP_1_0\src\level9_BRAM_Pair.vhd:]
WARNING: [filemgmt 56-199] Attempt to get parsing info during refresh. "On-the-fly" syntax checking information may be incorrect. [c:\Users\C27Soren.Herzog\ece383\Herzog_ece383_wksp\ip_repo\ZoGolf_DP_1_0\src\ece383_pkg.vhd:]
WARNING: [filemgmt 56-199] Attempt to get parsing info during refresh. "On-the-fly" syntax checking information may be incorrect. [c:\Users\C27Soren.Herzog\ece383\Herzog_ece383_wksp\ip_repo\ZoGolf_DP_1_0\src\ece383_pkg.vhd:]
WARNING: [filemgmt 56-199] Attempt to get parsing info during refresh. "On-the-fly" syntax checking information may be incorrect. [c:\Users\C27Soren.Herzog\ece383\Herzog_ece383_wksp\ip_repo\ZoGolf_DP_1_0\src\ece383_pkg.vhd:]
WARNING: [filemgmt 56-199] Attempt to get parsing info during refresh. "On-the-fly" syntax checking information may be incorrect. [c:\Users\C27Soren.Herzog\ece383\Herzog_ece383_wksp\ip_repo\ZoGolf_DP_1_0\src\level0_BRAM_Pair.vhd:]
WARNING: [filemgmt 56-199] Attempt to get parsing info during refresh. "On-the-fly" syntax checking information may be incorrect. [C:\Users\C27Soren.Herzog\ece383\Herzog_ece383_wksp\ip_repo\ZoGolf_DP_1_0\src\level6_BRAM_Pair.vhd:]
WARNING: [filemgmt 56-199] Attempt to get parsing info during refresh. "On-the-fly" syntax checking information may be incorrect. [C:\Users\C27Soren.Herzog\ece383\Herzog_ece383_wksp\ip_repo\ZoGolf_DP_1_0\src\level7_BRAM_Pair.vhd:]
WARNING: [filemgmt 56-199] Attempt to get parsing info during refresh. "On-the-fly" syntax checking information may be incorrect. [C:\Users\C27Soren.Herzog\ece383\Herzog_ece383_wksp\ip_repo\ZoGolf_DP_1_0\src\level8_BRAM_Pair.vhd:]
WARNING: [filemgmt 56-199] Attempt to get parsing info during refresh. "On-the-fly" syntax checking information may be incorrect. [C:\Users\C27Soren.Herzog\ece383\Herzog_ece383_wksp\ip_repo\ZoGolf_DP_1_0\src\level5_BRAM_Pair.vhd:]
WARNING: [filemgmt 56-199] Attempt to get parsing info during refresh. "On-the-fly" syntax checking information may be incorrect. [c:\Users\C27Soren.Herzog\ece383\Herzog_ece383_wksp\ip_repo\ZoGolf_DP_1_0\src\BRAM_Level_Selector.vhd:]
WARNING: [filemgmt 56-199] Attempt to get parsing info during refresh. "On-the-fly" syntax checking information may be incorrect. [C:\Users\C27Soren.Herzog\ece383\Herzog_ece383_wksp\ip_repo\ZoGolf_DP_1_0\src\level4_BRAM_Pair.vhd:]
WARNING: [filemgmt 56-199] Attempt to get parsing info during refresh. "On-the-fly" syntax checking information may be incorrect. [C:\Users\C27Soren.Herzog\ece383\Herzog_ece383_wksp\ip_repo\ZoGolf_DP_1_0\src\level9_BRAM_Pair.vhd:]
WARNING: [filemgmt 56-199] Attempt to get parsing info during refresh. "On-the-fly" syntax checking information may be incorrect. [C:\Users\C27Soren.Herzog\ece383\Herzog_ece383_wksp\ip_repo\ZoGolf_DP_1_0\src\level5_BRAM_Pair.vhd:]
WARNING: [filemgmt 56-199] Attempt to get parsing info during refresh. "On-the-fly" syntax checking information may be incorrect. [C:\Users\C27Soren.Herzog\ece383\Herzog_ece383_wksp\ip_repo\ZoGolf_DP_1_0\src\level5_BRAM_Pair.vhd:]
WARNING: [filemgmt 56-199] Attempt to get parsing info during refresh. "On-the-fly" syntax checking information may be incorrect. [c:\Users\C27Soren.Herzog\ece383\Herzog_ece383_wksp\ip_repo\ZoGolf_DP_1_0\src\ece383_pkg.vhd:]
WARNING: [filemgmt 56-199] Attempt to get parsing info during refresh. "On-the-fly" syntax checking information may be incorrect. [c:\Users\C27Soren.Herzog\ece383\Herzog_ece383_wksp\ip_repo\ZoGolf_DP_1_0\src\level0_BRAM_Pair.vhd:]
WARNING: [filemgmt 56-199] Attempt to get parsing info during refresh. "On-the-fly" syntax checking information may be incorrect. [C:\Users\C27Soren.Herzog\ece383\Herzog_ece383_wksp\ip_repo\ZoGolf_DP_1_0\src\level6_BRAM_Pair.vhd:]
WARNING: [filemgmt 56-199] Attempt to get parsing info during refresh. "On-the-fly" syntax checking information may be incorrect. [C:\Users\C27Soren.Herzog\ece383\Herzog_ece383_wksp\ip_repo\ZoGolf_DP_1_0\src\level7_BRAM_Pair.vhd:]
WARNING: [filemgmt 56-199] Attempt to get parsing info during refresh. "On-the-fly" syntax checking information may be incorrect. [C:\Users\C27Soren.Herzog\ece383\Herzog_ece383_wksp\ip_repo\ZoGolf_DP_1_0\src\level8_BRAM_Pair.vhd:]
WARNING: [filemgmt 56-199] Attempt to get parsing info during refresh. "On-the-fly" syntax checking information may be incorrect. [C:\Users\C27Soren.Herzog\ece383\Herzog_ece383_wksp\ip_repo\ZoGolf_DP_1_0\src\level5_BRAM_Pair.vhd:]
WARNING: [filemgmt 56-199] Attempt to get parsing info during refresh. "On-the-fly" syntax checking information may be incorrect. [c:\Users\C27Soren.Herzog\ece383\Herzog_ece383_wksp\ip_repo\ZoGolf_DP_1_0\src\BRAM_Level_Selector.vhd:]
WARNING: [filemgmt 56-199] Attempt to get parsing info during refresh. "On-the-fly" syntax checking information may be incorrect. [C:\Users\C27Soren.Herzog\ece383\Herzog_ece383_wksp\ip_repo\ZoGolf_DP_1_0\src\level4_BRAM_Pair.vhd:]
WARNING: [filemgmt 56-199] Attempt to get parsing info during refresh. "On-the-fly" syntax checking information may be incorrect. [C:\Users\C27Soren.Herzog\ece383\Herzog_ece383_wksp\ip_repo\ZoGolf_DP_1_0\src\level9_BRAM_Pair.vhd:]
WARNING: [filemgmt 56-199] Attempt to get parsing info during refresh. "On-the-fly" syntax checking information may be incorrect. [C:\Users\C27Soren.Herzog\ece383\Herzog_ece383_wksp\ip_repo\ZoGolf_DP_1_0\src\level7_BRAM_Pair.vhd:]
WARNING: [filemgmt 56-199] Attempt to get parsing info during refresh. "On-the-fly" syntax checking information may be incorrect. [C:\Users\C27Soren.Herzog\ece383\Herzog_ece383_wksp\ip_repo\ZoGolf_DP_1_0\src\level7_BRAM_Pair.vhd:]
ERROR: [Common 17-180] Spawn failed: No error
WARNING: [filemgmt 56-199] Attempt to get parsing info during refresh. "On-the-fly" syntax checking information may be incorrect. [c:\Users\C27Soren.Herzog\ece383\Herzog_ece383_wksp\ip_repo\ZoGolf_DP_1_0\src\ece383_pkg.vhd:]
WARNING: [filemgmt 56-199] Attempt to get parsing info during refresh. "On-the-fly" syntax checking information may be incorrect. [c:\Users\C27Soren.Herzog\ece383\Herzog_ece383_wksp\ip_repo\ZoGolf_DP_1_0\src\level0_BRAM_Pair.vhd:]
WARNING: [filemgmt 56-199] Attempt to get parsing info during refresh. "On-the-fly" syntax checking information may be incorrect. [C:\Users\C27Soren.Herzog\ece383\Herzog_ece383_wksp\ip_repo\ZoGolf_DP_1_0\src\level6_BRAM_Pair.vhd:]
WARNING: [filemgmt 56-199] Attempt to get parsing info during refresh. "On-the-fly" syntax checking information may be incorrect. [C:\Users\C27Soren.Herzog\ece383\Herzog_ece383_wksp\ip_repo\ZoGolf_DP_1_0\src\level7_BRAM_Pair.vhd:]
WARNING: [filemgmt 56-199] Attempt to get parsing info during refresh. "On-the-fly" syntax checking information may be incorrect. [C:\Users\C27Soren.Herzog\ece383\Herzog_ece383_wksp\ip_repo\ZoGolf_DP_1_0\src\level8_BRAM_Pair.vhd:]
WARNING: [filemgmt 56-199] Attempt to get parsing info during refresh. "On-the-fly" syntax checking information may be incorrect. [C:\Users\C27Soren.Herzog\ece383\Herzog_ece383_wksp\ip_repo\ZoGolf_DP_1_0\src\level5_BRAM_Pair.vhd:]
WARNING: [filemgmt 56-199] Attempt to get parsing info during refresh. "On-the-fly" syntax checking information may be incorrect. [c:\Users\C27Soren.Herzog\ece383\Herzog_ece383_wksp\ip_repo\ZoGolf_DP_1_0\src\BRAM_Level_Selector.vhd:]
WARNING: [filemgmt 56-199] Attempt to get parsing info during refresh. "On-the-fly" syntax checking information may be incorrect. [C:\Users\C27Soren.Herzog\ece383\Herzog_ece383_wksp\ip_repo\ZoGolf_DP_1_0\src\level4_BRAM_Pair.vhd:]
WARNING: [filemgmt 56-199] Attempt to get parsing info during refresh. "On-the-fly" syntax checking information may be incorrect. [C:\Users\C27Soren.Herzog\ece383\Herzog_ece383_wksp\ip_repo\ZoGolf_DP_1_0\src\level9_BRAM_Pair.vhd:]
WARNING: [filemgmt 56-199] Attempt to get parsing info during refresh. "On-the-fly" syntax checking information may be incorrect. [C:\Users\C27Soren.Herzog\ece383\Herzog_ece383_wksp\ip_repo\ZoGolf_DP_1_0\src\level9_BRAM_Pair.vhd:]
WARNING: [filemgmt 56-199] Attempt to get parsing info during refresh. "On-the-fly" syntax checking information may be incorrect. [C:\Users\C27Soren.Herzog\ece383\Herzog_ece383_wksp\ip_repo\ZoGolf_DP_1_0\src\level9_BRAM_Pair.vhd:]
WARNING: [filemgmt 56-199] Attempt to get parsing info during refresh. "On-the-fly" syntax checking information may be incorrect. [c:\Users\C27Soren.Herzog\ece383\Herzog_ece383_wksp\ip_repo\ZoGolf_DP_1_0\src\ece383_pkg.vhd:]
WARNING: [filemgmt 56-199] Attempt to get parsing info during refresh. "On-the-fly" syntax checking information may be incorrect. [c:\Users\C27Soren.Herzog\ece383\Herzog_ece383_wksp\ip_repo\ZoGolf_DP_1_0\src\level0_BRAM_Pair.vhd:]
WARNING: [filemgmt 56-199] Attempt to get parsing info during refresh. "On-the-fly" syntax checking information may be incorrect. [C:\Users\C27Soren.Herzog\ece383\Herzog_ece383_wksp\ip_repo\ZoGolf_DP_1_0\src\level6_BRAM_Pair.vhd:]
WARNING: [filemgmt 56-199] Attempt to get parsing info during refresh. "On-the-fly" syntax checking information may be incorrect. [C:\Users\C27Soren.Herzog\ece383\Herzog_ece383_wksp\ip_repo\ZoGolf_DP_1_0\src\level7_BRAM_Pair.vhd:]
WARNING: [filemgmt 56-199] Attempt to get parsing info during refresh. "On-the-fly" syntax checking information may be incorrect. [C:\Users\C27Soren.Herzog\ece383\Herzog_ece383_wksp\ip_repo\ZoGolf_DP_1_0\src\level8_BRAM_Pair.vhd:]
WARNING: [filemgmt 56-199] Attempt to get parsing info during refresh. "On-the-fly" syntax checking information may be incorrect. [C:\Users\C27Soren.Herzog\ece383\Herzog_ece383_wksp\ip_repo\ZoGolf_DP_1_0\src\level5_BRAM_Pair.vhd:]
WARNING: [filemgmt 56-199] Attempt to get parsing info during refresh. "On-the-fly" syntax checking information may be incorrect. [c:\Users\C27Soren.Herzog\ece383\Herzog_ece383_wksp\ip_repo\ZoGolf_DP_1_0\src\BRAM_Level_Selector.vhd:]
WARNING: [filemgmt 56-199] Attempt to get parsing info during refresh. "On-the-fly" syntax checking information may be incorrect. [C:\Users\C27Soren.Herzog\ece383\Herzog_ece383_wksp\ip_repo\ZoGolf_DP_1_0\src\level4_BRAM_Pair.vhd:]
WARNING: [filemgmt 56-199] Attempt to get parsing info during refresh. "On-the-fly" syntax checking information may be incorrect. [C:\Users\C27Soren.Herzog\ece383\Herzog_ece383_wksp\ip_repo\ZoGolf_DP_1_0\src\level9_BRAM_Pair.vhd:]
WARNING: [filemgmt 56-199] Attempt to get parsing info during refresh. "On-the-fly" syntax checking information may be incorrect. [c:\Users\C27Soren.Herzog\ece383\Herzog_ece383_wksp\ip_repo\ZoGolf_DP_1_0\src\ece383_pkg.vhd:]
WARNING: [filemgmt 56-199] Attempt to get parsing info during refresh. "On-the-fly" syntax checking information may be incorrect. [c:\Users\C27Soren.Herzog\ece383\Herzog_ece383_wksp\ip_repo\ZoGolf_DP_1_0\src\ece383_pkg.vhd:]
WARNING: [filemgmt 56-199] Attempt to get parsing info during refresh. "On-the-fly" syntax checking information may be incorrect. [c:\Users\C27Soren.Herzog\ece383\Herzog_ece383_wksp\ip_repo\ZoGolf_DP_1_0\src\ece383_pkg.vhd:]
WARNING: [filemgmt 56-199] Attempt to get parsing info during refresh. "On-the-fly" syntax checking information may be incorrect. [c:\Users\C27Soren.Herzog\ece383\Herzog_ece383_wksp\ip_repo\ZoGolf_DP_1_0\src\level0_BRAM_Pair.vhd:]
WARNING: [filemgmt 56-199] Attempt to get parsing info during refresh. "On-the-fly" syntax checking information may be incorrect. [C:\Users\C27Soren.Herzog\ece383\Herzog_ece383_wksp\ip_repo\ZoGolf_DP_1_0\src\level6_BRAM_Pair.vhd:]
WARNING: [filemgmt 56-199] Attempt to get parsing info during refresh. "On-the-fly" syntax checking information may be incorrect. [C:\Users\C27Soren.Herzog\ece383\Herzog_ece383_wksp\ip_repo\ZoGolf_DP_1_0\src\level7_BRAM_Pair.vhd:]
WARNING: [filemgmt 56-199] Attempt to get parsing info during refresh. "On-the-fly" syntax checking information may be incorrect. [C:\Users\C27Soren.Herzog\ece383\Herzog_ece383_wksp\ip_repo\ZoGolf_DP_1_0\src\level8_BRAM_Pair.vhd:]
WARNING: [filemgmt 56-199] Attempt to get parsing info during refresh. "On-the-fly" syntax checking information may be incorrect. [C:\Users\C27Soren.Herzog\ece383\Herzog_ece383_wksp\ip_repo\ZoGolf_DP_1_0\src\level5_BRAM_Pair.vhd:]
WARNING: [filemgmt 56-199] Attempt to get parsing info during refresh. "On-the-fly" syntax checking information may be incorrect. [c:\Users\C27Soren.Herzog\ece383\Herzog_ece383_wksp\ip_repo\ZoGolf_DP_1_0\src\BRAM_Level_Selector.vhd:]
WARNING: [filemgmt 56-199] Attempt to get parsing info during refresh. "On-the-fly" syntax checking information may be incorrect. [C:\Users\C27Soren.Herzog\ece383\Herzog_ece383_wksp\ip_repo\ZoGolf_DP_1_0\src\level4_BRAM_Pair.vhd:]
WARNING: [filemgmt 56-199] Attempt to get parsing info during refresh. "On-the-fly" syntax checking information may be incorrect. [C:\Users\C27Soren.Herzog\ece383\Herzog_ece383_wksp\ip_repo\ZoGolf_DP_1_0\src\level9_BRAM_Pair.vhd:]
WARNING: [filemgmt 56-199] Attempt to get parsing info during refresh. "On-the-fly" syntax checking information may be incorrect. [C:\Users\C27Soren.Herzog\ece383\Herzog_ece383_wksp\ip_repo\ZoGolf_DP_1_0\src\level4_BRAM_Pair.vhd:]
WARNING: [filemgmt 56-199] Attempt to get parsing info during refresh. "On-the-fly" syntax checking information may be incorrect. [C:\Users\C27Soren.Herzog\ece383\Herzog_ece383_wksp\ip_repo\ZoGolf_DP_1_0\src\level4_BRAM_Pair.vhd:]
WARNING: [filemgmt 56-199] Attempt to get parsing info during refresh. "On-the-fly" syntax checking information may be incorrect. [c:\Users\C27Soren.Herzog\ece383\Herzog_ece383_wksp\ip_repo\ZoGolf_DP_1_0\src\ece383_pkg.vhd:]
WARNING: [filemgmt 56-199] Attempt to get parsing info during refresh. "On-the-fly" syntax checking information may be incorrect. [c:\Users\C27Soren.Herzog\ece383\Herzog_ece383_wksp\ip_repo\ZoGolf_DP_1_0\src\level0_BRAM_Pair.vhd:]
WARNING: [filemgmt 56-199] Attempt to get parsing info during refresh. "On-the-fly" syntax checking information may be incorrect. [C:\Users\C27Soren.Herzog\ece383\Herzog_ece383_wksp\ip_repo\ZoGolf_DP_1_0\src\level6_BRAM_Pair.vhd:]
WARNING: [filemgmt 56-199] Attempt to get parsing info during refresh. "On-the-fly" syntax checking information may be incorrect. [C:\Users\C27Soren.Herzog\ece383\Herzog_ece383_wksp\ip_repo\ZoGolf_DP_1_0\src\level7_BRAM_Pair.vhd:]
WARNING: [filemgmt 56-199] Attempt to get parsing info during refresh. "On-the-fly" syntax checking information may be incorrect. [C:\Users\C27Soren.Herzog\ece383\Herzog_ece383_wksp\ip_repo\ZoGolf_DP_1_0\src\level8_BRAM_Pair.vhd:]
WARNING: [filemgmt 56-199] Attempt to get parsing info during refresh. "On-the-fly" syntax checking information may be incorrect. [C:\Users\C27Soren.Herzog\ece383\Herzog_ece383_wksp\ip_repo\ZoGolf_DP_1_0\src\level5_BRAM_Pair.vhd:]
WARNING: [filemgmt 56-199] Attempt to get parsing info during refresh. "On-the-fly" syntax checking information may be incorrect. [c:\Users\C27Soren.Herzog\ece383\Herzog_ece383_wksp\ip_repo\ZoGolf_DP_1_0\src\BRAM_Level_Selector.vhd:]
WARNING: [filemgmt 56-199] Attempt to get parsing info during refresh. "On-the-fly" syntax checking information may be incorrect. [C:\Users\C27Soren.Herzog\ece383\Herzog_ece383_wksp\ip_repo\ZoGolf_DP_1_0\src\level4_BRAM_Pair.vhd:]
WARNING: [filemgmt 56-199] Attempt to get parsing info during refresh. "On-the-fly" syntax checking information may be incorrect. [C:\Users\C27Soren.Herzog\ece383\Herzog_ece383_wksp\ip_repo\ZoGolf_DP_1_0\src\level9_BRAM_Pair.vhd:]
WARNING: [filemgmt 56-199] Attempt to get parsing info during refresh. "On-the-fly" syntax checking information may be incorrect. [C:\Users\C27Soren.Herzog\ece383\Herzog_ece383_wksp\ip_repo\ZoGolf_DP_1_0\src\level6_BRAM_Pair.vhd:]
WARNING: [filemgmt 56-199] Attempt to get parsing info during refresh. "On-the-fly" syntax checking information may be incorrect. [C:\Users\C27Soren.Herzog\ece383\Herzog_ece383_wksp\ip_repo\ZoGolf_DP_1_0\src\level6_BRAM_Pair.vhd:]
WARNING: [filemgmt 56-199] Attempt to get parsing info during refresh. "On-the-fly" syntax checking information may be incorrect. [c:\Users\C27Soren.Herzog\ece383\Herzog_ece383_wksp\ip_repo\ZoGolf_DP_1_0\src\ece383_pkg.vhd:]
WARNING: [filemgmt 56-199] Attempt to get parsing info during refresh. "On-the-fly" syntax checking information may be incorrect. [c:\Users\C27Soren.Herzog\ece383\Herzog_ece383_wksp\ip_repo\ZoGolf_DP_1_0\src\level0_BRAM_Pair.vhd:]
WARNING: [filemgmt 56-199] Attempt to get parsing info during refresh. "On-the-fly" syntax checking information may be incorrect. [C:\Users\C27Soren.Herzog\ece383\Herzog_ece383_wksp\ip_repo\ZoGolf_DP_1_0\src\level6_BRAM_Pair.vhd:]
WARNING: [filemgmt 56-199] Attempt to get parsing info during refresh. "On-the-fly" syntax checking information may be incorrect. [C:\Users\C27Soren.Herzog\ece383\Herzog_ece383_wksp\ip_repo\ZoGolf_DP_1_0\src\level7_BRAM_Pair.vhd:]
WARNING: [filemgmt 56-199] Attempt to get parsing info during refresh. "On-the-fly" syntax checking information may be incorrect. [C:\Users\C27Soren.Herzog\ece383\Herzog_ece383_wksp\ip_repo\ZoGolf_DP_1_0\src\level8_BRAM_Pair.vhd:]
WARNING: [filemgmt 56-199] Attempt to get parsing info during refresh. "On-the-fly" syntax checking information may be incorrect. [C:\Users\C27Soren.Herzog\ece383\Herzog_ece383_wksp\ip_repo\ZoGolf_DP_1_0\src\level5_BRAM_Pair.vhd:]
WARNING: [filemgmt 56-199] Attempt to get parsing info during refresh. "On-the-fly" syntax checking information may be incorrect. [c:\Users\C27Soren.Herzog\ece383\Herzog_ece383_wksp\ip_repo\ZoGolf_DP_1_0\src\BRAM_Level_Selector.vhd:]
WARNING: [filemgmt 56-199] Attempt to get parsing info during refresh. "On-the-fly" syntax checking information may be incorrect. [C:\Users\C27Soren.Herzog\ece383\Herzog_ece383_wksp\ip_repo\ZoGolf_DP_1_0\src\level4_BRAM_Pair.vhd:]
WARNING: [filemgmt 56-199] Attempt to get parsing info during refresh. "On-the-fly" syntax checking information may be incorrect. [C:\Users\C27Soren.Herzog\ece383\Herzog_ece383_wksp\ip_repo\ZoGolf_DP_1_0\src\level9_BRAM_Pair.vhd:]
WARNING: [filemgmt 56-199] Attempt to get parsing info during refresh. "On-the-fly" syntax checking information may be incorrect. [C:\Users\C27Soren.Herzog\ece383\Herzog_ece383_wksp\ip_repo\ZoGolf_DP_1_0\src\level8_BRAM_Pair.vhd:]
WARNING: [filemgmt 56-199] Attempt to get parsing info during refresh. "On-the-fly" syntax checking information may be incorrect. [C:\Users\C27Soren.Herzog\ece383\Herzog_ece383_wksp\ip_repo\ZoGolf_DP_1_0\src\level8_BRAM_Pair.vhd:]
WARNING: [filemgmt 56-199] Attempt to get parsing info during refresh. "On-the-fly" syntax checking information may be incorrect. [c:\Users\C27Soren.Herzog\ece383\Herzog_ece383_wksp\ip_repo\ZoGolf_DP_1_0\src\ece383_pkg.vhd:]
WARNING: [filemgmt 56-199] Attempt to get parsing info during refresh. "On-the-fly" syntax checking information may be incorrect. [c:\Users\C27Soren.Herzog\ece383\Herzog_ece383_wksp\ip_repo\ZoGolf_DP_1_0\src\level0_BRAM_Pair.vhd:]
WARNING: [filemgmt 56-199] Attempt to get parsing info during refresh. "On-the-fly" syntax checking information may be incorrect. [C:\Users\C27Soren.Herzog\ece383\Herzog_ece383_wksp\ip_repo\ZoGolf_DP_1_0\src\level6_BRAM_Pair.vhd:]
WARNING: [filemgmt 56-199] Attempt to get parsing info during refresh. "On-the-fly" syntax checking information may be incorrect. [C:\Users\C27Soren.Herzog\ece383\Herzog_ece383_wksp\ip_repo\ZoGolf_DP_1_0\src\level7_BRAM_Pair.vhd:]
WARNING: [filemgmt 56-199] Attempt to get parsing info during refresh. "On-the-fly" syntax checking information may be incorrect. [C:\Users\C27Soren.Herzog\ece383\Herzog_ece383_wksp\ip_repo\ZoGolf_DP_1_0\src\level8_BRAM_Pair.vhd:]
WARNING: [filemgmt 56-199] Attempt to get parsing info during refresh. "On-the-fly" syntax checking information may be incorrect. [C:\Users\C27Soren.Herzog\ece383\Herzog_ece383_wksp\ip_repo\ZoGolf_DP_1_0\src\level5_BRAM_Pair.vhd:]
WARNING: [filemgmt 56-199] Attempt to get parsing info during refresh. "On-the-fly" syntax checking information may be incorrect. [c:\Users\C27Soren.Herzog\ece383\Herzog_ece383_wksp\ip_repo\ZoGolf_DP_1_0\src\BRAM_Level_Selector.vhd:]
WARNING: [filemgmt 56-199] Attempt to get parsing info during refresh. "On-the-fly" syntax checking information may be incorrect. [C:\Users\C27Soren.Herzog\ece383\Herzog_ece383_wksp\ip_repo\ZoGolf_DP_1_0\src\level4_BRAM_Pair.vhd:]
WARNING: [filemgmt 56-199] Attempt to get parsing info during refresh. "On-the-fly" syntax checking information may be incorrect. [C:\Users\C27Soren.Herzog\ece383\Herzog_ece383_wksp\ip_repo\ZoGolf_DP_1_0\src\level9_BRAM_Pair.vhd:]
WARNING: [filemgmt 56-199] Attempt to get parsing info during refresh. "On-the-fly" syntax checking information may be incorrect. [c:\Users\C27Soren.Herzog\ece383\Herzog_ece383_wksp\ip_repo\ZoGolf_DP_1_0\src\level0_BRAM_Pair.vhd:]
WARNING: [filemgmt 56-199] Attempt to get parsing info during refresh. "On-the-fly" syntax checking information may be incorrect. [c:\Users\C27Soren.Herzog\ece383\Herzog_ece383_wksp\ip_repo\ZoGolf_DP_1_0\src\level0_BRAM_Pair.vhd:]
WARNING: [filemgmt 56-199] Attempt to get parsing info during refresh. "On-the-fly" syntax checking information may be incorrect. [c:\Users\C27Soren.Herzog\ece383\Herzog_ece383_wksp\ip_repo\ZoGolf_DP_1_0\src\ece383_pkg.vhd:]
INFO: [Common 17-14] Message 'filemgmt 56-199' appears 100 times and further instances of the messages will be disabled. Use the Tcl command set_msg_config to change the current settings.
WARNING: [filemgmt 56-199] Attempt to get parsing info during refresh. "On-the-fly" syntax checking information may be incorrect. [c:\Users\C27Soren.Herzog\ece383\Herzog_ece383_wksp\ip_repo\ZoGolf_DP_1_0\src\ece383_pkg.vhd:]
WARNING: [filemgmt 56-199] Attempt to get parsing info during refresh. "On-the-fly" syntax checking information may be incorrect. [c:\Users\C27Soren.Herzog\ece383\Herzog_ece383_wksp\ip_repo\ZoGolf_DP_1_0\src\level0_BRAM_Pair.vhd:]
WARNING: [filemgmt 56-199] Attempt to get parsing info during refresh. "On-the-fly" syntax checking information may be incorrect. [C:\Users\C27Soren.Herzog\ece383\Herzog_ece383_wksp\ip_repo\ZoGolf_DP_1_0\src\level6_BRAM_Pair.vhd:]
WARNING: [filemgmt 56-199] Attempt to get parsing info during refresh. "On-the-fly" syntax checking information may be incorrect. [C:\Users\C27Soren.Herzog\ece383\Herzog_ece383_wksp\ip_repo\ZoGolf_DP_1_0\src\level7_BRAM_Pair.vhd:]
WARNING: [filemgmt 56-199] Attempt to get parsing info during refresh. "On-the-fly" syntax checking information may be incorrect. [C:\Users\C27Soren.Herzog\ece383\Herzog_ece383_wksp\ip_repo\ZoGolf_DP_1_0\src\level8_BRAM_Pair.vhd:]
WARNING: [filemgmt 56-199] Attempt to get parsing info during refresh. "On-the-fly" syntax checking information may be incorrect. [C:\Users\C27Soren.Herzog\ece383\Herzog_ece383_wksp\ip_repo\ZoGolf_DP_1_0\src\level5_BRAM_Pair.vhd:]
WARNING: [filemgmt 56-199] Attempt to get parsing info during refresh. "On-the-fly" syntax checking information may be incorrect. [c:\Users\C27Soren.Herzog\ece383\Herzog_ece383_wksp\ip_repo\ZoGolf_DP_1_0\src\BRAM_Level_Selector.vhd:]
WARNING: [filemgmt 56-199] Attempt to get parsing info during refresh. "On-the-fly" syntax checking information may be incorrect. [C:\Users\C27Soren.Herzog\ece383\Herzog_ece383_wksp\ip_repo\ZoGolf_DP_1_0\src\level4_BRAM_Pair.vhd:]
WARNING: [filemgmt 56-199] Attempt to get parsing info during refresh. "On-the-fly" syntax checking information may be incorrect. [C:\Users\C27Soren.Herzog\ece383\Herzog_ece383_wksp\ip_repo\ZoGolf_DP_1_0\src\level9_BRAM_Pair.vhd:]
WARNING: [filemgmt 56-199] Attempt to get parsing info during refresh. "On-the-fly" syntax checking information may be incorrect. [c:\Users\C27Soren.Herzog\ece383\Herzog_ece383_wksp\ip_repo\ZoGolf_DP_1_0\src\BRAM_Level_Selector.vhd:]
WARNING: [filemgmt 56-199] Attempt to get parsing info during refresh. "On-the-fly" syntax checking information may be incorrect. [c:\Users\C27Soren.Herzog\ece383\Herzog_ece383_wksp\ip_repo\ZoGolf_DP_1_0\src\BRAM_Level_Selector.vhd:]
WARNING: [filemgmt 56-199] Attempt to get parsing info during refresh. "On-the-fly" syntax checking information may be incorrect. [c:\Users\C27Soren.Herzog\ece383\Herzog_ece383_wksp\ip_repo\ZoGolf_DP_1_0\src\ece383_pkg.vhd:]
WARNING: [filemgmt 56-199] Attempt to get parsing info during refresh. "On-the-fly" syntax checking information may be incorrect. [c:\Users\C27Soren.Herzog\ece383\Herzog_ece383_wksp\ip_repo\ZoGolf_DP_1_0\src\level0_BRAM_Pair.vhd:]
WARNING: [filemgmt 56-199] Attempt to get parsing info during refresh. "On-the-fly" syntax checking information may be incorrect. [C:\Users\C27Soren.Herzog\ece383\Herzog_ece383_wksp\ip_repo\ZoGolf_DP_1_0\src\level6_BRAM_Pair.vhd:]
WARNING: [filemgmt 56-199] Attempt to get parsing info during refresh. "On-the-fly" syntax checking information may be incorrect. [C:\Users\C27Soren.Herzog\ece383\Herzog_ece383_wksp\ip_repo\ZoGolf_DP_1_0\src\level7_BRAM_Pair.vhd:]
WARNING: [filemgmt 56-199] Attempt to get parsing info during refresh. "On-the-fly" syntax checking information may be incorrect. [C:\Users\C27Soren.Herzog\ece383\Herzog_ece383_wksp\ip_repo\ZoGolf_DP_1_0\src\level8_BRAM_Pair.vhd:]
WARNING: [filemgmt 56-199] Attempt to get parsing info during refresh. "On-the-fly" syntax checking information may be incorrect. [C:\Users\C27Soren.Herzog\ece383\Herzog_ece383_wksp\ip_repo\ZoGolf_DP_1_0\src\level5_BRAM_Pair.vhd:]
WARNING: [filemgmt 56-199] Attempt to get parsing info during refresh. "On-the-fly" syntax checking information may be incorrect. [c:\Users\C27Soren.Herzog\ece383\Herzog_ece383_wksp\ip_repo\ZoGolf_DP_1_0\src\BRAM_Level_Selector.vhd:]
WARNING: [filemgmt 56-199] Attempt to get parsing info during refresh. "On-the-fly" syntax checking information may be incorrect. [C:\Users\C27Soren.Herzog\ece383\Herzog_ece383_wksp\ip_repo\ZoGolf_DP_1_0\src\level4_BRAM_Pair.vhd:]
WARNING: [filemgmt 56-199] Attempt to get parsing info during refresh. "On-the-fly" syntax checking information may be incorrect. [C:\Users\C27Soren.Herzog\ece383\Herzog_ece383_wksp\ip_repo\ZoGolf_DP_1_0\src\level9_BRAM_Pair.vhd:]
WARNING: [filemgmt 56-199] Attempt to get parsing info during refresh. "On-the-fly" syntax checking information may be incorrect. [C:\Users\C27Soren.Herzog\ece383\Herzog_ece383_wksp\ip_repo\ZoGolf_DP_1_0\src\level6_BRAM_Pair.vhd:]
WARNING: [filemgmt 56-199] Attempt to get parsing info during refresh. "On-the-fly" syntax checking information may be incorrect. [C:\Users\C27Soren.Herzog\ece383\Herzog_ece383_wksp\ip_repo\ZoGolf_DP_1_0\src\level6_BRAM_Pair.vhd:]
WARNING: [filemgmt 56-199] Attempt to get parsing info during refresh. "On-the-fly" syntax checking information may be incorrect. [c:\Users\C27Soren.Herzog\ece383\Herzog_ece383_wksp\ip_repo\ZoGolf_DP_1_0\src\ece383_pkg.vhd:]
WARNING: [filemgmt 56-199] Attempt to get parsing info during refresh. "On-the-fly" syntax checking information may be incorrect. [c:\Users\C27Soren.Herzog\ece383\Herzog_ece383_wksp\ip_repo\ZoGolf_DP_1_0\src\level0_BRAM_Pair.vhd:]
WARNING: [filemgmt 56-199] Attempt to get parsing info during refresh. "On-the-fly" syntax checking information may be incorrect. [C:\Users\C27Soren.Herzog\ece383\Herzog_ece383_wksp\ip_repo\ZoGolf_DP_1_0\src\level6_BRAM_Pair.vhd:]
WARNING: [filemgmt 56-199] Attempt to get parsing info during refresh. "On-the-fly" syntax checking information may be incorrect. [C:\Users\C27Soren.Herzog\ece383\Herzog_ece383_wksp\ip_repo\ZoGolf_DP_1_0\src\level7_BRAM_Pair.vhd:]
WARNING: [filemgmt 56-199] Attempt to get parsing info during refresh. "On-the-fly" syntax checking information may be incorrect. [C:\Users\C27Soren.Herzog\ece383\Herzog_ece383_wksp\ip_repo\ZoGolf_DP_1_0\src\level8_BRAM_Pair.vhd:]
WARNING: [filemgmt 56-199] Attempt to get parsing info during refresh. "On-the-fly" syntax checking information may be incorrect. [C:\Users\C27Soren.Herzog\ece383\Herzog_ece383_wksp\ip_repo\ZoGolf_DP_1_0\src\level5_BRAM_Pair.vhd:]
WARNING: [filemgmt 56-199] Attempt to get parsing info during refresh. "On-the-fly" syntax checking information may be incorrect. [c:\Users\C27Soren.Herzog\ece383\Herzog_ece383_wksp\ip_repo\ZoGolf_DP_1_0\src\BRAM_Level_Selector.vhd:]
WARNING: [filemgmt 56-199] Attempt to get parsing info during refresh. "On-the-fly" syntax checking information may be incorrect. [C:\Users\C27Soren.Herzog\ece383\Herzog_ece383_wksp\ip_repo\ZoGolf_DP_1_0\src\level4_BRAM_Pair.vhd:]
WARNING: [filemgmt 56-199] Attempt to get parsing info during refresh. "On-the-fly" syntax checking information may be incorrect. [C:\Users\C27Soren.Herzog\ece383\Herzog_ece383_wksp\ip_repo\ZoGolf_DP_1_0\src\level9_BRAM_Pair.vhd:]
WARNING: [filemgmt 56-199] Attempt to get parsing info during refresh. "On-the-fly" syntax checking information may be incorrect. [C:\Users\C27Soren.Herzog\ece383\Herzog_ece383_wksp\ip_repo\ZoGolf_DP_1_0\src\level4_BRAM_Pair.vhd:]
WARNING: [filemgmt 56-199] Attempt to get parsing info during refresh. "On-the-fly" syntax checking information may be incorrect. [C:\Users\C27Soren.Herzog\ece383\Herzog_ece383_wksp\ip_repo\ZoGolf_DP_1_0\src\level4_BRAM_Pair.vhd:]
WARNING: [filemgmt 56-199] Attempt to get parsing info during refresh. "On-the-fly" syntax checking information may be incorrect. [c:\Users\C27Soren.Herzog\ece383\Herzog_ece383_wksp\ip_repo\ZoGolf_DP_1_0\src\ece383_pkg.vhd:]
WARNING: [filemgmt 56-199] Attempt to get parsing info during refresh. "On-the-fly" syntax checking information may be incorrect. [c:\Users\C27Soren.Herzog\ece383\Herzog_ece383_wksp\ip_repo\ZoGolf_DP_1_0\src\level0_BRAM_Pair.vhd:]
WARNING: [filemgmt 56-199] Attempt to get parsing info during refresh. "On-the-fly" syntax checking information may be incorrect. [C:\Users\C27Soren.Herzog\ece383\Herzog_ece383_wksp\ip_repo\ZoGolf_DP_1_0\src\level6_BRAM_Pair.vhd:]
WARNING: [filemgmt 56-199] Attempt to get parsing info during refresh. "On-the-fly" syntax checking information may be incorrect. [C:\Users\C27Soren.Herzog\ece383\Herzog_ece383_wksp\ip_repo\ZoGolf_DP_1_0\src\level7_BRAM_Pair.vhd:]
WARNING: [filemgmt 56-199] Attempt to get parsing info during refresh. "On-the-fly" syntax checking information may be incorrect. [C:\Users\C27Soren.Herzog\ece383\Herzog_ece383_wksp\ip_repo\ZoGolf_DP_1_0\src\level8_BRAM_Pair.vhd:]
WARNING: [filemgmt 56-199] Attempt to get parsing info during refresh. "On-the-fly" syntax checking information may be incorrect. [C:\Users\C27Soren.Herzog\ece383\Herzog_ece383_wksp\ip_repo\ZoGolf_DP_1_0\src\level5_BRAM_Pair.vhd:]
WARNING: [filemgmt 56-199] Attempt to get parsing info during refresh. "On-the-fly" syntax checking information may be incorrect. [c:\Users\C27Soren.Herzog\ece383\Herzog_ece383_wksp\ip_repo\ZoGolf_DP_1_0\src\BRAM_Level_Selector.vhd:]
WARNING: [filemgmt 56-199] Attempt to get parsing info during refresh. "On-the-fly" syntax checking information may be incorrect. [C:\Users\C27Soren.Herzog\ece383\Herzog_ece383_wksp\ip_repo\ZoGolf_DP_1_0\src\level4_BRAM_Pair.vhd:]
WARNING: [filemgmt 56-199] Attempt to get parsing info during refresh. "On-the-fly" syntax checking information may be incorrect. [C:\Users\C27Soren.Herzog\ece383\Herzog_ece383_wksp\ip_repo\ZoGolf_DP_1_0\src\level9_BRAM_Pair.vhd:]
WARNING: [filemgmt 56-199] Attempt to get parsing info during refresh. "On-the-fly" syntax checking information may be incorrect. [C:\Users\C27Soren.Herzog\ece383\Herzog_ece383_wksp\ip_repo\ZoGolf_DP_1_0\src\level5_BRAM_Pair.vhd:]
WARNING: [filemgmt 56-199] Attempt to get parsing info during refresh. "On-the-fly" syntax checking information may be incorrect. [C:\Users\C27Soren.Herzog\ece383\Herzog_ece383_wksp\ip_repo\ZoGolf_DP_1_0\src\level5_BRAM_Pair.vhd:]
WARNING: [filemgmt 56-199] Attempt to get parsing info during refresh. "On-the-fly" syntax checking information may be incorrect. [c:\Users\C27Soren.Herzog\ece383\Herzog_ece383_wksp\ip_repo\ZoGolf_DP_1_0\src\ece383_pkg.vhd:]
WARNING: [filemgmt 56-199] Attempt to get parsing info during refresh. "On-the-fly" syntax checking information may be incorrect. [c:\Users\C27Soren.Herzog\ece383\Herzog_ece383_wksp\ip_repo\ZoGolf_DP_1_0\src\level0_BRAM_Pair.vhd:]
WARNING: [filemgmt 56-199] Attempt to get parsing info during refresh. "On-the-fly" syntax checking information may be incorrect. [C:\Users\C27Soren.Herzog\ece383\Herzog_ece383_wksp\ip_repo\ZoGolf_DP_1_0\src\level6_BRAM_Pair.vhd:]
WARNING: [filemgmt 56-199] Attempt to get parsing info during refresh. "On-the-fly" syntax checking information may be incorrect. [C:\Users\C27Soren.Herzog\ece383\Herzog_ece383_wksp\ip_repo\ZoGolf_DP_1_0\src\level7_BRAM_Pair.vhd:]
WARNING: [filemgmt 56-199] Attempt to get parsing info during refresh. "On-the-fly" syntax checking information may be incorrect. [C:\Users\C27Soren.Herzog\ece383\Herzog_ece383_wksp\ip_repo\ZoGolf_DP_1_0\src\level8_BRAM_Pair.vhd:]
WARNING: [filemgmt 56-199] Attempt to get parsing info during refresh. "On-the-fly" syntax checking information may be incorrect. [C:\Users\C27Soren.Herzog\ece383\Herzog_ece383_wksp\ip_repo\ZoGolf_DP_1_0\src\level5_BRAM_Pair.vhd:]
WARNING: [filemgmt 56-199] Attempt to get parsing info during refresh. "On-the-fly" syntax checking information may be incorrect. [c:\Users\C27Soren.Herzog\ece383\Herzog_ece383_wksp\ip_repo\ZoGolf_DP_1_0\src\BRAM_Level_Selector.vhd:]
WARNING: [filemgmt 56-199] Attempt to get parsing info during refresh. "On-the-fly" syntax checking information may be incorrect. [C:\Users\C27Soren.Herzog\ece383\Herzog_ece383_wksp\ip_repo\ZoGolf_DP_1_0\src\level4_BRAM_Pair.vhd:]
WARNING: [filemgmt 56-199] Attempt to get parsing info during refresh. "On-the-fly" syntax checking information may be incorrect. [C:\Users\C27Soren.Herzog\ece383\Herzog_ece383_wksp\ip_repo\ZoGolf_DP_1_0\src\level9_BRAM_Pair.vhd:]
WARNING: [filemgmt 56-199] Attempt to get parsing info during refresh. "On-the-fly" syntax checking information may be incorrect. [C:\Users\C27Soren.Herzog\ece383\Herzog_ece383_wksp\ip_repo\ZoGolf_DP_1_0\src\level8_BRAM_Pair.vhd:]
WARNING: [filemgmt 56-199] Attempt to get parsing info during refresh. "On-the-fly" syntax checking information may be incorrect. [C:\Users\C27Soren.Herzog\ece383\Herzog_ece383_wksp\ip_repo\ZoGolf_DP_1_0\src\level8_BRAM_Pair.vhd:]
WARNING: [filemgmt 56-199] Attempt to get parsing info during refresh. "On-the-fly" syntax checking information may be incorrect. [c:\Users\C27Soren.Herzog\ece383\Herzog_ece383_wksp\ip_repo\ZoGolf_DP_1_0\src\ece383_pkg.vhd:]
WARNING: [filemgmt 56-199] Attempt to get parsing info during refresh. "On-the-fly" syntax checking information may be incorrect. [c:\Users\C27Soren.Herzog\ece383\Herzog_ece383_wksp\ip_repo\ZoGolf_DP_1_0\src\level0_BRAM_Pair.vhd:]
WARNING: [filemgmt 56-199] Attempt to get parsing info during refresh. "On-the-fly" syntax checking information may be incorrect. [C:\Users\C27Soren.Herzog\ece383\Herzog_ece383_wksp\ip_repo\ZoGolf_DP_1_0\src\level6_BRAM_Pair.vhd:]
WARNING: [filemgmt 56-199] Attempt to get parsing info during refresh. "On-the-fly" syntax checking information may be incorrect. [C:\Users\C27Soren.Herzog\ece383\Herzog_ece383_wksp\ip_repo\ZoGolf_DP_1_0\src\level7_BRAM_Pair.vhd:]
WARNING: [filemgmt 56-199] Attempt to get parsing info during refresh. "On-the-fly" syntax checking information may be incorrect. [C:\Users\C27Soren.Herzog\ece383\Herzog_ece383_wksp\ip_repo\ZoGolf_DP_1_0\src\level8_BRAM_Pair.vhd:]
WARNING: [filemgmt 56-199] Attempt to get parsing info during refresh. "On-the-fly" syntax checking information may be incorrect. [C:\Users\C27Soren.Herzog\ece383\Herzog_ece383_wksp\ip_repo\ZoGolf_DP_1_0\src\level5_BRAM_Pair.vhd:]
WARNING: [filemgmt 56-199] Attempt to get parsing info during refresh. "On-the-fly" syntax checking information may be incorrect. [c:\Users\C27Soren.Herzog\ece383\Herzog_ece383_wksp\ip_repo\ZoGolf_DP_1_0\src\BRAM_Level_Selector.vhd:]
WARNING: [filemgmt 56-199] Attempt to get parsing info during refresh. "On-the-fly" syntax checking information may be incorrect. [C:\Users\C27Soren.Herzog\ece383\Herzog_ece383_wksp\ip_repo\ZoGolf_DP_1_0\src\level4_BRAM_Pair.vhd:]
WARNING: [filemgmt 56-199] Attempt to get parsing info during refresh. "On-the-fly" syntax checking information may be incorrect. [C:\Users\C27Soren.Herzog\ece383\Herzog_ece383_wksp\ip_repo\ZoGolf_DP_1_0\src\level9_BRAM_Pair.vhd:]
WARNING: [filemgmt 56-199] Attempt to get parsing info during refresh. "On-the-fly" syntax checking information may be incorrect. [c:\Users\C27Soren.Herzog\ece383\Herzog_ece383_wksp\ip_repo\ZoGolf_DP_1_0\src\ece383_pkg.vhd:]
WARNING: [filemgmt 56-199] Attempt to get parsing info during refresh. "On-the-fly" syntax checking information may be incorrect. [c:\Users\C27Soren.Herzog\ece383\Herzog_ece383_wksp\ip_repo\ZoGolf_DP_1_0\src\ece383_pkg.vhd:]
ERROR: [Common 17-180] Spawn failed: No error
ERROR: [Common 17-180] Spawn failed: No error
WARNING: [filemgmt 56-199] Attempt to get parsing info during refresh. "On-the-fly" syntax checking information may be incorrect. [c:\Users\C27Soren.Herzog\ece383\Herzog_ece383_wksp\ip_repo\ZoGolf_DP_1_0\src\ece383_pkg.vhd:]
WARNING: [filemgmt 56-199] Attempt to get parsing info during refresh. "On-the-fly" syntax checking information may be incorrect. [c:\Users\C27Soren.Herzog\ece383\Herzog_ece383_wksp\ip_repo\ZoGolf_DP_1_0\src\level0_BRAM_Pair.vhd:]
WARNING: [filemgmt 56-199] Attempt to get parsing info during refresh. "On-the-fly" syntax checking information may be incorrect. [C:\Users\C27Soren.Herzog\ece383\Herzog_ece383_wksp\ip_repo\ZoGolf_DP_1_0\src\level6_BRAM_Pair.vhd:]
WARNING: [filemgmt 56-199] Attempt to get parsing info during refresh. "On-the-fly" syntax checking information may be incorrect. [C:\Users\C27Soren.Herzog\ece383\Herzog_ece383_wksp\ip_repo\ZoGolf_DP_1_0\src\level7_BRAM_Pair.vhd:]
WARNING: [filemgmt 56-199] Attempt to get parsing info during refresh. "On-the-fly" syntax checking information may be incorrect. [C:\Users\C27Soren.Herzog\ece383\Herzog_ece383_wksp\ip_repo\ZoGolf_DP_1_0\src\level8_BRAM_Pair.vhd:]
WARNING: [filemgmt 56-199] Attempt to get parsing info during refresh. "On-the-fly" syntax checking information may be incorrect. [C:\Users\C27Soren.Herzog\ece383\Herzog_ece383_wksp\ip_repo\ZoGolf_DP_1_0\src\level5_BRAM_Pair.vhd:]
WARNING: [filemgmt 56-199] Attempt to get parsing info during refresh. "On-the-fly" syntax checking information may be incorrect. [c:\Users\C27Soren.Herzog\ece383\Herzog_ece383_wksp\ip_repo\ZoGolf_DP_1_0\src\BRAM_Level_Selector.vhd:]
WARNING: [filemgmt 56-199] Attempt to get parsing info during refresh. "On-the-fly" syntax checking information may be incorrect. [C:\Users\C27Soren.Herzog\ece383\Herzog_ece383_wksp\ip_repo\ZoGolf_DP_1_0\src\level4_BRAM_Pair.vhd:]
WARNING: [filemgmt 56-199] Attempt to get parsing info during refresh. "On-the-fly" syntax checking information may be incorrect. [C:\Users\C27Soren.Herzog\ece383\Herzog_ece383_wksp\ip_repo\ZoGolf_DP_1_0\src\level9_BRAM_Pair.vhd:]
WARNING: [filemgmt 56-199] Attempt to get parsing info during refresh. "On-the-fly" syntax checking information may be incorrect. [C:\Users\C27Soren.Herzog\ece383\Herzog_ece383_wksp\ip_repo\ZoGolf_DP_1_0\src\level7_BRAM_Pair.vhd:]
WARNING: [filemgmt 56-199] Attempt to get parsing info during refresh. "On-the-fly" syntax checking information may be incorrect. [C:\Users\C27Soren.Herzog\ece383\Herzog_ece383_wksp\ip_repo\ZoGolf_DP_1_0\src\level7_BRAM_Pair.vhd:]
WARNING: [filemgmt 56-199] Attempt to get parsing info during refresh. "On-the-fly" syntax checking information may be incorrect. [c:\Users\C27Soren.Herzog\ece383\Herzog_ece383_wksp\ip_repo\ZoGolf_DP_1_0\src\ece383_pkg.vhd:]
WARNING: [filemgmt 56-199] Attempt to get parsing info during refresh. "On-the-fly" syntax checking information may be incorrect. [c:\Users\C27Soren.Herzog\ece383\Herzog_ece383_wksp\ip_repo\ZoGolf_DP_1_0\src\level0_BRAM_Pair.vhd:]
WARNING: [filemgmt 56-199] Attempt to get parsing info during refresh. "On-the-fly" syntax checking information may be incorrect. [C:\Users\C27Soren.Herzog\ece383\Herzog_ece383_wksp\ip_repo\ZoGolf_DP_1_0\src\level6_BRAM_Pair.vhd:]
WARNING: [filemgmt 56-199] Attempt to get parsing info during refresh. "On-the-fly" syntax checking information may be incorrect. [C:\Users\C27Soren.Herzog\ece383\Herzog_ece383_wksp\ip_repo\ZoGolf_DP_1_0\src\level7_BRAM_Pair.vhd:]
WARNING: [filemgmt 56-199] Attempt to get parsing info during refresh. "On-the-fly" syntax checking information may be incorrect. [C:\Users\C27Soren.Herzog\ece383\Herzog_ece383_wksp\ip_repo\ZoGolf_DP_1_0\src\level8_BRAM_Pair.vhd:]
WARNING: [filemgmt 56-199] Attempt to get parsing info during refresh. "On-the-fly" syntax checking information may be incorrect. [C:\Users\C27Soren.Herzog\ece383\Herzog_ece383_wksp\ip_repo\ZoGolf_DP_1_0\src\level5_BRAM_Pair.vhd:]
WARNING: [filemgmt 56-199] Attempt to get parsing info during refresh. "On-the-fly" syntax checking information may be incorrect. [c:\Users\C27Soren.Herzog\ece383\Herzog_ece383_wksp\ip_repo\ZoGolf_DP_1_0\src\BRAM_Level_Selector.vhd:]
WARNING: [filemgmt 56-199] Attempt to get parsing info during refresh. "On-the-fly" syntax checking information may be incorrect. [C:\Users\C27Soren.Herzog\ece383\Herzog_ece383_wksp\ip_repo\ZoGolf_DP_1_0\src\level4_BRAM_Pair.vhd:]
WARNING: [filemgmt 56-199] Attempt to get parsing info during refresh. "On-the-fly" syntax checking information may be incorrect. [C:\Users\C27Soren.Herzog\ece383\Herzog_ece383_wksp\ip_repo\ZoGolf_DP_1_0\src\level9_BRAM_Pair.vhd:]
WARNING: [filemgmt 56-199] Attempt to get parsing info during refresh. "On-the-fly" syntax checking information may be incorrect. [C:\Users\C27Soren.Herzog\ece383\Herzog_ece383_wksp\ip_repo\ZoGolf_DP_1_0\src\level9_BRAM_Pair.vhd:]
WARNING: [filemgmt 56-199] Attempt to get parsing info during refresh. "On-the-fly" syntax checking information may be incorrect. [C:\Users\C27Soren.Herzog\ece383\Herzog_ece383_wksp\ip_repo\ZoGolf_DP_1_0\src\level9_BRAM_Pair.vhd:]
WARNING: [filemgmt 56-199] Attempt to get parsing info during refresh. "On-the-fly" syntax checking information may be incorrect. [c:\Users\C27Soren.Herzog\ece383\Herzog_ece383_wksp\ip_repo\ZoGolf_DP_1_0\src\ece383_pkg.vhd:]
WARNING: [filemgmt 56-199] Attempt to get parsing info during refresh. "On-the-fly" syntax checking information may be incorrect. [C:\Users\C27Soren.Herzog\ece383\Herzog_ece383_wksp\ip_repo\ZoGolf_DP_1_0\src\level6_BRAM_Pair.vhd:]
WARNING: [filemgmt 56-199] Attempt to get parsing info during refresh. "On-the-fly" syntax checking information may be incorrect. [C:\Users\C27Soren.Herzog\ece383\Herzog_ece383_wksp\ip_repo\ZoGolf_DP_1_0\src\level7_BRAM_Pair.vhd:]
WARNING: [filemgmt 56-199] Attempt to get parsing info during refresh. "On-the-fly" syntax checking information may be incorrect. [C:\Users\C27Soren.Herzog\ece383\Herzog_ece383_wksp\ip_repo\ZoGolf_DP_1_0\src\level8_BRAM_Pair.vhd:]
WARNING: [filemgmt 56-199] Attempt to get parsing info during refresh. "On-the-fly" syntax checking information may be incorrect. [C:\Users\C27Soren.Herzog\ece383\Herzog_ece383_wksp\ip_repo\ZoGolf_DP_1_0\src\level5_BRAM_Pair.vhd:]
WARNING: [filemgmt 56-199] Attempt to get parsing info during refresh. "On-the-fly" syntax checking information may be incorrect. [c:\Users\C27Soren.Herzog\ece383\Herzog_ece383_wksp\ip_repo\ZoGolf_DP_1_0\src\BRAM_Level_Selector.vhd:]
WARNING: [filemgmt 56-199] Attempt to get parsing info during refresh. "On-the-fly" syntax checking information may be incorrect. [c:\Users\C27Soren.Herzog\ece383\Herzog_ece383_wksp\ip_repo\ZoGolf_DP_1_0\src\level1_BRAM_Pair.vhd:]
WARNING: [filemgmt 56-199] Attempt to get parsing info during refresh. "On-the-fly" syntax checking information may be incorrect. [C:\Users\C27Soren.Herzog\ece383\Herzog_ece383_wksp\ip_repo\ZoGolf_DP_1_0\src\level4_BRAM_Pair.vhd:]
WARNING: [filemgmt 56-199] Attempt to get parsing info during refresh. "On-the-fly" syntax checking information may be incorrect. [C:\Users\C27Soren.Herzog\ece383\Herzog_ece383_wksp\ip_repo\ZoGolf_DP_1_0\src\level9_BRAM_Pair.vhd:]
WARNING: [filemgmt 56-199] Attempt to get parsing info during refresh. "On-the-fly" syntax checking information may be incorrect. [c:\Users\C27Soren.Herzog\ece383\Herzog_ece383_wksp\ip_repo\ZoGolf_DP_1_0\src\ece383_pkg.vhd:]
WARNING: [filemgmt 56-199] Attempt to get parsing info during refresh. "On-the-fly" syntax checking information may be incorrect. [c:\Users\C27Soren.Herzog\ece383\Herzog_ece383_wksp\ip_repo\ZoGolf_DP_1_0\src\ece383_pkg.vhd:]
WARNING: [filemgmt 56-199] Attempt to get parsing info during refresh. "On-the-fly" syntax checking information may be incorrect. [c:\Users\C27Soren.Herzog\ece383\Herzog_ece383_wksp\ip_repo\ZoGolf_DP_1_0\src\ece383_pkg.vhd:]
WARNING: [filemgmt 56-199] Attempt to get parsing info during refresh. "On-the-fly" syntax checking information may be incorrect. [C:\Users\C27Soren.Herzog\ece383\Herzog_ece383_wksp\ip_repo\ZoGolf_DP_1_0\src\level6_BRAM_Pair.vhd:]
WARNING: [filemgmt 56-199] Attempt to get parsing info during refresh. "On-the-fly" syntax checking information may be incorrect. [C:\Users\C27Soren.Herzog\ece383\Herzog_ece383_wksp\ip_repo\ZoGolf_DP_1_0\src\level7_BRAM_Pair.vhd:]
WARNING: [filemgmt 56-199] Attempt to get parsing info during refresh. "On-the-fly" syntax checking information may be incorrect. [C:\Users\C27Soren.Herzog\ece383\Herzog_ece383_wksp\ip_repo\ZoGolf_DP_1_0\src\level8_BRAM_Pair.vhd:]
WARNING: [filemgmt 56-199] Attempt to get parsing info during refresh. "On-the-fly" syntax checking information may be incorrect. [C:\Users\C27Soren.Herzog\ece383\Herzog_ece383_wksp\ip_repo\ZoGolf_DP_1_0\src\level5_BRAM_Pair.vhd:]
WARNING: [filemgmt 56-199] Attempt to get parsing info during refresh. "On-the-fly" syntax checking information may be incorrect. [c:\Users\C27Soren.Herzog\ece383\Herzog_ece383_wksp\ip_repo\ZoGolf_DP_1_0\src\BRAM_Level_Selector.vhd:]
WARNING: [filemgmt 56-199] Attempt to get parsing info during refresh. "On-the-fly" syntax checking information may be incorrect. [c:\Users\C27Soren.Herzog\ece383\Herzog_ece383_wksp\ip_repo\ZoGolf_DP_1_0\src\level1_BRAM_Pair.vhd:]
WARNING: [filemgmt 56-199] Attempt to get parsing info during refresh. "On-the-fly" syntax checking information may be incorrect. [C:\Users\C27Soren.Herzog\ece383\Herzog_ece383_wksp\ip_repo\ZoGolf_DP_1_0\src\level4_BRAM_Pair.vhd:]
WARNING: [filemgmt 56-199] Attempt to get parsing info during refresh. "On-the-fly" syntax checking information may be incorrect. [C:\Users\C27Soren.Herzog\ece383\Herzog_ece383_wksp\ip_repo\ZoGolf_DP_1_0\src\level9_BRAM_Pair.vhd:]
WARNING: [filemgmt 56-199] Attempt to get parsing info during refresh. "On-the-fly" syntax checking information may be incorrect. [C:\Users\C27Soren.Herzog\ece383\Herzog_ece383_wksp\ip_repo\ZoGolf_DP_1_0\src\level5_BRAM_Pair.vhd:]
WARNING: [filemgmt 56-199] Attempt to get parsing info during refresh. "On-the-fly" syntax checking information may be incorrect. [C:\Users\C27Soren.Herzog\ece383\Herzog_ece383_wksp\ip_repo\ZoGolf_DP_1_0\src\level5_BRAM_Pair.vhd:]
WARNING: [filemgmt 56-199] Attempt to get parsing info during refresh. "On-the-fly" syntax checking information may be incorrect. [c:\Users\C27Soren.Herzog\ece383\Herzog_ece383_wksp\ip_repo\ZoGolf_DP_1_0\src\ece383_pkg.vhd:]
WARNING: [filemgmt 56-199] Attempt to get parsing info during refresh. "On-the-fly" syntax checking information may be incorrect. [C:\Users\C27Soren.Herzog\ece383\Herzog_ece383_wksp\ip_repo\ZoGolf_DP_1_0\src\level6_BRAM_Pair.vhd:]
WARNING: [filemgmt 56-199] Attempt to get parsing info during refresh. "On-the-fly" syntax checking information may be incorrect. [C:\Users\C27Soren.Herzog\ece383\Herzog_ece383_wksp\ip_repo\ZoGolf_DP_1_0\src\level7_BRAM_Pair.vhd:]
WARNING: [filemgmt 56-199] Attempt to get parsing info during refresh. "On-the-fly" syntax checking information may be incorrect. [C:\Users\C27Soren.Herzog\ece383\Herzog_ece383_wksp\ip_repo\ZoGolf_DP_1_0\src\level8_BRAM_Pair.vhd:]
WARNING: [filemgmt 56-199] Attempt to get parsing info during refresh. "On-the-fly" syntax checking information may be incorrect. [C:\Users\C27Soren.Herzog\ece383\Herzog_ece383_wksp\ip_repo\ZoGolf_DP_1_0\src\level5_BRAM_Pair.vhd:]
WARNING: [filemgmt 56-199] Attempt to get parsing info during refresh. "On-the-fly" syntax checking information may be incorrect. [c:\Users\C27Soren.Herzog\ece383\Herzog_ece383_wksp\ip_repo\ZoGolf_DP_1_0\src\BRAM_Level_Selector.vhd:]
WARNING: [filemgmt 56-199] Attempt to get parsing info during refresh. "On-the-fly" syntax checking information may be incorrect. [c:\Users\C27Soren.Herzog\ece383\Herzog_ece383_wksp\ip_repo\ZoGolf_DP_1_0\src\level1_BRAM_Pair.vhd:]
WARNING: [filemgmt 56-199] Attempt to get parsing info during refresh. "On-the-fly" syntax checking information may be incorrect. [C:\Users\C27Soren.Herzog\ece383\Herzog_ece383_wksp\ip_repo\ZoGolf_DP_1_0\src\level4_BRAM_Pair.vhd:]
WARNING: [filemgmt 56-199] Attempt to get parsing info during refresh. "On-the-fly" syntax checking information may be incorrect. [C:\Users\C27Soren.Herzog\ece383\Herzog_ece383_wksp\ip_repo\ZoGolf_DP_1_0\src\level9_BRAM_Pair.vhd:]
WARNING: [filemgmt 56-199] Attempt to get parsing info during refresh. "On-the-fly" syntax checking information may be incorrect. [C:\Users\C27Soren.Herzog\ece383\Herzog_ece383_wksp\ip_repo\ZoGolf_DP_1_0\src\level7_BRAM_Pair.vhd:]
WARNING: [filemgmt 56-199] Attempt to get parsing info during refresh. "On-the-fly" syntax checking information may be incorrect. [C:\Users\C27Soren.Herzog\ece383\Herzog_ece383_wksp\ip_repo\ZoGolf_DP_1_0\src\level7_BRAM_Pair.vhd:]
WARNING: [filemgmt 56-199] Attempt to get parsing info during refresh. "On-the-fly" syntax checking information may be incorrect. [c:\Users\C27Soren.Herzog\ece383\Herzog_ece383_wksp\ip_repo\ZoGolf_DP_1_0\src\ece383_pkg.vhd:]
WARNING: [filemgmt 56-199] Attempt to get parsing info during refresh. "On-the-fly" syntax checking information may be incorrect. [C:\Users\C27Soren.Herzog\ece383\Herzog_ece383_wksp\ip_repo\ZoGolf_DP_1_0\src\level6_BRAM_Pair.vhd:]
WARNING: [filemgmt 56-199] Attempt to get parsing info during refresh. "On-the-fly" syntax checking information may be incorrect. [C:\Users\C27Soren.Herzog\ece383\Herzog_ece383_wksp\ip_repo\ZoGolf_DP_1_0\src\level7_BRAM_Pair.vhd:]
WARNING: [filemgmt 56-199] Attempt to get parsing info during refresh. "On-the-fly" syntax checking information may be incorrect. [C:\Users\C27Soren.Herzog\ece383\Herzog_ece383_wksp\ip_repo\ZoGolf_DP_1_0\src\level8_BRAM_Pair.vhd:]
WARNING: [filemgmt 56-199] Attempt to get parsing info during refresh. "On-the-fly" syntax checking information may be incorrect. [C:\Users\C27Soren.Herzog\ece383\Herzog_ece383_wksp\ip_repo\ZoGolf_DP_1_0\src\level5_BRAM_Pair.vhd:]
WARNING: [filemgmt 56-199] Attempt to get parsing info during refresh. "On-the-fly" syntax checking information may be incorrect. [c:\Users\C27Soren.Herzog\ece383\Herzog_ece383_wksp\ip_repo\ZoGolf_DP_1_0\src\BRAM_Level_Selector.vhd:]
WARNING: [filemgmt 56-199] Attempt to get parsing info during refresh. "On-the-fly" syntax checking information may be incorrect. [c:\Users\C27Soren.Herzog\ece383\Herzog_ece383_wksp\ip_repo\ZoGolf_DP_1_0\src\level1_BRAM_Pair.vhd:]
WARNING: [filemgmt 56-199] Attempt to get parsing info during refresh. "On-the-fly" syntax checking information may be incorrect. [C:\Users\C27Soren.Herzog\ece383\Herzog_ece383_wksp\ip_repo\ZoGolf_DP_1_0\src\level4_BRAM_Pair.vhd:]
WARNING: [filemgmt 56-199] Attempt to get parsing info during refresh. "On-the-fly" syntax checking information may be incorrect. [C:\Users\C27Soren.Herzog\ece383\Herzog_ece383_wksp\ip_repo\ZoGolf_DP_1_0\src\level9_BRAM_Pair.vhd:]
WARNING: [filemgmt 56-199] Attempt to get parsing info during refresh. "On-the-fly" syntax checking information may be incorrect. [C:\Users\C27Soren.Herzog\ece383\Herzog_ece383_wksp\ip_repo\ZoGolf_DP_1_0\src\level9_BRAM_Pair.vhd:]
WARNING: [filemgmt 56-199] Attempt to get parsing info during refresh. "On-the-fly" syntax checking information may be incorrect. [C:\Users\C27Soren.Herzog\ece383\Herzog_ece383_wksp\ip_repo\ZoGolf_DP_1_0\src\level9_BRAM_Pair.vhd:]
WARNING: [filemgmt 56-199] Attempt to get parsing info during refresh. "On-the-fly" syntax checking information may be incorrect. [c:\Users\C27Soren.Herzog\ece383\Herzog_ece383_wksp\ip_repo\ZoGolf_DP_1_0\src\ece383_pkg.vhd:]
WARNING: [filemgmt 56-199] Attempt to get parsing info during refresh. "On-the-fly" syntax checking information may be incorrect. [C:\Users\C27Soren.Herzog\ece383\Herzog_ece383_wksp\ip_repo\ZoGolf_DP_1_0\src\level6_BRAM_Pair.vhd:]
WARNING: [filemgmt 56-199] Attempt to get parsing info during refresh. "On-the-fly" syntax checking information may be incorrect. [C:\Users\C27Soren.Herzog\ece383\Herzog_ece383_wksp\ip_repo\ZoGolf_DP_1_0\src\level7_BRAM_Pair.vhd:]
WARNING: [filemgmt 56-199] Attempt to get parsing info during refresh. "On-the-fly" syntax checking information may be incorrect. [C:\Users\C27Soren.Herzog\ece383\Herzog_ece383_wksp\ip_repo\ZoGolf_DP_1_0\src\level8_BRAM_Pair.vhd:]
WARNING: [filemgmt 56-199] Attempt to get parsing info during refresh. "On-the-fly" syntax checking information may be incorrect. [C:\Users\C27Soren.Herzog\ece383\Herzog_ece383_wksp\ip_repo\ZoGolf_DP_1_0\src\level5_BRAM_Pair.vhd:]
WARNING: [filemgmt 56-199] Attempt to get parsing info during refresh. "On-the-fly" syntax checking information may be incorrect. [c:\Users\C27Soren.Herzog\ece383\Herzog_ece383_wksp\ip_repo\ZoGolf_DP_1_0\src\BRAM_Level_Selector.vhd:]
WARNING: [filemgmt 56-199] Attempt to get parsing info during refresh. "On-the-fly" syntax checking information may be incorrect. [c:\Users\C27Soren.Herzog\ece383\Herzog_ece383_wksp\ip_repo\ZoGolf_DP_1_0\src\level1_BRAM_Pair.vhd:]
WARNING: [filemgmt 56-199] Attempt to get parsing info during refresh. "On-the-fly" syntax checking information may be incorrect. [C:\Users\C27Soren.Herzog\ece383\Herzog_ece383_wksp\ip_repo\ZoGolf_DP_1_0\src\level4_BRAM_Pair.vhd:]
WARNING: [filemgmt 56-199] Attempt to get parsing info during refresh. "On-the-fly" syntax checking information may be incorrect. [C:\Users\C27Soren.Herzog\ece383\Herzog_ece383_wksp\ip_repo\ZoGolf_DP_1_0\src\level9_BRAM_Pair.vhd:]
WARNING: [filemgmt 56-199] Attempt to get parsing info during refresh. "On-the-fly" syntax checking information may be incorrect. [C:\Users\C27Soren.Herzog\ece383\Herzog_ece383_wksp\ip_repo\ZoGolf_DP_1_0\src\level6_BRAM_Pair.vhd:]
WARNING: [filemgmt 56-199] Attempt to get parsing info during refresh. "On-the-fly" syntax checking information may be incorrect. [C:\Users\C27Soren.Herzog\ece383\Herzog_ece383_wksp\ip_repo\ZoGolf_DP_1_0\src\level6_BRAM_Pair.vhd:]
WARNING: [filemgmt 56-199] Attempt to get parsing info during refresh. "On-the-fly" syntax checking information may be incorrect. [c:\Users\C27Soren.Herzog\ece383\Herzog_ece383_wksp\ip_repo\ZoGolf_DP_1_0\src\ece383_pkg.vhd:]
WARNING: [filemgmt 56-199] Attempt to get parsing info during refresh. "On-the-fly" syntax checking information may be incorrect. [C:\Users\C27Soren.Herzog\ece383\Herzog_ece383_wksp\ip_repo\ZoGolf_DP_1_0\src\level6_BRAM_Pair.vhd:]
WARNING: [filemgmt 56-199] Attempt to get parsing info during refresh. "On-the-fly" syntax checking information may be incorrect. [C:\Users\C27Soren.Herzog\ece383\Herzog_ece383_wksp\ip_repo\ZoGolf_DP_1_0\src\level7_BRAM_Pair.vhd:]
WARNING: [filemgmt 56-199] Attempt to get parsing info during refresh. "On-the-fly" syntax checking information may be incorrect. [C:\Users\C27Soren.Herzog\ece383\Herzog_ece383_wksp\ip_repo\ZoGolf_DP_1_0\src\level8_BRAM_Pair.vhd:]
WARNING: [filemgmt 56-199] Attempt to get parsing info during refresh. "On-the-fly" syntax checking information may be incorrect. [C:\Users\C27Soren.Herzog\ece383\Herzog_ece383_wksp\ip_repo\ZoGolf_DP_1_0\src\level5_BRAM_Pair.vhd:]
WARNING: [filemgmt 56-199] Attempt to get parsing info during refresh. "On-the-fly" syntax checking information may be incorrect. [c:\Users\C27Soren.Herzog\ece383\Herzog_ece383_wksp\ip_repo\ZoGolf_DP_1_0\src\BRAM_Level_Selector.vhd:]
WARNING: [filemgmt 56-199] Attempt to get parsing info during refresh. "On-the-fly" syntax checking information may be incorrect. [c:\Users\C27Soren.Herzog\ece383\Herzog_ece383_wksp\ip_repo\ZoGolf_DP_1_0\src\level1_BRAM_Pair.vhd:]
WARNING: [filemgmt 56-199] Attempt to get parsing info during refresh. "On-the-fly" syntax checking information may be incorrect. [C:\Users\C27Soren.Herzog\ece383\Herzog_ece383_wksp\ip_repo\ZoGolf_DP_1_0\src\level4_BRAM_Pair.vhd:]
WARNING: [filemgmt 56-199] Attempt to get parsing info during refresh. "On-the-fly" syntax checking information may be incorrect. [C:\Users\C27Soren.Herzog\ece383\Herzog_ece383_wksp\ip_repo\ZoGolf_DP_1_0\src\level9_BRAM_Pair.vhd:]
WARNING: [filemgmt 56-199] Attempt to get parsing info during refresh. "On-the-fly" syntax checking information may be incorrect. [C:\Users\C27Soren.Herzog\ece383\Herzog_ece383_wksp\ip_repo\ZoGolf_DP_1_0\src\level4_BRAM_Pair.vhd:]
WARNING: [filemgmt 56-199] Attempt to get parsing info during refresh. "On-the-fly" syntax checking information may be incorrect. [C:\Users\C27Soren.Herzog\ece383\Herzog_ece383_wksp\ip_repo\ZoGolf_DP_1_0\src\level4_BRAM_Pair.vhd:]
ERROR: [Common 17-180] Spawn failed: No error
WARNING: [filemgmt 56-199] Attempt to get parsing info during refresh. "On-the-fly" syntax checking information may be incorrect. [c:\Users\C27Soren.Herzog\ece383\Herzog_ece383_wksp\ip_repo\ZoGolf_DP_1_0\src\ece383_pkg.vhd:]
WARNING: [filemgmt 56-199] Attempt to get parsing info during refresh. "On-the-fly" syntax checking information may be incorrect. [C:\Users\C27Soren.Herzog\ece383\Herzog_ece383_wksp\ip_repo\ZoGolf_DP_1_0\src\level6_BRAM_Pair.vhd:]
WARNING: [filemgmt 56-199] Attempt to get parsing info during refresh. "On-the-fly" syntax checking information may be incorrect. [C:\Users\C27Soren.Herzog\ece383\Herzog_ece383_wksp\ip_repo\ZoGolf_DP_1_0\src\level7_BRAM_Pair.vhd:]
WARNING: [filemgmt 56-199] Attempt to get parsing info during refresh. "On-the-fly" syntax checking information may be incorrect. [C:\Users\C27Soren.Herzog\ece383\Herzog_ece383_wksp\ip_repo\ZoGolf_DP_1_0\src\level8_BRAM_Pair.vhd:]
WARNING: [filemgmt 56-199] Attempt to get parsing info during refresh. "On-the-fly" syntax checking information may be incorrect. [C:\Users\C27Soren.Herzog\ece383\Herzog_ece383_wksp\ip_repo\ZoGolf_DP_1_0\src\level5_BRAM_Pair.vhd:]
WARNING: [filemgmt 56-199] Attempt to get parsing info during refresh. "On-the-fly" syntax checking information may be incorrect. [c:\Users\C27Soren.Herzog\ece383\Herzog_ece383_wksp\ip_repo\ZoGolf_DP_1_0\src\BRAM_Level_Selector.vhd:]
WARNING: [filemgmt 56-199] Attempt to get parsing info during refresh. "On-the-fly" syntax checking information may be incorrect. [c:\Users\C27Soren.Herzog\ece383\Herzog_ece383_wksp\ip_repo\ZoGolf_DP_1_0\src\level1_BRAM_Pair.vhd:]
WARNING: [filemgmt 56-199] Attempt to get parsing info during refresh. "On-the-fly" syntax checking information may be incorrect. [C:\Users\C27Soren.Herzog\ece383\Herzog_ece383_wksp\ip_repo\ZoGolf_DP_1_0\src\level4_BRAM_Pair.vhd:]
WARNING: [filemgmt 56-199] Attempt to get parsing info during refresh. "On-the-fly" syntax checking information may be incorrect. [C:\Users\C27Soren.Herzog\ece383\Herzog_ece383_wksp\ip_repo\ZoGolf_DP_1_0\src\level9_BRAM_Pair.vhd:]
WARNING: [filemgmt 56-199] Attempt to get parsing info during refresh. "On-the-fly" syntax checking information may be incorrect. [C:\Users\C27Soren.Herzog\ece383\Herzog_ece383_wksp\ip_repo\ZoGolf_DP_1_0\src\level8_BRAM_Pair.vhd:]
WARNING: [filemgmt 56-199] Attempt to get parsing info during refresh. "On-the-fly" syntax checking information may be incorrect. [C:\Users\C27Soren.Herzog\ece383\Herzog_ece383_wksp\ip_repo\ZoGolf_DP_1_0\src\level8_BRAM_Pair.vhd:]
ERROR: [Common 17-180] Spawn failed: No error
WARNING: [filemgmt 56-199] Attempt to get parsing info during refresh. "On-the-fly" syntax checking information may be incorrect. [c:\Users\C27Soren.Herzog\ece383\Herzog_ece383_wksp\ip_repo\ZoGolf_DP_1_0\src\ece383_pkg.vhd:]
INFO: [Common 17-14] Message 'filemgmt 56-199' appears 100 times and further instances of the messages will be disabled. Use the Tcl command set_msg_config to change the current settings.
WARNING: [filemgmt 56-199] Attempt to get parsing info during refresh. "On-the-fly" syntax checking information may be incorrect. [c:\Users\C27Soren.Herzog\ece383\Herzog_ece383_wksp\ip_repo\ZoGolf_DP_1_0\src\ece383_pkg.vhd:]
WARNING: [filemgmt 56-199] Attempt to get parsing info during refresh. "On-the-fly" syntax checking information may be incorrect. [C:\Users\C27Soren.Herzog\ece383\Herzog_ece383_wksp\ip_repo\ZoGolf_DP_1_0\src\level6_BRAM_Pair.vhd:]
WARNING: [filemgmt 56-199] Attempt to get parsing info during refresh. "On-the-fly" syntax checking information may be incorrect. [C:\Users\C27Soren.Herzog\ece383\Herzog_ece383_wksp\ip_repo\ZoGolf_DP_1_0\src\level7_BRAM_Pair.vhd:]
WARNING: [filemgmt 56-199] Attempt to get parsing info during refresh. "On-the-fly" syntax checking information may be incorrect. [C:\Users\C27Soren.Herzog\ece383\Herzog_ece383_wksp\ip_repo\ZoGolf_DP_1_0\src\level8_BRAM_Pair.vhd:]
WARNING: [filemgmt 56-199] Attempt to get parsing info during refresh. "On-the-fly" syntax checking information may be incorrect. [C:\Users\C27Soren.Herzog\ece383\Herzog_ece383_wksp\ip_repo\ZoGolf_DP_1_0\src\level5_BRAM_Pair.vhd:]
WARNING: [filemgmt 56-199] Attempt to get parsing info during refresh. "On-the-fly" syntax checking information may be incorrect. [c:\Users\C27Soren.Herzog\ece383\Herzog_ece383_wksp\ip_repo\ZoGolf_DP_1_0\src\BRAM_Level_Selector.vhd:]
WARNING: [filemgmt 56-199] Attempt to get parsing info during refresh. "On-the-fly" syntax checking information may be incorrect. [c:\Users\C27Soren.Herzog\ece383\Herzog_ece383_wksp\ip_repo\ZoGolf_DP_1_0\src\level1_BRAM_Pair.vhd:]
WARNING: [filemgmt 56-199] Attempt to get parsing info during refresh. "On-the-fly" syntax checking information may be incorrect. [C:\Users\C27Soren.Herzog\ece383\Herzog_ece383_wksp\ip_repo\ZoGolf_DP_1_0\src\level4_BRAM_Pair.vhd:]
WARNING: [filemgmt 56-199] Attempt to get parsing info during refresh. "On-the-fly" syntax checking information may be incorrect. [C:\Users\C27Soren.Herzog\ece383\Herzog_ece383_wksp\ip_repo\ZoGolf_DP_1_0\src\level9_BRAM_Pair.vhd:]
WARNING: [filemgmt 56-199] Attempt to get parsing info during refresh. "On-the-fly" syntax checking information may be incorrect. [c:\Users\C27Soren.Herzog\ece383\Herzog_ece383_wksp\ip_repo\ZoGolf_DP_1_0\src\ece383_pkg.vhd:]
WARNING: [filemgmt 56-199] Attempt to get parsing info during refresh. "On-the-fly" syntax checking information may be incorrect. [c:\Users\C27Soren.Herzog\ece383\Herzog_ece383_wksp\ip_repo\ZoGolf_DP_1_0\src\ece383_pkg.vhd:]
WARNING: [filemgmt 56-199] Attempt to get parsing info during refresh. "On-the-fly" syntax checking information may be incorrect. [c:\Users\C27Soren.Herzog\ece383\Herzog_ece383_wksp\ip_repo\ZoGolf_DP_1_0\src\ece383_pkg.vhd:]
WARNING: [filemgmt 56-199] Attempt to get parsing info during refresh. "On-the-fly" syntax checking information may be incorrect. [C:\Users\C27Soren.Herzog\ece383\Herzog_ece383_wksp\ip_repo\ZoGolf_DP_1_0\src\level6_BRAM_Pair.vhd:]
WARNING: [filemgmt 56-199] Attempt to get parsing info during refresh. "On-the-fly" syntax checking information may be incorrect. [C:\Users\C27Soren.Herzog\ece383\Herzog_ece383_wksp\ip_repo\ZoGolf_DP_1_0\src\level7_BRAM_Pair.vhd:]
WARNING: [filemgmt 56-199] Attempt to get parsing info during refresh. "On-the-fly" syntax checking information may be incorrect. [C:\Users\C27Soren.Herzog\ece383\Herzog_ece383_wksp\ip_repo\ZoGolf_DP_1_0\src\level8_BRAM_Pair.vhd:]
WARNING: [filemgmt 56-199] Attempt to get parsing info during refresh. "On-the-fly" syntax checking information may be incorrect. [C:\Users\C27Soren.Herzog\ece383\Herzog_ece383_wksp\ip_repo\ZoGolf_DP_1_0\src\level5_BRAM_Pair.vhd:]
WARNING: [filemgmt 56-199] Attempt to get parsing info during refresh. "On-the-fly" syntax checking information may be incorrect. [c:\Users\C27Soren.Herzog\ece383\Herzog_ece383_wksp\ip_repo\ZoGolf_DP_1_0\src\BRAM_Level_Selector.vhd:]
WARNING: [filemgmt 56-199] Attempt to get parsing info during refresh. "On-the-fly" syntax checking information may be incorrect. [c:\Users\C27Soren.Herzog\ece383\Herzog_ece383_wksp\ip_repo\ZoGolf_DP_1_0\src\level1_BRAM_Pair.vhd:]
WARNING: [filemgmt 56-199] Attempt to get parsing info during refresh. "On-the-fly" syntax checking information may be incorrect. [C:\Users\C27Soren.Herzog\ece383\Herzog_ece383_wksp\ip_repo\ZoGolf_DP_1_0\src\level4_BRAM_Pair.vhd:]
WARNING: [filemgmt 56-199] Attempt to get parsing info during refresh. "On-the-fly" syntax checking information may be incorrect. [C:\Users\C27Soren.Herzog\ece383\Herzog_ece383_wksp\ip_repo\ZoGolf_DP_1_0\src\level9_BRAM_Pair.vhd:]
WARNING: [filemgmt 56-199] Attempt to get parsing info during refresh. "On-the-fly" syntax checking information may be incorrect. [C:\Users\C27Soren.Herzog\ece383\Herzog_ece383_wksp\ip_repo\ZoGolf_DP_1_0\src\level5_BRAM_Pair.vhd:]
WARNING: [filemgmt 56-199] Attempt to get parsing info during refresh. "On-the-fly" syntax checking information may be incorrect. [C:\Users\C27Soren.Herzog\ece383\Herzog_ece383_wksp\ip_repo\ZoGolf_DP_1_0\src\level5_BRAM_Pair.vhd:]
WARNING: [filemgmt 56-199] Attempt to get parsing info during refresh. "On-the-fly" syntax checking information may be incorrect. [c:\Users\C27Soren.Herzog\ece383\Herzog_ece383_wksp\ip_repo\ZoGolf_DP_1_0\src\ece383_pkg.vhd:]
WARNING: [filemgmt 56-199] Attempt to get parsing info during refresh. "On-the-fly" syntax checking information may be incorrect. [C:\Users\C27Soren.Herzog\ece383\Herzog_ece383_wksp\ip_repo\ZoGolf_DP_1_0\src\level6_BRAM_Pair.vhd:]
WARNING: [filemgmt 56-199] Attempt to get parsing info during refresh. "On-the-fly" syntax checking information may be incorrect. [C:\Users\C27Soren.Herzog\ece383\Herzog_ece383_wksp\ip_repo\ZoGolf_DP_1_0\src\level7_BRAM_Pair.vhd:]
WARNING: [filemgmt 56-199] Attempt to get parsing info during refresh. "On-the-fly" syntax checking information may be incorrect. [C:\Users\C27Soren.Herzog\ece383\Herzog_ece383_wksp\ip_repo\ZoGolf_DP_1_0\src\level8_BRAM_Pair.vhd:]
WARNING: [filemgmt 56-199] Attempt to get parsing info during refresh. "On-the-fly" syntax checking information may be incorrect. [C:\Users\C27Soren.Herzog\ece383\Herzog_ece383_wksp\ip_repo\ZoGolf_DP_1_0\src\level5_BRAM_Pair.vhd:]
WARNING: [filemgmt 56-199] Attempt to get parsing info during refresh. "On-the-fly" syntax checking information may be incorrect. [c:\Users\C27Soren.Herzog\ece383\Herzog_ece383_wksp\ip_repo\ZoGolf_DP_1_0\src\BRAM_Level_Selector.vhd:]
WARNING: [filemgmt 56-199] Attempt to get parsing info during refresh. "On-the-fly" syntax checking information may be incorrect. [c:\Users\C27Soren.Herzog\ece383\Herzog_ece383_wksp\ip_repo\ZoGolf_DP_1_0\src\level1_BRAM_Pair.vhd:]
WARNING: [filemgmt 56-199] Attempt to get parsing info during refresh. "On-the-fly" syntax checking information may be incorrect. [C:\Users\C27Soren.Herzog\ece383\Herzog_ece383_wksp\ip_repo\ZoGolf_DP_1_0\src\level4_BRAM_Pair.vhd:]
WARNING: [filemgmt 56-199] Attempt to get parsing info during refresh. "On-the-fly" syntax checking information may be incorrect. [C:\Users\C27Soren.Herzog\ece383\Herzog_ece383_wksp\ip_repo\ZoGolf_DP_1_0\src\level9_BRAM_Pair.vhd:]
WARNING: [filemgmt 56-199] Attempt to get parsing info during refresh. "On-the-fly" syntax checking information may be incorrect. [C:\Users\C27Soren.Herzog\ece383\Herzog_ece383_wksp\ip_repo\ZoGolf_DP_1_0\src\level7_BRAM_Pair.vhd:]
WARNING: [filemgmt 56-199] Attempt to get parsing info during refresh. "On-the-fly" syntax checking information may be incorrect. [C:\Users\C27Soren.Herzog\ece383\Herzog_ece383_wksp\ip_repo\ZoGolf_DP_1_0\src\level7_BRAM_Pair.vhd:]
WARNING: [filemgmt 56-199] Attempt to get parsing info during refresh. "On-the-fly" syntax checking information may be incorrect. [c:\Users\C27Soren.Herzog\ece383\Herzog_ece383_wksp\ip_repo\ZoGolf_DP_1_0\src\ece383_pkg.vhd:]
WARNING: [filemgmt 56-199] Attempt to get parsing info during refresh. "On-the-fly" syntax checking information may be incorrect. [C:\Users\C27Soren.Herzog\ece383\Herzog_ece383_wksp\ip_repo\ZoGolf_DP_1_0\src\level6_BRAM_Pair.vhd:]
WARNING: [filemgmt 56-199] Attempt to get parsing info during refresh. "On-the-fly" syntax checking information may be incorrect. [C:\Users\C27Soren.Herzog\ece383\Herzog_ece383_wksp\ip_repo\ZoGolf_DP_1_0\src\level7_BRAM_Pair.vhd:]
WARNING: [filemgmt 56-199] Attempt to get parsing info during refresh. "On-the-fly" syntax checking information may be incorrect. [C:\Users\C27Soren.Herzog\ece383\Herzog_ece383_wksp\ip_repo\ZoGolf_DP_1_0\src\level8_BRAM_Pair.vhd:]
WARNING: [filemgmt 56-199] Attempt to get parsing info during refresh. "On-the-fly" syntax checking information may be incorrect. [C:\Users\C27Soren.Herzog\ece383\Herzog_ece383_wksp\ip_repo\ZoGolf_DP_1_0\src\level5_BRAM_Pair.vhd:]
WARNING: [filemgmt 56-199] Attempt to get parsing info during refresh. "On-the-fly" syntax checking information may be incorrect. [c:\Users\C27Soren.Herzog\ece383\Herzog_ece383_wksp\ip_repo\ZoGolf_DP_1_0\src\BRAM_Level_Selector.vhd:]
WARNING: [filemgmt 56-199] Attempt to get parsing info during refresh. "On-the-fly" syntax checking information may be incorrect. [c:\Users\C27Soren.Herzog\ece383\Herzog_ece383_wksp\ip_repo\ZoGolf_DP_1_0\src\level1_BRAM_Pair.vhd:]
WARNING: [filemgmt 56-199] Attempt to get parsing info during refresh. "On-the-fly" syntax checking information may be incorrect. [C:\Users\C27Soren.Herzog\ece383\Herzog_ece383_wksp\ip_repo\ZoGolf_DP_1_0\src\level4_BRAM_Pair.vhd:]
WARNING: [filemgmt 56-199] Attempt to get parsing info during refresh. "On-the-fly" syntax checking information may be incorrect. [C:\Users\C27Soren.Herzog\ece383\Herzog_ece383_wksp\ip_repo\ZoGolf_DP_1_0\src\level9_BRAM_Pair.vhd:]
WARNING: [filemgmt 56-199] Attempt to get parsing info during refresh. "On-the-fly" syntax checking information may be incorrect. [C:\Users\C27Soren.Herzog\ece383\Herzog_ece383_wksp\ip_repo\ZoGolf_DP_1_0\src\level9_BRAM_Pair.vhd:]
WARNING: [filemgmt 56-199] Attempt to get parsing info during refresh. "On-the-fly" syntax checking information may be incorrect. [C:\Users\C27Soren.Herzog\ece383\Herzog_ece383_wksp\ip_repo\ZoGolf_DP_1_0\src\level9_BRAM_Pair.vhd:]
WARNING: [filemgmt 56-199] Attempt to get parsing info during refresh. "On-the-fly" syntax checking information may be incorrect. [c:\Users\C27Soren.Herzog\ece383\Herzog_ece383_wksp\ip_repo\ZoGolf_DP_1_0\src\ece383_pkg.vhd:]
WARNING: [filemgmt 56-199] Attempt to get parsing info during refresh. "On-the-fly" syntax checking information may be incorrect. [C:\Users\C27Soren.Herzog\ece383\Herzog_ece383_wksp\ip_repo\ZoGolf_DP_1_0\src\level6_BRAM_Pair.vhd:]
WARNING: [filemgmt 56-199] Attempt to get parsing info during refresh. "On-the-fly" syntax checking information may be incorrect. [C:\Users\C27Soren.Herzog\ece383\Herzog_ece383_wksp\ip_repo\ZoGolf_DP_1_0\src\level7_BRAM_Pair.vhd:]
WARNING: [filemgmt 56-199] Attempt to get parsing info during refresh. "On-the-fly" syntax checking information may be incorrect. [C:\Users\C27Soren.Herzog\ece383\Herzog_ece383_wksp\ip_repo\ZoGolf_DP_1_0\src\level8_BRAM_Pair.vhd:]
WARNING: [filemgmt 56-199] Attempt to get parsing info during refresh. "On-the-fly" syntax checking information may be incorrect. [C:\Users\C27Soren.Herzog\ece383\Herzog_ece383_wksp\ip_repo\ZoGolf_DP_1_0\src\level5_BRAM_Pair.vhd:]
WARNING: [filemgmt 56-199] Attempt to get parsing info during refresh. "On-the-fly" syntax checking information may be incorrect. [c:\Users\C27Soren.Herzog\ece383\Herzog_ece383_wksp\ip_repo\ZoGolf_DP_1_0\src\BRAM_Level_Selector.vhd:]
WARNING: [filemgmt 56-199] Attempt to get parsing info during refresh. "On-the-fly" syntax checking information may be incorrect. [c:\Users\C27Soren.Herzog\ece383\Herzog_ece383_wksp\ip_repo\ZoGolf_DP_1_0\src\level1_BRAM_Pair.vhd:]
WARNING: [filemgmt 56-199] Attempt to get parsing info during refresh. "On-the-fly" syntax checking information may be incorrect. [C:\Users\C27Soren.Herzog\ece383\Herzog_ece383_wksp\ip_repo\ZoGolf_DP_1_0\src\level4_BRAM_Pair.vhd:]
WARNING: [filemgmt 56-199] Attempt to get parsing info during refresh. "On-the-fly" syntax checking information may be incorrect. [C:\Users\C27Soren.Herzog\ece383\Herzog_ece383_wksp\ip_repo\ZoGolf_DP_1_0\src\level9_BRAM_Pair.vhd:]
WARNING: [filemgmt 56-199] Attempt to get parsing info during refresh. "On-the-fly" syntax checking information may be incorrect. [C:\Users\C27Soren.Herzog\ece383\Herzog_ece383_wksp\ip_repo\ZoGolf_DP_1_0\src\level4_BRAM_Pair.vhd:]
WARNING: [filemgmt 56-199] Attempt to get parsing info during refresh. "On-the-fly" syntax checking information may be incorrect. [C:\Users\C27Soren.Herzog\ece383\Herzog_ece383_wksp\ip_repo\ZoGolf_DP_1_0\src\level4_BRAM_Pair.vhd:]
WARNING: [filemgmt 56-199] Attempt to get parsing info during refresh. "On-the-fly" syntax checking information may be incorrect. [c:\Users\C27Soren.Herzog\ece383\Herzog_ece383_wksp\ip_repo\ZoGolf_DP_1_0\src\ece383_pkg.vhd:]
WARNING: [filemgmt 56-199] Attempt to get parsing info during refresh. "On-the-fly" syntax checking information may be incorrect. [C:\Users\C27Soren.Herzog\ece383\Herzog_ece383_wksp\ip_repo\ZoGolf_DP_1_0\src\level6_BRAM_Pair.vhd:]
WARNING: [filemgmt 56-199] Attempt to get parsing info during refresh. "On-the-fly" syntax checking information may be incorrect. [C:\Users\C27Soren.Herzog\ece383\Herzog_ece383_wksp\ip_repo\ZoGolf_DP_1_0\src\level7_BRAM_Pair.vhd:]
WARNING: [filemgmt 56-199] Attempt to get parsing info during refresh. "On-the-fly" syntax checking information may be incorrect. [C:\Users\C27Soren.Herzog\ece383\Herzog_ece383_wksp\ip_repo\ZoGolf_DP_1_0\src\level8_BRAM_Pair.vhd:]
WARNING: [filemgmt 56-199] Attempt to get parsing info during refresh. "On-the-fly" syntax checking information may be incorrect. [C:\Users\C27Soren.Herzog\ece383\Herzog_ece383_wksp\ip_repo\ZoGolf_DP_1_0\src\level5_BRAM_Pair.vhd:]
WARNING: [filemgmt 56-199] Attempt to get parsing info during refresh. "On-the-fly" syntax checking information may be incorrect. [c:\Users\C27Soren.Herzog\ece383\Herzog_ece383_wksp\ip_repo\ZoGolf_DP_1_0\src\BRAM_Level_Selector.vhd:]
WARNING: [filemgmt 56-199] Attempt to get parsing info during refresh. "On-the-fly" syntax checking information may be incorrect. [c:\Users\C27Soren.Herzog\ece383\Herzog_ece383_wksp\ip_repo\ZoGolf_DP_1_0\src\level1_BRAM_Pair.vhd:]
WARNING: [filemgmt 56-199] Attempt to get parsing info during refresh. "On-the-fly" syntax checking information may be incorrect. [C:\Users\C27Soren.Herzog\ece383\Herzog_ece383_wksp\ip_repo\ZoGolf_DP_1_0\src\level4_BRAM_Pair.vhd:]
WARNING: [filemgmt 56-199] Attempt to get parsing info during refresh. "On-the-fly" syntax checking information may be incorrect. [C:\Users\C27Soren.Herzog\ece383\Herzog_ece383_wksp\ip_repo\ZoGolf_DP_1_0\src\level9_BRAM_Pair.vhd:]
WARNING: [filemgmt 56-199] Attempt to get parsing info during refresh. "On-the-fly" syntax checking information may be incorrect. [C:\Users\C27Soren.Herzog\ece383\Herzog_ece383_wksp\ip_repo\ZoGolf_DP_1_0\src\level6_BRAM_Pair.vhd:]
WARNING: [filemgmt 56-199] Attempt to get parsing info during refresh. "On-the-fly" syntax checking information may be incorrect. [C:\Users\C27Soren.Herzog\ece383\Herzog_ece383_wksp\ip_repo\ZoGolf_DP_1_0\src\level6_BRAM_Pair.vhd:]
ERROR: [Common 17-180] Spawn failed: No error
WARNING: [filemgmt 56-199] Attempt to get parsing info during refresh. "On-the-fly" syntax checking information may be incorrect. [c:\Users\C27Soren.Herzog\ece383\Herzog_ece383_wksp\ip_repo\ZoGolf_DP_1_0\src\ece383_pkg.vhd:]
WARNING: [filemgmt 56-199] Attempt to get parsing info during refresh. "On-the-fly" syntax checking information may be incorrect. [C:\Users\C27Soren.Herzog\ece383\Herzog_ece383_wksp\ip_repo\ZoGolf_DP_1_0\src\level6_BRAM_Pair.vhd:]
WARNING: [filemgmt 56-199] Attempt to get parsing info during refresh. "On-the-fly" syntax checking information may be incorrect. [C:\Users\C27Soren.Herzog\ece383\Herzog_ece383_wksp\ip_repo\ZoGolf_DP_1_0\src\level7_BRAM_Pair.vhd:]
WARNING: [filemgmt 56-199] Attempt to get parsing info during refresh. "On-the-fly" syntax checking information may be incorrect. [C:\Users\C27Soren.Herzog\ece383\Herzog_ece383_wksp\ip_repo\ZoGolf_DP_1_0\src\level8_BRAM_Pair.vhd:]
WARNING: [filemgmt 56-199] Attempt to get parsing info during refresh. "On-the-fly" syntax checking information may be incorrect. [C:\Users\C27Soren.Herzog\ece383\Herzog_ece383_wksp\ip_repo\ZoGolf_DP_1_0\src\level5_BRAM_Pair.vhd:]
WARNING: [filemgmt 56-199] Attempt to get parsing info during refresh. "On-the-fly" syntax checking information may be incorrect. [c:\Users\C27Soren.Herzog\ece383\Herzog_ece383_wksp\ip_repo\ZoGolf_DP_1_0\src\BRAM_Level_Selector.vhd:]
WARNING: [filemgmt 56-199] Attempt to get parsing info during refresh. "On-the-fly" syntax checking information may be incorrect. [c:\Users\C27Soren.Herzog\ece383\Herzog_ece383_wksp\ip_repo\ZoGolf_DP_1_0\src\level1_BRAM_Pair.vhd:]
WARNING: [filemgmt 56-199] Attempt to get parsing info during refresh. "On-the-fly" syntax checking information may be incorrect. [C:\Users\C27Soren.Herzog\ece383\Herzog_ece383_wksp\ip_repo\ZoGolf_DP_1_0\src\level4_BRAM_Pair.vhd:]
WARNING: [filemgmt 56-199] Attempt to get parsing info during refresh. "On-the-fly" syntax checking information may be incorrect. [C:\Users\C27Soren.Herzog\ece383\Herzog_ece383_wksp\ip_repo\ZoGolf_DP_1_0\src\level9_BRAM_Pair.vhd:]
WARNING: [filemgmt 56-199] Attempt to get parsing info during refresh. "On-the-fly" syntax checking information may be incorrect. [C:\Users\C27Soren.Herzog\ece383\Herzog_ece383_wksp\ip_repo\ZoGolf_DP_1_0\src\level8_BRAM_Pair.vhd:]
WARNING: [filemgmt 56-199] Attempt to get parsing info during refresh. "On-the-fly" syntax checking information may be incorrect. [C:\Users\C27Soren.Herzog\ece383\Herzog_ece383_wksp\ip_repo\ZoGolf_DP_1_0\src\level8_BRAM_Pair.vhd:]
ERROR: [Common 17-180] Spawn failed: No error
WARNING: [filemgmt 56-199] Attempt to get parsing info during refresh. "On-the-fly" syntax checking information may be incorrect. [c:\Users\C27Soren.Herzog\ece383\Herzog_ece383_wksp\ip_repo\ZoGolf_DP_1_0\src\ece383_pkg.vhd:]
WARNING: [filemgmt 56-199] Attempt to get parsing info during refresh. "On-the-fly" syntax checking information may be incorrect. [C:\Users\C27Soren.Herzog\ece383\Herzog_ece383_wksp\ip_repo\ZoGolf_DP_1_0\src\level6_BRAM_Pair.vhd:]
WARNING: [filemgmt 56-199] Attempt to get parsing info during refresh. "On-the-fly" syntax checking information may be incorrect. [C:\Users\C27Soren.Herzog\ece383\Herzog_ece383_wksp\ip_repo\ZoGolf_DP_1_0\src\level7_BRAM_Pair.vhd:]
WARNING: [filemgmt 56-199] Attempt to get parsing info during refresh. "On-the-fly" syntax checking information may be incorrect. [C:\Users\C27Soren.Herzog\ece383\Herzog_ece383_wksp\ip_repo\ZoGolf_DP_1_0\src\level8_BRAM_Pair.vhd:]
WARNING: [filemgmt 56-199] Attempt to get parsing info during refresh. "On-the-fly" syntax checking information may be incorrect. [C:\Users\C27Soren.Herzog\ece383\Herzog_ece383_wksp\ip_repo\ZoGolf_DP_1_0\src\level5_BRAM_Pair.vhd:]
WARNING: [filemgmt 56-199] Attempt to get parsing info during refresh. "On-the-fly" syntax checking information may be incorrect. [c:\Users\C27Soren.Herzog\ece383\Herzog_ece383_wksp\ip_repo\ZoGolf_DP_1_0\src\BRAM_Level_Selector.vhd:]
WARNING: [filemgmt 56-199] Attempt to get parsing info during refresh. "On-the-fly" syntax checking information may be incorrect. [c:\Users\C27Soren.Herzog\ece383\Herzog_ece383_wksp\ip_repo\ZoGolf_DP_1_0\src\level1_BRAM_Pair.vhd:]
WARNING: [filemgmt 56-199] Attempt to get parsing info during refresh. "On-the-fly" syntax checking information may be incorrect. [C:\Users\C27Soren.Herzog\ece383\Herzog_ece383_wksp\ip_repo\ZoGolf_DP_1_0\src\level4_BRAM_Pair.vhd:]
WARNING: [filemgmt 56-199] Attempt to get parsing info during refresh. "On-the-fly" syntax checking information may be incorrect. [C:\Users\C27Soren.Herzog\ece383\Herzog_ece383_wksp\ip_repo\ZoGolf_DP_1_0\src\level9_BRAM_Pair.vhd:]
WARNING: [filemgmt 56-199] Attempt to get parsing info during refresh. "On-the-fly" syntax checking information may be incorrect. [c:\Users\C27Soren.Herzog\ece383\Herzog_ece383_wksp\ip_repo\ZoGolf_DP_1_0\src\level1_BRAM_Pair.vhd:]
WARNING: [filemgmt 56-199] Attempt to get parsing info during refresh. "On-the-fly" syntax checking information may be incorrect. [c:\Users\C27Soren.Herzog\ece383\Herzog_ece383_wksp\ip_repo\ZoGolf_DP_1_0\src\level1_BRAM_Pair.vhd:]
WARNING: [filemgmt 56-199] Attempt to get parsing info during refresh. "On-the-fly" syntax checking information may be incorrect. [c:\Users\C27Soren.Herzog\ece383\Herzog_ece383_wksp\ip_repo\ZoGolf_DP_1_0\src\ece383_pkg.vhd:]
WARNING: [filemgmt 56-199] Attempt to get parsing info during refresh. "On-the-fly" syntax checking information may be incorrect. [C:\Users\C27Soren.Herzog\ece383\Herzog_ece383_wksp\ip_repo\ZoGolf_DP_1_0\src\level6_BRAM_Pair.vhd:]
WARNING: [filemgmt 56-199] Attempt to get parsing info during refresh. "On-the-fly" syntax checking information may be incorrect. [C:\Users\C27Soren.Herzog\ece383\Herzog_ece383_wksp\ip_repo\ZoGolf_DP_1_0\src\level7_BRAM_Pair.vhd:]
WARNING: [filemgmt 56-199] Attempt to get parsing info during refresh. "On-the-fly" syntax checking information may be incorrect. [C:\Users\C27Soren.Herzog\ece383\Herzog_ece383_wksp\ip_repo\ZoGolf_DP_1_0\src\level8_BRAM_Pair.vhd:]
WARNING: [filemgmt 56-199] Attempt to get parsing info during refresh. "On-the-fly" syntax checking information may be incorrect. [C:\Users\C27Soren.Herzog\ece383\Herzog_ece383_wksp\ip_repo\ZoGolf_DP_1_0\src\level5_BRAM_Pair.vhd:]
WARNING: [filemgmt 56-199] Attempt to get parsing info during refresh. "On-the-fly" syntax checking information may be incorrect. [c:\Users\C27Soren.Herzog\ece383\Herzog_ece383_wksp\ip_repo\ZoGolf_DP_1_0\src\BRAM_Level_Selector.vhd:]
WARNING: [filemgmt 56-199] Attempt to get parsing info during refresh. "On-the-fly" syntax checking information may be incorrect. [c:\Users\C27Soren.Herzog\ece383\Herzog_ece383_wksp\ip_repo\ZoGolf_DP_1_0\src\level1_BRAM_Pair.vhd:]
WARNING: [filemgmt 56-199] Attempt to get parsing info during refresh. "On-the-fly" syntax checking information may be incorrect. [C:\Users\C27Soren.Herzog\ece383\Herzog_ece383_wksp\ip_repo\ZoGolf_DP_1_0\src\level9_BRAM_Pair.vhd:]
WARNING: [filemgmt 56-199] Attempt to get parsing info during refresh. "On-the-fly" syntax checking information may be incorrect. [c:\Users\C27Soren.Herzog\ece383\Herzog_ece383_wksp\ip_repo\ZoGolf_DP_1_0\src\ece383_pkg.vhd:]
WARNING: [filemgmt 56-199] Attempt to get parsing info during refresh. "On-the-fly" syntax checking information may be incorrect. [c:\Users\C27Soren.Herzog\ece383\Herzog_ece383_wksp\ip_repo\ZoGolf_DP_1_0\src\ece383_pkg.vhd:]
WARNING: [filemgmt 56-199] Attempt to get parsing info during refresh. "On-the-fly" syntax checking information may be incorrect. [c:\Users\C27Soren.Herzog\ece383\Herzog_ece383_wksp\ip_repo\ZoGolf_DP_1_0\src\ece383_pkg.vhd:]
WARNING: [filemgmt 56-199] Attempt to get parsing info during refresh. "On-the-fly" syntax checking information may be incorrect. [C:\Users\C27Soren.Herzog\ece383\Herzog_ece383_wksp\ip_repo\ZoGolf_DP_1_0\src\level6_BRAM_Pair.vhd:]
WARNING: [filemgmt 56-199] Attempt to get parsing info during refresh. "On-the-fly" syntax checking information may be incorrect. [C:\Users\C27Soren.Herzog\ece383\Herzog_ece383_wksp\ip_repo\ZoGolf_DP_1_0\src\level7_BRAM_Pair.vhd:]
WARNING: [filemgmt 56-199] Attempt to get parsing info during refresh. "On-the-fly" syntax checking information may be incorrect. [C:\Users\C27Soren.Herzog\ece383\Herzog_ece383_wksp\ip_repo\ZoGolf_DP_1_0\src\level8_BRAM_Pair.vhd:]
WARNING: [filemgmt 56-199] Attempt to get parsing info during refresh. "On-the-fly" syntax checking information may be incorrect. [C:\Users\C27Soren.Herzog\ece383\Herzog_ece383_wksp\ip_repo\ZoGolf_DP_1_0\src\level5_BRAM_Pair.vhd:]
WARNING: [filemgmt 56-199] Attempt to get parsing info during refresh. "On-the-fly" syntax checking information may be incorrect. [c:\Users\C27Soren.Herzog\ece383\Herzog_ece383_wksp\ip_repo\ZoGolf_DP_1_0\src\BRAM_Level_Selector.vhd:]
WARNING: [filemgmt 56-199] Attempt to get parsing info during refresh. "On-the-fly" syntax checking information may be incorrect. [c:\Users\C27Soren.Herzog\ece383\Herzog_ece383_wksp\ip_repo\ZoGolf_DP_1_0\src\level1_BRAM_Pair.vhd:]
WARNING: [filemgmt 56-199] Attempt to get parsing info during refresh. "On-the-fly" syntax checking information may be incorrect. [C:\Users\C27Soren.Herzog\ece383\Herzog_ece383_wksp\ip_repo\ZoGolf_DP_1_0\src\level9_BRAM_Pair.vhd:]
WARNING: [filemgmt 56-199] Attempt to get parsing info during refresh. "On-the-fly" syntax checking information may be incorrect. [C:\Users\C27Soren.Herzog\ece383\Herzog_ece383_wksp\ip_repo\ZoGolf_DP_1_0\src\level6_BRAM_Pair.vhd:]
WARNING: [filemgmt 56-199] Attempt to get parsing info during refresh. "On-the-fly" syntax checking information may be incorrect. [C:\Users\C27Soren.Herzog\ece383\Herzog_ece383_wksp\ip_repo\ZoGolf_DP_1_0\src\level6_BRAM_Pair.vhd:]
WARNING: [filemgmt 56-199] Attempt to get parsing info during refresh. "On-the-fly" syntax checking information may be incorrect. [c:\Users\C27Soren.Herzog\ece383\Herzog_ece383_wksp\ip_repo\ZoGolf_DP_1_0\src\ece383_pkg.vhd:]
WARNING: [filemgmt 56-199] Attempt to get parsing info during refresh. "On-the-fly" syntax checking information may be incorrect. [C:\Users\C27Soren.Herzog\ece383\Herzog_ece383_wksp\ip_repo\ZoGolf_DP_1_0\src\level6_BRAM_Pair.vhd:]
WARNING: [filemgmt 56-199] Attempt to get parsing info during refresh. "On-the-fly" syntax checking information may be incorrect. [C:\Users\C27Soren.Herzog\ece383\Herzog_ece383_wksp\ip_repo\ZoGolf_DP_1_0\src\level7_BRAM_Pair.vhd:]
WARNING: [filemgmt 56-199] Attempt to get parsing info during refresh. "On-the-fly" syntax checking information may be incorrect. [C:\Users\C27Soren.Herzog\ece383\Herzog_ece383_wksp\ip_repo\ZoGolf_DP_1_0\src\level8_BRAM_Pair.vhd:]
WARNING: [filemgmt 56-199] Attempt to get parsing info during refresh. "On-the-fly" syntax checking information may be incorrect. [C:\Users\C27Soren.Herzog\ece383\Herzog_ece383_wksp\ip_repo\ZoGolf_DP_1_0\src\level5_BRAM_Pair.vhd:]
WARNING: [filemgmt 56-199] Attempt to get parsing info during refresh. "On-the-fly" syntax checking information may be incorrect. [c:\Users\C27Soren.Herzog\ece383\Herzog_ece383_wksp\ip_repo\ZoGolf_DP_1_0\src\BRAM_Level_Selector.vhd:]
WARNING: [filemgmt 56-199] Attempt to get parsing info during refresh. "On-the-fly" syntax checking information may be incorrect. [c:\Users\C27Soren.Herzog\ece383\Herzog_ece383_wksp\ip_repo\ZoGolf_DP_1_0\src\level1_BRAM_Pair.vhd:]
WARNING: [filemgmt 56-199] Attempt to get parsing info during refresh. "On-the-fly" syntax checking information may be incorrect. [C:\Users\C27Soren.Herzog\ece383\Herzog_ece383_wksp\ip_repo\ZoGolf_DP_1_0\src\level9_BRAM_Pair.vhd:]
WARNING: [filemgmt 56-199] Attempt to get parsing info during refresh. "On-the-fly" syntax checking information may be incorrect. [C:\Users\C27Soren.Herzog\ece383\Herzog_ece383_wksp\ip_repo\ZoGolf_DP_1_0\src\level8_BRAM_Pair.vhd:]
WARNING: [filemgmt 56-199] Attempt to get parsing info during refresh. "On-the-fly" syntax checking information may be incorrect. [C:\Users\C27Soren.Herzog\ece383\Herzog_ece383_wksp\ip_repo\ZoGolf_DP_1_0\src\level8_BRAM_Pair.vhd:]
WARNING: [filemgmt 56-199] Attempt to get parsing info during refresh. "On-the-fly" syntax checking information may be incorrect. [c:\Users\C27Soren.Herzog\ece383\Herzog_ece383_wksp\ip_repo\ZoGolf_DP_1_0\src\ece383_pkg.vhd:]
WARNING: [filemgmt 56-199] Attempt to get parsing info during refresh. "On-the-fly" syntax checking information may be incorrect. [C:\Users\C27Soren.Herzog\ece383\Herzog_ece383_wksp\ip_repo\ZoGolf_DP_1_0\src\level6_BRAM_Pair.vhd:]
WARNING: [filemgmt 56-199] Attempt to get parsing info during refresh. "On-the-fly" syntax checking information may be incorrect. [C:\Users\C27Soren.Herzog\ece383\Herzog_ece383_wksp\ip_repo\ZoGolf_DP_1_0\src\level7_BRAM_Pair.vhd:]
WARNING: [filemgmt 56-199] Attempt to get parsing info during refresh. "On-the-fly" syntax checking information may be incorrect. [C:\Users\C27Soren.Herzog\ece383\Herzog_ece383_wksp\ip_repo\ZoGolf_DP_1_0\src\level8_BRAM_Pair.vhd:]
WARNING: [filemgmt 56-199] Attempt to get parsing info during refresh. "On-the-fly" syntax checking information may be incorrect. [C:\Users\C27Soren.Herzog\ece383\Herzog_ece383_wksp\ip_repo\ZoGolf_DP_1_0\src\level5_BRAM_Pair.vhd:]
WARNING: [filemgmt 56-199] Attempt to get parsing info during refresh. "On-the-fly" syntax checking information may be incorrect. [c:\Users\C27Soren.Herzog\ece383\Herzog_ece383_wksp\ip_repo\ZoGolf_DP_1_0\src\BRAM_Level_Selector.vhd:]
WARNING: [filemgmt 56-199] Attempt to get parsing info during refresh. "On-the-fly" syntax checking information may be incorrect. [c:\Users\C27Soren.Herzog\ece383\Herzog_ece383_wksp\ip_repo\ZoGolf_DP_1_0\src\level1_BRAM_Pair.vhd:]
WARNING: [filemgmt 56-199] Attempt to get parsing info during refresh. "On-the-fly" syntax checking information may be incorrect. [C:\Users\C27Soren.Herzog\ece383\Herzog_ece383_wksp\ip_repo\ZoGolf_DP_1_0\src\level9_BRAM_Pair.vhd:]
WARNING: [filemgmt 56-199] Attempt to get parsing info during refresh. "On-the-fly" syntax checking information may be incorrect. [c:\Users\C27Soren.Herzog\ece383\Herzog_ece383_wksp\ip_repo\ZoGolf_DP_1_0\src\level1_BRAM_Pair.vhd:]
WARNING: [filemgmt 56-199] Attempt to get parsing info during refresh. "On-the-fly" syntax checking information may be incorrect. [c:\Users\C27Soren.Herzog\ece383\Herzog_ece383_wksp\ip_repo\ZoGolf_DP_1_0\src\level1_BRAM_Pair.vhd:]
ERROR: [Common 17-180] Spawn failed: No error
ERROR: [Common 17-180] Spawn failed: No error
ERROR: [Common 17-180] Spawn failed: No error
ERROR: [Common 17-180] Spawn failed: No error
WARNING: [filemgmt 56-199] Attempt to get parsing info during refresh. "On-the-fly" syntax checking information may be incorrect. [c:\Users\C27Soren.Herzog\ece383\Herzog_ece383_wksp\ip_repo\ZoGolf_DP_1_0\src\ece383_pkg.vhd:]
WARNING: [filemgmt 56-199] Attempt to get parsing info during refresh. "On-the-fly" syntax checking information may be incorrect. [C:\Users\C27Soren.Herzog\ece383\Herzog_ece383_wksp\ip_repo\ZoGolf_DP_1_0\src\level6_BRAM_Pair.vhd:]
WARNING: [filemgmt 56-199] Attempt to get parsing info during refresh. "On-the-fly" syntax checking information may be incorrect. [C:\Users\C27Soren.Herzog\ece383\Herzog_ece383_wksp\ip_repo\ZoGolf_DP_1_0\src\level7_BRAM_Pair.vhd:]
WARNING: [filemgmt 56-199] Attempt to get parsing info during refresh. "On-the-fly" syntax checking information may be incorrect. [C:\Users\C27Soren.Herzog\ece383\Herzog_ece383_wksp\ip_repo\ZoGolf_DP_1_0\src\level8_BRAM_Pair.vhd:]
WARNING: [filemgmt 56-199] Attempt to get parsing info during refresh. "On-the-fly" syntax checking information may be incorrect. [C:\Users\C27Soren.Herzog\ece383\Herzog_ece383_wksp\ip_repo\ZoGolf_DP_1_0\src\level5_BRAM_Pair.vhd:]
WARNING: [filemgmt 56-199] Attempt to get parsing info during refresh. "On-the-fly" syntax checking information may be incorrect. [c:\Users\C27Soren.Herzog\ece383\Herzog_ece383_wksp\ip_repo\ZoGolf_DP_1_0\src\BRAM_Level_Selector.vhd:]
WARNING: [filemgmt 56-199] Attempt to get parsing info during refresh. "On-the-fly" syntax checking information may be incorrect. [c:\Users\C27Soren.Herzog\ece383\Herzog_ece383_wksp\ip_repo\ZoGolf_DP_1_0\src\level1_BRAM_Pair.vhd:]
WARNING: [filemgmt 56-199] Attempt to get parsing info during refresh. "On-the-fly" syntax checking information may be incorrect. [C:\Users\C27Soren.Herzog\ece383\Herzog_ece383_wksp\ip_repo\ZoGolf_DP_1_0\src\level9_BRAM_Pair.vhd:]
WARNING: [filemgmt 56-199] Attempt to get parsing info during refresh. "On-the-fly" syntax checking information may be incorrect. [c:\Users\C27Soren.Herzog\ece383\Herzog_ece383_wksp\ip_repo\ZoGolf_DP_1_0\src\ece383_pkg.vhd:]
WARNING: [filemgmt 56-199] Attempt to get parsing info during refresh. "On-the-fly" syntax checking information may be incorrect. [c:\Users\C27Soren.Herzog\ece383\Herzog_ece383_wksp\ip_repo\ZoGolf_DP_1_0\src\ece383_pkg.vhd:]
WARNING: [filemgmt 56-199] Attempt to get parsing info during refresh. "On-the-fly" syntax checking information may be incorrect. [c:\Users\C27Soren.Herzog\ece383\Herzog_ece383_wksp\ip_repo\ZoGolf_DP_1_0\src\ece383_pkg.vhd:]
WARNING: [filemgmt 56-199] Attempt to get parsing info during refresh. "On-the-fly" syntax checking information may be incorrect. [C:\Users\C27Soren.Herzog\ece383\Herzog_ece383_wksp\ip_repo\ZoGolf_DP_1_0\src\level6_BRAM_Pair.vhd:]
WARNING: [filemgmt 56-199] Attempt to get parsing info during refresh. "On-the-fly" syntax checking information may be incorrect. [C:\Users\C27Soren.Herzog\ece383\Herzog_ece383_wksp\ip_repo\ZoGolf_DP_1_0\src\level7_BRAM_Pair.vhd:]
WARNING: [filemgmt 56-199] Attempt to get parsing info during refresh. "On-the-fly" syntax checking information may be incorrect. [C:\Users\C27Soren.Herzog\ece383\Herzog_ece383_wksp\ip_repo\ZoGolf_DP_1_0\src\level8_BRAM_Pair.vhd:]
WARNING: [filemgmt 56-199] Attempt to get parsing info during refresh. "On-the-fly" syntax checking information may be incorrect. [C:\Users\C27Soren.Herzog\ece383\Herzog_ece383_wksp\ip_repo\ZoGolf_DP_1_0\src\level5_BRAM_Pair.vhd:]
WARNING: [filemgmt 56-199] Attempt to get parsing info during refresh. "On-the-fly" syntax checking information may be incorrect. [c:\Users\C27Soren.Herzog\ece383\Herzog_ece383_wksp\ip_repo\ZoGolf_DP_1_0\src\BRAM_Level_Selector.vhd:]
WARNING: [filemgmt 56-199] Attempt to get parsing info during refresh. "On-the-fly" syntax checking information may be incorrect. [c:\Users\C27Soren.Herzog\ece383\Herzog_ece383_wksp\ip_repo\ZoGolf_DP_1_0\src\level1_BRAM_Pair.vhd:]
WARNING: [filemgmt 56-199] Attempt to get parsing info during refresh. "On-the-fly" syntax checking information may be incorrect. [C:\Users\C27Soren.Herzog\ece383\Herzog_ece383_wksp\ip_repo\ZoGolf_DP_1_0\src\level9_BRAM_Pair.vhd:]
WARNING: [filemgmt 56-199] Attempt to get parsing info during refresh. "On-the-fly" syntax checking information may be incorrect. [C:\Users\C27Soren.Herzog\ece383\Herzog_ece383_wksp\ip_repo\ZoGolf_DP_1_0\src\level6_BRAM_Pair.vhd:]
WARNING: [filemgmt 56-199] Attempt to get parsing info during refresh. "On-the-fly" syntax checking information may be incorrect. [C:\Users\C27Soren.Herzog\ece383\Herzog_ece383_wksp\ip_repo\ZoGolf_DP_1_0\src\level6_BRAM_Pair.vhd:]
WARNING: [filemgmt 56-199] Attempt to get parsing info during refresh. "On-the-fly" syntax checking information may be incorrect. [c:\Users\C27Soren.Herzog\ece383\Herzog_ece383_wksp\ip_repo\ZoGolf_DP_1_0\src\ece383_pkg.vhd:]
WARNING: [filemgmt 56-199] Attempt to get parsing info during refresh. "On-the-fly" syntax checking information may be incorrect. [C:\Users\C27Soren.Herzog\ece383\Herzog_ece383_wksp\ip_repo\ZoGolf_DP_1_0\src\level6_BRAM_Pair.vhd:]
WARNING: [filemgmt 56-199] Attempt to get parsing info during refresh. "On-the-fly" syntax checking information may be incorrect. [C:\Users\C27Soren.Herzog\ece383\Herzog_ece383_wksp\ip_repo\ZoGolf_DP_1_0\src\level7_BRAM_Pair.vhd:]
WARNING: [filemgmt 56-199] Attempt to get parsing info during refresh. "On-the-fly" syntax checking information may be incorrect. [C:\Users\C27Soren.Herzog\ece383\Herzog_ece383_wksp\ip_repo\ZoGolf_DP_1_0\src\level8_BRAM_Pair.vhd:]
WARNING: [filemgmt 56-199] Attempt to get parsing info during refresh. "On-the-fly" syntax checking information may be incorrect. [C:\Users\C27Soren.Herzog\ece383\Herzog_ece383_wksp\ip_repo\ZoGolf_DP_1_0\src\level5_BRAM_Pair.vhd:]
WARNING: [filemgmt 56-199] Attempt to get parsing info during refresh. "On-the-fly" syntax checking information may be incorrect. [c:\Users\C27Soren.Herzog\ece383\Herzog_ece383_wksp\ip_repo\ZoGolf_DP_1_0\src\BRAM_Level_Selector.vhd:]
WARNING: [filemgmt 56-199] Attempt to get parsing info during refresh. "On-the-fly" syntax checking information may be incorrect. [c:\Users\C27Soren.Herzog\ece383\Herzog_ece383_wksp\ip_repo\ZoGolf_DP_1_0\src\level1_BRAM_Pair.vhd:]
WARNING: [filemgmt 56-199] Attempt to get parsing info during refresh. "On-the-fly" syntax checking information may be incorrect. [C:\Users\C27Soren.Herzog\ece383\Herzog_ece383_wksp\ip_repo\ZoGolf_DP_1_0\src\level9_BRAM_Pair.vhd:]
WARNING: [filemgmt 56-199] Attempt to get parsing info during refresh. "On-the-fly" syntax checking information may be incorrect. [C:\Users\C27Soren.Herzog\ece383\Herzog_ece383_wksp\ip_repo\ZoGolf_DP_1_0\src\level8_BRAM_Pair.vhd:]
WARNING: [filemgmt 56-199] Attempt to get parsing info during refresh. "On-the-fly" syntax checking information may be incorrect. [C:\Users\C27Soren.Herzog\ece383\Herzog_ece383_wksp\ip_repo\ZoGolf_DP_1_0\src\level8_BRAM_Pair.vhd:]
WARNING: [filemgmt 56-199] Attempt to get parsing info during refresh. "On-the-fly" syntax checking information may be incorrect. [c:\Users\C27Soren.Herzog\ece383\Herzog_ece383_wksp\ip_repo\ZoGolf_DP_1_0\src\ece383_pkg.vhd:]
WARNING: [filemgmt 56-199] Attempt to get parsing info during refresh. "On-the-fly" syntax checking information may be incorrect. [C:\Users\C27Soren.Herzog\ece383\Herzog_ece383_wksp\ip_repo\ZoGolf_DP_1_0\src\level6_BRAM_Pair.vhd:]
WARNING: [filemgmt 56-199] Attempt to get parsing info during refresh. "On-the-fly" syntax checking information may be incorrect. [C:\Users\C27Soren.Herzog\ece383\Herzog_ece383_wksp\ip_repo\ZoGolf_DP_1_0\src\level7_BRAM_Pair.vhd:]
WARNING: [filemgmt 56-199] Attempt to get parsing info during refresh. "On-the-fly" syntax checking information may be incorrect. [C:\Users\C27Soren.Herzog\ece383\Herzog_ece383_wksp\ip_repo\ZoGolf_DP_1_0\src\level8_BRAM_Pair.vhd:]
WARNING: [filemgmt 56-199] Attempt to get parsing info during refresh. "On-the-fly" syntax checking information may be incorrect. [C:\Users\C27Soren.Herzog\ece383\Herzog_ece383_wksp\ip_repo\ZoGolf_DP_1_0\src\level5_BRAM_Pair.vhd:]
WARNING: [filemgmt 56-199] Attempt to get parsing info during refresh. "On-the-fly" syntax checking information may be incorrect. [c:\Users\C27Soren.Herzog\ece383\Herzog_ece383_wksp\ip_repo\ZoGolf_DP_1_0\src\BRAM_Level_Selector.vhd:]
WARNING: [filemgmt 56-199] Attempt to get parsing info during refresh. "On-the-fly" syntax checking information may be incorrect. [c:\Users\C27Soren.Herzog\ece383\Herzog_ece383_wksp\ip_repo\ZoGolf_DP_1_0\src\level1_BRAM_Pair.vhd:]
WARNING: [filemgmt 56-199] Attempt to get parsing info during refresh. "On-the-fly" syntax checking information may be incorrect. [C:\Users\C27Soren.Herzog\ece383\Herzog_ece383_wksp\ip_repo\ZoGolf_DP_1_0\src\level9_BRAM_Pair.vhd:]
WARNING: [filemgmt 56-199] Attempt to get parsing info during refresh. "On-the-fly" syntax checking information may be incorrect. [c:\Users\C27Soren.Herzog\ece383\Herzog_ece383_wksp\ip_repo\ZoGolf_DP_1_0\src\level1_BRAM_Pair.vhd:]
WARNING: [filemgmt 56-199] Attempt to get parsing info during refresh. "On-the-fly" syntax checking information may be incorrect. [c:\Users\C27Soren.Herzog\ece383\Herzog_ece383_wksp\ip_repo\ZoGolf_DP_1_0\src\level1_BRAM_Pair.vhd:]
ERROR: [Common 17-180] Spawn failed: No error
ERROR: [Common 17-180] Spawn failed: No error
WARNING: [filemgmt 56-199] Attempt to get parsing info during refresh. "On-the-fly" syntax checking information may be incorrect. [c:\Users\C27Soren.Herzog\ece383\Herzog_ece383_wksp\ip_repo\ZoGolf_DP_1_0\src\ece383_pkg.vhd:]
WARNING: [filemgmt 56-199] Attempt to get parsing info during refresh. "On-the-fly" syntax checking information may be incorrect. [C:\Users\C27Soren.Herzog\ece383\Herzog_ece383_wksp\ip_repo\ZoGolf_DP_1_0\src\level6_BRAM_Pair.vhd:]
WARNING: [filemgmt 56-199] Attempt to get parsing info during refresh. "On-the-fly" syntax checking information may be incorrect. [C:\Users\C27Soren.Herzog\ece383\Herzog_ece383_wksp\ip_repo\ZoGolf_DP_1_0\src\level7_BRAM_Pair.vhd:]
WARNING: [filemgmt 56-199] Attempt to get parsing info during refresh. "On-the-fly" syntax checking information may be incorrect. [C:\Users\C27Soren.Herzog\ece383\Herzog_ece383_wksp\ip_repo\ZoGolf_DP_1_0\src\level8_BRAM_Pair.vhd:]
WARNING: [filemgmt 56-199] Attempt to get parsing info during refresh. "On-the-fly" syntax checking information may be incorrect. [C:\Users\C27Soren.Herzog\ece383\Herzog_ece383_wksp\ip_repo\ZoGolf_DP_1_0\src\level5_BRAM_Pair.vhd:]
WARNING: [filemgmt 56-199] Attempt to get parsing info during refresh. "On-the-fly" syntax checking information may be incorrect. [c:\Users\C27Soren.Herzog\ece383\Herzog_ece383_wksp\ip_repo\ZoGolf_DP_1_0\src\BRAM_Level_Selector.vhd:]
WARNING: [filemgmt 56-199] Attempt to get parsing info during refresh. "On-the-fly" syntax checking information may be incorrect. [c:\Users\C27Soren.Herzog\ece383\Herzog_ece383_wksp\ip_repo\ZoGolf_DP_1_0\src\level1_BRAM_Pair.vhd:]
WARNING: [filemgmt 56-199] Attempt to get parsing info during refresh. "On-the-fly" syntax checking information may be incorrect. [C:\Users\C27Soren.Herzog\ece383\Herzog_ece383_wksp\ip_repo\ZoGolf_DP_1_0\src\level9_BRAM_Pair.vhd:]
WARNING: [filemgmt 56-199] Attempt to get parsing info during refresh. "On-the-fly" syntax checking information may be incorrect. [C:\Users\C27Soren.Herzog\ece383\Herzog_ece383_wksp\ip_repo\ZoGolf_DP_1_0\src\level9_BRAM_Pair.vhd:]
WARNING: [filemgmt 56-199] Attempt to get parsing info during refresh. "On-the-fly" syntax checking information may be incorrect. [C:\Users\C27Soren.Herzog\ece383\Herzog_ece383_wksp\ip_repo\ZoGolf_DP_1_0\src\level9_BRAM_Pair.vhd:]
ERROR: [Common 17-180] Spawn failed: No error
WARNING: [filemgmt 56-199] Attempt to get parsing info during refresh. "On-the-fly" syntax checking information may be incorrect. [c:\Users\C27Soren.Herzog\ece383\Herzog_ece383_wksp\ip_repo\ZoGolf_DP_1_0\src\ece383_pkg.vhd:]
WARNING: [filemgmt 56-199] Attempt to get parsing info during refresh. "On-the-fly" syntax checking information may be incorrect. [C:\Users\C27Soren.Herzog\ece383\Herzog_ece383_wksp\ip_repo\ZoGolf_DP_1_0\src\level6_BRAM_Pair.vhd:]
WARNING: [filemgmt 56-199] Attempt to get parsing info during refresh. "On-the-fly" syntax checking information may be incorrect. [C:\Users\C27Soren.Herzog\ece383\Herzog_ece383_wksp\ip_repo\ZoGolf_DP_1_0\src\level7_BRAM_Pair.vhd:]
WARNING: [filemgmt 56-199] Attempt to get parsing info during refresh. "On-the-fly" syntax checking information may be incorrect. [C:\Users\C27Soren.Herzog\ece383\Herzog_ece383_wksp\ip_repo\ZoGolf_DP_1_0\src\level8_BRAM_Pair.vhd:]
WARNING: [filemgmt 56-199] Attempt to get parsing info during refresh. "On-the-fly" syntax checking information may be incorrect. [C:\Users\C27Soren.Herzog\ece383\Herzog_ece383_wksp\ip_repo\ZoGolf_DP_1_0\src\level5_BRAM_Pair.vhd:]
WARNING: [filemgmt 56-199] Attempt to get parsing info during refresh. "On-the-fly" syntax checking information may be incorrect. [c:\Users\C27Soren.Herzog\ece383\Herzog_ece383_wksp\ip_repo\ZoGolf_DP_1_0\src\BRAM_Level_Selector.vhd:]
WARNING: [filemgmt 56-199] Attempt to get parsing info during refresh. "On-the-fly" syntax checking information may be incorrect. [c:\Users\C27Soren.Herzog\ece383\Herzog_ece383_wksp\ip_repo\ZoGolf_DP_1_0\src\level1_BRAM_Pair.vhd:]
WARNING: [filemgmt 56-199] Attempt to get parsing info during refresh. "On-the-fly" syntax checking information may be incorrect. [C:\Users\C27Soren.Herzog\ece383\Herzog_ece383_wksp\ip_repo\ZoGolf_DP_1_0\src\level9_BRAM_Pair.vhd:]
WARNING: [filemgmt 56-199] Attempt to get parsing info during refresh. "On-the-fly" syntax checking information may be incorrect. [c:\Users\C27Soren.Herzog\ece383\Herzog_ece383_wksp\ip_repo\ZoGolf_DP_1_0\src\BRAM_Level_Selector.vhd:]
WARNING: [filemgmt 56-199] Attempt to get parsing info during refresh. "On-the-fly" syntax checking information may be incorrect. [c:\Users\C27Soren.Herzog\ece383\Herzog_ece383_wksp\ip_repo\ZoGolf_DP_1_0\src\BRAM_Level_Selector.vhd:]
WARNING: [filemgmt 56-199] Attempt to get parsing info during refresh. "On-the-fly" syntax checking information may be incorrect. [c:\Users\C27Soren.Herzog\ece383\Herzog_ece383_wksp\ip_repo\ZoGolf_DP_1_0\src\ece383_pkg.vhd:]
WARNING: [filemgmt 56-199] Attempt to get parsing info during refresh. "On-the-fly" syntax checking information may be incorrect. [C:\Users\C27Soren.Herzog\ece383\Herzog_ece383_wksp\ip_repo\ZoGolf_DP_1_0\src\level6_BRAM_Pair.vhd:]
WARNING: [filemgmt 56-199] Attempt to get parsing info during refresh. "On-the-fly" syntax checking information may be incorrect. [C:\Users\C27Soren.Herzog\ece383\Herzog_ece383_wksp\ip_repo\ZoGolf_DP_1_0\src\level7_BRAM_Pair.vhd:]
WARNING: [filemgmt 56-199] Attempt to get parsing info during refresh. "On-the-fly" syntax checking information may be incorrect. [C:\Users\C27Soren.Herzog\ece383\Herzog_ece383_wksp\ip_repo\ZoGolf_DP_1_0\src\level8_BRAM_Pair.vhd:]
WARNING: [filemgmt 56-199] Attempt to get parsing info during refresh. "On-the-fly" syntax checking information may be incorrect. [C:\Users\C27Soren.Herzog\ece383\Herzog_ece383_wksp\ip_repo\ZoGolf_DP_1_0\src\level5_BRAM_Pair.vhd:]
WARNING: [filemgmt 56-199] Attempt to get parsing info during refresh. "On-the-fly" syntax checking information may be incorrect. [c:\Users\C27Soren.Herzog\ece383\Herzog_ece383_wksp\ip_repo\ZoGolf_DP_1_0\src\BRAM_Level_Selector.vhd:]
WARNING: [filemgmt 56-199] Attempt to get parsing info during refresh. "On-the-fly" syntax checking information may be incorrect. [c:\Users\C27Soren.Herzog\ece383\Herzog_ece383_wksp\ip_repo\ZoGolf_DP_1_0\src\level1_BRAM_Pair.vhd:]
WARNING: [filemgmt 56-199] Attempt to get parsing info during refresh. "On-the-fly" syntax checking information may be incorrect. [C:\Users\C27Soren.Herzog\ece383\Herzog_ece383_wksp\ip_repo\ZoGolf_DP_1_0\src\level9_BRAM_Pair.vhd:]
WARNING: [filemgmt 56-199] Attempt to get parsing info during refresh. "On-the-fly" syntax checking information may be incorrect. [C:\Users\C27Soren.Herzog\ece383\Herzog_ece383_wksp\ip_repo\ZoGolf_DP_1_0\src\level5_BRAM_Pair.vhd:]
WARNING: [filemgmt 56-199] Attempt to get parsing info during refresh. "On-the-fly" syntax checking information may be incorrect. [C:\Users\C27Soren.Herzog\ece383\Herzog_ece383_wksp\ip_repo\ZoGolf_DP_1_0\src\level5_BRAM_Pair.vhd:]
ERROR: [Common 17-180] Spawn failed: No error
WARNING: [filemgmt 56-199] Attempt to get parsing info during refresh. "On-the-fly" syntax checking information may be incorrect. [c:\Users\C27Soren.Herzog\ece383\Herzog_ece383_wksp\ip_repo\ZoGolf_DP_1_0\src\ece383_pkg.vhd:]
WARNING: [filemgmt 56-199] Attempt to get parsing info during refresh. "On-the-fly" syntax checking information may be incorrect. [C:\Users\C27Soren.Herzog\ece383\Herzog_ece383_wksp\ip_repo\ZoGolf_DP_1_0\src\level6_BRAM_Pair.vhd:]
WARNING: [filemgmt 56-199] Attempt to get parsing info during refresh. "On-the-fly" syntax checking information may be incorrect. [C:\Users\C27Soren.Herzog\ece383\Herzog_ece383_wksp\ip_repo\ZoGolf_DP_1_0\src\level7_BRAM_Pair.vhd:]
WARNING: [filemgmt 56-199] Attempt to get parsing info during refresh. "On-the-fly" syntax checking information may be incorrect. [C:\Users\C27Soren.Herzog\ece383\Herzog_ece383_wksp\ip_repo\ZoGolf_DP_1_0\src\level8_BRAM_Pair.vhd:]
WARNING: [filemgmt 56-199] Attempt to get parsing info during refresh. "On-the-fly" syntax checking information may be incorrect. [C:\Users\C27Soren.Herzog\ece383\Herzog_ece383_wksp\ip_repo\ZoGolf_DP_1_0\src\level5_BRAM_Pair.vhd:]
WARNING: [filemgmt 56-199] Attempt to get parsing info during refresh. "On-the-fly" syntax checking information may be incorrect. [c:\Users\C27Soren.Herzog\ece383\Herzog_ece383_wksp\ip_repo\ZoGolf_DP_1_0\src\BRAM_Level_Selector.vhd:]
WARNING: [filemgmt 56-199] Attempt to get parsing info during refresh. "On-the-fly" syntax checking information may be incorrect. [c:\Users\C27Soren.Herzog\ece383\Herzog_ece383_wksp\ip_repo\ZoGolf_DP_1_0\src\level1_BRAM_Pair.vhd:]
WARNING: [filemgmt 56-199] Attempt to get parsing info during refresh. "On-the-fly" syntax checking information may be incorrect. [C:\Users\C27Soren.Herzog\ece383\Herzog_ece383_wksp\ip_repo\ZoGolf_DP_1_0\src\level9_BRAM_Pair.vhd:]
WARNING: [filemgmt 56-199] Attempt to get parsing info during refresh. "On-the-fly" syntax checking information may be incorrect. [c:\Users\C27Soren.Herzog\ece383\Herzog_ece383_wksp\ip_repo\ZoGolf_DP_1_0\src\ece383_pkg.vhd:]
WARNING: [filemgmt 56-199] Attempt to get parsing info during refresh. "On-the-fly" syntax checking information may be incorrect. [c:\Users\C27Soren.Herzog\ece383\Herzog_ece383_wksp\ip_repo\ZoGolf_DP_1_0\src\ece383_pkg.vhd:]
WARNING: [filemgmt 56-199] Attempt to get parsing info during refresh. "On-the-fly" syntax checking information may be incorrect. [c:\Users\C27Soren.Herzog\ece383\Herzog_ece383_wksp\ip_repo\ZoGolf_DP_1_0\src\ece383_pkg.vhd:]
WARNING: [filemgmt 56-199] Attempt to get parsing info during refresh. "On-the-fly" syntax checking information may be incorrect. [C:\Users\C27Soren.Herzog\ece383\Herzog_ece383_wksp\ip_repo\ZoGolf_DP_1_0\src\level6_BRAM_Pair.vhd:]
WARNING: [filemgmt 56-199] Attempt to get parsing info during refresh. "On-the-fly" syntax checking information may be incorrect. [C:\Users\C27Soren.Herzog\ece383\Herzog_ece383_wksp\ip_repo\ZoGolf_DP_1_0\src\level7_BRAM_Pair.vhd:]
WARNING: [filemgmt 56-199] Attempt to get parsing info during refresh. "On-the-fly" syntax checking information may be incorrect. [C:\Users\C27Soren.Herzog\ece383\Herzog_ece383_wksp\ip_repo\ZoGolf_DP_1_0\src\level8_BRAM_Pair.vhd:]
WARNING: [filemgmt 56-199] Attempt to get parsing info during refresh. "On-the-fly" syntax checking information may be incorrect. [C:\Users\C27Soren.Herzog\ece383\Herzog_ece383_wksp\ip_repo\ZoGolf_DP_1_0\src\level5_BRAM_Pair.vhd:]
WARNING: [filemgmt 56-199] Attempt to get parsing info during refresh. "On-the-fly" syntax checking information may be incorrect. [c:\Users\C27Soren.Herzog\ece383\Herzog_ece383_wksp\ip_repo\ZoGolf_DP_1_0\src\BRAM_Level_Selector.vhd:]
WARNING: [filemgmt 56-199] Attempt to get parsing info during refresh. "On-the-fly" syntax checking information may be incorrect. [c:\Users\C27Soren.Herzog\ece383\Herzog_ece383_wksp\ip_repo\ZoGolf_DP_1_0\src\level1_BRAM_Pair.vhd:]
WARNING: [filemgmt 56-199] Attempt to get parsing info during refresh. "On-the-fly" syntax checking information may be incorrect. [C:\Users\C27Soren.Herzog\ece383\Herzog_ece383_wksp\ip_repo\ZoGolf_DP_1_0\src\level9_BRAM_Pair.vhd:]
WARNING: [filemgmt 56-199] Attempt to get parsing info during refresh. "On-the-fly" syntax checking information may be incorrect. [C:\Users\C27Soren.Herzog\ece383\Herzog_ece383_wksp\ip_repo\ZoGolf_DP_1_0\src\level6_BRAM_Pair.vhd:]
WARNING: [filemgmt 56-199] Attempt to get parsing info during refresh. "On-the-fly" syntax checking information may be incorrect. [C:\Users\C27Soren.Herzog\ece383\Herzog_ece383_wksp\ip_repo\ZoGolf_DP_1_0\src\level6_BRAM_Pair.vhd:]
WARNING: [filemgmt 56-199] Attempt to get parsing info during refresh. "On-the-fly" syntax checking information may be incorrect. [c:\Users\C27Soren.Herzog\ece383\Herzog_ece383_wksp\ip_repo\ZoGolf_DP_1_0\src\ece383_pkg.vhd:]
WARNING: [filemgmt 56-199] Attempt to get parsing info during refresh. "On-the-fly" syntax checking information may be incorrect. [C:\Users\C27Soren.Herzog\ece383\Herzog_ece383_wksp\ip_repo\ZoGolf_DP_1_0\src\level6_BRAM_Pair.vhd:]
WARNING: [filemgmt 56-199] Attempt to get parsing info during refresh. "On-the-fly" syntax checking information may be incorrect. [C:\Users\C27Soren.Herzog\ece383\Herzog_ece383_wksp\ip_repo\ZoGolf_DP_1_0\src\level7_BRAM_Pair.vhd:]
WARNING: [filemgmt 56-199] Attempt to get parsing info during refresh. "On-the-fly" syntax checking information may be incorrect. [C:\Users\C27Soren.Herzog\ece383\Herzog_ece383_wksp\ip_repo\ZoGolf_DP_1_0\src\level8_BRAM_Pair.vhd:]
WARNING: [filemgmt 56-199] Attempt to get parsing info during refresh. "On-the-fly" syntax checking information may be incorrect. [C:\Users\C27Soren.Herzog\ece383\Herzog_ece383_wksp\ip_repo\ZoGolf_DP_1_0\src\level5_BRAM_Pair.vhd:]
WARNING: [filemgmt 56-199] Attempt to get parsing info during refresh. "On-the-fly" syntax checking information may be incorrect. [c:\Users\C27Soren.Herzog\ece383\Herzog_ece383_wksp\ip_repo\ZoGolf_DP_1_0\src\BRAM_Level_Selector.vhd:]
WARNING: [filemgmt 56-199] Attempt to get parsing info during refresh. "On-the-fly" syntax checking information may be incorrect. [c:\Users\C27Soren.Herzog\ece383\Herzog_ece383_wksp\ip_repo\ZoGolf_DP_1_0\src\level1_BRAM_Pair.vhd:]
WARNING: [filemgmt 56-199] Attempt to get parsing info during refresh. "On-the-fly" syntax checking information may be incorrect. [C:\Users\C27Soren.Herzog\ece383\Herzog_ece383_wksp\ip_repo\ZoGolf_DP_1_0\src\level9_BRAM_Pair.vhd:]
WARNING: [filemgmt 56-199] Attempt to get parsing info during refresh. "On-the-fly" syntax checking information may be incorrect. [C:\Users\C27Soren.Herzog\ece383\Herzog_ece383_wksp\ip_repo\ZoGolf_DP_1_0\src\level8_BRAM_Pair.vhd:]
WARNING: [filemgmt 56-199] Attempt to get parsing info during refresh. "On-the-fly" syntax checking information may be incorrect. [C:\Users\C27Soren.Herzog\ece383\Herzog_ece383_wksp\ip_repo\ZoGolf_DP_1_0\src\level8_BRAM_Pair.vhd:]
WARNING: [filemgmt 56-199] Attempt to get parsing info during refresh. "On-the-fly" syntax checking information may be incorrect. [c:\Users\C27Soren.Herzog\ece383\Herzog_ece383_wksp\ip_repo\ZoGolf_DP_1_0\src\ece383_pkg.vhd:]
WARNING: [filemgmt 56-199] Attempt to get parsing info during refresh. "On-the-fly" syntax checking information may be incorrect. [C:\Users\C27Soren.Herzog\ece383\Herzog_ece383_wksp\ip_repo\ZoGolf_DP_1_0\src\level6_BRAM_Pair.vhd:]
WARNING: [filemgmt 56-199] Attempt to get parsing info during refresh. "On-the-fly" syntax checking information may be incorrect. [C:\Users\C27Soren.Herzog\ece383\Herzog_ece383_wksp\ip_repo\ZoGolf_DP_1_0\src\level7_BRAM_Pair.vhd:]
WARNING: [filemgmt 56-199] Attempt to get parsing info during refresh. "On-the-fly" syntax checking information may be incorrect. [C:\Users\C27Soren.Herzog\ece383\Herzog_ece383_wksp\ip_repo\ZoGolf_DP_1_0\src\level8_BRAM_Pair.vhd:]
WARNING: [filemgmt 56-199] Attempt to get parsing info during refresh. "On-the-fly" syntax checking information may be incorrect. [C:\Users\C27Soren.Herzog\ece383\Herzog_ece383_wksp\ip_repo\ZoGolf_DP_1_0\src\level5_BRAM_Pair.vhd:]
WARNING: [filemgmt 56-199] Attempt to get parsing info during refresh. "On-the-fly" syntax checking information may be incorrect. [c:\Users\C27Soren.Herzog\ece383\Herzog_ece383_wksp\ip_repo\ZoGolf_DP_1_0\src\BRAM_Level_Selector.vhd:]
WARNING: [filemgmt 56-199] Attempt to get parsing info during refresh. "On-the-fly" syntax checking information may be incorrect. [c:\Users\C27Soren.Herzog\ece383\Herzog_ece383_wksp\ip_repo\ZoGolf_DP_1_0\src\level1_BRAM_Pair.vhd:]
WARNING: [filemgmt 56-199] Attempt to get parsing info during refresh. "On-the-fly" syntax checking information may be incorrect. [C:\Users\C27Soren.Herzog\ece383\Herzog_ece383_wksp\ip_repo\ZoGolf_DP_1_0\src\level9_BRAM_Pair.vhd:]
WARNING: [filemgmt 56-199] Attempt to get parsing info during refresh. "On-the-fly" syntax checking information may be incorrect. [C:\Users\C27Soren.Herzog\ece383\Herzog_ece383_wksp\ip_repo\ZoGolf_DP_1_0\src\level7_BRAM_Pair.vhd:]
WARNING: [filemgmt 56-199] Attempt to get parsing info during refresh. "On-the-fly" syntax checking information may be incorrect. [C:\Users\C27Soren.Herzog\ece383\Herzog_ece383_wksp\ip_repo\ZoGolf_DP_1_0\src\level7_BRAM_Pair.vhd:]
WARNING: [filemgmt 56-199] Attempt to get parsing info during refresh. "On-the-fly" syntax checking information may be incorrect. [c:\Users\C27Soren.Herzog\ece383\Herzog_ece383_wksp\ip_repo\ZoGolf_DP_1_0\src\ece383_pkg.vhd:]
WARNING: [filemgmt 56-199] Attempt to get parsing info during refresh. "On-the-fly" syntax checking information may be incorrect. [C:\Users\C27Soren.Herzog\ece383\Herzog_ece383_wksp\ip_repo\ZoGolf_DP_1_0\src\level6_BRAM_Pair.vhd:]
WARNING: [filemgmt 56-199] Attempt to get parsing info during refresh. "On-the-fly" syntax checking information may be incorrect. [C:\Users\C27Soren.Herzog\ece383\Herzog_ece383_wksp\ip_repo\ZoGolf_DP_1_0\src\level7_BRAM_Pair.vhd:]
WARNING: [filemgmt 56-199] Attempt to get parsing info during refresh. "On-the-fly" syntax checking information may be incorrect. [C:\Users\C27Soren.Herzog\ece383\Herzog_ece383_wksp\ip_repo\ZoGolf_DP_1_0\src\level8_BRAM_Pair.vhd:]
WARNING: [filemgmt 56-199] Attempt to get parsing info during refresh. "On-the-fly" syntax checking information may be incorrect. [C:\Users\C27Soren.Herzog\ece383\Herzog_ece383_wksp\ip_repo\ZoGolf_DP_1_0\src\level5_BRAM_Pair.vhd:]
WARNING: [filemgmt 56-199] Attempt to get parsing info during refresh. "On-the-fly" syntax checking information may be incorrect. [c:\Users\C27Soren.Herzog\ece383\Herzog_ece383_wksp\ip_repo\ZoGolf_DP_1_0\src\BRAM_Level_Selector.vhd:]
WARNING: [filemgmt 56-199] Attempt to get parsing info during refresh. "On-the-fly" syntax checking information may be incorrect. [c:\Users\C27Soren.Herzog\ece383\Herzog_ece383_wksp\ip_repo\ZoGolf_DP_1_0\src\level1_BRAM_Pair.vhd:]
WARNING: [filemgmt 56-199] Attempt to get parsing info during refresh. "On-the-fly" syntax checking information may be incorrect. [C:\Users\C27Soren.Herzog\ece383\Herzog_ece383_wksp\ip_repo\ZoGolf_DP_1_0\src\level9_BRAM_Pair.vhd:]
WARNING: [filemgmt 56-199] Attempt to get parsing info during refresh. "On-the-fly" syntax checking information may be incorrect. [c:\Users\C27Soren.Herzog\ece383\Herzog_ece383_wksp\ip_repo\ZoGolf_DP_1_0\src\level1_BRAM_Pair.vhd:]
WARNING: [filemgmt 56-199] Attempt to get parsing info during refresh. "On-the-fly" syntax checking information may be incorrect. [c:\Users\C27Soren.Herzog\ece383\Herzog_ece383_wksp\ip_repo\ZoGolf_DP_1_0\src\level1_BRAM_Pair.vhd:]
ERROR: [Common 17-180] Spawn failed: No error
WARNING: [filemgmt 56-199] Attempt to get parsing info during refresh. "On-the-fly" syntax checking information may be incorrect. [c:\Users\C27Soren.Herzog\ece383\Herzog_ece383_wksp\ip_repo\ZoGolf_DP_1_0\src\ece383_pkg.vhd:]
WARNING: [filemgmt 56-199] Attempt to get parsing info during refresh. "On-the-fly" syntax checking information may be incorrect. [C:\Users\C27Soren.Herzog\ece383\Herzog_ece383_wksp\ip_repo\ZoGolf_DP_1_0\src\level6_BRAM_Pair.vhd:]
WARNING: [filemgmt 56-199] Attempt to get parsing info during refresh. "On-the-fly" syntax checking information may be incorrect. [C:\Users\C27Soren.Herzog\ece383\Herzog_ece383_wksp\ip_repo\ZoGolf_DP_1_0\src\level7_BRAM_Pair.vhd:]
WARNING: [filemgmt 56-199] Attempt to get parsing info during refresh. "On-the-fly" syntax checking information may be incorrect. [C:\Users\C27Soren.Herzog\ece383\Herzog_ece383_wksp\ip_repo\ZoGolf_DP_1_0\src\level8_BRAM_Pair.vhd:]
WARNING: [filemgmt 56-199] Attempt to get parsing info during refresh. "On-the-fly" syntax checking information may be incorrect. [C:\Users\C27Soren.Herzog\ece383\Herzog_ece383_wksp\ip_repo\ZoGolf_DP_1_0\src\level5_BRAM_Pair.vhd:]
WARNING: [filemgmt 56-199] Attempt to get parsing info during refresh. "On-the-fly" syntax checking information may be incorrect. [c:\Users\C27Soren.Herzog\ece383\Herzog_ece383_wksp\ip_repo\ZoGolf_DP_1_0\src\BRAM_Level_Selector.vhd:]
WARNING: [filemgmt 56-199] Attempt to get parsing info during refresh. "On-the-fly" syntax checking information may be incorrect. [c:\Users\C27Soren.Herzog\ece383\Herzog_ece383_wksp\ip_repo\ZoGolf_DP_1_0\src\level1_BRAM_Pair.vhd:]
WARNING: [filemgmt 56-199] Attempt to get parsing info during refresh. "On-the-fly" syntax checking information may be incorrect. [C:\Users\C27Soren.Herzog\ece383\Herzog_ece383_wksp\ip_repo\ZoGolf_DP_1_0\src\level9_BRAM_Pair.vhd:]
WARNING: [filemgmt 56-199] Attempt to get parsing info during refresh. "On-the-fly" syntax checking information may be incorrect. [c:\Users\C27Soren.Herzog\ece383\Herzog_ece383_wksp\ip_repo\ZoGolf_DP_1_0\src\BRAM_Level_Selector.vhd:]
WARNING: [filemgmt 56-199] Attempt to get parsing info during refresh. "On-the-fly" syntax checking information may be incorrect. [c:\Users\C27Soren.Herzog\ece383\Herzog_ece383_wksp\ip_repo\ZoGolf_DP_1_0\src\BRAM_Level_Selector.vhd:]
ERROR: [Common 17-180] Spawn failed: No error
WARNING: [filemgmt 56-199] Attempt to get parsing info during refresh. "On-the-fly" syntax checking information may be incorrect. [c:\Users\C27Soren.Herzog\ece383\Herzog_ece383_wksp\ip_repo\ZoGolf_DP_1_0\src\ece383_pkg.vhd:]
WARNING: [filemgmt 56-199] Attempt to get parsing info during refresh. "On-the-fly" syntax checking information may be incorrect. [C:\Users\C27Soren.Herzog\ece383\Herzog_ece383_wksp\ip_repo\ZoGolf_DP_1_0\src\level6_BRAM_Pair.vhd:]
WARNING: [filemgmt 56-199] Attempt to get parsing info during refresh. "On-the-fly" syntax checking information may be incorrect. [C:\Users\C27Soren.Herzog\ece383\Herzog_ece383_wksp\ip_repo\ZoGolf_DP_1_0\src\level7_BRAM_Pair.vhd:]
WARNING: [filemgmt 56-199] Attempt to get parsing info during refresh. "On-the-fly" syntax checking information may be incorrect. [C:\Users\C27Soren.Herzog\ece383\Herzog_ece383_wksp\ip_repo\ZoGolf_DP_1_0\src\level8_BRAM_Pair.vhd:]
WARNING: [filemgmt 56-199] Attempt to get parsing info during refresh. "On-the-fly" syntax checking information may be incorrect. [C:\Users\C27Soren.Herzog\ece383\Herzog_ece383_wksp\ip_repo\ZoGolf_DP_1_0\src\level5_BRAM_Pair.vhd:]
WARNING: [filemgmt 56-199] Attempt to get parsing info during refresh. "On-the-fly" syntax checking information may be incorrect. [c:\Users\C27Soren.Herzog\ece383\Herzog_ece383_wksp\ip_repo\ZoGolf_DP_1_0\src\BRAM_Level_Selector.vhd:]
WARNING: [filemgmt 56-199] Attempt to get parsing info during refresh. "On-the-fly" syntax checking information may be incorrect. [c:\Users\C27Soren.Herzog\ece383\Herzog_ece383_wksp\ip_repo\ZoGolf_DP_1_0\src\level1_BRAM_Pair.vhd:]
WARNING: [filemgmt 56-199] Attempt to get parsing info during refresh. "On-the-fly" syntax checking information may be incorrect. [C:\Users\C27Soren.Herzog\ece383\Herzog_ece383_wksp\ip_repo\ZoGolf_DP_1_0\src\level9_BRAM_Pair.vhd:]
WARNING: [filemgmt 56-199] Attempt to get parsing info during refresh. "On-the-fly" syntax checking information may be incorrect. [C:\Users\C27Soren.Herzog\ece383\Herzog_ece383_wksp\ip_repo\ZoGolf_DP_1_0\src\level5_BRAM_Pair.vhd:]
WARNING: [filemgmt 56-199] Attempt to get parsing info during refresh. "On-the-fly" syntax checking information may be incorrect. [C:\Users\C27Soren.Herzog\ece383\Herzog_ece383_wksp\ip_repo\ZoGolf_DP_1_0\src\level5_BRAM_Pair.vhd:]
ERROR: [Common 17-180] Spawn failed: No error
WARNING: [filemgmt 56-199] Attempt to get parsing info during refresh. "On-the-fly" syntax checking information may be incorrect. [c:\Users\C27Soren.Herzog\ece383\Herzog_ece383_wksp\ip_repo\ZoGolf_DP_1_0\src\ece383_pkg.vhd:]
WARNING: [filemgmt 56-199] Attempt to get parsing info during refresh. "On-the-fly" syntax checking information may be incorrect. [C:\Users\C27Soren.Herzog\ece383\Herzog_ece383_wksp\ip_repo\ZoGolf_DP_1_0\src\level6_BRAM_Pair.vhd:]
WARNING: [filemgmt 56-199] Attempt to get parsing info during refresh. "On-the-fly" syntax checking information may be incorrect. [C:\Users\C27Soren.Herzog\ece383\Herzog_ece383_wksp\ip_repo\ZoGolf_DP_1_0\src\level7_BRAM_Pair.vhd:]
WARNING: [filemgmt 56-199] Attempt to get parsing info during refresh. "On-the-fly" syntax checking information may be incorrect. [C:\Users\C27Soren.Herzog\ece383\Herzog_ece383_wksp\ip_repo\ZoGolf_DP_1_0\src\level8_BRAM_Pair.vhd:]
WARNING: [filemgmt 56-199] Attempt to get parsing info during refresh. "On-the-fly" syntax checking information may be incorrect. [C:\Users\C27Soren.Herzog\ece383\Herzog_ece383_wksp\ip_repo\ZoGolf_DP_1_0\src\level5_BRAM_Pair.vhd:]
WARNING: [filemgmt 56-199] Attempt to get parsing info during refresh. "On-the-fly" syntax checking information may be incorrect. [c:\Users\C27Soren.Herzog\ece383\Herzog_ece383_wksp\ip_repo\ZoGolf_DP_1_0\src\BRAM_Level_Selector.vhd:]
WARNING: [filemgmt 56-199] Attempt to get parsing info during refresh. "On-the-fly" syntax checking information may be incorrect. [c:\Users\C27Soren.Herzog\ece383\Herzog_ece383_wksp\ip_repo\ZoGolf_DP_1_0\src\level1_BRAM_Pair.vhd:]
WARNING: [filemgmt 56-199] Attempt to get parsing info during refresh. "On-the-fly" syntax checking information may be incorrect. [C:\Users\C27Soren.Herzog\ece383\Herzog_ece383_wksp\ip_repo\ZoGolf_DP_1_0\src\level9_BRAM_Pair.vhd:]
WARNING: [filemgmt 56-199] Attempt to get parsing info during refresh. "On-the-fly" syntax checking information may be incorrect. [c:\Users\C27Soren.Herzog\ece383\Herzog_ece383_wksp\ip_repo\ZoGolf_DP_1_0\src\ece383_pkg.vhd:]
WARNING: [filemgmt 56-199] Attempt to get parsing info during refresh. "On-the-fly" syntax checking information may be incorrect. [c:\Users\C27Soren.Herzog\ece383\Herzog_ece383_wksp\ip_repo\ZoGolf_DP_1_0\src\ece383_pkg.vhd:]
WARNING: [filemgmt 56-199] Attempt to get parsing info during refresh. "On-the-fly" syntax checking information may be incorrect. [c:\Users\C27Soren.Herzog\ece383\Herzog_ece383_wksp\ip_repo\ZoGolf_DP_1_0\src\ece383_pkg.vhd:]
WARNING: [filemgmt 56-199] Attempt to get parsing info during refresh. "On-the-fly" syntax checking information may be incorrect. [C:\Users\C27Soren.Herzog\ece383\Herzog_ece383_wksp\ip_repo\ZoGolf_DP_1_0\src\level6_BRAM_Pair.vhd:]
WARNING: [filemgmt 56-199] Attempt to get parsing info during refresh. "On-the-fly" syntax checking information may be incorrect. [C:\Users\C27Soren.Herzog\ece383\Herzog_ece383_wksp\ip_repo\ZoGolf_DP_1_0\src\level7_BRAM_Pair.vhd:]
WARNING: [filemgmt 56-199] Attempt to get parsing info during refresh. "On-the-fly" syntax checking information may be incorrect. [C:\Users\C27Soren.Herzog\ece383\Herzog_ece383_wksp\ip_repo\ZoGolf_DP_1_0\src\level8_BRAM_Pair.vhd:]
WARNING: [filemgmt 56-199] Attempt to get parsing info during refresh. "On-the-fly" syntax checking information may be incorrect. [C:\Users\C27Soren.Herzog\ece383\Herzog_ece383_wksp\ip_repo\ZoGolf_DP_1_0\src\level5_BRAM_Pair.vhd:]
WARNING: [filemgmt 56-199] Attempt to get parsing info during refresh. "On-the-fly" syntax checking information may be incorrect. [c:\Users\C27Soren.Herzog\ece383\Herzog_ece383_wksp\ip_repo\ZoGolf_DP_1_0\src\BRAM_Level_Selector.vhd:]
WARNING: [filemgmt 56-199] Attempt to get parsing info during refresh. "On-the-fly" syntax checking information may be incorrect. [c:\Users\C27Soren.Herzog\ece383\Herzog_ece383_wksp\ip_repo\ZoGolf_DP_1_0\src\level1_BRAM_Pair.vhd:]
WARNING: [filemgmt 56-199] Attempt to get parsing info during refresh. "On-the-fly" syntax checking information may be incorrect. [C:\Users\C27Soren.Herzog\ece383\Herzog_ece383_wksp\ip_repo\ZoGolf_DP_1_0\src\level9_BRAM_Pair.vhd:]
WARNING: [filemgmt 56-199] Attempt to get parsing info during refresh. "On-the-fly" syntax checking information may be incorrect. [C:\Users\C27Soren.Herzog\ece383\Herzog_ece383_wksp\ip_repo\ZoGolf_DP_1_0\src\level6_BRAM_Pair.vhd:]
WARNING: [filemgmt 56-199] Attempt to get parsing info during refresh. "On-the-fly" syntax checking information may be incorrect. [C:\Users\C27Soren.Herzog\ece383\Herzog_ece383_wksp\ip_repo\ZoGolf_DP_1_0\src\level6_BRAM_Pair.vhd:]
WARNING: [filemgmt 56-199] Attempt to get parsing info during refresh. "On-the-fly" syntax checking information may be incorrect. [c:\Users\C27Soren.Herzog\ece383\Herzog_ece383_wksp\ip_repo\ZoGolf_DP_1_0\src\ece383_pkg.vhd:]
WARNING: [filemgmt 56-199] Attempt to get parsing info during refresh. "On-the-fly" syntax checking information may be incorrect. [C:\Users\C27Soren.Herzog\ece383\Herzog_ece383_wksp\ip_repo\ZoGolf_DP_1_0\src\level6_BRAM_Pair.vhd:]
WARNING: [filemgmt 56-199] Attempt to get parsing info during refresh. "On-the-fly" syntax checking information may be incorrect. [C:\Users\C27Soren.Herzog\ece383\Herzog_ece383_wksp\ip_repo\ZoGolf_DP_1_0\src\level7_BRAM_Pair.vhd:]
WARNING: [filemgmt 56-199] Attempt to get parsing info during refresh. "On-the-fly" syntax checking information may be incorrect. [C:\Users\C27Soren.Herzog\ece383\Herzog_ece383_wksp\ip_repo\ZoGolf_DP_1_0\src\level8_BRAM_Pair.vhd:]
WARNING: [filemgmt 56-199] Attempt to get parsing info during refresh. "On-the-fly" syntax checking information may be incorrect. [C:\Users\C27Soren.Herzog\ece383\Herzog_ece383_wksp\ip_repo\ZoGolf_DP_1_0\src\level5_BRAM_Pair.vhd:]
WARNING: [filemgmt 56-199] Attempt to get parsing info during refresh. "On-the-fly" syntax checking information may be incorrect. [c:\Users\C27Soren.Herzog\ece383\Herzog_ece383_wksp\ip_repo\ZoGolf_DP_1_0\src\BRAM_Level_Selector.vhd:]
WARNING: [filemgmt 56-199] Attempt to get parsing info during refresh. "On-the-fly" syntax checking information may be incorrect. [c:\Users\C27Soren.Herzog\ece383\Herzog_ece383_wksp\ip_repo\ZoGolf_DP_1_0\src\level1_BRAM_Pair.vhd:]
WARNING: [filemgmt 56-199] Attempt to get parsing info during refresh. "On-the-fly" syntax checking information may be incorrect. [C:\Users\C27Soren.Herzog\ece383\Herzog_ece383_wksp\ip_repo\ZoGolf_DP_1_0\src\level9_BRAM_Pair.vhd:]
WARNING: [filemgmt 56-199] Attempt to get parsing info during refresh. "On-the-fly" syntax checking information may be incorrect. [C:\Users\C27Soren.Herzog\ece383\Herzog_ece383_wksp\ip_repo\ZoGolf_DP_1_0\src\level8_BRAM_Pair.vhd:]
WARNING: [filemgmt 56-199] Attempt to get parsing info during refresh. "On-the-fly" syntax checking information may be incorrect. [C:\Users\C27Soren.Herzog\ece383\Herzog_ece383_wksp\ip_repo\ZoGolf_DP_1_0\src\level8_BRAM_Pair.vhd:]
WARNING: [filemgmt 56-199] Attempt to get parsing info during refresh. "On-the-fly" syntax checking information may be incorrect. [c:\Users\C27Soren.Herzog\ece383\Herzog_ece383_wksp\ip_repo\ZoGolf_DP_1_0\src\ece383_pkg.vhd:]
WARNING: [filemgmt 56-199] Attempt to get parsing info during refresh. "On-the-fly" syntax checking information may be incorrect. [C:\Users\C27Soren.Herzog\ece383\Herzog_ece383_wksp\ip_repo\ZoGolf_DP_1_0\src\level6_BRAM_Pair.vhd:]
WARNING: [filemgmt 56-199] Attempt to get parsing info during refresh. "On-the-fly" syntax checking information may be incorrect. [C:\Users\C27Soren.Herzog\ece383\Herzog_ece383_wksp\ip_repo\ZoGolf_DP_1_0\src\level7_BRAM_Pair.vhd:]
WARNING: [filemgmt 56-199] Attempt to get parsing info during refresh. "On-the-fly" syntax checking information may be incorrect. [C:\Users\C27Soren.Herzog\ece383\Herzog_ece383_wksp\ip_repo\ZoGolf_DP_1_0\src\level8_BRAM_Pair.vhd:]
WARNING: [filemgmt 56-199] Attempt to get parsing info during refresh. "On-the-fly" syntax checking information may be incorrect. [C:\Users\C27Soren.Herzog\ece383\Herzog_ece383_wksp\ip_repo\ZoGolf_DP_1_0\src\level5_BRAM_Pair.vhd:]
WARNING: [filemgmt 56-199] Attempt to get parsing info during refresh. "On-the-fly" syntax checking information may be incorrect. [c:\Users\C27Soren.Herzog\ece383\Herzog_ece383_wksp\ip_repo\ZoGolf_DP_1_0\src\BRAM_Level_Selector.vhd:]
WARNING: [filemgmt 56-199] Attempt to get parsing info during refresh. "On-the-fly" syntax checking information may be incorrect. [c:\Users\C27Soren.Herzog\ece383\Herzog_ece383_wksp\ip_repo\ZoGolf_DP_1_0\src\level1_BRAM_Pair.vhd:]
WARNING: [filemgmt 56-199] Attempt to get parsing info during refresh. "On-the-fly" syntax checking information may be incorrect. [C:\Users\C27Soren.Herzog\ece383\Herzog_ece383_wksp\ip_repo\ZoGolf_DP_1_0\src\level9_BRAM_Pair.vhd:]
WARNING: [filemgmt 56-199] Attempt to get parsing info during refresh. "On-the-fly" syntax checking information may be incorrect. [c:\Users\C27Soren.Herzog\ece383\Herzog_ece383_wksp\ip_repo\ZoGolf_DP_1_0\src\level1_BRAM_Pair.vhd:]
WARNING: [filemgmt 56-199] Attempt to get parsing info during refresh. "On-the-fly" syntax checking information may be incorrect. [c:\Users\C27Soren.Herzog\ece383\Herzog_ece383_wksp\ip_repo\ZoGolf_DP_1_0\src\level1_BRAM_Pair.vhd:]
ERROR: [Common 17-180] Spawn failed: No error
ERROR: [Common 17-180] Spawn failed: No error
WARNING: [filemgmt 56-199] Attempt to get parsing info during refresh. "On-the-fly" syntax checking information may be incorrect. [c:\Users\C27Soren.Herzog\ece383\Herzog_ece383_wksp\ip_repo\ZoGolf_DP_1_0\src\ece383_pkg.vhd:]
WARNING: [filemgmt 56-199] Attempt to get parsing info during refresh. "On-the-fly" syntax checking information may be incorrect. [C:\Users\C27Soren.Herzog\ece383\Herzog_ece383_wksp\ip_repo\ZoGolf_DP_1_0\src\level6_BRAM_Pair.vhd:]
WARNING: [filemgmt 56-199] Attempt to get parsing info during refresh. "On-the-fly" syntax checking information may be incorrect. [C:\Users\C27Soren.Herzog\ece383\Herzog_ece383_wksp\ip_repo\ZoGolf_DP_1_0\src\level7_BRAM_Pair.vhd:]
WARNING: [filemgmt 56-199] Attempt to get parsing info during refresh. "On-the-fly" syntax checking information may be incorrect. [C:\Users\C27Soren.Herzog\ece383\Herzog_ece383_wksp\ip_repo\ZoGolf_DP_1_0\src\level8_BRAM_Pair.vhd:]
WARNING: [filemgmt 56-199] Attempt to get parsing info during refresh. "On-the-fly" syntax checking information may be incorrect. [C:\Users\C27Soren.Herzog\ece383\Herzog_ece383_wksp\ip_repo\ZoGolf_DP_1_0\src\level5_BRAM_Pair.vhd:]
WARNING: [filemgmt 56-199] Attempt to get parsing info during refresh. "On-the-fly" syntax checking information may be incorrect. [c:\Users\C27Soren.Herzog\ece383\Herzog_ece383_wksp\ip_repo\ZoGolf_DP_1_0\src\BRAM_Level_Selector.vhd:]
WARNING: [filemgmt 56-199] Attempt to get parsing info during refresh. "On-the-fly" syntax checking information may be incorrect. [c:\Users\C27Soren.Herzog\ece383\Herzog_ece383_wksp\ip_repo\ZoGolf_DP_1_0\src\level1_BRAM_Pair.vhd:]
WARNING: [filemgmt 56-199] Attempt to get parsing info during refresh. "On-the-fly" syntax checking information may be incorrect. [C:\Users\C27Soren.Herzog\ece383\Herzog_ece383_wksp\ip_repo\ZoGolf_DP_1_0\src\level9_BRAM_Pair.vhd:]
WARNING: [filemgmt 56-199] Attempt to get parsing info during refresh. "On-the-fly" syntax checking information may be incorrect. [C:\Users\C27Soren.Herzog\ece383\Herzog_ece383_wksp\ip_repo\ZoGolf_DP_1_0\src\level5_BRAM_Pair.vhd:]
WARNING: [filemgmt 56-199] Attempt to get parsing info during refresh. "On-the-fly" syntax checking information may be incorrect. [C:\Users\C27Soren.Herzog\ece383\Herzog_ece383_wksp\ip_repo\ZoGolf_DP_1_0\src\level5_BRAM_Pair.vhd:]
WARNING: [filemgmt 56-199] Attempt to get parsing info during refresh. "On-the-fly" syntax checking information may be incorrect. [c:\Users\C27Soren.Herzog\ece383\Herzog_ece383_wksp\ip_repo\ZoGolf_DP_1_0\src\ece383_pkg.vhd:]
WARNING: [filemgmt 56-199] Attempt to get parsing info during refresh. "On-the-fly" syntax checking information may be incorrect. [C:\Users\C27Soren.Herzog\ece383\Herzog_ece383_wksp\ip_repo\ZoGolf_DP_1_0\src\level6_BRAM_Pair.vhd:]
WARNING: [filemgmt 56-199] Attempt to get parsing info during refresh. "On-the-fly" syntax checking information may be incorrect. [C:\Users\C27Soren.Herzog\ece383\Herzog_ece383_wksp\ip_repo\ZoGolf_DP_1_0\src\level7_BRAM_Pair.vhd:]
WARNING: [filemgmt 56-199] Attempt to get parsing info during refresh. "On-the-fly" syntax checking information may be incorrect. [C:\Users\C27Soren.Herzog\ece383\Herzog_ece383_wksp\ip_repo\ZoGolf_DP_1_0\src\level8_BRAM_Pair.vhd:]
WARNING: [filemgmt 56-199] Attempt to get parsing info during refresh. "On-the-fly" syntax checking information may be incorrect. [C:\Users\C27Soren.Herzog\ece383\Herzog_ece383_wksp\ip_repo\ZoGolf_DP_1_0\src\level5_BRAM_Pair.vhd:]
WARNING: [filemgmt 56-199] Attempt to get parsing info during refresh. "On-the-fly" syntax checking information may be incorrect. [c:\Users\C27Soren.Herzog\ece383\Herzog_ece383_wksp\ip_repo\ZoGolf_DP_1_0\src\BRAM_Level_Selector.vhd:]
WARNING: [filemgmt 56-199] Attempt to get parsing info during refresh. "On-the-fly" syntax checking information may be incorrect. [c:\Users\C27Soren.Herzog\ece383\Herzog_ece383_wksp\ip_repo\ZoGolf_DP_1_0\src\level1_BRAM_Pair.vhd:]
WARNING: [filemgmt 56-199] Attempt to get parsing info during refresh. "On-the-fly" syntax checking information may be incorrect. [C:\Users\C27Soren.Herzog\ece383\Herzog_ece383_wksp\ip_repo\ZoGolf_DP_1_0\src\level9_BRAM_Pair.vhd:]
WARNING: [filemgmt 56-199] Attempt to get parsing info during refresh. "On-the-fly" syntax checking information may be incorrect. [c:\Users\C27Soren.Herzog\ece383\Herzog_ece383_wksp\ip_repo\ZoGolf_DP_1_0\src\BRAM_Level_Selector.vhd:]
WARNING: [filemgmt 56-199] Attempt to get parsing info during refresh. "On-the-fly" syntax checking information may be incorrect. [c:\Users\C27Soren.Herzog\ece383\Herzog_ece383_wksp\ip_repo\ZoGolf_DP_1_0\src\BRAM_Level_Selector.vhd:]
ERROR: [Common 17-180] Spawn failed: No error
WARNING: [filemgmt 56-199] Attempt to get parsing info during refresh. "On-the-fly" syntax checking information may be incorrect. [c:\Users\C27Soren.Herzog\ece383\Herzog_ece383_wksp\ip_repo\ZoGolf_DP_1_0\src\ece383_pkg.vhd:]
WARNING: [filemgmt 56-199] Attempt to get parsing info during refresh. "On-the-fly" syntax checking information may be incorrect. [C:\Users\C27Soren.Herzog\ece383\Herzog_ece383_wksp\ip_repo\ZoGolf_DP_1_0\src\level6_BRAM_Pair.vhd:]
WARNING: [filemgmt 56-199] Attempt to get parsing info during refresh. "On-the-fly" syntax checking information may be incorrect. [C:\Users\C27Soren.Herzog\ece383\Herzog_ece383_wksp\ip_repo\ZoGolf_DP_1_0\src\level7_BRAM_Pair.vhd:]
WARNING: [filemgmt 56-199] Attempt to get parsing info during refresh. "On-the-fly" syntax checking information may be incorrect. [C:\Users\C27Soren.Herzog\ece383\Herzog_ece383_wksp\ip_repo\ZoGolf_DP_1_0\src\level8_BRAM_Pair.vhd:]
WARNING: [filemgmt 56-199] Attempt to get parsing info during refresh. "On-the-fly" syntax checking information may be incorrect. [C:\Users\C27Soren.Herzog\ece383\Herzog_ece383_wksp\ip_repo\ZoGolf_DP_1_0\src\level5_BRAM_Pair.vhd:]
WARNING: [filemgmt 56-199] Attempt to get parsing info during refresh. "On-the-fly" syntax checking information may be incorrect. [c:\Users\C27Soren.Herzog\ece383\Herzog_ece383_wksp\ip_repo\ZoGolf_DP_1_0\src\BRAM_Level_Selector.vhd:]
WARNING: [filemgmt 56-199] Attempt to get parsing info during refresh. "On-the-fly" syntax checking information may be incorrect. [c:\Users\C27Soren.Herzog\ece383\Herzog_ece383_wksp\ip_repo\ZoGolf_DP_1_0\src\level1_BRAM_Pair.vhd:]
WARNING: [filemgmt 56-199] Attempt to get parsing info during refresh. "On-the-fly" syntax checking information may be incorrect. [C:\Users\C27Soren.Herzog\ece383\Herzog_ece383_wksp\ip_repo\ZoGolf_DP_1_0\src\level9_BRAM_Pair.vhd:]
WARNING: [filemgmt 56-199] Attempt to get parsing info during refresh. "On-the-fly" syntax checking information may be incorrect. [C:\Users\C27Soren.Herzog\ece383\Herzog_ece383_wksp\ip_repo\ZoGolf_DP_1_0\src\level7_BRAM_Pair.vhd:]
WARNING: [filemgmt 56-199] Attempt to get parsing info during refresh. "On-the-fly" syntax checking information may be incorrect. [C:\Users\C27Soren.Herzog\ece383\Herzog_ece383_wksp\ip_repo\ZoGolf_DP_1_0\src\level7_BRAM_Pair.vhd:]
ERROR: [Common 17-180] Spawn failed: No error
WARNING: [filemgmt 56-199] Attempt to get parsing info during refresh. "On-the-fly" syntax checking information may be incorrect. [c:\Users\C27Soren.Herzog\ece383\Herzog_ece383_wksp\ip_repo\ZoGolf_DP_1_0\src\ece383_pkg.vhd:]
WARNING: [filemgmt 56-199] Attempt to get parsing info during refresh. "On-the-fly" syntax checking information may be incorrect. [C:\Users\C27Soren.Herzog\ece383\Herzog_ece383_wksp\ip_repo\ZoGolf_DP_1_0\src\level6_BRAM_Pair.vhd:]
WARNING: [filemgmt 56-199] Attempt to get parsing info during refresh. "On-the-fly" syntax checking information may be incorrect. [C:\Users\C27Soren.Herzog\ece383\Herzog_ece383_wksp\ip_repo\ZoGolf_DP_1_0\src\level7_BRAM_Pair.vhd:]
WARNING: [filemgmt 56-199] Attempt to get parsing info during refresh. "On-the-fly" syntax checking information may be incorrect. [C:\Users\C27Soren.Herzog\ece383\Herzog_ece383_wksp\ip_repo\ZoGolf_DP_1_0\src\level8_BRAM_Pair.vhd:]
WARNING: [filemgmt 56-199] Attempt to get parsing info during refresh. "On-the-fly" syntax checking information may be incorrect. [C:\Users\C27Soren.Herzog\ece383\Herzog_ece383_wksp\ip_repo\ZoGolf_DP_1_0\src\level5_BRAM_Pair.vhd:]
WARNING: [filemgmt 56-199] Attempt to get parsing info during refresh. "On-the-fly" syntax checking information may be incorrect. [c:\Users\C27Soren.Herzog\ece383\Herzog_ece383_wksp\ip_repo\ZoGolf_DP_1_0\src\BRAM_Level_Selector.vhd:]
WARNING: [filemgmt 56-199] Attempt to get parsing info during refresh. "On-the-fly" syntax checking information may be incorrect. [c:\Users\C27Soren.Herzog\ece383\Herzog_ece383_wksp\ip_repo\ZoGolf_DP_1_0\src\level1_BRAM_Pair.vhd:]
WARNING: [filemgmt 56-199] Attempt to get parsing info during refresh. "On-the-fly" syntax checking information may be incorrect. [C:\Users\C27Soren.Herzog\ece383\Herzog_ece383_wksp\ip_repo\ZoGolf_DP_1_0\src\level9_BRAM_Pair.vhd:]
WARNING: [filemgmt 56-199] Attempt to get parsing info during refresh. "On-the-fly" syntax checking information may be incorrect. [c:\Users\C27Soren.Herzog\ece383\Herzog_ece383_wksp\ip_repo\ZoGolf_DP_1_0\src\ece383_pkg.vhd:]
WARNING: [filemgmt 56-199] Attempt to get parsing info during refresh. "On-the-fly" syntax checking information may be incorrect. [c:\Users\C27Soren.Herzog\ece383\Herzog_ece383_wksp\ip_repo\ZoGolf_DP_1_0\src\ece383_pkg.vhd:]
WARNING: [filemgmt 56-199] Attempt to get parsing info during refresh. "On-the-fly" syntax checking information may be incorrect. [c:\Users\C27Soren.Herzog\ece383\Herzog_ece383_wksp\ip_repo\ZoGolf_DP_1_0\src\ece383_pkg.vhd:]
WARNING: [filemgmt 56-199] Attempt to get parsing info during refresh. "On-the-fly" syntax checking information may be incorrect. [C:\Users\C27Soren.Herzog\ece383\Herzog_ece383_wksp\ip_repo\ZoGolf_DP_1_0\src\level6_BRAM_Pair.vhd:]
WARNING: [filemgmt 56-199] Attempt to get parsing info during refresh. "On-the-fly" syntax checking information may be incorrect. [C:\Users\C27Soren.Herzog\ece383\Herzog_ece383_wksp\ip_repo\ZoGolf_DP_1_0\src\level7_BRAM_Pair.vhd:]
WARNING: [filemgmt 56-199] Attempt to get parsing info during refresh. "On-the-fly" syntax checking information may be incorrect. [C:\Users\C27Soren.Herzog\ece383\Herzog_ece383_wksp\ip_repo\ZoGolf_DP_1_0\src\level8_BRAM_Pair.vhd:]
WARNING: [filemgmt 56-199] Attempt to get parsing info during refresh. "On-the-fly" syntax checking information may be incorrect. [C:\Users\C27Soren.Herzog\ece383\Herzog_ece383_wksp\ip_repo\ZoGolf_DP_1_0\src\level5_BRAM_Pair.vhd:]
WARNING: [filemgmt 56-199] Attempt to get parsing info during refresh. "On-the-fly" syntax checking information may be incorrect. [c:\Users\C27Soren.Herzog\ece383\Herzog_ece383_wksp\ip_repo\ZoGolf_DP_1_0\src\BRAM_Level_Selector.vhd:]
WARNING: [filemgmt 56-199] Attempt to get parsing info during refresh. "On-the-fly" syntax checking information may be incorrect. [c:\Users\C27Soren.Herzog\ece383\Herzog_ece383_wksp\ip_repo\ZoGolf_DP_1_0\src\level1_BRAM_Pair.vhd:]
WARNING: [filemgmt 56-199] Attempt to get parsing info during refresh. "On-the-fly" syntax checking information may be incorrect. [C:\Users\C27Soren.Herzog\ece383\Herzog_ece383_wksp\ip_repo\ZoGolf_DP_1_0\src\level9_BRAM_Pair.vhd:]
WARNING: [filemgmt 56-199] Attempt to get parsing info during refresh. "On-the-fly" syntax checking information may be incorrect. [C:\Users\C27Soren.Herzog\ece383\Herzog_ece383_wksp\ip_repo\ZoGolf_DP_1_0\src\level6_BRAM_Pair.vhd:]
WARNING: [filemgmt 56-199] Attempt to get parsing info during refresh. "On-the-fly" syntax checking information may be incorrect. [C:\Users\C27Soren.Herzog\ece383\Herzog_ece383_wksp\ip_repo\ZoGolf_DP_1_0\src\level6_BRAM_Pair.vhd:]
WARNING: [filemgmt 56-199] Attempt to get parsing info during refresh. "On-the-fly" syntax checking information may be incorrect. [c:\Users\C27Soren.Herzog\ece383\Herzog_ece383_wksp\ip_repo\ZoGolf_DP_1_0\src\ece383_pkg.vhd:]
WARNING: [filemgmt 56-199] Attempt to get parsing info during refresh. "On-the-fly" syntax checking information may be incorrect. [C:\Users\C27Soren.Herzog\ece383\Herzog_ece383_wksp\ip_repo\ZoGolf_DP_1_0\src\level6_BRAM_Pair.vhd:]
WARNING: [filemgmt 56-199] Attempt to get parsing info during refresh. "On-the-fly" syntax checking information may be incorrect. [C:\Users\C27Soren.Herzog\ece383\Herzog_ece383_wksp\ip_repo\ZoGolf_DP_1_0\src\level7_BRAM_Pair.vhd:]
WARNING: [filemgmt 56-199] Attempt to get parsing info during refresh. "On-the-fly" syntax checking information may be incorrect. [C:\Users\C27Soren.Herzog\ece383\Herzog_ece383_wksp\ip_repo\ZoGolf_DP_1_0\src\level8_BRAM_Pair.vhd:]
WARNING: [filemgmt 56-199] Attempt to get parsing info during refresh. "On-the-fly" syntax checking information may be incorrect. [C:\Users\C27Soren.Herzog\ece383\Herzog_ece383_wksp\ip_repo\ZoGolf_DP_1_0\src\level5_BRAM_Pair.vhd:]
WARNING: [filemgmt 56-199] Attempt to get parsing info during refresh. "On-the-fly" syntax checking information may be incorrect. [c:\Users\C27Soren.Herzog\ece383\Herzog_ece383_wksp\ip_repo\ZoGolf_DP_1_0\src\BRAM_Level_Selector.vhd:]
WARNING: [filemgmt 56-199] Attempt to get parsing info during refresh. "On-the-fly" syntax checking information may be incorrect. [c:\Users\C27Soren.Herzog\ece383\Herzog_ece383_wksp\ip_repo\ZoGolf_DP_1_0\src\level1_BRAM_Pair.vhd:]
WARNING: [filemgmt 56-199] Attempt to get parsing info during refresh. "On-the-fly" syntax checking information may be incorrect. [C:\Users\C27Soren.Herzog\ece383\Herzog_ece383_wksp\ip_repo\ZoGolf_DP_1_0\src\level9_BRAM_Pair.vhd:]
WARNING: [filemgmt 56-199] Attempt to get parsing info during refresh. "On-the-fly" syntax checking information may be incorrect. [C:\Users\C27Soren.Herzog\ece383\Herzog_ece383_wksp\ip_repo\ZoGolf_DP_1_0\src\level8_BRAM_Pair.vhd:]
WARNING: [filemgmt 56-199] Attempt to get parsing info during refresh. "On-the-fly" syntax checking information may be incorrect. [C:\Users\C27Soren.Herzog\ece383\Herzog_ece383_wksp\ip_repo\ZoGolf_DP_1_0\src\level8_BRAM_Pair.vhd:]
WARNING: [filemgmt 56-199] Attempt to get parsing info during refresh. "On-the-fly" syntax checking information may be incorrect. [c:\Users\C27Soren.Herzog\ece383\Herzog_ece383_wksp\ip_repo\ZoGolf_DP_1_0\src\ece383_pkg.vhd:]
WARNING: [filemgmt 56-199] Attempt to get parsing info during refresh. "On-the-fly" syntax checking information may be incorrect. [C:\Users\C27Soren.Herzog\ece383\Herzog_ece383_wksp\ip_repo\ZoGolf_DP_1_0\src\level6_BRAM_Pair.vhd:]
WARNING: [filemgmt 56-199] Attempt to get parsing info during refresh. "On-the-fly" syntax checking information may be incorrect. [C:\Users\C27Soren.Herzog\ece383\Herzog_ece383_wksp\ip_repo\ZoGolf_DP_1_0\src\level7_BRAM_Pair.vhd:]
WARNING: [filemgmt 56-199] Attempt to get parsing info during refresh. "On-the-fly" syntax checking information may be incorrect. [C:\Users\C27Soren.Herzog\ece383\Herzog_ece383_wksp\ip_repo\ZoGolf_DP_1_0\src\level8_BRAM_Pair.vhd:]
WARNING: [filemgmt 56-199] Attempt to get parsing info during refresh. "On-the-fly" syntax checking information may be incorrect. [C:\Users\C27Soren.Herzog\ece383\Herzog_ece383_wksp\ip_repo\ZoGolf_DP_1_0\src\level5_BRAM_Pair.vhd:]
WARNING: [filemgmt 56-199] Attempt to get parsing info during refresh. "On-the-fly" syntax checking information may be incorrect. [c:\Users\C27Soren.Herzog\ece383\Herzog_ece383_wksp\ip_repo\ZoGolf_DP_1_0\src\BRAM_Level_Selector.vhd:]
WARNING: [filemgmt 56-199] Attempt to get parsing info during refresh. "On-the-fly" syntax checking information may be incorrect. [c:\Users\C27Soren.Herzog\ece383\Herzog_ece383_wksp\ip_repo\ZoGolf_DP_1_0\src\level1_BRAM_Pair.vhd:]
WARNING: [filemgmt 56-199] Attempt to get parsing info during refresh. "On-the-fly" syntax checking information may be incorrect. [C:\Users\C27Soren.Herzog\ece383\Herzog_ece383_wksp\ip_repo\ZoGolf_DP_1_0\src\level9_BRAM_Pair.vhd:]
WARNING: [filemgmt 56-199] Attempt to get parsing info during refresh. "On-the-fly" syntax checking information may be incorrect. [c:\Users\C27Soren.Herzog\ece383\Herzog_ece383_wksp\ip_repo\ZoGolf_DP_1_0\src\level1_BRAM_Pair.vhd:]
WARNING: [filemgmt 56-199] Attempt to get parsing info during refresh. "On-the-fly" syntax checking information may be incorrect. [c:\Users\C27Soren.Herzog\ece383\Herzog_ece383_wksp\ip_repo\ZoGolf_DP_1_0\src\level1_BRAM_Pair.vhd:]
ERROR: [Common 17-180] Spawn failed: No error
ERROR: [Common 17-180] Spawn failed: No error
WARNING: [filemgmt 56-199] Attempt to get parsing info during refresh. "On-the-fly" syntax checking information may be incorrect. [c:\Users\C27Soren.Herzog\ece383\Herzog_ece383_wksp\ip_repo\ZoGolf_DP_1_0\src\ece383_pkg.vhd:]
WARNING: [filemgmt 56-199] Attempt to get parsing info during refresh. "On-the-fly" syntax checking information may be incorrect. [C:\Users\C27Soren.Herzog\ece383\Herzog_ece383_wksp\ip_repo\ZoGolf_DP_1_0\src\level6_BRAM_Pair.vhd:]
WARNING: [filemgmt 56-199] Attempt to get parsing info during refresh. "On-the-fly" syntax checking information may be incorrect. [C:\Users\C27Soren.Herzog\ece383\Herzog_ece383_wksp\ip_repo\ZoGolf_DP_1_0\src\level7_BRAM_Pair.vhd:]
WARNING: [filemgmt 56-199] Attempt to get parsing info during refresh. "On-the-fly" syntax checking information may be incorrect. [C:\Users\C27Soren.Herzog\ece383\Herzog_ece383_wksp\ip_repo\ZoGolf_DP_1_0\src\level8_BRAM_Pair.vhd:]
WARNING: [filemgmt 56-199] Attempt to get parsing info during refresh. "On-the-fly" syntax checking information may be incorrect. [C:\Users\C27Soren.Herzog\ece383\Herzog_ece383_wksp\ip_repo\ZoGolf_DP_1_0\src\level5_BRAM_Pair.vhd:]
WARNING: [filemgmt 56-199] Attempt to get parsing info during refresh. "On-the-fly" syntax checking information may be incorrect. [c:\Users\C27Soren.Herzog\ece383\Herzog_ece383_wksp\ip_repo\ZoGolf_DP_1_0\src\BRAM_Level_Selector.vhd:]
WARNING: [filemgmt 56-199] Attempt to get parsing info during refresh. "On-the-fly" syntax checking information may be incorrect. [c:\Users\C27Soren.Herzog\ece383\Herzog_ece383_wksp\ip_repo\ZoGolf_DP_1_0\src\level1_BRAM_Pair.vhd:]
WARNING: [filemgmt 56-199] Attempt to get parsing info during refresh. "On-the-fly" syntax checking information may be incorrect. [C:\Users\C27Soren.Herzog\ece383\Herzog_ece383_wksp\ip_repo\ZoGolf_DP_1_0\src\level9_BRAM_Pair.vhd:]
WARNING: [filemgmt 56-199] Attempt to get parsing info during refresh. "On-the-fly" syntax checking information may be incorrect. [C:\Users\C27Soren.Herzog\ece383\Herzog_ece383_wksp\ip_repo\ZoGolf_DP_1_0\src\level7_BRAM_Pair.vhd:]
WARNING: [filemgmt 56-199] Attempt to get parsing info during refresh. "On-the-fly" syntax checking information may be incorrect. [C:\Users\C27Soren.Herzog\ece383\Herzog_ece383_wksp\ip_repo\ZoGolf_DP_1_0\src\level7_BRAM_Pair.vhd:]
WARNING: [filemgmt 56-199] Attempt to get parsing info during refresh. "On-the-fly" syntax checking information may be incorrect. [c:\Users\C27Soren.Herzog\ece383\Herzog_ece383_wksp\ip_repo\ZoGolf_DP_1_0\src\ece383_pkg.vhd:]
WARNING: [filemgmt 56-199] Attempt to get parsing info during refresh. "On-the-fly" syntax checking information may be incorrect. [C:\Users\C27Soren.Herzog\ece383\Herzog_ece383_wksp\ip_repo\ZoGolf_DP_1_0\src\level6_BRAM_Pair.vhd:]
WARNING: [filemgmt 56-199] Attempt to get parsing info during refresh. "On-the-fly" syntax checking information may be incorrect. [C:\Users\C27Soren.Herzog\ece383\Herzog_ece383_wksp\ip_repo\ZoGolf_DP_1_0\src\level7_BRAM_Pair.vhd:]
WARNING: [filemgmt 56-199] Attempt to get parsing info during refresh. "On-the-fly" syntax checking information may be incorrect. [C:\Users\C27Soren.Herzog\ece383\Herzog_ece383_wksp\ip_repo\ZoGolf_DP_1_0\src\level8_BRAM_Pair.vhd:]
WARNING: [filemgmt 56-199] Attempt to get parsing info during refresh. "On-the-fly" syntax checking information may be incorrect. [C:\Users\C27Soren.Herzog\ece383\Herzog_ece383_wksp\ip_repo\ZoGolf_DP_1_0\src\level5_BRAM_Pair.vhd:]
WARNING: [filemgmt 56-199] Attempt to get parsing info during refresh. "On-the-fly" syntax checking information may be incorrect. [c:\Users\C27Soren.Herzog\ece383\Herzog_ece383_wksp\ip_repo\ZoGolf_DP_1_0\src\BRAM_Level_Selector.vhd:]
WARNING: [filemgmt 56-199] Attempt to get parsing info during refresh. "On-the-fly" syntax checking information may be incorrect. [c:\Users\C27Soren.Herzog\ece383\Herzog_ece383_wksp\ip_repo\ZoGolf_DP_1_0\src\level1_BRAM_Pair.vhd:]
WARNING: [filemgmt 56-199] Attempt to get parsing info during refresh. "On-the-fly" syntax checking information may be incorrect. [C:\Users\C27Soren.Herzog\ece383\Herzog_ece383_wksp\ip_repo\ZoGolf_DP_1_0\src\level9_BRAM_Pair.vhd:]
WARNING: [filemgmt 56-199] Attempt to get parsing info during refresh. "On-the-fly" syntax checking information may be incorrect. [C:\Users\C27Soren.Herzog\ece383\Herzog_ece383_wksp\ip_repo\ZoGolf_DP_1_0\src\level5_BRAM_Pair.vhd:]
WARNING: [filemgmt 56-199] Attempt to get parsing info during refresh. "On-the-fly" syntax checking information may be incorrect. [C:\Users\C27Soren.Herzog\ece383\Herzog_ece383_wksp\ip_repo\ZoGolf_DP_1_0\src\level5_BRAM_Pair.vhd:]
ERROR: [Common 17-180] Spawn failed: No error
WARNING: [filemgmt 56-199] Attempt to get parsing info during refresh. "On-the-fly" syntax checking information may be incorrect. [c:\Users\C27Soren.Herzog\ece383\Herzog_ece383_wksp\ip_repo\ZoGolf_DP_1_0\src\ece383_pkg.vhd:]
WARNING: [filemgmt 56-199] Attempt to get parsing info during refresh. "On-the-fly" syntax checking information may be incorrect. [C:\Users\C27Soren.Herzog\ece383\Herzog_ece383_wksp\ip_repo\ZoGolf_DP_1_0\src\level6_BRAM_Pair.vhd:]
WARNING: [filemgmt 56-199] Attempt to get parsing info during refresh. "On-the-fly" syntax checking information may be incorrect. [C:\Users\C27Soren.Herzog\ece383\Herzog_ece383_wksp\ip_repo\ZoGolf_DP_1_0\src\level7_BRAM_Pair.vhd:]
WARNING: [filemgmt 56-199] Attempt to get parsing info during refresh. "On-the-fly" syntax checking information may be incorrect. [C:\Users\C27Soren.Herzog\ece383\Herzog_ece383_wksp\ip_repo\ZoGolf_DP_1_0\src\level8_BRAM_Pair.vhd:]
WARNING: [filemgmt 56-199] Attempt to get parsing info during refresh. "On-the-fly" syntax checking information may be incorrect. [C:\Users\C27Soren.Herzog\ece383\Herzog_ece383_wksp\ip_repo\ZoGolf_DP_1_0\src\level5_BRAM_Pair.vhd:]
WARNING: [filemgmt 56-199] Attempt to get parsing info during refresh. "On-the-fly" syntax checking information may be incorrect. [c:\Users\C27Soren.Herzog\ece383\Herzog_ece383_wksp\ip_repo\ZoGolf_DP_1_0\src\BRAM_Level_Selector.vhd:]
WARNING: [filemgmt 56-199] Attempt to get parsing info during refresh. "On-the-fly" syntax checking information may be incorrect. [c:\Users\C27Soren.Herzog\ece383\Herzog_ece383_wksp\ip_repo\ZoGolf_DP_1_0\src\level1_BRAM_Pair.vhd:]
WARNING: [filemgmt 56-199] Attempt to get parsing info during refresh. "On-the-fly" syntax checking information may be incorrect. [C:\Users\C27Soren.Herzog\ece383\Herzog_ece383_wksp\ip_repo\ZoGolf_DP_1_0\src\level9_BRAM_Pair.vhd:]
WARNING: [filemgmt 56-199] Attempt to get parsing info during refresh. "On-the-fly" syntax checking information may be incorrect. [c:\Users\C27Soren.Herzog\ece383\Herzog_ece383_wksp\ip_repo\ZoGolf_DP_1_0\src\BRAM_Level_Selector.vhd:]
WARNING: [filemgmt 56-199] Attempt to get parsing info during refresh. "On-the-fly" syntax checking information may be incorrect. [c:\Users\C27Soren.Herzog\ece383\Herzog_ece383_wksp\ip_repo\ZoGolf_DP_1_0\src\BRAM_Level_Selector.vhd:]
ERROR: [Common 17-180] Spawn failed: No error
WARNING: [filemgmt 56-199] Attempt to get parsing info during refresh. "On-the-fly" syntax checking information may be incorrect. [c:\Users\C27Soren.Herzog\ece383\Herzog_ece383_wksp\ip_repo\ZoGolf_DP_1_0\src\ece383_pkg.vhd:]
WARNING: [filemgmt 56-199] Attempt to get parsing info during refresh. "On-the-fly" syntax checking information may be incorrect. [C:\Users\C27Soren.Herzog\ece383\Herzog_ece383_wksp\ip_repo\ZoGolf_DP_1_0\src\level8_BRAM_Pair.vhd:]
WARNING: [filemgmt 56-199] Attempt to get parsing info during refresh. "On-the-fly" syntax checking information may be incorrect. [c:\Users\C27Soren.Herzog\ece383\Herzog_ece383_wksp\ip_repo\ZoGolf_DP_1_0\src\BRAM_Level_Selector.vhd:]
WARNING: [filemgmt 56-199] Attempt to get parsing info during refresh. "On-the-fly" syntax checking information may be incorrect. [c:\Users\C27Soren.Herzog\ece383\Herzog_ece383_wksp\ip_repo\ZoGolf_DP_1_0\src\level1_BRAM_Pair.vhd:]
WARNING: [filemgmt 56-199] Attempt to get parsing info during refresh. "On-the-fly" syntax checking information may be incorrect. [C:\Users\C27Soren.Herzog\ece383\Herzog_ece383_wksp\ip_repo\ZoGolf_DP_1_0\src\level9_BRAM_Pair.vhd:]
WARNING: [filemgmt 56-199] Attempt to get parsing info during refresh. "On-the-fly" syntax checking information may be incorrect. [c:\Users\C27Soren.Herzog\ece383\Herzog_ece383_wksp\ip_repo\ZoGolf_DP_1_0\src\ece383_pkg.vhd:]
WARNING: [filemgmt 56-199] Attempt to get parsing info during refresh. "On-the-fly" syntax checking information may be incorrect. [c:\Users\C27Soren.Herzog\ece383\Herzog_ece383_wksp\ip_repo\ZoGolf_DP_1_0\src\ece383_pkg.vhd:]
WARNING: [filemgmt 56-199] Attempt to get parsing info during refresh. "On-the-fly" syntax checking information may be incorrect. [c:\Users\C27Soren.Herzog\ece383\Herzog_ece383_wksp\ip_repo\ZoGolf_DP_1_0\src\ece383_pkg.vhd:]
WARNING: [filemgmt 56-199] Attempt to get parsing info during refresh. "On-the-fly" syntax checking information may be incorrect. [C:\Users\C27Soren.Herzog\ece383\Herzog_ece383_wksp\ip_repo\ZoGolf_DP_1_0\src\level8_BRAM_Pair.vhd:]
WARNING: [filemgmt 56-199] Attempt to get parsing info during refresh. "On-the-fly" syntax checking information may be incorrect. [c:\Users\C27Soren.Herzog\ece383\Herzog_ece383_wksp\ip_repo\ZoGolf_DP_1_0\src\BRAM_Level_Selector.vhd:]
WARNING: [filemgmt 56-199] Attempt to get parsing info during refresh. "On-the-fly" syntax checking information may be incorrect. [c:\Users\C27Soren.Herzog\ece383\Herzog_ece383_wksp\ip_repo\ZoGolf_DP_1_0\src\level1_BRAM_Pair.vhd:]
WARNING: [filemgmt 56-199] Attempt to get parsing info during refresh. "On-the-fly" syntax checking information may be incorrect. [C:\Users\C27Soren.Herzog\ece383\Herzog_ece383_wksp\ip_repo\ZoGolf_DP_1_0\src\level9_BRAM_Pair.vhd:]
WARNING: [filemgmt 56-199] Attempt to get parsing info during refresh. "On-the-fly" syntax checking information may be incorrect. [C:\Users\C27Soren.Herzog\ece383\Herzog_ece383_wksp\ip_repo\ZoGolf_DP_1_0\src\level9_BRAM_Pair.vhd:]
WARNING: [filemgmt 56-199] Attempt to get parsing info during refresh. "On-the-fly" syntax checking information may be incorrect. [C:\Users\C27Soren.Herzog\ece383\Herzog_ece383_wksp\ip_repo\ZoGolf_DP_1_0\src\level9_BRAM_Pair.vhd:]
WARNING: [filemgmt 56-199] Attempt to get parsing info during refresh. "On-the-fly" syntax checking information may be incorrect. [c:\Users\C27Soren.Herzog\ece383\Herzog_ece383_wksp\ip_repo\ZoGolf_DP_1_0\src\ece383_pkg.vhd:]
WARNING: [filemgmt 56-199] Attempt to get parsing info during refresh. "On-the-fly" syntax checking information may be incorrect. [C:\Users\C27Soren.Herzog\ece383\Herzog_ece383_wksp\ip_repo\ZoGolf_DP_1_0\src\level8_BRAM_Pair.vhd:]
WARNING: [filemgmt 56-199] Attempt to get parsing info during refresh. "On-the-fly" syntax checking information may be incorrect. [c:\Users\C27Soren.Herzog\ece383\Herzog_ece383_wksp\ip_repo\ZoGolf_DP_1_0\src\BRAM_Level_Selector.vhd:]
WARNING: [filemgmt 56-199] Attempt to get parsing info during refresh. "On-the-fly" syntax checking information may be incorrect. [c:\Users\C27Soren.Herzog\ece383\Herzog_ece383_wksp\ip_repo\ZoGolf_DP_1_0\src\level1_BRAM_Pair.vhd:]
WARNING: [filemgmt 56-199] Attempt to get parsing info during refresh. "On-the-fly" syntax checking information may be incorrect. [C:\Users\C27Soren.Herzog\ece383\Herzog_ece383_wksp\ip_repo\ZoGolf_DP_1_0\src\level9_BRAM_Pair.vhd:]
WARNING: [filemgmt 56-199] Attempt to get parsing info during refresh. "On-the-fly" syntax checking information may be incorrect. [c:\Users\C27Soren.Herzog\ece383\Herzog_ece383_wksp\ip_repo\ZoGolf_DP_1_0\src\level1_BRAM_Pair.vhd:]
WARNING: [filemgmt 56-199] Attempt to get parsing info during refresh. "On-the-fly" syntax checking information may be incorrect. [c:\Users\C27Soren.Herzog\ece383\Herzog_ece383_wksp\ip_repo\ZoGolf_DP_1_0\src\level1_BRAM_Pair.vhd:]
ERROR: [Common 17-180] Spawn failed: No error
WARNING: [filemgmt 56-199] Attempt to get parsing info during refresh. "On-the-fly" syntax checking information may be incorrect. [c:\Users\C27Soren.Herzog\ece383\Herzog_ece383_wksp\ip_repo\ZoGolf_DP_1_0\src\ece383_pkg.vhd:]
WARNING: [filemgmt 56-199] Attempt to get parsing info during refresh. "On-the-fly" syntax checking information may be incorrect. [C:\Users\C27Soren.Herzog\ece383\Herzog_ece383_wksp\ip_repo\ZoGolf_DP_1_0\src\level8_BRAM_Pair.vhd:]
WARNING: [filemgmt 56-199] Attempt to get parsing info during refresh. "On-the-fly" syntax checking information may be incorrect. [c:\Users\C27Soren.Herzog\ece383\Herzog_ece383_wksp\ip_repo\ZoGolf_DP_1_0\src\BRAM_Level_Selector.vhd:]
WARNING: [filemgmt 56-199] Attempt to get parsing info during refresh. "On-the-fly" syntax checking information may be incorrect. [c:\Users\C27Soren.Herzog\ece383\Herzog_ece383_wksp\ip_repo\ZoGolf_DP_1_0\src\level1_BRAM_Pair.vhd:]
WARNING: [filemgmt 56-199] Attempt to get parsing info during refresh. "On-the-fly" syntax checking information may be incorrect. [C:\Users\C27Soren.Herzog\ece383\Herzog_ece383_wksp\ip_repo\ZoGolf_DP_1_0\src\level9_BRAM_Pair.vhd:]
WARNING: [filemgmt 56-199] Attempt to get parsing info during refresh. "On-the-fly" syntax checking information may be incorrect. [c:\Users\C27Soren.Herzog\ece383\Herzog_ece383_wksp\ip_repo\ZoGolf_DP_1_0\src\BRAM_Level_Selector.vhd:]
WARNING: [filemgmt 56-199] Attempt to get parsing info during refresh. "On-the-fly" syntax checking information may be incorrect. [c:\Users\C27Soren.Herzog\ece383\Herzog_ece383_wksp\ip_repo\ZoGolf_DP_1_0\src\BRAM_Level_Selector.vhd:]
ERROR: [Common 17-180] Spawn failed: No error
WARNING: [filemgmt 56-199] Attempt to get parsing info during refresh. "On-the-fly" syntax checking information may be incorrect. [c:\Users\C27Soren.Herzog\ece383\Herzog_ece383_wksp\ip_repo\ZoGolf_DP_1_0\src\ece383_pkg.vhd:]
WARNING: [filemgmt 56-199] Attempt to get parsing info during refresh. "On-the-fly" syntax checking information may be incorrect. [C:\Users\C27Soren.Herzog\ece383\Herzog_ece383_wksp\ip_repo\ZoGolf_DP_1_0\src\level8_BRAM_Pair.vhd:]
WARNING: [filemgmt 56-199] Attempt to get parsing info during refresh. "On-the-fly" syntax checking information may be incorrect. [c:\Users\C27Soren.Herzog\ece383\Herzog_ece383_wksp\ip_repo\ZoGolf_DP_1_0\src\BRAM_Level_Selector.vhd:]
WARNING: [filemgmt 56-199] Attempt to get parsing info during refresh. "On-the-fly" syntax checking information may be incorrect. [c:\Users\C27Soren.Herzog\ece383\Herzog_ece383_wksp\ip_repo\ZoGolf_DP_1_0\src\level1_BRAM_Pair.vhd:]
WARNING: [filemgmt 56-199] Attempt to get parsing info during refresh. "On-the-fly" syntax checking information may be incorrect. [C:\Users\C27Soren.Herzog\ece383\Herzog_ece383_wksp\ip_repo\ZoGolf_DP_1_0\src\level9_BRAM_Pair.vhd:]
WARNING: [filemgmt 56-199] Attempt to get parsing info during refresh. "On-the-fly" syntax checking information may be incorrect. [c:\Users\C27Soren.Herzog\ece383\Herzog_ece383_wksp\ip_repo\ZoGolf_DP_1_0\src\ece383_pkg.vhd:]
WARNING: [filemgmt 56-199] Attempt to get parsing info during refresh. "On-the-fly" syntax checking information may be incorrect. [c:\Users\C27Soren.Herzog\ece383\Herzog_ece383_wksp\ip_repo\ZoGolf_DP_1_0\src\ece383_pkg.vhd:]
WARNING: [filemgmt 56-199] Attempt to get parsing info during refresh. "On-the-fly" syntax checking information may be incorrect. [c:\Users\C27Soren.Herzog\ece383\Herzog_ece383_wksp\ip_repo\ZoGolf_DP_1_0\src\ece383_pkg.vhd:]
WARNING: [filemgmt 56-199] Attempt to get parsing info during refresh. "On-the-fly" syntax checking information may be incorrect. [C:\Users\C27Soren.Herzog\ece383\Herzog_ece383_wksp\ip_repo\ZoGolf_DP_1_0\src\level8_BRAM_Pair.vhd:]
WARNING: [filemgmt 56-199] Attempt to get parsing info during refresh. "On-the-fly" syntax checking information may be incorrect. [c:\Users\C27Soren.Herzog\ece383\Herzog_ece383_wksp\ip_repo\ZoGolf_DP_1_0\src\BRAM_Level_Selector.vhd:]
WARNING: [filemgmt 56-199] Attempt to get parsing info during refresh. "On-the-fly" syntax checking information may be incorrect. [c:\Users\C27Soren.Herzog\ece383\Herzog_ece383_wksp\ip_repo\ZoGolf_DP_1_0\src\level1_BRAM_Pair.vhd:]
WARNING: [filemgmt 56-199] Attempt to get parsing info during refresh. "On-the-fly" syntax checking information may be incorrect. [C:\Users\C27Soren.Herzog\ece383\Herzog_ece383_wksp\ip_repo\ZoGolf_DP_1_0\src\level9_BRAM_Pair.vhd:]
WARNING: [filemgmt 56-199] Attempt to get parsing info during refresh. "On-the-fly" syntax checking information may be incorrect. [C:\Users\C27Soren.Herzog\ece383\Herzog_ece383_wksp\ip_repo\ZoGolf_DP_1_0\src\level9_BRAM_Pair.vhd:]
WARNING: [filemgmt 56-199] Attempt to get parsing info during refresh. "On-the-fly" syntax checking information may be incorrect. [C:\Users\C27Soren.Herzog\ece383\Herzog_ece383_wksp\ip_repo\ZoGolf_DP_1_0\src\level9_BRAM_Pair.vhd:]
WARNING: [filemgmt 56-199] Attempt to get parsing info during refresh. "On-the-fly" syntax checking information may be incorrect. [c:\Users\C27Soren.Herzog\ece383\Herzog_ece383_wksp\ip_repo\ZoGolf_DP_1_0\src\ece383_pkg.vhd:]
WARNING: [filemgmt 56-199] Attempt to get parsing info during refresh. "On-the-fly" syntax checking information may be incorrect. [C:\Users\C27Soren.Herzog\ece383\Herzog_ece383_wksp\ip_repo\ZoGolf_DP_1_0\src\level8_BRAM_Pair.vhd:]
WARNING: [filemgmt 56-199] Attempt to get parsing info during refresh. "On-the-fly" syntax checking information may be incorrect. [c:\Users\C27Soren.Herzog\ece383\Herzog_ece383_wksp\ip_repo\ZoGolf_DP_1_0\src\BRAM_Level_Selector.vhd:]
WARNING: [filemgmt 56-199] Attempt to get parsing info during refresh. "On-the-fly" syntax checking information may be incorrect. [c:\Users\C27Soren.Herzog\ece383\Herzog_ece383_wksp\ip_repo\ZoGolf_DP_1_0\src\level1_BRAM_Pair.vhd:]
WARNING: [filemgmt 56-199] Attempt to get parsing info during refresh. "On-the-fly" syntax checking information may be incorrect. [C:\Users\C27Soren.Herzog\ece383\Herzog_ece383_wksp\ip_repo\ZoGolf_DP_1_0\src\level9_BRAM_Pair.vhd:]
WARNING: [filemgmt 56-199] Attempt to get parsing info during refresh. "On-the-fly" syntax checking information may be incorrect. [c:\Users\C27Soren.Herzog\ece383\Herzog_ece383_wksp\ip_repo\ZoGolf_DP_1_0\src\BRAM_Level_Selector.vhd:]
WARNING: [filemgmt 56-199] Attempt to get parsing info during refresh. "On-the-fly" syntax checking information may be incorrect. [c:\Users\C27Soren.Herzog\ece383\Herzog_ece383_wksp\ip_repo\ZoGolf_DP_1_0\src\BRAM_Level_Selector.vhd:]
WARNING: [filemgmt 56-199] Attempt to get parsing info during refresh. "On-the-fly" syntax checking information may be incorrect. [c:\Users\C27Soren.Herzog\ece383\Herzog_ece383_wksp\ip_repo\ZoGolf_DP_1_0\src\ece383_pkg.vhd:]
WARNING: [filemgmt 56-199] Attempt to get parsing info during refresh. "On-the-fly" syntax checking information may be incorrect. [C:\Users\C27Soren.Herzog\ece383\Herzog_ece383_wksp\ip_repo\ZoGolf_DP_1_0\src\level8_BRAM_Pair.vhd:]
WARNING: [filemgmt 56-199] Attempt to get parsing info during refresh. "On-the-fly" syntax checking information may be incorrect. [c:\Users\C27Soren.Herzog\ece383\Herzog_ece383_wksp\ip_repo\ZoGolf_DP_1_0\src\BRAM_Level_Selector.vhd:]
WARNING: [filemgmt 56-199] Attempt to get parsing info during refresh. "On-the-fly" syntax checking information may be incorrect. [c:\Users\C27Soren.Herzog\ece383\Herzog_ece383_wksp\ip_repo\ZoGolf_DP_1_0\src\level1_BRAM_Pair.vhd:]
WARNING: [filemgmt 56-199] Attempt to get parsing info during refresh. "On-the-fly" syntax checking information may be incorrect. [C:\Users\C27Soren.Herzog\ece383\Herzog_ece383_wksp\ip_repo\ZoGolf_DP_1_0\src\level9_BRAM_Pair.vhd:]
WARNING: [filemgmt 56-199] Attempt to get parsing info during refresh. "On-the-fly" syntax checking information may be incorrect. [c:\Users\C27Soren.Herzog\ece383\Herzog_ece383_wksp\ip_repo\ZoGolf_DP_1_0\src\level1_BRAM_Pair.vhd:]
WARNING: [filemgmt 56-199] Attempt to get parsing info during refresh. "On-the-fly" syntax checking information may be incorrect. [c:\Users\C27Soren.Herzog\ece383\Herzog_ece383_wksp\ip_repo\ZoGolf_DP_1_0\src\level1_BRAM_Pair.vhd:]
WARNING: [filemgmt 56-199] Attempt to get parsing info during refresh. "On-the-fly" syntax checking information may be incorrect. [c:\Users\C27Soren.Herzog\ece383\Herzog_ece383_wksp\ip_repo\ZoGolf_DP_1_0\src\ece383_pkg.vhd:]
WARNING: [filemgmt 56-199] Attempt to get parsing info during refresh. "On-the-fly" syntax checking information may be incorrect. [C:\Users\C27Soren.Herzog\ece383\Herzog_ece383_wksp\ip_repo\ZoGolf_DP_1_0\src\level8_BRAM_Pair.vhd:]
WARNING: [filemgmt 56-199] Attempt to get parsing info during refresh. "On-the-fly" syntax checking information may be incorrect. [c:\Users\C27Soren.Herzog\ece383\Herzog_ece383_wksp\ip_repo\ZoGolf_DP_1_0\src\BRAM_Level_Selector.vhd:]
WARNING: [filemgmt 56-199] Attempt to get parsing info during refresh. "On-the-fly" syntax checking information may be incorrect. [c:\Users\C27Soren.Herzog\ece383\Herzog_ece383_wksp\ip_repo\ZoGolf_DP_1_0\src\level1_BRAM_Pair.vhd:]
WARNING: [filemgmt 56-199] Attempt to get parsing info during refresh. "On-the-fly" syntax checking information may be incorrect. [C:\Users\C27Soren.Herzog\ece383\Herzog_ece383_wksp\ip_repo\ZoGolf_DP_1_0\src\level9_BRAM_Pair.vhd:]
WARNING: [filemgmt 56-199] Attempt to get parsing info during refresh. "On-the-fly" syntax checking information may be incorrect. [c:\Users\C27Soren.Herzog\ece383\Herzog_ece383_wksp\ip_repo\ZoGolf_DP_1_0\src\ece383_pkg.vhd:]
WARNING: [filemgmt 56-199] Attempt to get parsing info during refresh. "On-the-fly" syntax checking information may be incorrect. [c:\Users\C27Soren.Herzog\ece383\Herzog_ece383_wksp\ip_repo\ZoGolf_DP_1_0\src\ece383_pkg.vhd:]
WARNING: [filemgmt 56-199] Attempt to get parsing info during refresh. "On-the-fly" syntax checking information may be incorrect. [c:\Users\C27Soren.Herzog\ece383\Herzog_ece383_wksp\ip_repo\ZoGolf_DP_1_0\src\ece383_pkg.vhd:]
WARNING: [filemgmt 56-199] Attempt to get parsing info during refresh. "On-the-fly" syntax checking information may be incorrect. [C:\Users\C27Soren.Herzog\ece383\Herzog_ece383_wksp\ip_repo\ZoGolf_DP_1_0\src\level8_BRAM_Pair.vhd:]
WARNING: [filemgmt 56-199] Attempt to get parsing info during refresh. "On-the-fly" syntax checking information may be incorrect. [c:\Users\C27Soren.Herzog\ece383\Herzog_ece383_wksp\ip_repo\ZoGolf_DP_1_0\src\BRAM_Level_Selector.vhd:]
WARNING: [filemgmt 56-199] Attempt to get parsing info during refresh. "On-the-fly" syntax checking information may be incorrect. [c:\Users\C27Soren.Herzog\ece383\Herzog_ece383_wksp\ip_repo\ZoGolf_DP_1_0\src\level1_BRAM_Pair.vhd:]
WARNING: [filemgmt 56-199] Attempt to get parsing info during refresh. "On-the-fly" syntax checking information may be incorrect. [C:\Users\C27Soren.Herzog\ece383\Herzog_ece383_wksp\ip_repo\ZoGolf_DP_1_0\src\level9_BRAM_Pair.vhd:]
WARNING: [filemgmt 56-199] Attempt to get parsing info during refresh. "On-the-fly" syntax checking information may be incorrect. [C:\Users\C27Soren.Herzog\ece383\Herzog_ece383_wksp\ip_repo\ZoGolf_DP_1_0\src\level9_BRAM_Pair.vhd:]
WARNING: [filemgmt 56-199] Attempt to get parsing info during refresh. "On-the-fly" syntax checking information may be incorrect. [C:\Users\C27Soren.Herzog\ece383\Herzog_ece383_wksp\ip_repo\ZoGolf_DP_1_0\src\level9_BRAM_Pair.vhd:]
WARNING: [filemgmt 56-199] Attempt to get parsing info during refresh. "On-the-fly" syntax checking information may be incorrect. [c:\Users\C27Soren.Herzog\ece383\Herzog_ece383_wksp\ip_repo\ZoGolf_DP_1_0\src\ece383_pkg.vhd:]
WARNING: [filemgmt 56-199] Attempt to get parsing info during refresh. "On-the-fly" syntax checking information may be incorrect. [C:\Users\C27Soren.Herzog\ece383\Herzog_ece383_wksp\ip_repo\ZoGolf_DP_1_0\src\level8_BRAM_Pair.vhd:]
WARNING: [filemgmt 56-199] Attempt to get parsing info during refresh. "On-the-fly" syntax checking information may be incorrect. [c:\Users\C27Soren.Herzog\ece383\Herzog_ece383_wksp\ip_repo\ZoGolf_DP_1_0\src\BRAM_Level_Selector.vhd:]
WARNING: [filemgmt 56-199] Attempt to get parsing info during refresh. "On-the-fly" syntax checking information may be incorrect. [c:\Users\C27Soren.Herzog\ece383\Herzog_ece383_wksp\ip_repo\ZoGolf_DP_1_0\src\level1_BRAM_Pair.vhd:]
WARNING: [filemgmt 56-199] Attempt to get parsing info during refresh. "On-the-fly" syntax checking information may be incorrect. [C:\Users\C27Soren.Herzog\ece383\Herzog_ece383_wksp\ip_repo\ZoGolf_DP_1_0\src\level9_BRAM_Pair.vhd:]
WARNING: [filemgmt 56-199] Attempt to get parsing info during refresh. "On-the-fly" syntax checking information may be incorrect. [C:\Users\C27Soren.Herzog\ece383\Herzog_ece383_wksp\ip_repo\ZoGolf_DP_1_0\src\level8_BRAM_Pair.vhd:]
WARNING: [filemgmt 56-199] Attempt to get parsing info during refresh. "On-the-fly" syntax checking information may be incorrect. [C:\Users\C27Soren.Herzog\ece383\Herzog_ece383_wksp\ip_repo\ZoGolf_DP_1_0\src\level8_BRAM_Pair.vhd:]
WARNING: [filemgmt 56-199] Attempt to get parsing info during refresh. "On-the-fly" syntax checking information may be incorrect. [c:\Users\C27Soren.Herzog\ece383\Herzog_ece383_wksp\ip_repo\ZoGolf_DP_1_0\src\ece383_pkg.vhd:]
WARNING: [filemgmt 56-199] Attempt to get parsing info during refresh. "On-the-fly" syntax checking information may be incorrect. [C:\Users\C27Soren.Herzog\ece383\Herzog_ece383_wksp\ip_repo\ZoGolf_DP_1_0\src\level8_BRAM_Pair.vhd:]
WARNING: [filemgmt 56-199] Attempt to get parsing info during refresh. "On-the-fly" syntax checking information may be incorrect. [c:\Users\C27Soren.Herzog\ece383\Herzog_ece383_wksp\ip_repo\ZoGolf_DP_1_0\src\BRAM_Level_Selector.vhd:]
WARNING: [filemgmt 56-199] Attempt to get parsing info during refresh. "On-the-fly" syntax checking information may be incorrect. [c:\Users\C27Soren.Herzog\ece383\Herzog_ece383_wksp\ip_repo\ZoGolf_DP_1_0\src\level1_BRAM_Pair.vhd:]
WARNING: [filemgmt 56-199] Attempt to get parsing info during refresh. "On-the-fly" syntax checking information may be incorrect. [C:\Users\C27Soren.Herzog\ece383\Herzog_ece383_wksp\ip_repo\ZoGolf_DP_1_0\src\level9_BRAM_Pair.vhd:]
WARNING: [filemgmt 56-199] Attempt to get parsing info during refresh. "On-the-fly" syntax checking information may be incorrect. [c:\Users\C27Soren.Herzog\ece383\Herzog_ece383_wksp\ip_repo\ZoGolf_DP_1_0\src\level1_BRAM_Pair.vhd:]
WARNING: [filemgmt 56-199] Attempt to get parsing info during refresh. "On-the-fly" syntax checking information may be incorrect. [c:\Users\C27Soren.Herzog\ece383\Herzog_ece383_wksp\ip_repo\ZoGolf_DP_1_0\src\level1_BRAM_Pair.vhd:]
WARNING: [filemgmt 56-199] Attempt to get parsing info during refresh. "On-the-fly" syntax checking information may be incorrect. [c:\Users\C27Soren.Herzog\ece383\Herzog_ece383_wksp\ip_repo\ZoGolf_DP_1_0\src\ece383_pkg.vhd:]
WARNING: [filemgmt 56-199] Attempt to get parsing info during refresh. "On-the-fly" syntax checking information may be incorrect. [c:\Users\C27Soren.Herzog\ece383\Herzog_ece383_wksp\ip_repo\ZoGolf_DP_1_0\src\BRAM_Level_Selector.vhd:]
WARNING: [filemgmt 56-199] Attempt to get parsing info during refresh. "On-the-fly" syntax checking information may be incorrect. [c:\Users\C27Soren.Herzog\ece383\Herzog_ece383_wksp\ip_repo\ZoGolf_DP_1_0\src\level1_BRAM_Pair.vhd:]
WARNING: [filemgmt 56-199] Attempt to get parsing info during refresh. "On-the-fly" syntax checking information may be incorrect. [C:\Users\C27Soren.Herzog\ece383\Herzog_ece383_wksp\ip_repo\ZoGolf_DP_1_0\src\level9_BRAM_Pair.vhd:]
WARNING: [filemgmt 56-199] Attempt to get parsing info during refresh. "On-the-fly" syntax checking information may be incorrect. [c:\Users\C27Soren.Herzog\ece383\Herzog_ece383_wksp\ip_repo\ZoGolf_DP_1_0\src\ece383_pkg.vhd:]
WARNING: [filemgmt 56-199] Attempt to get parsing info during refresh. "On-the-fly" syntax checking information may be incorrect. [c:\Users\C27Soren.Herzog\ece383\Herzog_ece383_wksp\ip_repo\ZoGolf_DP_1_0\src\ece383_pkg.vhd:]
WARNING: [filemgmt 56-199] Attempt to get parsing info during refresh. "On-the-fly" syntax checking information may be incorrect. [c:\Users\C27Soren.Herzog\ece383\Herzog_ece383_wksp\ip_repo\ZoGolf_DP_1_0\src\ece383_pkg.vhd:]
WARNING: [filemgmt 56-199] Attempt to get parsing info during refresh. "On-the-fly" syntax checking information may be incorrect. [c:\Users\C27Soren.Herzog\ece383\Herzog_ece383_wksp\ip_repo\ZoGolf_DP_1_0\src\BRAM_Level_Selector.vhd:]
WARNING: [filemgmt 56-199] Attempt to get parsing info during refresh. "On-the-fly" syntax checking information may be incorrect. [c:\Users\C27Soren.Herzog\ece383\Herzog_ece383_wksp\ip_repo\ZoGolf_DP_1_0\src\level1_BRAM_Pair.vhd:]
WARNING: [filemgmt 56-199] Attempt to get parsing info during refresh. "On-the-fly" syntax checking information may be incorrect. [C:\Users\C27Soren.Herzog\ece383\Herzog_ece383_wksp\ip_repo\ZoGolf_DP_1_0\src\level9_BRAM_Pair.vhd:]
WARNING: [filemgmt 56-199] Attempt to get parsing info during refresh. "On-the-fly" syntax checking information may be incorrect. [c:\Users\C27Soren.Herzog\ece383\Herzog_ece383_wksp\ip_repo\ZoGolf_DP_1_0\src\level1_BRAM_Pair.vhd:]
WARNING: [filemgmt 56-199] Attempt to get parsing info during refresh. "On-the-fly" syntax checking information may be incorrect. [c:\Users\C27Soren.Herzog\ece383\Herzog_ece383_wksp\ip_repo\ZoGolf_DP_1_0\src\level1_BRAM_Pair.vhd:]
ERROR: [Common 17-180] Spawn failed: No error
ERROR: [Common 17-180] Spawn failed: No error
WARNING: [filemgmt 56-199] Attempt to get parsing info during refresh. "On-the-fly" syntax checking information may be incorrect. [c:\Users\C27Soren.Herzog\ece383\Herzog_ece383_wksp\ip_repo\ZoGolf_DP_1_0\src\ece383_pkg.vhd:]
WARNING: [filemgmt 56-199] Attempt to get parsing info during refresh. "On-the-fly" syntax checking information may be incorrect. [c:\Users\C27Soren.Herzog\ece383\Herzog_ece383_wksp\ip_repo\ZoGolf_DP_1_0\src\ece383_pkg.vhd:]
WARNING: [filemgmt 56-199] Attempt to get parsing info during refresh. "On-the-fly" syntax checking information may be incorrect. [c:\Users\C27Soren.Herzog\ece383\Herzog_ece383_wksp\ip_repo\ZoGolf_DP_1_0\src\BRAM_Level_Selector.vhd:]
WARNING: [filemgmt 56-199] Attempt to get parsing info during refresh. "On-the-fly" syntax checking information may be incorrect. [c:\Users\C27Soren.Herzog\ece383\Herzog_ece383_wksp\ip_repo\ZoGolf_DP_1_0\src\level1_BRAM_Pair.vhd:]
WARNING: [filemgmt 56-199] Attempt to get parsing info during refresh. "On-the-fly" syntax checking information may be incorrect. [C:\Users\C27Soren.Herzog\ece383\Herzog_ece383_wksp\ip_repo\ZoGolf_DP_1_0\src\level9_BRAM_Pair.vhd:]
WARNING: [filemgmt 56-199] Attempt to get parsing info during refresh. "On-the-fly" syntax checking information may be incorrect. [c:\Users\C27Soren.Herzog\ece383\Herzog_ece383_wksp\ip_repo\ZoGolf_DP_1_0\src\ece383_pkg.vhd:]
WARNING: [filemgmt 56-199] Attempt to get parsing info during refresh. "On-the-fly" syntax checking information may be incorrect. [c:\Users\C27Soren.Herzog\ece383\Herzog_ece383_wksp\ip_repo\ZoGolf_DP_1_0\src\ece383_pkg.vhd:]
WARNING: [filemgmt 56-199] Attempt to get parsing info during refresh. "On-the-fly" syntax checking information may be incorrect. [c:\Users\C27Soren.Herzog\ece383\Herzog_ece383_wksp\ip_repo\ZoGolf_DP_1_0\src\ece383_pkg.vhd:]
WARNING: [filemgmt 56-199] Attempt to get parsing info during refresh. "On-the-fly" syntax checking information may be incorrect. [c:\Users\C27Soren.Herzog\ece383\Herzog_ece383_wksp\ip_repo\ZoGolf_DP_1_0\src\BRAM_Level_Selector.vhd:]
WARNING: [filemgmt 56-199] Attempt to get parsing info during refresh. "On-the-fly" syntax checking information may be incorrect. [c:\Users\C27Soren.Herzog\ece383\Herzog_ece383_wksp\ip_repo\ZoGolf_DP_1_0\src\level1_BRAM_Pair.vhd:]
WARNING: [filemgmt 56-199] Attempt to get parsing info during refresh. "On-the-fly" syntax checking information may be incorrect. [C:\Users\C27Soren.Herzog\ece383\Herzog_ece383_wksp\ip_repo\ZoGolf_DP_1_0\src\level9_BRAM_Pair.vhd:]
WARNING: [filemgmt 56-199] Attempt to get parsing info during refresh. "On-the-fly" syntax checking information may be incorrect. [c:\Users\C27Soren.Herzog\ece383\Herzog_ece383_wksp\ip_repo\ZoGolf_DP_1_0\src\level1_BRAM_Pair.vhd:]
WARNING: [filemgmt 56-199] Attempt to get parsing info during refresh. "On-the-fly" syntax checking information may be incorrect. [c:\Users\C27Soren.Herzog\ece383\Herzog_ece383_wksp\ip_repo\ZoGolf_DP_1_0\src\level1_BRAM_Pair.vhd:]
ERROR: [Common 17-180] Spawn failed: No error
WARNING: [filemgmt 56-199] Attempt to get parsing info during refresh. "On-the-fly" syntax checking information may be incorrect. [c:\Users\C27Soren.Herzog\ece383\Herzog_ece383_wksp\ip_repo\ZoGolf_DP_1_0\src\ece383_pkg.vhd:]
WARNING: [filemgmt 56-199] Attempt to get parsing info during refresh. "On-the-fly" syntax checking information may be incorrect. [c:\Users\C27Soren.Herzog\ece383\Herzog_ece383_wksp\ip_repo\ZoGolf_DP_1_0\src\BRAM_Level_Selector.vhd:]
WARNING: [filemgmt 56-199] Attempt to get parsing info during refresh. "On-the-fly" syntax checking information may be incorrect. [c:\Users\C27Soren.Herzog\ece383\Herzog_ece383_wksp\ip_repo\ZoGolf_DP_1_0\src\level1_BRAM_Pair.vhd:]
WARNING: [filemgmt 56-199] Attempt to get parsing info during refresh. "On-the-fly" syntax checking information may be incorrect. [C:\Users\C27Soren.Herzog\ece383\Herzog_ece383_wksp\ip_repo\ZoGolf_DP_1_0\src\level9_BRAM_Pair.vhd:]
WARNING: [filemgmt 56-199] Attempt to get parsing info during refresh. "On-the-fly" syntax checking information may be incorrect. [c:\Users\C27Soren.Herzog\ece383\Herzog_ece383_wksp\ip_repo\ZoGolf_DP_1_0\src\BRAM_Level_Selector.vhd:]
WARNING: [filemgmt 56-199] Attempt to get parsing info during refresh. "On-the-fly" syntax checking information may be incorrect. [c:\Users\C27Soren.Herzog\ece383\Herzog_ece383_wksp\ip_repo\ZoGolf_DP_1_0\src\BRAM_Level_Selector.vhd:]
ERROR: [Common 17-180] Spawn failed: No error
update_compile_order -fileset sources_1
WARNING: [filemgmt 56-199] Attempt to get parsing info during refresh. "On-the-fly" syntax checking information may be incorrect. [c:\Users\C27Soren.Herzog\ece383\Herzog_ece383_wksp\ip_repo\ZoGolf_DP_1_0\src\ece383_pkg.vhd:]
WARNING: [filemgmt 56-199] Attempt to get parsing info during refresh. "On-the-fly" syntax checking information may be incorrect. [c:\Users\C27Soren.Herzog\ece383\Herzog_ece383_wksp\ip_repo\ZoGolf_DP_1_0\src\BRAM_Level_Selector.vhd:]
WARNING: [filemgmt 56-199] Attempt to get parsing info during refresh. "On-the-fly" syntax checking information may be incorrect. [c:\Users\C27Soren.Herzog\ece383\Herzog_ece383_wksp\ip_repo\ZoGolf_DP_1_0\src\level1_BRAM_Pair.vhd:]
WARNING: [filemgmt 56-199] Attempt to get parsing info during refresh. "On-the-fly" syntax checking information may be incorrect. [C:\Users\C27Soren.Herzog\ece383\Herzog_ece383_wksp\ip_repo\ZoGolf_DP_1_0\src\level9_BRAM_Pair.vhd:]
WARNING: [filemgmt 56-199] Attempt to get parsing info during refresh. "On-the-fly" syntax checking information may be incorrect. [C:\Users\C27Soren.Herzog\ece383\Herzog_ece383_wksp\ip_repo\ZoGolf_DP_1_0\src\level9_BRAM_Pair.vhd:]
WARNING: [filemgmt 56-199] Attempt to get parsing info during refresh. "On-the-fly" syntax checking information may be incorrect. [C:\Users\C27Soren.Herzog\ece383\Herzog_ece383_wksp\ip_repo\ZoGolf_DP_1_0\src\level9_BRAM_Pair.vhd:]
WARNING: [filemgmt 56-199] Attempt to get parsing info during refresh. "On-the-fly" syntax checking information may be incorrect. [c:\Users\C27Soren.Herzog\ece383\Herzog_ece383_wksp\ip_repo\ZoGolf_DP_1_0\src\ece383_pkg.vhd:]
WARNING: [filemgmt 56-199] Attempt to get parsing info during refresh. "On-the-fly" syntax checking information may be incorrect. [c:\Users\C27Soren.Herzog\ece383\Herzog_ece383_wksp\ip_repo\ZoGolf_DP_1_0\src\BRAM_Level_Selector.vhd:]
WARNING: [filemgmt 56-199] Attempt to get parsing info during refresh. "On-the-fly" syntax checking information may be incorrect. [c:\Users\C27Soren.Herzog\ece383\Herzog_ece383_wksp\ip_repo\ZoGolf_DP_1_0\src\level1_BRAM_Pair.vhd:]
WARNING: [filemgmt 56-199] Attempt to get parsing info during refresh. "On-the-fly" syntax checking information may be incorrect. [C:\Users\C27Soren.Herzog\ece383\Herzog_ece383_wksp\ip_repo\ZoGolf_DP_1_0\src\level9_BRAM_Pair.vhd:]
WARNING: [filemgmt 56-199] Attempt to get parsing info during refresh. "On-the-fly" syntax checking information may be incorrect. [c:\Users\C27Soren.Herzog\ece383\Herzog_ece383_wksp\ip_repo\ZoGolf_DP_1_0\src\level1_BRAM_Pair.vhd:]
WARNING: [filemgmt 56-199] Attempt to get parsing info during refresh. "On-the-fly" syntax checking information may be incorrect. [c:\Users\C27Soren.Herzog\ece383\Herzog_ece383_wksp\ip_repo\ZoGolf_DP_1_0\src\level1_BRAM_Pair.vhd:]
ERROR: [Common 17-180] Spawn failed: No error
ERROR: [Common 17-180] Spawn failed: No error
WARNING: [filemgmt 56-199] Attempt to get parsing info during refresh. "On-the-fly" syntax checking information may be incorrect. [c:\Users\C27Soren.Herzog\ece383\Herzog_ece383_wksp\ip_repo\ZoGolf_DP_1_0\src\ece383_pkg.vhd:]
WARNING: [filemgmt 56-199] Attempt to get parsing info during refresh. "On-the-fly" syntax checking information may be incorrect. [c:\Users\C27Soren.Herzog\ece383\Herzog_ece383_wksp\ip_repo\ZoGolf_DP_1_0\src\BRAM_Level_Selector.vhd:]
WARNING: [filemgmt 56-199] Attempt to get parsing info during refresh. "On-the-fly" syntax checking information may be incorrect. [c:\Users\C27Soren.Herzog\ece383\Herzog_ece383_wksp\ip_repo\ZoGolf_DP_1_0\src\level1_BRAM_Pair.vhd:]
WARNING: [filemgmt 56-199] Attempt to get parsing info during refresh. "On-the-fly" syntax checking information may be incorrect. [C:\Users\C27Soren.Herzog\ece383\Herzog_ece383_wksp\ip_repo\ZoGolf_DP_1_0\src\level9_BRAM_Pair.vhd:]
WARNING: [filemgmt 56-199] Attempt to get parsing info during refresh. "On-the-fly" syntax checking information may be incorrect. [c:\Users\C27Soren.Herzog\ece383\Herzog_ece383_wksp\ip_repo\ZoGolf_DP_1_0\src\ece383_pkg.vhd:]
WARNING: [filemgmt 56-199] Attempt to get parsing info during refresh. "On-the-fly" syntax checking information may be incorrect. [c:\Users\C27Soren.Herzog\ece383\Herzog_ece383_wksp\ip_repo\ZoGolf_DP_1_0\src\ece383_pkg.vhd:]
WARNING: [filemgmt 56-199] Attempt to get parsing info during refresh. "On-the-fly" syntax checking information may be incorrect. [c:\Users\C27Soren.Herzog\ece383\Herzog_ece383_wksp\ip_repo\ZoGolf_DP_1_0\src\ece383_pkg.vhd:]
WARNING: [filemgmt 56-199] Attempt to get parsing info during refresh. "On-the-fly" syntax checking information may be incorrect. [c:\Users\C27Soren.Herzog\ece383\Herzog_ece383_wksp\ip_repo\ZoGolf_DP_1_0\src\BRAM_Level_Selector.vhd:]
WARNING: [filemgmt 56-199] Attempt to get parsing info during refresh. "On-the-fly" syntax checking information may be incorrect. [c:\Users\C27Soren.Herzog\ece383\Herzog_ece383_wksp\ip_repo\ZoGolf_DP_1_0\src\level1_BRAM_Pair.vhd:]
WARNING: [filemgmt 56-199] Attempt to get parsing info during refresh. "On-the-fly" syntax checking information may be incorrect. [C:\Users\C27Soren.Herzog\ece383\Herzog_ece383_wksp\ip_repo\ZoGolf_DP_1_0\src\level9_BRAM_Pair.vhd:]
WARNING: [filemgmt 56-199] Attempt to get parsing info during refresh. "On-the-fly" syntax checking information may be incorrect. [c:\Users\C27Soren.Herzog\ece383\Herzog_ece383_wksp\ip_repo\ZoGolf_DP_1_0\src\level1_BRAM_Pair.vhd:]
WARNING: [filemgmt 56-199] Attempt to get parsing info during refresh. "On-the-fly" syntax checking information may be incorrect. [c:\Users\C27Soren.Herzog\ece383\Herzog_ece383_wksp\ip_repo\ZoGolf_DP_1_0\src\level1_BRAM_Pair.vhd:]
ERROR: [Common 17-180] Spawn failed: No error
ERROR: [Common 17-180] Spawn failed: No error
WARNING: [filemgmt 56-199] Attempt to get parsing info during refresh. "On-the-fly" syntax checking information may be incorrect. [c:\Users\C27Soren.Herzog\ece383\Herzog_ece383_wksp\ip_repo\ZoGolf_DP_1_0\src\ece383_pkg.vhd:]
WARNING: [filemgmt 56-199] Attempt to get parsing info during refresh. "On-the-fly" syntax checking information may be incorrect. [c:\Users\C27Soren.Herzog\ece383\Herzog_ece383_wksp\ip_repo\ZoGolf_DP_1_0\src\ece383_pkg.vhd:]
WARNING: [filemgmt 56-199] Attempt to get parsing info during refresh. "On-the-fly" syntax checking information may be incorrect. [c:\Users\C27Soren.Herzog\ece383\Herzog_ece383_wksp\ip_repo\ZoGolf_DP_1_0\src\color_mapper.vhd:]
WARNING: [filemgmt 56-199] Attempt to get parsing info during refresh. "On-the-fly" syntax checking information may be incorrect. [c:\Users\C27Soren.Herzog\ece383\Herzog_ece383_wksp\ip_repo\ZoGolf_DP_1_0\src\BRAM_Level_Selector.vhd:]
WARNING: [filemgmt 56-199] Attempt to get parsing info during refresh. "On-the-fly" syntax checking information may be incorrect. [c:\Users\C27Soren.Herzog\ece383\Herzog_ece383_wksp\ip_repo\ZoGolf_DP_1_0\src\ece383_pkg.vhd:]
WARNING: [filemgmt 56-199] Attempt to get parsing info during refresh. "On-the-fly" syntax checking information may be incorrect. [c:\Users\C27Soren.Herzog\ece383\Herzog_ece383_wksp\ip_repo\ZoGolf_DP_1_0\src\ece383_pkg.vhd:]
WARNING: [filemgmt 56-199] Attempt to get parsing info during refresh. "On-the-fly" syntax checking information may be incorrect. [c:\Users\C27Soren.Herzog\ece383\Herzog_ece383_wksp\ip_repo\ZoGolf_DP_1_0\src\ece383_pkg.vhd:]
WARNING: [filemgmt 56-199] Attempt to get parsing info during refresh. "On-the-fly" syntax checking information may be incorrect. [c:\Users\C27Soren.Herzog\ece383\Herzog_ece383_wksp\ip_repo\ZoGolf_DP_1_0\src\color_mapper.vhd:]
WARNING: [filemgmt 56-199] Attempt to get parsing info during refresh. "On-the-fly" syntax checking information may be incorrect. [c:\Users\C27Soren.Herzog\ece383\Herzog_ece383_wksp\ip_repo\ZoGolf_DP_1_0\src\BRAM_Level_Selector.vhd:]
WARNING: [filemgmt 56-199] Attempt to get parsing info during refresh. "On-the-fly" syntax checking information may be incorrect. [c:\Users\C27Soren.Herzog\ece383\Herzog_ece383_wksp\ip_repo\ZoGolf_DP_1_0\src\BRAM_Level_Selector.vhd:]
WARNING: [filemgmt 56-199] Attempt to get parsing info during refresh. "On-the-fly" syntax checking information may be incorrect. [c:\Users\C27Soren.Herzog\ece383\Herzog_ece383_wksp\ip_repo\ZoGolf_DP_1_0\src\BRAM_Level_Selector.vhd:]
WARNING: [filemgmt 56-199] Attempt to get parsing info during refresh. "On-the-fly" syntax checking information may be incorrect. [c:\Users\C27Soren.Herzog\ece383\Herzog_ece383_wksp\ip_repo\ZoGolf_DP_1_0\src\ece383_pkg.vhd:]
WARNING: [filemgmt 56-199] Attempt to get parsing info during refresh. "On-the-fly" syntax checking information may be incorrect. [c:\Users\C27Soren.Herzog\ece383\Herzog_ece383_wksp\ip_repo\ZoGolf_DP_1_0\src\color_mapper.vhd:]
WARNING: [filemgmt 56-199] Attempt to get parsing info during refresh. "On-the-fly" syntax checking information may be incorrect. [c:\Users\C27Soren.Herzog\ece383\Herzog_ece383_wksp\ip_repo\ZoGolf_DP_1_0\src\BRAM_Level_Selector.vhd:]
WARNING: [filemgmt 56-199] Attempt to get parsing info during refresh. "On-the-fly" syntax checking information may be incorrect. [c:\Users\C27Soren.Herzog\ece383\Herzog_ece383_wksp\ip_repo\ZoGolf_DP_1_0\src\color_mapper.vhd:]
WARNING: [filemgmt 56-199] Attempt to get parsing info during refresh. "On-the-fly" syntax checking information may be incorrect. [c:\Users\C27Soren.Herzog\ece383\Herzog_ece383_wksp\ip_repo\ZoGolf_DP_1_0\src\color_mapper.vhd:]
WARNING: [filemgmt 56-199] Attempt to get parsing info during refresh. "On-the-fly" syntax checking information may be incorrect. [c:\Users\C27Soren.Herzog\ece383\Herzog_ece383_wksp\ip_repo\ZoGolf_DP_1_0\src\ece383_pkg.vhd:]
WARNING: [filemgmt 56-199] Attempt to get parsing info during refresh. "On-the-fly" syntax checking information may be incorrect. [c:\Users\C27Soren.Herzog\ece383\Herzog_ece383_wksp\ip_repo\ZoGolf_DP_1_0\src\color_mapper.vhd:]
WARNING: [filemgmt 56-199] Attempt to get parsing info during refresh. "On-the-fly" syntax checking information may be incorrect. [c:\Users\C27Soren.Herzog\ece383\Herzog_ece383_wksp\ip_repo\ZoGolf_DP_1_0\src\BRAM_Level_Selector.vhd:]
WARNING: [filemgmt 56-199] Attempt to get parsing info during refresh. "On-the-fly" syntax checking information may be incorrect. [c:\Users\C27Soren.Herzog\ece383\Herzog_ece383_wksp\ip_repo\ZoGolf_DP_1_0\src\BRAM_Level_Selector.vhd:]
WARNING: [filemgmt 56-199] Attempt to get parsing info during refresh. "On-the-fly" syntax checking information may be incorrect. [c:\Users\C27Soren.Herzog\ece383\Herzog_ece383_wksp\ip_repo\ZoGolf_DP_1_0\src\BRAM_Level_Selector.vhd:]
WARNING: [filemgmt 56-199] Attempt to get parsing info during refresh. "On-the-fly" syntax checking information may be incorrect. [c:\Users\C27Soren.Herzog\ece383\Herzog_ece383_wksp\ip_repo\ZoGolf_DP_1_0\src\ece383_pkg.vhd:]
WARNING: [filemgmt 56-199] Attempt to get parsing info during refresh. "On-the-fly" syntax checking information may be incorrect. [c:\Users\C27Soren.Herzog\ece383\Herzog_ece383_wksp\ip_repo\ZoGolf_DP_1_0\src\color_mapper.vhd:]
WARNING: [filemgmt 56-199] Attempt to get parsing info during refresh. "On-the-fly" syntax checking information may be incorrect. [c:\Users\C27Soren.Herzog\ece383\Herzog_ece383_wksp\ip_repo\ZoGolf_DP_1_0\src\BRAM_Level_Selector.vhd:]
WARNING: [filemgmt 56-199] Attempt to get parsing info during refresh. "On-the-fly" syntax checking information may be incorrect. [c:\Users\C27Soren.Herzog\ece383\Herzog_ece383_wksp\ip_repo\ZoGolf_DP_1_0\src\ece383_pkg.vhd:]
WARNING: [filemgmt 56-199] Attempt to get parsing info during refresh. "On-the-fly" syntax checking information may be incorrect. [c:\Users\C27Soren.Herzog\ece383\Herzog_ece383_wksp\ip_repo\ZoGolf_DP_1_0\src\ece383_pkg.vhd:]
WARNING: [filemgmt 56-199] Attempt to get parsing info during refresh. "On-the-fly" syntax checking information may be incorrect. [c:\Users\C27Soren.Herzog\ece383\Herzog_ece383_wksp\ip_repo\ZoGolf_DP_1_0\src\ece383_pkg.vhd:]
WARNING: [filemgmt 56-199] Attempt to get parsing info during refresh. "On-the-fly" syntax checking information may be incorrect. [c:\Users\C27Soren.Herzog\ece383\Herzog_ece383_wksp\ip_repo\ZoGolf_DP_1_0\src\color_mapper.vhd:]
WARNING: [filemgmt 56-199] Attempt to get parsing info during refresh. "On-the-fly" syntax checking information may be incorrect. [c:\Users\C27Soren.Herzog\ece383\Herzog_ece383_wksp\ip_repo\ZoGolf_DP_1_0\src\BRAM_Level_Selector.vhd:]
WARNING: [filemgmt 56-199] Attempt to get parsing info during refresh. "On-the-fly" syntax checking information may be incorrect. [c:\Users\C27Soren.Herzog\ece383\Herzog_ece383_wksp\ip_repo\ZoGolf_DP_1_0\src\ece383_pkg.vhd:]
WARNING: [filemgmt 56-199] Attempt to get parsing info during refresh. "On-the-fly" syntax checking information may be incorrect. [c:\Users\C27Soren.Herzog\ece383\Herzog_ece383_wksp\ip_repo\ZoGolf_DP_1_0\src\ece383_pkg.vhd:]
ERROR: [Common 17-180] Spawn failed: No error
WARNING: [filemgmt 56-199] Attempt to get parsing info during refresh. "On-the-fly" syntax checking information may be incorrect. [c:\Users\C27Soren.Herzog\ece383\Herzog_ece383_wksp\ip_repo\ZoGolf_DP_1_0\src\ece383_pkg.vhd:]
WARNING: [filemgmt 56-199] Attempt to get parsing info during refresh. "On-the-fly" syntax checking information may be incorrect. [c:\Users\C27Soren.Herzog\ece383\Herzog_ece383_wksp\ip_repo\ZoGolf_DP_1_0\src\color_mapper.vhd:]
WARNING: [filemgmt 56-199] Attempt to get parsing info during refresh. "On-the-fly" syntax checking information may be incorrect. [c:\Users\C27Soren.Herzog\ece383\Herzog_ece383_wksp\ip_repo\ZoGolf_DP_1_0\src\BRAM_Level_Selector.vhd:]
WARNING: [filemgmt 56-199] Attempt to get parsing info during refresh. "On-the-fly" syntax checking information may be incorrect. [c:\Users\C27Soren.Herzog\ece383\Herzog_ece383_wksp\ip_repo\ZoGolf_DP_1_0\src\BRAM_Level_Selector.vhd:]
WARNING: [filemgmt 56-199] Attempt to get parsing info during refresh. "On-the-fly" syntax checking information may be incorrect. [c:\Users\C27Soren.Herzog\ece383\Herzog_ece383_wksp\ip_repo\ZoGolf_DP_1_0\src\BRAM_Level_Selector.vhd:]
WARNING: [filemgmt 56-199] Attempt to get parsing info during refresh. "On-the-fly" syntax checking information may be incorrect. [c:\Users\C27Soren.Herzog\ece383\Herzog_ece383_wksp\ip_repo\ZoGolf_DP_1_0\src\ece383_pkg.vhd:]
WARNING: [filemgmt 56-199] Attempt to get parsing info during refresh. "On-the-fly" syntax checking information may be incorrect. [c:\Users\C27Soren.Herzog\ece383\Herzog_ece383_wksp\ip_repo\ZoGolf_DP_1_0\src\color_mapper.vhd:]
WARNING: [filemgmt 56-199] Attempt to get parsing info during refresh. "On-the-fly" syntax checking information may be incorrect. [c:\Users\C27Soren.Herzog\ece383\Herzog_ece383_wksp\ip_repo\ZoGolf_DP_1_0\src\BRAM_Level_Selector.vhd:]
WARNING: [filemgmt 56-199] Attempt to get parsing info during refresh. "On-the-fly" syntax checking information may be incorrect. [c:\Users\C27Soren.Herzog\ece383\Herzog_ece383_wksp\ip_repo\ZoGolf_DP_1_0\src\color_mapper.vhd:]
WARNING: [filemgmt 56-199] Attempt to get parsing info during refresh. "On-the-fly" syntax checking information may be incorrect. [c:\Users\C27Soren.Herzog\ece383\Herzog_ece383_wksp\ip_repo\ZoGolf_DP_1_0\src\color_mapper.vhd:]
WARNING: [filemgmt 56-199] Attempt to get parsing info during refresh. "On-the-fly" syntax checking information may be incorrect. [c:\Users\C27Soren.Herzog\ece383\Herzog_ece383_wksp\ip_repo\ZoGolf_DP_1_0\src\ece383_pkg.vhd:]
WARNING: [filemgmt 56-199] Attempt to get parsing info during refresh. "On-the-fly" syntax checking information may be incorrect. [c:\Users\C27Soren.Herzog\ece383\Herzog_ece383_wksp\ip_repo\ZoGolf_DP_1_0\src\color_mapper.vhd:]
WARNING: [filemgmt 56-199] Attempt to get parsing info during refresh. "On-the-fly" syntax checking information may be incorrect. [c:\Users\C27Soren.Herzog\ece383\Herzog_ece383_wksp\ip_repo\ZoGolf_DP_1_0\src\BRAM_Level_Selector.vhd:]
WARNING: [filemgmt 56-199] Attempt to get parsing info during refresh. "On-the-fly" syntax checking information may be incorrect. [c:\Users\C27Soren.Herzog\ece383\Herzog_ece383_wksp\ip_repo\ZoGolf_DP_1_0\src\color_mapper.vhd:]
WARNING: [filemgmt 56-199] Attempt to get parsing info during refresh. "On-the-fly" syntax checking information may be incorrect. [c:\Users\C27Soren.Herzog\ece383\Herzog_ece383_wksp\ip_repo\ZoGolf_DP_1_0\src\color_mapper.vhd:]
WARNING: [filemgmt 56-199] Attempt to get parsing info during refresh. "On-the-fly" syntax checking information may be incorrect. [c:\Users\C27Soren.Herzog\ece383\Herzog_ece383_wksp\ip_repo\ZoGolf_DP_1_0\src\ece383_pkg.vhd:]
WARNING: [filemgmt 56-199] Attempt to get parsing info during refresh. "On-the-fly" syntax checking information may be incorrect. [c:\Users\C27Soren.Herzog\ece383\Herzog_ece383_wksp\ip_repo\ZoGolf_DP_1_0\src\color_mapper.vhd:]
WARNING: [filemgmt 56-199] Attempt to get parsing info during refresh. "On-the-fly" syntax checking information may be incorrect. [c:\Users\C27Soren.Herzog\ece383\Herzog_ece383_wksp\ip_repo\ZoGolf_DP_1_0\src\BRAM_Level_Selector.vhd:]
WARNING: [filemgmt 56-199] Attempt to get parsing info during refresh. "On-the-fly" syntax checking information may be incorrect. [c:\Users\C27Soren.Herzog\ece383\Herzog_ece383_wksp\ip_repo\ZoGolf_DP_1_0\src\BRAM_Level_Selector.vhd:]
WARNING: [filemgmt 56-199] Attempt to get parsing info during refresh. "On-the-fly" syntax checking information may be incorrect. [c:\Users\C27Soren.Herzog\ece383\Herzog_ece383_wksp\ip_repo\ZoGolf_DP_1_0\src\BRAM_Level_Selector.vhd:]
WARNING: [filemgmt 56-199] Attempt to get parsing info during refresh. "On-the-fly" syntax checking information may be incorrect. [c:\Users\C27Soren.Herzog\ece383\Herzog_ece383_wksp\ip_repo\ZoGolf_DP_1_0\src\ece383_pkg.vhd:]
WARNING: [filemgmt 56-199] Attempt to get parsing info during refresh. "On-the-fly" syntax checking information may be incorrect. [c:\Users\C27Soren.Herzog\ece383\Herzog_ece383_wksp\ip_repo\ZoGolf_DP_1_0\src\color_mapper.vhd:]
WARNING: [filemgmt 56-199] Attempt to get parsing info during refresh. "On-the-fly" syntax checking information may be incorrect. [c:\Users\C27Soren.Herzog\ece383\Herzog_ece383_wksp\ip_repo\ZoGolf_DP_1_0\src\BRAM_Level_Selector.vhd:]
WARNING: [filemgmt 56-199] Attempt to get parsing info during refresh. "On-the-fly" syntax checking information may be incorrect. [c:\Users\C27Soren.Herzog\ece383\Herzog_ece383_wksp\ip_repo\ZoGolf_DP_1_0\src\color_mapper.vhd:]
WARNING: [filemgmt 56-199] Attempt to get parsing info during refresh. "On-the-fly" syntax checking information may be incorrect. [c:\Users\C27Soren.Herzog\ece383\Herzog_ece383_wksp\ip_repo\ZoGolf_DP_1_0\src\color_mapper.vhd:]
WARNING: [filemgmt 56-199] Attempt to get parsing info during refresh. "On-the-fly" syntax checking information may be incorrect. [c:\Users\C27Soren.Herzog\ece383\Herzog_ece383_wksp\ip_repo\ZoGolf_DP_1_0\src\ece383_pkg.vhd:]
WARNING: [filemgmt 56-199] Attempt to get parsing info during refresh. "On-the-fly" syntax checking information may be incorrect. [c:\Users\C27Soren.Herzog\ece383\Herzog_ece383_wksp\ip_repo\ZoGolf_DP_1_0\src\color_mapper.vhd:]
WARNING: [filemgmt 56-199] Attempt to get parsing info during refresh. "On-the-fly" syntax checking information may be incorrect. [c:\Users\C27Soren.Herzog\ece383\Herzog_ece383_wksp\ip_repo\ZoGolf_DP_1_0\src\BRAM_Level_Selector.vhd:]
WARNING: [filemgmt 56-199] Attempt to get parsing info during refresh. "On-the-fly" syntax checking information may be incorrect. [c:\Users\C27Soren.Herzog\ece383\Herzog_ece383_wksp\ip_repo\ZoGolf_DP_1_0\src\BRAM_Level_Selector.vhd:]
WARNING: [filemgmt 56-199] Attempt to get parsing info during refresh. "On-the-fly" syntax checking information may be incorrect. [c:\Users\C27Soren.Herzog\ece383\Herzog_ece383_wksp\ip_repo\ZoGolf_DP_1_0\src\BRAM_Level_Selector.vhd:]
WARNING: [filemgmt 56-199] Attempt to get parsing info during refresh. "On-the-fly" syntax checking information may be incorrect. [c:\Users\C27Soren.Herzog\ece383\Herzog_ece383_wksp\ip_repo\ZoGolf_DP_1_0\src\ece383_pkg.vhd:]
WARNING: [filemgmt 56-199] Attempt to get parsing info during refresh. "On-the-fly" syntax checking information may be incorrect. [c:\Users\C27Soren.Herzog\ece383\Herzog_ece383_wksp\ip_repo\ZoGolf_DP_1_0\src\color_mapper.vhd:]
WARNING: [filemgmt 56-199] Attempt to get parsing info during refresh. "On-the-fly" syntax checking information may be incorrect. [c:\Users\C27Soren.Herzog\ece383\Herzog_ece383_wksp\ip_repo\ZoGolf_DP_1_0\src\BRAM_Level_Selector.vhd:]
WARNING: [filemgmt 56-199] Attempt to get parsing info during refresh. "On-the-fly" syntax checking information may be incorrect. [c:\Users\C27Soren.Herzog\ece383\Herzog_ece383_wksp\ip_repo\ZoGolf_DP_1_0\src\color_mapper.vhd:]
WARNING: [filemgmt 56-199] Attempt to get parsing info during refresh. "On-the-fly" syntax checking information may be incorrect. [c:\Users\C27Soren.Herzog\ece383\Herzog_ece383_wksp\ip_repo\ZoGolf_DP_1_0\src\color_mapper.vhd:]
WARNING: [filemgmt 56-199] Attempt to get parsing info during refresh. "On-the-fly" syntax checking information may be incorrect. [c:\Users\C27Soren.Herzog\ece383\Herzog_ece383_wksp\ip_repo\ZoGolf_DP_1_0\src\ece383_pkg.vhd:]
WARNING: [filemgmt 56-199] Attempt to get parsing info during refresh. "On-the-fly" syntax checking information may be incorrect. [c:\Users\C27Soren.Herzog\ece383\Herzog_ece383_wksp\ip_repo\ZoGolf_DP_1_0\src\color_mapper.vhd:]
WARNING: [filemgmt 56-199] Attempt to get parsing info during refresh. "On-the-fly" syntax checking information may be incorrect. [c:\Users\C27Soren.Herzog\ece383\Herzog_ece383_wksp\ip_repo\ZoGolf_DP_1_0\src\BRAM_Level_Selector.vhd:]
WARNING: [filemgmt 56-199] Attempt to get parsing info during refresh. "On-the-fly" syntax checking information may be incorrect. [c:\Users\C27Soren.Herzog\ece383\Herzog_ece383_wksp\ip_repo\ZoGolf_DP_1_0\src\BRAM_Level_Selector.vhd:]
WARNING: [filemgmt 56-199] Attempt to get parsing info during refresh. "On-the-fly" syntax checking information may be incorrect. [c:\Users\C27Soren.Herzog\ece383\Herzog_ece383_wksp\ip_repo\ZoGolf_DP_1_0\src\BRAM_Level_Selector.vhd:]
WARNING: [filemgmt 56-199] Attempt to get parsing info during refresh. "On-the-fly" syntax checking information may be incorrect. [c:\Users\C27Soren.Herzog\ece383\Herzog_ece383_wksp\ip_repo\ZoGolf_DP_1_0\src\ece383_pkg.vhd:]
WARNING: [filemgmt 56-199] Attempt to get parsing info during refresh. "On-the-fly" syntax checking information may be incorrect. [c:\Users\C27Soren.Herzog\ece383\Herzog_ece383_wksp\ip_repo\ZoGolf_DP_1_0\src\color_mapper.vhd:]
WARNING: [filemgmt 56-199] Attempt to get parsing info during refresh. "On-the-fly" syntax checking information may be incorrect. [c:\Users\C27Soren.Herzog\ece383\Herzog_ece383_wksp\ip_repo\ZoGolf_DP_1_0\src\BRAM_Level_Selector.vhd:]
WARNING: [filemgmt 56-199] Attempt to get parsing info during refresh. "On-the-fly" syntax checking information may be incorrect. [c:\Users\C27Soren.Herzog\ece383\Herzog_ece383_wksp\ip_repo\ZoGolf_DP_1_0\src\color_mapper.vhd:]
WARNING: [filemgmt 56-199] Attempt to get parsing info during refresh. "On-the-fly" syntax checking information may be incorrect. [c:\Users\C27Soren.Herzog\ece383\Herzog_ece383_wksp\ip_repo\ZoGolf_DP_1_0\src\color_mapper.vhd:]
WARNING: [filemgmt 56-199] Attempt to get parsing info during refresh. "On-the-fly" syntax checking information may be incorrect. [c:\Users\C27Soren.Herzog\ece383\Herzog_ece383_wksp\ip_repo\ZoGolf_DP_1_0\src\ece383_pkg.vhd:]
WARNING: [filemgmt 56-199] Attempt to get parsing info during refresh. "On-the-fly" syntax checking information may be incorrect. [c:\Users\C27Soren.Herzog\ece383\Herzog_ece383_wksp\ip_repo\ZoGolf_DP_1_0\src\color_mapper.vhd:]
WARNING: [filemgmt 56-199] Attempt to get parsing info during refresh. "On-the-fly" syntax checking information may be incorrect. [c:\Users\C27Soren.Herzog\ece383\Herzog_ece383_wksp\ip_repo\ZoGolf_DP_1_0\src\BRAM_Level_Selector.vhd:]
WARNING: [filemgmt 56-199] Attempt to get parsing info during refresh. "On-the-fly" syntax checking information may be incorrect. [c:\Users\C27Soren.Herzog\ece383\Herzog_ece383_wksp\ip_repo\ZoGolf_DP_1_0\src\ece383_pkg.vhd:]
WARNING: [filemgmt 56-199] Attempt to get parsing info during refresh. "On-the-fly" syntax checking information may be incorrect. [c:\Users\C27Soren.Herzog\ece383\Herzog_ece383_wksp\ip_repo\ZoGolf_DP_1_0\src\ece383_pkg.vhd:]
ERROR: [Common 17-180] Spawn failed: No error
ERROR: [Common 17-180] Spawn failed: No error
ipx::merge_project_changes files [ipx::current_core]
WARNING: [IP_Flow 19-4963] clk_wiz_0 has board value specified. The packaged IP will be restricted to usage with board 'digilentinc.com:nexys_video:part0:1.2'
WARNING: [filemgmt 56-199] Attempt to get parsing info during refresh. "On-the-fly" syntax checking information may be incorrect. [c:\Users\C27Soren.Herzog\ece383\Herzog_ece383_wksp\ip_repo\ZoGolf_DP_1_0\src\ece383_pkg.vhd:]
WARNING: [filemgmt 56-199] Attempt to get parsing info during refresh. "On-the-fly" syntax checking information may be incorrect. [c:\Users\C27Soren.Herzog\ece383\Herzog_ece383_wksp\ip_repo\ZoGolf_DP_1_0\src\level0_BRAM_Pair.vhd:]
WARNING: [filemgmt 56-199] Attempt to get parsing info during refresh. "On-the-fly" syntax checking information may be incorrect. [c:\Users\C27Soren.Herzog\ece383\Herzog_ece383_wksp\ip_repo\ZoGolf_DP_1_0\src\color_mapper.vhd:]
WARNING: [filemgmt 56-199] Attempt to get parsing info during refresh. "On-the-fly" syntax checking information may be incorrect. [c:\Users\C27Soren.Herzog\ece383\Herzog_ece383_wksp\ip_repo\ZoGolf_DP_1_0\src\BRAM_Level_Selector.vhd:]
WARNING: [filemgmt 56-199] Attempt to get parsing info during refresh. "On-the-fly" syntax checking information may be incorrect. [c:\Users\C27Soren.Herzog\ece383\Herzog_ece383_wksp\ip_repo\ZoGolf_DP_1_0\src\color_mapper.vhd:]
WARNING: [filemgmt 56-199] Attempt to get parsing info during refresh. "On-the-fly" syntax checking information may be incorrect. [c:\Users\C27Soren.Herzog\ece383\Herzog_ece383_wksp\ip_repo\ZoGolf_DP_1_0\src\color_mapper.vhd:]
WARNING: [filemgmt 56-199] Attempt to get parsing info during refresh. "On-the-fly" syntax checking information may be incorrect. [c:\Users\C27Soren.Herzog\ece383\Herzog_ece383_wksp\ip_repo\ZoGolf_DP_1_0\src\ece383_pkg.vhd:]
WARNING: [filemgmt 56-199] Attempt to get parsing info during refresh. "On-the-fly" syntax checking information may be incorrect. [c:\Users\C27Soren.Herzog\ece383\Herzog_ece383_wksp\ip_repo\ZoGolf_DP_1_0\src\level0_BRAM_Pair.vhd:]
WARNING: [filemgmt 56-199] Attempt to get parsing info during refresh. "On-the-fly" syntax checking information may be incorrect. [c:\Users\C27Soren.Herzog\ece383\Herzog_ece383_wksp\ip_repo\ZoGolf_DP_1_0\src\color_mapper.vhd:]
WARNING: [filemgmt 56-199] Attempt to get parsing info during refresh. "On-the-fly" syntax checking information may be incorrect. [c:\Users\C27Soren.Herzog\ece383\Herzog_ece383_wksp\ip_repo\ZoGolf_DP_1_0\src\BRAM_Level_Selector.vhd:]
WARNING: [filemgmt 56-199] Attempt to get parsing info during refresh. "On-the-fly" syntax checking information may be incorrect. [c:\Users\C27Soren.Herzog\ece383\Herzog_ece383_wksp\ip_repo\ZoGolf_DP_1_0\src\level0_BRAM_Pair.vhd:]
WARNING: [filemgmt 56-199] Attempt to get parsing info during refresh. "On-the-fly" syntax checking information may be incorrect. [c:\Users\C27Soren.Herzog\ece383\Herzog_ece383_wksp\ip_repo\ZoGolf_DP_1_0\src\level0_BRAM_Pair.vhd:]
ERROR: [Common 17-180] Spawn failed: No error
WARNING: [filemgmt 56-199] Attempt to get parsing info during refresh. "On-the-fly" syntax checking information may be incorrect. [c:\Users\C27Soren.Herzog\ece383\Herzog_ece383_wksp\ip_repo\ZoGolf_DP_1_0\src\ece383_pkg.vhd:]
WARNING: [filemgmt 56-199] Attempt to get parsing info during refresh. "On-the-fly" syntax checking information may be incorrect. [c:\Users\C27Soren.Herzog\ece383\Herzog_ece383_wksp\ip_repo\ZoGolf_DP_1_0\src\level0_BRAM_Pair.vhd:]
WARNING: [filemgmt 56-199] Attempt to get parsing info during refresh. "On-the-fly" syntax checking information may be incorrect. [c:\Users\C27Soren.Herzog\ece383\Herzog_ece383_wksp\ip_repo\ZoGolf_DP_1_0\src\color_mapper.vhd:]
WARNING: [filemgmt 56-199] Attempt to get parsing info during refresh. "On-the-fly" syntax checking information may be incorrect. [c:\Users\C27Soren.Herzog\ece383\Herzog_ece383_wksp\ip_repo\ZoGolf_DP_1_0\src\BRAM_Level_Selector.vhd:]
WARNING: [filemgmt 56-199] Attempt to get parsing info during refresh. "On-the-fly" syntax checking information may be incorrect. [c:\Users\C27Soren.Herzog\ece383\Herzog_ece383_wksp\ip_repo\ZoGolf_DP_1_0\src\ece383_pkg.vhd:]
WARNING: [filemgmt 56-199] Attempt to get parsing info during refresh. "On-the-fly" syntax checking information may be incorrect. [c:\Users\C27Soren.Herzog\ece383\Herzog_ece383_wksp\ip_repo\ZoGolf_DP_1_0\src\ece383_pkg.vhd:]
ERROR: [Common 17-180] Spawn failed: No error
ipx::merge_project_changes files [ipx::current_core]
WARNING: [IP_Flow 19-4963] clk_wiz_0 has board value specified. The packaged IP will be restricted to usage with board 'digilentinc.com:nexys_video:part0:1.2'
set_property core_revision 8 [ipx::current_core]
ipx::update_source_project_archive -component [ipx::current_core]
ipx::create_xgui_files [ipx::current_core]
ipx::update_checksums [ipx::current_core]
ipx::check_integrity [ipx::current_core]
WARNING: [IP_Flow 19-11889] HDL Parameter 'C_S00_AXI_DATA_WIDTH (C S00 AXI DATA WIDTH)': Order is obsolete with XGUI version >= 2.0
WARNING: [IP_Flow 19-11889] HDL Parameter 'C_S00_AXI_ADDR_WIDTH (C S00 AXI ADDR WIDTH)': Order is obsolete with XGUI version >= 2.0
CRITICAL WARNING: [IP_Flow 19-626] File Group 'xilinx_vhdlsynthesis (VHDL Synthesis)': verilogSource subcore file "mmcm_pll_drp_func_7s_mmcm.vh" is referenced from the pure language VHDL file group. Please consider changing the file group type to support mixed language sources.
CRITICAL WARNING: [IP_Flow 19-626] File Group 'xilinx_vhdlsynthesis (VHDL Synthesis)': verilogSource subcore file "mmcm_pll_drp_func_7s_pll.vh" is referenced from the pure language VHDL file group. Please consider changing the file group type to support mixed language sources.
CRITICAL WARNING: [IP_Flow 19-626] File Group 'xilinx_vhdlsynthesis (VHDL Synthesis)': verilogSource subcore file "mmcm_pll_drp_func_us_mmcm.vh" is referenced from the pure language VHDL file group. Please consider changing the file group type to support mixed language sources.
CRITICAL WARNING: [IP_Flow 19-626] File Group 'xilinx_vhdlsynthesis (VHDL Synthesis)': verilogSource subcore file "mmcm_pll_drp_func_us_pll.vh" is referenced from the pure language VHDL file group. Please consider changing the file group type to support mixed language sources.
CRITICAL WARNING: [IP_Flow 19-626] File Group 'xilinx_vhdlsynthesis (VHDL Synthesis)': verilogSource subcore file "mmcm_pll_drp_func_us_plus_pll.vh" is referenced from the pure language VHDL file group. Please consider changing the file group type to support mixed language sources.
CRITICAL WARNING: [IP_Flow 19-626] File Group 'xilinx_vhdlsynthesis (VHDL Synthesis)': verilogSource subcore file "mmcm_pll_drp_func_us_plus_mmcm.vh" is referenced from the pure language VHDL file group. Please consider changing the file group type to support mixed language sources.
CRITICAL WARNING: [IP_Flow 19-626] File Group 'xilinx_vhdlbehavioralsimulation (VHDL Simulation)': verilogSource subcore file "mmcm_pll_drp_func_7s_mmcm.vh" is referenced from the pure language VHDL file group. Please consider changing the file group type to support mixed language sources.
CRITICAL WARNING: [IP_Flow 19-626] File Group 'xilinx_vhdlbehavioralsimulation (VHDL Simulation)': verilogSource subcore file "mmcm_pll_drp_func_7s_pll.vh" is referenced from the pure language VHDL file group. Please consider changing the file group type to support mixed language sources.
CRITICAL WARNING: [IP_Flow 19-626] File Group 'xilinx_vhdlbehavioralsimulation (VHDL Simulation)': verilogSource subcore file "mmcm_pll_drp_func_us_mmcm.vh" is referenced from the pure language VHDL file group. Please consider changing the file group type to support mixed language sources.
CRITICAL WARNING: [IP_Flow 19-626] File Group 'xilinx_vhdlbehavioralsimulation (VHDL Simulation)': verilogSource subcore file "mmcm_pll_drp_func_us_pll.vh" is referenced from the pure language VHDL file group. Please consider changing the file group type to support mixed language sources.
CRITICAL WARNING: [IP_Flow 19-626] File Group 'xilinx_vhdlbehavioralsimulation (VHDL Simulation)': verilogSource subcore file "mmcm_pll_drp_func_us_plus_pll.vh" is referenced from the pure language VHDL file group. Please consider changing the file group type to support mixed language sources.
CRITICAL WARNING: [IP_Flow 19-626] File Group 'xilinx_vhdlbehavioralsimulation (VHDL Simulation)': verilogSource subcore file "mmcm_pll_drp_func_us_plus_mmcm.vh" is referenced from the pure language VHDL file group. Please consider changing the file group type to support mixed language sources.
WARNING: [IP_Flow 19-11770] Clock interface 'S00_AXI_CLK' has no FREQ_HZ parameter.
WARNING: [IP_Flow 19-5661] Bus Interface 'ps2_clk' does not have any bus interfaces associated with it.
WARNING: [IP_Flow 19-11770] Clock interface 'ps2_clk' has no FREQ_HZ parameter.
INFO: [IP_Flow 19-2181] Payment is not required for this core.
WARNING: [IP_Flow 19-2187] The Product Guide file is missing.
INFO: [Ipptcl 7-1486] check_integrity: Integrity check passed.
ipx::save_core [ipx::current_core]
WARNING: [filemgmt 56-199] Attempt to get parsing info during refresh. "On-the-fly" syntax checking information may be incorrect. [c:\Users\C27Soren.Herzog\ece383\Herzog_ece383_wksp\ip_repo\ZoGolf_DP_1_0\src\ece383_pkg.vhd:]
WARNING: [filemgmt 56-199] Attempt to get parsing info during refresh. "On-the-fly" syntax checking information may be incorrect. [c:\Users\C27Soren.Herzog\ece383\Herzog_ece383_wksp\ip_repo\ZoGolf_DP_1_0\src\color_mapper.vhd:]
WARNING: [filemgmt 56-199] Attempt to get parsing info during refresh. "On-the-fly" syntax checking information may be incorrect. [c:\Users\C27Soren.Herzog\ece383\Herzog_ece383_wksp\ip_repo\ZoGolf_DP_1_0\src\BRAM_Level_Selector.vhd:]
WARNING: [filemgmt 56-199] Attempt to get parsing info during refresh. "On-the-fly" syntax checking information may be incorrect. [c:\Users\C27Soren.Herzog\ece383\Herzog_ece383_wksp\ip_repo\ZoGolf_DP_1_0\src\color_mapper.vhd:]
WARNING: [filemgmt 56-199] Attempt to get parsing info during refresh. "On-the-fly" syntax checking information may be incorrect. [c:\Users\C27Soren.Herzog\ece383\Herzog_ece383_wksp\ip_repo\ZoGolf_DP_1_0\src\color_mapper.vhd:]
WARNING: [filemgmt 56-199] Attempt to get parsing info during refresh. "On-the-fly" syntax checking information may be incorrect. [c:\Users\C27Soren.Herzog\ece383\Herzog_ece383_wksp\ip_repo\ZoGolf_DP_1_0\src\ece383_pkg.vhd:]
WARNING: [filemgmt 56-199] Attempt to get parsing info during refresh. "On-the-fly" syntax checking information may be incorrect. [c:\Users\C27Soren.Herzog\ece383\Herzog_ece383_wksp\ip_repo\ZoGolf_DP_1_0\src\color_mapper.vhd:]
WARNING: [filemgmt 56-199] Attempt to get parsing info during refresh. "On-the-fly" syntax checking information may be incorrect. [c:\Users\C27Soren.Herzog\ece383\Herzog_ece383_wksp\ip_repo\ZoGolf_DP_1_0\src\BRAM_Level_Selector.vhd:]
WARNING: [filemgmt 56-199] Attempt to get parsing info during refresh. "On-the-fly" syntax checking information may be incorrect. [c:\Users\C27Soren.Herzog\ece383\Herzog_ece383_wksp\ip_repo\ZoGolf_DP_1_0\src\ece383_pkg.vhd:]
WARNING: [filemgmt 56-199] Attempt to get parsing info during refresh. "On-the-fly" syntax checking information may be incorrect. [c:\Users\C27Soren.Herzog\ece383\Herzog_ece383_wksp\ip_repo\ZoGolf_DP_1_0\src\ece383_pkg.vhd:]
ipx::move_temp_component_back -component [ipx::current_core]
close_project -delete
update_ip_catalog -rebuild -repo_path c:/Users/C27Soren.Herzog/ece383/Herzog_ece383_wksp/ip_repo/ZoGolf_DP_1_0
INFO: [IP_Flow 19-725] Reloaded user IP repository 'c:/Users/C27Soren.Herzog/ece383/Herzog_ece383_wksp/ip_repo/ZoGolf_DP_1_0'
report_ip_status -name ip_status 
upgrade_ip -vlnv xilinx.com:user:ZoGolf_DP:1.0 [get_ips  design_1_ZoGolf_DP_0_2] -log ip_upgrade.log
Upgrading 'C:/Users/C27Soren.Herzog/ece383/Herzog_ece383_wksp/FinalProj_IP/design_ZoGolf_V3.srcs/sources_1/bd/design_1/design_1.bd'
INFO: [IP_Flow 19-3422] Upgraded design_1_ZoGolf_DP_0_2 (ZoGolf_DP_v1.0 1.0) from revision 7 to revision 8
Wrote  : <C:\Users\C27Soren.Herzog\ece383\Herzog_ece383_wksp\FinalProj_IP\design_ZoGolf_V3.srcs\sources_1\bd\design_1\design_1.bd> 
Wrote  : <C:/Users/C27Soren.Herzog/ece383/Herzog_ece383_wksp/FinalProj_IP/design_ZoGolf_V3.srcs/sources_1/bd/design_1/ui/bd_1f5defd0.ui> 
INFO: [Coretcl 2-1525] Wrote upgrade log to 'C:/Users/C27Soren.Herzog/ece383/Herzog_ece383_wksp/FinalProj_IP/ip_upgrade.log'.
export_ip_user_files -of_objects [get_ips design_1_ZoGolf_DP_0_2] -no_script -sync -force -quiet
report_ip_status -name ip_status 
reset_run synth_1
INFO: [Project 1-1161] Replacing file C:/Users/C27Soren.Herzog/ece383/Herzog_ece383_wksp/FinalProj_IP/design_ZoGolf_V3.srcs/utils_1/imports/synth_1/design_1_wrapper.dcp with file C:/Users/C27Soren.Herzog/ece383/Herzog_ece383_wksp/FinalProj_IP/design_ZoGolf_V3.runs/synth_1/design_1_wrapper.dcp
ipx::edit_ip_in_project -upgrade true -name ZoGolf_DP_v1_0_project -directory C:/Users/C27Soren.Herzog/ece383/Herzog_ece383_wksp/FinalProj_IP/design_ZoGolf_V3.tmp/ZoGolf_DP_v1_0_project c:/Users/C27Soren.Herzog/ece383/Herzog_ece383_wksp/ip_repo/ZoGolf_DP_1_0/component.xml
INFO: [ProjectBase 1-489] The host OS only allows 260 characters in a normal path. The project is stored in a path with more than 80 characters. If you experience issues with IP, Block Designs, or files not being found, please consider moving the project to a location with a shorter path. Alternately consider using the OS subst command to map part of the path to a drive letter.
Current project path is 'c:/users/c27soren.herzog/ece383/herzog_ece383_wksp/finalproj_ip/design_zogolf_v3.tmp/zogolf_dp_v1_0_project'
INFO: [IP_Flow 19-234] Refreshing IP repositories
INFO: [IP_Flow 19-1704] No user IP repositories specified
INFO: [IP_Flow 19-2313] Loaded Vivado IP repository 'C:/Xilinx/Vivado/2024.2/data/ip'.
WARNING: [Board 49-26] cannot add Board Part xilinx.com:vck190:part0:2.2 available at C:/Xilinx/Vivado/2024.2/data/xhub/boards/XilinxBoardStore/boards/Xilinx/vck190/production/2.2/board.xml as part xcvc1902-vsva2197-2mp-e-s specified in board_part file is either invalid or not available
WARNING: [Board 49-26] cannot add Board Part xilinx.com:vck190:part0:3.0 available at C:/Xilinx/Vivado/2024.2/data/xhub/boards/XilinxBoardStore/boards/Xilinx/vck190/production/3.0/board.xml as part xcvc1902-vsva2197-2mp-e-s specified in board_part file is either invalid or not available
WARNING: [Board 49-26] cannot add Board Part xilinx.com:vck190:part0:3.1 available at C:/Xilinx/Vivado/2024.2/data/xhub/boards/XilinxBoardStore/boards/Xilinx/vck190/production/3.1/board.xml as part xcvc1902-vsva2197-2mp-e-s specified in board_part file is either invalid or not available
WARNING: [Board 49-26] cannot add Board Part xilinx.com:vck190:part0:3.2 available at C:/Xilinx/Vivado/2024.2/data/xhub/boards/XilinxBoardStore/boards/Xilinx/vck190/production/3.2/board.xml as part xcvc1902-vsva2197-2mp-e-s specified in board_part file is either invalid or not available
WARNING: [Board 49-26] cannot add Board Part xilinx.com:vck190:part0:3.3 available at C:/Xilinx/Vivado/2024.2/data/xhub/boards/XilinxBoardStore/boards/Xilinx/vck190/production/3.3/board.xml as part xcvc1902-vsva2197-2mp-e-s specified in board_part file is either invalid or not available
WARNING: [Board 49-26] cannot add Board Part xilinx.com:vck190_newl:part0:1.0 available at C:/Xilinx/Vivado/2024.2/data/xhub/boards/XilinxBoardStore/boards/Xilinx/vck190_newl/production/1.0/board.xml as part xcvc1902-vsva2197-2mp-e-s specified in board_part file is either invalid or not available
WARNING: [Board 49-26] cannot add Board Part xilinx.com:vck190_newl:part0:1.1 available at C:/Xilinx/Vivado/2024.2/data/xhub/boards/XilinxBoardStore/boards/Xilinx/vck190_newl/production/1.1/board.xml as part xcvc1902-vsva2197-2mp-e-s specified in board_part file is either invalid or not available
WARNING: [Board 49-26] cannot add Board Part xilinx.com:vck190_newl:part0:1.2 available at C:/Xilinx/Vivado/2024.2/data/xhub/boards/XilinxBoardStore/boards/Xilinx/vck190_newl/production/1.2/board.xml as part xcvc1902-vsva2197-2mp-e-s specified in board_part file is either invalid or not available
WARNING: [Board 49-26] cannot add Board Part xilinx.com:vmk180:part0:2.2 available at C:/Xilinx/Vivado/2024.2/data/xhub/boards/XilinxBoardStore/boards/Xilinx/vmk180/production/2.2/board.xml as part xcvm1802-vsva2197-2mp-e-s specified in board_part file is either invalid or not available
WARNING: [Board 49-26] cannot add Board Part xilinx.com:vmk180:part0:3.0 available at C:/Xilinx/Vivado/2024.2/data/xhub/boards/XilinxBoardStore/boards/Xilinx/vmk180/production/3.0/board.xml as part xcvm1802-vsva2197-2mp-e-s specified in board_part file is either invalid or not available
WARNING: [Board 49-26] cannot add Board Part xilinx.com:vmk180:part0:3.1 available at C:/Xilinx/Vivado/2024.2/data/xhub/boards/XilinxBoardStore/boards/Xilinx/vmk180/production/3.1/board.xml as part xcvm1802-vsva2197-2mp-e-s specified in board_part file is either invalid or not available
WARNING: [Board 49-26] cannot add Board Part xilinx.com:vmk180:part0:3.2 available at C:/Xilinx/Vivado/2024.2/data/xhub/boards/XilinxBoardStore/boards/Xilinx/vmk180/production/3.2/board.xml as part xcvm1802-vsva2197-2mp-e-s specified in board_part file is either invalid or not available
WARNING: [Board 49-26] cannot add Board Part xilinx.com:vmk180_newl:part0:1.0 available at C:/Xilinx/Vivado/2024.2/data/xhub/boards/XilinxBoardStore/boards/Xilinx/vmk180_newl/production/1.0/board.xml as part xcvm1802-vsva2197-2mp-e-s specified in board_part file is either invalid or not available
WARNING: [Board 49-26] cannot add Board Part xilinx.com:vmk180_newl:part0:1.1 available at C:/Xilinx/Vivado/2024.2/data/xhub/boards/XilinxBoardStore/boards/Xilinx/vmk180_newl/production/1.1/board.xml as part xcvm1802-vsva2197-2mp-e-s specified in board_part file is either invalid or not available
WARNING: [Board 49-26] cannot add Board Part xilinx.com:vpk120:part0:1.0 available at C:/Xilinx/Vivado/2024.2/data/xhub/boards/XilinxBoardStore/boards/Xilinx/vpk120/production/1.0/board.xml as part xcvp1202-vsva2785-2mp-e-s specified in board_part file is either invalid or not available
WARNING: [Board 49-26] cannot add Board Part xilinx.com:vpk120:part0:1.1 available at C:/Xilinx/Vivado/2024.2/data/xhub/boards/XilinxBoardStore/boards/Xilinx/vpk120/production/1.1/board.xml as part xcvp1202-vsva2785-2mp-e-s specified in board_part file is either invalid or not available
WARNING: [Board 49-26] cannot add Board Part xilinx.com:vpk120:part0:1.2 available at C:/Xilinx/Vivado/2024.2/data/xhub/boards/XilinxBoardStore/boards/Xilinx/vpk120/production/1.2/board.xml as part xcvp1202-vsva2785-2mp-e-s specified in board_part file is either invalid or not available
create_project: Time (s): cpu = 00:00:04 ; elapsed = 00:00:07 . Memory (MB): peak = 1791.191 ; gain = 4.121
INFO: [IP_Flow 19-234] Refreshing IP repositories
INFO: [IP_Flow 19-1700] Loaded user IP repository 'c:/Users/C27Soren.Herzog/Downloads/ece383_code-main/ece383_code-main/ip_repo/My_Lab3_1_0'.
INFO: [IP_Flow 19-1700] Loaded user IP repository 'c:/Users/C27Soren.Herzog/ece383/Herzog_ece383_wksp/ip_repo/ZoGolf_DP_1_0'.
INFO: [IP_Flow 19-1700] Loaded user IP repository 'c:/Users/C27Soren.Herzog/Downloads/ece383_code-main/ece383_code-main/ip_repo/My_Counter_IP_1_0'.
INFO: [IP_Flow 19-795] Syncing license key meta-data
INFO: [Device 21-403] Loading part xc7a200tsbg484-1
ipx::edit_ip_in_project: Time (s): cpu = 00:00:08 ; elapsed = 00:00:30 . Memory (MB): peak = 2024.355 ; gain = 237.285
update_compile_order -fileset sources_1
ipx::merge_project_changes files [ipx::current_core]
WARNING: [IP_Flow 19-4963] clk_wiz_0 has board value specified. The packaged IP will be restricted to usage with board 'digilentinc.com:nexys_video:part0:1.2'
set_property core_revision 9 [ipx::current_core]
ipx::update_source_project_archive -component [ipx::current_core]
ipx::create_xgui_files [ipx::current_core]
ipx::update_checksums [ipx::current_core]
ipx::check_integrity [ipx::current_core]
WARNING: [IP_Flow 19-11889] HDL Parameter 'C_S00_AXI_DATA_WIDTH (C S00 AXI DATA WIDTH)': Order is obsolete with XGUI version >= 2.0
WARNING: [IP_Flow 19-11889] HDL Parameter 'C_S00_AXI_ADDR_WIDTH (C S00 AXI ADDR WIDTH)': Order is obsolete with XGUI version >= 2.0
CRITICAL WARNING: [IP_Flow 19-626] File Group 'xilinx_vhdlsynthesis (VHDL Synthesis)': verilogSource subcore file "mmcm_pll_drp_func_7s_mmcm.vh" is referenced from the pure language VHDL file group. Please consider changing the file group type to support mixed language sources.
CRITICAL WARNING: [IP_Flow 19-626] File Group 'xilinx_vhdlsynthesis (VHDL Synthesis)': verilogSource subcore file "mmcm_pll_drp_func_7s_pll.vh" is referenced from the pure language VHDL file group. Please consider changing the file group type to support mixed language sources.
CRITICAL WARNING: [IP_Flow 19-626] File Group 'xilinx_vhdlsynthesis (VHDL Synthesis)': verilogSource subcore file "mmcm_pll_drp_func_us_mmcm.vh" is referenced from the pure language VHDL file group. Please consider changing the file group type to support mixed language sources.
CRITICAL WARNING: [IP_Flow 19-626] File Group 'xilinx_vhdlsynthesis (VHDL Synthesis)': verilogSource subcore file "mmcm_pll_drp_func_us_pll.vh" is referenced from the pure language VHDL file group. Please consider changing the file group type to support mixed language sources.
CRITICAL WARNING: [IP_Flow 19-626] File Group 'xilinx_vhdlsynthesis (VHDL Synthesis)': verilogSource subcore file "mmcm_pll_drp_func_us_plus_pll.vh" is referenced from the pure language VHDL file group. Please consider changing the file group type to support mixed language sources.
CRITICAL WARNING: [IP_Flow 19-626] File Group 'xilinx_vhdlsynthesis (VHDL Synthesis)': verilogSource subcore file "mmcm_pll_drp_func_us_plus_mmcm.vh" is referenced from the pure language VHDL file group. Please consider changing the file group type to support mixed language sources.
CRITICAL WARNING: [IP_Flow 19-626] File Group 'xilinx_vhdlbehavioralsimulation (VHDL Simulation)': verilogSource subcore file "mmcm_pll_drp_func_7s_mmcm.vh" is referenced from the pure language VHDL file group. Please consider changing the file group type to support mixed language sources.
CRITICAL WARNING: [IP_Flow 19-626] File Group 'xilinx_vhdlbehavioralsimulation (VHDL Simulation)': verilogSource subcore file "mmcm_pll_drp_func_7s_pll.vh" is referenced from the pure language VHDL file group. Please consider changing the file group type to support mixed language sources.
CRITICAL WARNING: [IP_Flow 19-626] File Group 'xilinx_vhdlbehavioralsimulation (VHDL Simulation)': verilogSource subcore file "mmcm_pll_drp_func_us_mmcm.vh" is referenced from the pure language VHDL file group. Please consider changing the file group type to support mixed language sources.
CRITICAL WARNING: [IP_Flow 19-626] File Group 'xilinx_vhdlbehavioralsimulation (VHDL Simulation)': verilogSource subcore file "mmcm_pll_drp_func_us_pll.vh" is referenced from the pure language VHDL file group. Please consider changing the file group type to support mixed language sources.
CRITICAL WARNING: [IP_Flow 19-626] File Group 'xilinx_vhdlbehavioralsimulation (VHDL Simulation)': verilogSource subcore file "mmcm_pll_drp_func_us_plus_pll.vh" is referenced from the pure language VHDL file group. Please consider changing the file group type to support mixed language sources.
CRITICAL WARNING: [IP_Flow 19-626] File Group 'xilinx_vhdlbehavioralsimulation (VHDL Simulation)': verilogSource subcore file "mmcm_pll_drp_func_us_plus_mmcm.vh" is referenced from the pure language VHDL file group. Please consider changing the file group type to support mixed language sources.
WARNING: [IP_Flow 19-11770] Clock interface 'S00_AXI_CLK' has no FREQ_HZ parameter.
WARNING: [IP_Flow 19-5661] Bus Interface 'ps2_clk' does not have any bus interfaces associated with it.
WARNING: [IP_Flow 19-11770] Clock interface 'ps2_clk' has no FREQ_HZ parameter.
INFO: [IP_Flow 19-2181] Payment is not required for this core.
WARNING: [IP_Flow 19-2187] The Product Guide file is missing.
INFO: [Ipptcl 7-1486] check_integrity: Integrity check passed.
ipx::save_core [ipx::current_core]
ipx::move_temp_component_back -component [ipx::current_core]
close_project -delete
update_ip_catalog -rebuild -repo_path c:/Users/C27Soren.Herzog/ece383/Herzog_ece383_wksp/ip_repo/ZoGolf_DP_1_0
INFO: [IP_Flow 19-725] Reloaded user IP repository 'c:/Users/C27Soren.Herzog/ece383/Herzog_ece383_wksp/ip_repo/ZoGolf_DP_1_0'
report_ip_status -name ip_status 
upgrade_ip -vlnv xilinx.com:user:ZoGolf_DP:1.0 [get_ips  design_1_ZoGolf_DP_0_2] -log ip_upgrade.log
Upgrading 'C:/Users/C27Soren.Herzog/ece383/Herzog_ece383_wksp/FinalProj_IP/design_ZoGolf_V3.srcs/sources_1/bd/design_1/design_1.bd'
INFO: [IP_Flow 19-3422] Upgraded design_1_ZoGolf_DP_0_2 (ZoGolf_DP_v1.0 1.0) from revision 8 to revision 9
Wrote  : <C:\Users\C27Soren.Herzog\ece383\Herzog_ece383_wksp\FinalProj_IP\design_ZoGolf_V3.srcs\sources_1\bd\design_1\design_1.bd> 
INFO: [Coretcl 2-1525] Wrote upgrade log to 'C:/Users/C27Soren.Herzog/ece383/Herzog_ece383_wksp/FinalProj_IP/ip_upgrade.log'.
export_ip_user_files -of_objects [get_ips design_1_ZoGolf_DP_0_2] -no_script -sync -force -quiet
report_ip_status -name ip_status 
launch_runs impl_1 -to_step write_bitstream -jobs 8
INFO: [BD 5-943] Reserving offset range <0x4060_0000 [ 64K ]> from slave interface '/axi_smc/S00_AXI' to master interface '/axi_smc/M00_AXI'. This will be used by smartconnect on path for routing.
INFO: [BD 5-943] Reserving offset range <0x44A0_0000 [ 64K ]> from slave interface '/axi_smc/S00_AXI' to master interface '/axi_smc/M01_AXI'. This will be used by smartconnect on path for routing.
INFO: [xilinx.com:ip:smartconnect:1.0-1] design_1_axi_smc_0: SmartConnect design_1_axi_smc_0 is in Low-Area Mode.
INFO: [BD 5-943] Reserving offset range <0x8000_0000 [ 512M ]> from slave interface '/axi_smc_1/S00_AXI' to master interface '/axi_smc_1/M00_AXI'. This will be used by smartconnect on path for routing.
INFO: [BD 5-943] Reserving offset range <0x8000_0000 [ 512M ]> from slave interface '/axi_smc_1/S01_AXI' to master interface '/axi_smc_1/M00_AXI'. This will be used by smartconnect on path for routing.
INFO: [xilinx.com:ip:smartconnect:1.0-1] design_1_axi_smc_1_0: SmartConnect design_1_axi_smc_1_0 is in High-performance Mode.
WARNING: [filemgmt 56-443] The ECC Algorithm string is empty. Setting the Memory Map to default ECC value to ECC_NONE.
WARNING: [filemgmt 56-443] The ECC Algorithm string is empty. Setting the Memory Map to default ECC value to ECC_NONE.
INFO: [xilinx.com:ip:microblaze:11.0-16] /microblaze_0: Setting D-cache cacheable area base address C_DCACHE_BASEADDR to 0x80000000 and high address C_DCACHE_HIGHADDR to 0x9FFFFFFF.
INFO: [xilinx.com:ip:microblaze:11.0-16] /microblaze_0: Setting I-cache cacheable area base address C_ICACHE_BASEADDR to 0x80000000 and high address C_ICACHE_HIGHADDR to 0x9FFFFFFF.
INFO: [xilinx.com:ip:microblaze:11.0-9] /microblaze_0: Setting C_BASE_VECTORS to 0x00000000.
INFO: [xilinx.com:ip:clk_wiz:6.0-1] /clk_wiz_1 clk_wiz propagate
Wrote  : <C:\Users\C27Soren.Herzog\ece383\Herzog_ece383_wksp\FinalProj_IP\design_ZoGolf_V3.srcs\sources_1\bd\design_1\design_1.bd> 
VHDL Output written to : c:/Users/C27Soren.Herzog/ece383/Herzog_ece383_wksp/FinalProj_IP/design_ZoGolf_V3.gen/sources_1/bd/design_1/synth/design_1.vhd
VHDL Output written to : c:/Users/C27Soren.Herzog/ece383/Herzog_ece383_wksp/FinalProj_IP/design_ZoGolf_V3.gen/sources_1/bd/design_1/sim/design_1.vhd
VHDL Output written to : c:/Users/C27Soren.Herzog/ece383/Herzog_ece383_wksp/FinalProj_IP/design_ZoGolf_V3.gen/sources_1/bd/design_1/hdl/design_1_wrapper.vhd
WARNING: [IP_Flow 19-5160] IP 'bd_afc3_one_0' detected simulation language mismatch. Simulation type 'rtl' does not support 'VHDL' outputs (see project's "simulator_language" property), delivering 'Verilog' outputs instead.
Exporting to file c:/Users/C27Soren.Herzog/ece383/Herzog_ece383_wksp/FinalProj_IP/design_ZoGolf_V3.gen/sources_1/bd/design_1/ip/design_1_axi_smc_0/bd_0/hw_handoff/design_1_axi_smc_0.hwh
Generated Hardware Definition File c:/Users/C27Soren.Herzog/ece383/Herzog_ece383_wksp/FinalProj_IP/design_ZoGolf_V3.gen/sources_1/bd/design_1/ip/design_1_axi_smc_0/bd_0/synth/design_1_axi_smc_0.hwdef
WARNING: [IP_Flow 19-5160] IP 'bd_a878_one_0' detected simulation language mismatch. Simulation type 'rtl' does not support 'VHDL' outputs (see project's "simulator_language" property), delivering 'Verilog' outputs instead.
Exporting to file c:/Users/C27Soren.Herzog/ece383/Herzog_ece383_wksp/FinalProj_IP/design_ZoGolf_V3.gen/sources_1/bd/design_1/ip/design_1_axi_smc_1_0/bd_0/hw_handoff/design_1_axi_smc_1_0.hwh
Generated Hardware Definition File c:/Users/C27Soren.Herzog/ece383/Herzog_ece383_wksp/FinalProj_IP/design_ZoGolf_V3.gen/sources_1/bd/design_1/ip/design_1_axi_smc_1_0/bd_0/synth/design_1_axi_smc_1_0.hwdef
INFO: [BD 41-1029] Generation completed for the IP Integrator block ZoGolf_DP_0 .
Exporting to file c:/Users/C27Soren.Herzog/ece383/Herzog_ece383_wksp/FinalProj_IP/design_ZoGolf_V3.gen/sources_1/bd/design_1/hw_handoff/design_1.hwh
Generated Hardware Definition File c:/Users/C27Soren.Herzog/ece383/Herzog_ece383_wksp/FinalProj_IP/design_ZoGolf_V3.gen/sources_1/bd/design_1/synth/design_1.hwdef
[Thu May  7 00:27:59 2026] Launched synth_1...
Run output will be captured here: C:/Users/C27Soren.Herzog/ece383/Herzog_ece383_wksp/FinalProj_IP/design_ZoGolf_V3.runs/synth_1/runme.log
[Thu May  7 00:27:59 2026] Launched impl_1...
Run output will be captured here: C:/Users/C27Soren.Herzog/ece383/Herzog_ece383_wksp/FinalProj_IP/design_ZoGolf_V3.runs/impl_1/runme.log
launch_runs: Time (s): cpu = 00:00:21 ; elapsed = 00:00:53 . Memory (MB): peak = 2173.836 ; gain = 136.504
ipx::edit_ip_in_project -upgrade true -name ZoGolf_DP_v1_0_project -directory C:/Users/C27Soren.Herzog/ece383/Herzog_ece383_wksp/FinalProj_IP/design_ZoGolf_V3.tmp/ZoGolf_DP_v1_0_project c:/Users/C27Soren.Herzog/ece383/Herzog_ece383_wksp/ip_repo/ZoGolf_DP_1_0/component.xml
INFO: [ProjectBase 1-489] The host OS only allows 260 characters in a normal path. The project is stored in a path with more than 80 characters. If you experience issues with IP, Block Designs, or files not being found, please consider moving the project to a location with a shorter path. Alternately consider using the OS subst command to map part of the path to a drive letter.
Current project path is 'c:/users/c27soren.herzog/ece383/herzog_ece383_wksp/finalproj_ip/design_zogolf_v3.tmp/zogolf_dp_v1_0_project'
INFO: [IP_Flow 19-234] Refreshing IP repositories
INFO: [IP_Flow 19-1704] No user IP repositories specified
INFO: [IP_Flow 19-2313] Loaded Vivado IP repository 'C:/Xilinx/Vivado/2024.2/data/ip'.
WARNING: [Board 49-26] cannot add Board Part xilinx.com:vck190:part0:2.2 available at C:/Xilinx/Vivado/2024.2/data/xhub/boards/XilinxBoardStore/boards/Xilinx/vck190/production/2.2/board.xml as part xcvc1902-vsva2197-2mp-e-s specified in board_part file is either invalid or not available
WARNING: [Board 49-26] cannot add Board Part xilinx.com:vck190:part0:3.0 available at C:/Xilinx/Vivado/2024.2/data/xhub/boards/XilinxBoardStore/boards/Xilinx/vck190/production/3.0/board.xml as part xcvc1902-vsva2197-2mp-e-s specified in board_part file is either invalid or not available
WARNING: [Board 49-26] cannot add Board Part xilinx.com:vck190:part0:3.1 available at C:/Xilinx/Vivado/2024.2/data/xhub/boards/XilinxBoardStore/boards/Xilinx/vck190/production/3.1/board.xml as part xcvc1902-vsva2197-2mp-e-s specified in board_part file is either invalid or not available
WARNING: [Board 49-26] cannot add Board Part xilinx.com:vck190:part0:3.2 available at C:/Xilinx/Vivado/2024.2/data/xhub/boards/XilinxBoardStore/boards/Xilinx/vck190/production/3.2/board.xml as part xcvc1902-vsva2197-2mp-e-s specified in board_part file is either invalid or not available
WARNING: [Board 49-26] cannot add Board Part xilinx.com:vck190:part0:3.3 available at C:/Xilinx/Vivado/2024.2/data/xhub/boards/XilinxBoardStore/boards/Xilinx/vck190/production/3.3/board.xml as part xcvc1902-vsva2197-2mp-e-s specified in board_part file is either invalid or not available
WARNING: [Board 49-26] cannot add Board Part xilinx.com:vck190_newl:part0:1.0 available at C:/Xilinx/Vivado/2024.2/data/xhub/boards/XilinxBoardStore/boards/Xilinx/vck190_newl/production/1.0/board.xml as part xcvc1902-vsva2197-2mp-e-s specified in board_part file is either invalid or not available
WARNING: [Board 49-26] cannot add Board Part xilinx.com:vck190_newl:part0:1.1 available at C:/Xilinx/Vivado/2024.2/data/xhub/boards/XilinxBoardStore/boards/Xilinx/vck190_newl/production/1.1/board.xml as part xcvc1902-vsva2197-2mp-e-s specified in board_part file is either invalid or not available
WARNING: [Board 49-26] cannot add Board Part xilinx.com:vck190_newl:part0:1.2 available at C:/Xilinx/Vivado/2024.2/data/xhub/boards/XilinxBoardStore/boards/Xilinx/vck190_newl/production/1.2/board.xml as part xcvc1902-vsva2197-2mp-e-s specified in board_part file is either invalid or not available
WARNING: [Board 49-26] cannot add Board Part xilinx.com:vmk180:part0:2.2 available at C:/Xilinx/Vivado/2024.2/data/xhub/boards/XilinxBoardStore/boards/Xilinx/vmk180/production/2.2/board.xml as part xcvm1802-vsva2197-2mp-e-s specified in board_part file is either invalid or not available
WARNING: [Board 49-26] cannot add Board Part xilinx.com:vmk180:part0:3.0 available at C:/Xilinx/Vivado/2024.2/data/xhub/boards/XilinxBoardStore/boards/Xilinx/vmk180/production/3.0/board.xml as part xcvm1802-vsva2197-2mp-e-s specified in board_part file is either invalid or not available
WARNING: [Board 49-26] cannot add Board Part xilinx.com:vmk180:part0:3.1 available at C:/Xilinx/Vivado/2024.2/data/xhub/boards/XilinxBoardStore/boards/Xilinx/vmk180/production/3.1/board.xml as part xcvm1802-vsva2197-2mp-e-s specified in board_part file is either invalid or not available
WARNING: [Board 49-26] cannot add Board Part xilinx.com:vmk180:part0:3.2 available at C:/Xilinx/Vivado/2024.2/data/xhub/boards/XilinxBoardStore/boards/Xilinx/vmk180/production/3.2/board.xml as part xcvm1802-vsva2197-2mp-e-s specified in board_part file is either invalid or not available
WARNING: [Board 49-26] cannot add Board Part xilinx.com:vmk180_newl:part0:1.0 available at C:/Xilinx/Vivado/2024.2/data/xhub/boards/XilinxBoardStore/boards/Xilinx/vmk180_newl/production/1.0/board.xml as part xcvm1802-vsva2197-2mp-e-s specified in board_part file is either invalid or not available
WARNING: [Board 49-26] cannot add Board Part xilinx.com:vmk180_newl:part0:1.1 available at C:/Xilinx/Vivado/2024.2/data/xhub/boards/XilinxBoardStore/boards/Xilinx/vmk180_newl/production/1.1/board.xml as part xcvm1802-vsva2197-2mp-e-s specified in board_part file is either invalid or not available
WARNING: [Board 49-26] cannot add Board Part xilinx.com:vpk120:part0:1.0 available at C:/Xilinx/Vivado/2024.2/data/xhub/boards/XilinxBoardStore/boards/Xilinx/vpk120/production/1.0/board.xml as part xcvp1202-vsva2785-2mp-e-s specified in board_part file is either invalid or not available
WARNING: [Board 49-26] cannot add Board Part xilinx.com:vpk120:part0:1.1 available at C:/Xilinx/Vivado/2024.2/data/xhub/boards/XilinxBoardStore/boards/Xilinx/vpk120/production/1.1/board.xml as part xcvp1202-vsva2785-2mp-e-s specified in board_part file is either invalid or not available
WARNING: [Board 49-26] cannot add Board Part xilinx.com:vpk120:part0:1.2 available at C:/Xilinx/Vivado/2024.2/data/xhub/boards/XilinxBoardStore/boards/Xilinx/vpk120/production/1.2/board.xml as part xcvp1202-vsva2785-2mp-e-s specified in board_part file is either invalid or not available
create_project: Time (s): cpu = 00:00:05 ; elapsed = 00:00:06 . Memory (MB): peak = 2181.957 ; gain = 0.539
INFO: [IP_Flow 19-234] Refreshing IP repositories
INFO: [IP_Flow 19-1700] Loaded user IP repository 'c:/Users/C27Soren.Herzog/Downloads/ece383_code-main/ece383_code-main/ip_repo/My_Lab3_1_0'.
INFO: [IP_Flow 19-1700] Loaded user IP repository 'c:/Users/C27Soren.Herzog/ece383/Herzog_ece383_wksp/ip_repo/ZoGolf_DP_1_0'.
INFO: [IP_Flow 19-1700] Loaded user IP repository 'c:/Users/C27Soren.Herzog/Downloads/ece383_code-main/ece383_code-main/ip_repo/My_Counter_IP_1_0'.
INFO: [IP_Flow 19-795] Syncing license key meta-data
ipx::edit_ip_in_project: Time (s): cpu = 00:00:06 ; elapsed = 00:00:09 . Memory (MB): peak = 2191.781 ; gain = 10.363
update_compile_order -fileset sources_1
set_property core_revision 10 [ipx::current_core]
ipx::update_source_project_archive -component [ipx::current_core]
ipx::create_xgui_files [ipx::current_core]
ipx::update_checksums [ipx::current_core]
ipx::check_integrity [ipx::current_core]
WARNING: [IP_Flow 19-11889] HDL Parameter 'C_S00_AXI_DATA_WIDTH (C S00 AXI DATA WIDTH)': Order is obsolete with XGUI version >= 2.0
WARNING: [IP_Flow 19-11889] HDL Parameter 'C_S00_AXI_ADDR_WIDTH (C S00 AXI ADDR WIDTH)': Order is obsolete with XGUI version >= 2.0
CRITICAL WARNING: [IP_Flow 19-626] File Group 'xilinx_vhdlsynthesis (VHDL Synthesis)': verilogSource subcore file "mmcm_pll_drp_func_7s_mmcm.vh" is referenced from the pure language VHDL file group. Please consider changing the file group type to support mixed language sources.
CRITICAL WARNING: [IP_Flow 19-626] File Group 'xilinx_vhdlsynthesis (VHDL Synthesis)': verilogSource subcore file "mmcm_pll_drp_func_7s_pll.vh" is referenced from the pure language VHDL file group. Please consider changing the file group type to support mixed language sources.
CRITICAL WARNING: [IP_Flow 19-626] File Group 'xilinx_vhdlsynthesis (VHDL Synthesis)': verilogSource subcore file "mmcm_pll_drp_func_us_mmcm.vh" is referenced from the pure language VHDL file group. Please consider changing the file group type to support mixed language sources.
CRITICAL WARNING: [IP_Flow 19-626] File Group 'xilinx_vhdlsynthesis (VHDL Synthesis)': verilogSource subcore file "mmcm_pll_drp_func_us_pll.vh" is referenced from the pure language VHDL file group. Please consider changing the file group type to support mixed language sources.
CRITICAL WARNING: [IP_Flow 19-626] File Group 'xilinx_vhdlsynthesis (VHDL Synthesis)': verilogSource subcore file "mmcm_pll_drp_func_us_plus_pll.vh" is referenced from the pure language VHDL file group. Please consider changing the file group type to support mixed language sources.
CRITICAL WARNING: [IP_Flow 19-626] File Group 'xilinx_vhdlsynthesis (VHDL Synthesis)': verilogSource subcore file "mmcm_pll_drp_func_us_plus_mmcm.vh" is referenced from the pure language VHDL file group. Please consider changing the file group type to support mixed language sources.
CRITICAL WARNING: [IP_Flow 19-626] File Group 'xilinx_vhdlbehavioralsimulation (VHDL Simulation)': verilogSource subcore file "mmcm_pll_drp_func_7s_mmcm.vh" is referenced from the pure language VHDL file group. Please consider changing the file group type to support mixed language sources.
CRITICAL WARNING: [IP_Flow 19-626] File Group 'xilinx_vhdlbehavioralsimulation (VHDL Simulation)': verilogSource subcore file "mmcm_pll_drp_func_7s_pll.vh" is referenced from the pure language VHDL file group. Please consider changing the file group type to support mixed language sources.
CRITICAL WARNING: [IP_Flow 19-626] File Group 'xilinx_vhdlbehavioralsimulation (VHDL Simulation)': verilogSource subcore file "mmcm_pll_drp_func_us_mmcm.vh" is referenced from the pure language VHDL file group. Please consider changing the file group type to support mixed language sources.
CRITICAL WARNING: [IP_Flow 19-626] File Group 'xilinx_vhdlbehavioralsimulation (VHDL Simulation)': verilogSource subcore file "mmcm_pll_drp_func_us_pll.vh" is referenced from the pure language VHDL file group. Please consider changing the file group type to support mixed language sources.
CRITICAL WARNING: [IP_Flow 19-626] File Group 'xilinx_vhdlbehavioralsimulation (VHDL Simulation)': verilogSource subcore file "mmcm_pll_drp_func_us_plus_pll.vh" is referenced from the pure language VHDL file group. Please consider changing the file group type to support mixed language sources.
CRITICAL WARNING: [IP_Flow 19-626] File Group 'xilinx_vhdlbehavioralsimulation (VHDL Simulation)': verilogSource subcore file "mmcm_pll_drp_func_us_plus_mmcm.vh" is referenced from the pure language VHDL file group. Please consider changing the file group type to support mixed language sources.
WARNING: [IP_Flow 19-11770] Clock interface 'S00_AXI_CLK' has no FREQ_HZ parameter.
WARNING: [IP_Flow 19-5661] Bus Interface 'ps2_clk' does not have any bus interfaces associated with it.
WARNING: [IP_Flow 19-11770] Clock interface 'ps2_clk' has no FREQ_HZ parameter.
INFO: [IP_Flow 19-2181] Payment is not required for this core.
WARNING: [IP_Flow 19-2187] The Product Guide file is missing.
INFO: [Ipptcl 7-1486] check_integrity: Integrity check passed.
ipx::save_core [ipx::current_core]
WARNING: [filemgmt 56-199] Attempt to get parsing info during refresh. "On-the-fly" syntax checking information may be incorrect. [C:\Users\C27Soren.Herzog\ece383\Herzog_ece383_wksp\ip_repo\ZoGolf_DP_1_0\src\level3_BRAM_Pair.vhd:]
WARNING: [filemgmt 56-199] Attempt to get parsing info during refresh. "On-the-fly" syntax checking information may be incorrect. [C:\Users\C27Soren.Herzog\ece383\Herzog_ece383_wksp\ip_repo\ZoGolf_DP_1_0\src\level6_BRAM_Pair.vhd:]
WARNING: [filemgmt 56-199] Attempt to get parsing info during refresh. "On-the-fly" syntax checking information may be incorrect. [C:\Users\C27Soren.Herzog\ece383\Herzog_ece383_wksp\ip_repo\ZoGolf_DP_1_0\src\level7_BRAM_Pair.vhd:]
WARNING: [filemgmt 56-199] Attempt to get parsing info during refresh. "On-the-fly" syntax checking information may be incorrect. [C:\Users\C27Soren.Herzog\ece383\Herzog_ece383_wksp\ip_repo\ZoGolf_DP_1_0\src\level8_BRAM_Pair.vhd:]
WARNING: [filemgmt 56-199] Attempt to get parsing info during refresh. "On-the-fly" syntax checking information may be incorrect. [C:\Users\C27Soren.Herzog\ece383\Herzog_ece383_wksp\ip_repo\ZoGolf_DP_1_0\src\level5_BRAM_Pair.vhd:]
WARNING: [filemgmt 56-199] Attempt to get parsing info during refresh. "On-the-fly" syntax checking information may be incorrect. [C:\Users\C27Soren.Herzog\ece383\Herzog_ece383_wksp\ip_repo\ZoGolf_DP_1_0\src\level4_BRAM_Pair.vhd:]
WARNING: [filemgmt 56-199] Attempt to get parsing info during refresh. "On-the-fly" syntax checking information may be incorrect. [C:\Users\C27Soren.Herzog\ece383\Herzog_ece383_wksp\ip_repo\ZoGolf_DP_1_0\src\level9_BRAM_Pair.vhd:]
WARNING: [filemgmt 56-199] Attempt to get parsing info during refresh. "On-the-fly" syntax checking information may be incorrect. [c:\Users\C27Soren.Herzog\ece383\Herzog_ece383_wksp\ip_repo\ZoGolf_DP_1_0\src\level4_BRAM_Pair.vhd:]
WARNING: [filemgmt 56-199] Attempt to get parsing info during refresh. "On-the-fly" syntax checking information may be incorrect. [c:\Users\C27Soren.Herzog\ece383\Herzog_ece383_wksp\ip_repo\ZoGolf_DP_1_0\src\level4_BRAM_Pair.vhd:]
WARNING: [filemgmt 56-199] Attempt to get parsing info during refresh. "On-the-fly" syntax checking information may be incorrect. [C:\Users\C27Soren.Herzog\ece383\Herzog_ece383_wksp\ip_repo\ZoGolf_DP_1_0\src\level3_BRAM_Pair.vhd:]
WARNING: [filemgmt 56-199] Attempt to get parsing info during refresh. "On-the-fly" syntax checking information may be incorrect. [C:\Users\C27Soren.Herzog\ece383\Herzog_ece383_wksp\ip_repo\ZoGolf_DP_1_0\src\level6_BRAM_Pair.vhd:]
WARNING: [filemgmt 56-199] Attempt to get parsing info during refresh. "On-the-fly" syntax checking information may be incorrect. [C:\Users\C27Soren.Herzog\ece383\Herzog_ece383_wksp\ip_repo\ZoGolf_DP_1_0\src\level7_BRAM_Pair.vhd:]
WARNING: [filemgmt 56-199] Attempt to get parsing info during refresh. "On-the-fly" syntax checking information may be incorrect. [C:\Users\C27Soren.Herzog\ece383\Herzog_ece383_wksp\ip_repo\ZoGolf_DP_1_0\src\level8_BRAM_Pair.vhd:]
WARNING: [filemgmt 56-199] Attempt to get parsing info during refresh. "On-the-fly" syntax checking information may be incorrect. [C:\Users\C27Soren.Herzog\ece383\Herzog_ece383_wksp\ip_repo\ZoGolf_DP_1_0\src\level5_BRAM_Pair.vhd:]
WARNING: [filemgmt 56-199] Attempt to get parsing info during refresh. "On-the-fly" syntax checking information may be incorrect. [C:\Users\C27Soren.Herzog\ece383\Herzog_ece383_wksp\ip_repo\ZoGolf_DP_1_0\src\level4_BRAM_Pair.vhd:]
WARNING: [filemgmt 56-199] Attempt to get parsing info during refresh. "On-the-fly" syntax checking information may be incorrect. [C:\Users\C27Soren.Herzog\ece383\Herzog_ece383_wksp\ip_repo\ZoGolf_DP_1_0\src\level9_BRAM_Pair.vhd:]
WARNING: [filemgmt 56-199] Attempt to get parsing info during refresh. "On-the-fly" syntax checking information may be incorrect. [c:\Users\C27Soren.Herzog\ece383\Herzog_ece383_wksp\ip_repo\ZoGolf_DP_1_0\src\level6_BRAM_Pair.vhd:]
WARNING: [filemgmt 56-199] Attempt to get parsing info during refresh. "On-the-fly" syntax checking information may be incorrect. [c:\Users\C27Soren.Herzog\ece383\Herzog_ece383_wksp\ip_repo\ZoGolf_DP_1_0\src\level6_BRAM_Pair.vhd:]
WARNING: [filemgmt 56-199] Attempt to get parsing info during refresh. "On-the-fly" syntax checking information may be incorrect. [C:\Users\C27Soren.Herzog\ece383\Herzog_ece383_wksp\ip_repo\ZoGolf_DP_1_0\src\level3_BRAM_Pair.vhd:]
WARNING: [filemgmt 56-199] Attempt to get parsing info during refresh. "On-the-fly" syntax checking information may be incorrect. [C:\Users\C27Soren.Herzog\ece383\Herzog_ece383_wksp\ip_repo\ZoGolf_DP_1_0\src\level6_BRAM_Pair.vhd:]
WARNING: [filemgmt 56-199] Attempt to get parsing info during refresh. "On-the-fly" syntax checking information may be incorrect. [C:\Users\C27Soren.Herzog\ece383\Herzog_ece383_wksp\ip_repo\ZoGolf_DP_1_0\src\level7_BRAM_Pair.vhd:]
WARNING: [filemgmt 56-199] Attempt to get parsing info during refresh. "On-the-fly" syntax checking information may be incorrect. [C:\Users\C27Soren.Herzog\ece383\Herzog_ece383_wksp\ip_repo\ZoGolf_DP_1_0\src\level8_BRAM_Pair.vhd:]
WARNING: [filemgmt 56-199] Attempt to get parsing info during refresh. "On-the-fly" syntax checking information may be incorrect. [C:\Users\C27Soren.Herzog\ece383\Herzog_ece383_wksp\ip_repo\ZoGolf_DP_1_0\src\level5_BRAM_Pair.vhd:]
WARNING: [filemgmt 56-199] Attempt to get parsing info during refresh. "On-the-fly" syntax checking information may be incorrect. [C:\Users\C27Soren.Herzog\ece383\Herzog_ece383_wksp\ip_repo\ZoGolf_DP_1_0\src\level4_BRAM_Pair.vhd:]
WARNING: [filemgmt 56-199] Attempt to get parsing info during refresh. "On-the-fly" syntax checking information may be incorrect. [C:\Users\C27Soren.Herzog\ece383\Herzog_ece383_wksp\ip_repo\ZoGolf_DP_1_0\src\level9_BRAM_Pair.vhd:]
WARNING: [filemgmt 56-199] Attempt to get parsing info during refresh. "On-the-fly" syntax checking information may be incorrect. [c:\Users\C27Soren.Herzog\ece383\Herzog_ece383_wksp\ip_repo\ZoGolf_DP_1_0\src\level8_BRAM_Pair.vhd:]
WARNING: [filemgmt 56-199] Attempt to get parsing info during refresh. "On-the-fly" syntax checking information may be incorrect. [c:\Users\C27Soren.Herzog\ece383\Herzog_ece383_wksp\ip_repo\ZoGolf_DP_1_0\src\level8_BRAM_Pair.vhd:]
ipx::move_temp_component_back -component [ipx::current_core]
close_project -delete
update_ip_catalog -rebuild -repo_path c:/Users/C27Soren.Herzog/ece383/Herzog_ece383_wksp/ip_repo/ZoGolf_DP_1_0
INFO: [IP_Flow 19-725] Reloaded user IP repository 'c:/Users/C27Soren.Herzog/ece383/Herzog_ece383_wksp/ip_repo/ZoGolf_DP_1_0'
report_ip_status -name ip_status 
upgrade_ip -vlnv xilinx.com:user:ZoGolf_DP:1.0 [get_ips  design_1_ZoGolf_DP_0_2] -log ip_upgrade.log
Upgrading 'C:/Users/C27Soren.Herzog/ece383/Herzog_ece383_wksp/FinalProj_IP/design_ZoGolf_V3.srcs/sources_1/bd/design_1/design_1.bd'
INFO: [IP_Flow 19-3422] Upgraded design_1_ZoGolf_DP_0_2 (ZoGolf_DP_v1.0 1.0) from revision 9 to revision 10
Wrote  : <C:\Users\C27Soren.Herzog\ece383\Herzog_ece383_wksp\FinalProj_IP\design_ZoGolf_V3.srcs\sources_1\bd\design_1\design_1.bd> 
INFO: [Coretcl 2-1525] Wrote upgrade log to 'C:/Users/C27Soren.Herzog/ece383/Herzog_ece383_wksp/FinalProj_IP/ip_upgrade.log'.
export_ip_user_files -of_objects [get_ips design_1_ZoGolf_DP_0_2] -no_script -sync -force -quiet
exit
INFO: [Common 17-206] Exiting Vivado at Thu May  7 00:50:29 2026...
