#-----------------------------------------------------------
# Vivado v2024.2 (64-bit)
# SW Build 5239630 on Fri Nov 08 22:35:27 MST 2024
# IP Build 5239520 on Sun Nov 10 16:12:51 MST 2024
# SharedData Build 5239561 on Fri Nov 08 14:39:27 MST 2024
# Start of session at: Thu Feb 19 07:07:53 2026
# Process ID         : 14576
# Current directory  : C:/Users/C27Soren.Herzog/ece383/Herzog_ece383_wksp/lab2
# Command line       : vivado.exe -gui_launcher_event rodinguilauncherevent25124 C:\Users\C27Soren.Herzog\ece383\Herzog_ece383_wksp\lab2\Lab _2.xpr
# Log file           : C:/Users/C27Soren.Herzog/ece383/Herzog_ece383_wksp/lab2/vivado.log
# Journal file       : C:/Users/C27Soren.Herzog/ece383/Herzog_ece383_wksp/lab2\vivado.jou
# Running On         : C27-5CG3121G96
# Platform           : Windows Server 2016 or Windows 10
# Operating System   : 22631
# Processor Detail   : AMD Ryzen 7 PRO 6850U with Radeon Graphics     
# CPU Frequency      : 2695 MHz
# CPU Physical cores : 8
# CPU Logical cores  : 16
# Host memory        : 16442 MB
# Swap memory        : 7247 MB
# Total Virtual      : 23690 MB
# Available Virtual  : 8280 MB
#-----------------------------------------------------------
start_gui
open_project {C:/Users/C27Soren.Herzog/ece383/Herzog_ece383_wksp/lab2/Lab _2.xpr}
Scanning sources...
Finished scanning sources
INFO: [IP_Flow 19-234] Refreshing IP repositories
INFO: [IP_Flow 19-1704] No user IP repositories specified
INFO: [IP_Flow 19-2313] Loaded Vivado IP repository 'C:/Xilinx/Vivado/2024.2/data/ip'.
open_project: Time (s): cpu = 00:00:06 ; elapsed = 00:00:11 . Memory (MB): peak = 1150.141 ; gain = 102.652
update_compile_order -fileset sources_1
WARNING: [filemgmt 56-199] Attempt to get parsing info during refresh. "On-the-fly" syntax checking information may be incorrect. [C:\Users\C27Soren.Herzog\ece383\Herzog_ece383_wksp\lab2\Lab _2.srcs\sources_1\imports\imports\Lab1_Cadet_Code_2026\numeric_stepper.vhd:]
WARNING: [filemgmt 56-199] Attempt to get parsing info during refresh. "On-the-fly" syntax checking information may be incorrect. [C:\Users\C27Soren.Herzog\ece383\Herzog_ece383_wksp\lab2\Lab _2.srcs\sources_1\imports\C27Soren.Herzog\OneDrive - afacademy.af.edu\Documents\Schoolwork Sem6 2026 Spring\M1 - ECE 383 CSYS\Lab\Lab 2\lab2_code_for_cadets_2026\lab2_datapath.vhdl:]
WARNING: [filemgmt 56-199] Attempt to get parsing info during refresh. "On-the-fly" syntax checking information may be incorrect. [C:\Users\C27Soren.Herzog\ece383\Herzog_ece383_wksp\lab2\Lab _2.srcs\sources_1\imports\C27Soren.Herzog\OneDrive - afacademy.af.edu\Documents\Schoolwork Sem6 2026 Spring\M1 - ECE 383 CSYS\Lab\Lab 2\lab2_code_for_cadets_2026\lab2_datapath.vhdl:]
WARNING: [filemgmt 56-199] Attempt to get parsing info during refresh. "On-the-fly" syntax checking information may be incorrect. [C:\Users\C27Soren.Herzog\ece383\Herzog_ece383_wksp\lab2\Lab _2.srcs\sources_1\imports\C27Soren.Herzog\OneDrive - afacademy.af.edu\Documents\Schoolwork Sem6 2026 Spring\M1 - ECE 383 CSYS\Lab\Lab 2\lab2_code_for_cadets_2026\lab2_datapath.vhdl:]
ERROR: [Common 17-180] Spawn failed: No error
update_compile_order -fileset sources_1
WARNING: [filemgmt 56-199] Attempt to get parsing info during refresh. "On-the-fly" syntax checking information may be incorrect. [C:\Users\C27Soren.Herzog\ece383\Herzog_ece383_wksp\lab2\Lab _2.srcs\sources_1\imports\imports\Lab1_Cadet_Code_2026\numeric_stepper.vhd:]
WARNING: [filemgmt 56-199] Attempt to get parsing info during refresh. "On-the-fly" syntax checking information may be incorrect. [C:\Users\C27Soren.Herzog\ece383\Herzog_ece383_wksp\lab2\Lab _2.srcs\sources_1\imports\C27Soren.Herzog\OneDrive - afacademy.af.edu\Documents\Schoolwork Sem6 2026 Spring\M1 - ECE 383 CSYS\Lab\Lab 2\lab2_code_for_cadets_2026\lab2_datapath.vhdl:]
WARNING: [filemgmt 56-199] Attempt to get parsing info during refresh. "On-the-fly" syntax checking information may be incorrect. [C:\Users\C27Soren.Herzog\ece383\Herzog_ece383_wksp\lab2\Lab _2.srcs\sources_1\imports\C27Soren.Herzog\OneDrive - afacademy.af.edu\Documents\Schoolwork Sem6 2026 Spring\M1 - ECE 383 CSYS\Lab\Lab 2\lab2_code_for_cadets_2026\lab2_datapath.vhdl:]
WARNING: [filemgmt 56-199] Attempt to get parsing info during refresh. "On-the-fly" syntax checking information may be incorrect. [C:\Users\C27Soren.Herzog\ece383\Herzog_ece383_wksp\lab2\Lab _2.srcs\sources_1\imports\C27Soren.Herzog\OneDrive - afacademy.af.edu\Documents\Schoolwork Sem6 2026 Spring\M1 - ECE 383 CSYS\Lab\Lab 2\lab2_code_for_cadets_2026\lab2_datapath.vhdl:]
ERROR: [Common 17-180] Spawn failed: No error
WARNING: [filemgmt 56-199] Attempt to get parsing info during refresh. "On-the-fly" syntax checking information may be incorrect. [C:\Users\C27Soren.Herzog\ece383\Herzog_ece383_wksp\lab2\Lab _2.srcs\sources_1\imports\C27Soren.Herzog\OneDrive - afacademy.af.edu\Documents\Schoolwork Sem6 2026 Spring\M1 - ECE 383 CSYS\Lab\Lab 2\lab2_code_for_cadets_2026\ece383_pkg.vhd:]
WARNING: [filemgmt 56-199] Attempt to get parsing info during refresh. "On-the-fly" syntax checking information may be incorrect. [C:\Users\C27Soren.Herzog\ece383\Herzog_ece383_wksp\lab2\Lab _2.srcs\sources_1\imports\C27Soren.Herzog\OneDrive - afacademy.af.edu\Documents\Schoolwork Sem6 2026 Spring\M1 - ECE 383 CSYS\Lab\Lab 2\lab2_code_for_cadets_2026\trigger_detector.vhd:]
WARNING: [filemgmt 56-199] Attempt to get parsing info during refresh. "On-the-fly" syntax checking information may be incorrect. [C:\Users\C27Soren.Herzog\ece383\Herzog_ece383_wksp\lab2\Lab _2.srcs\sources_1\imports\imports\Lab1_Cadet_Code_2026\numeric_stepper.vhd:]
WARNING: [filemgmt 56-199] Attempt to get parsing info during refresh. "On-the-fly" syntax checking information may be incorrect. [C:\Users\C27Soren.Herzog\ece383\Herzog_ece383_wksp\lab2\Lab _2.srcs\sources_1\imports\C27Soren.Herzog\OneDrive - afacademy.af.edu\Documents\Schoolwork Sem6 2026 Spring\M1 - ECE 383 CSYS\Lab\Lab 2\lab2_code_for_cadets_2026\lab2_datapath.vhdl:]
WARNING: [filemgmt 56-199] Attempt to get parsing info during refresh. "On-the-fly" syntax checking information may be incorrect. [C:\Users\C27Soren.Herzog\ece383\Herzog_ece383_wksp\lab2\Lab _2.srcs\sources_1\imports\C27Soren.Herzog\OneDrive - afacademy.af.edu\Documents\Schoolwork Sem6 2026 Spring\M1 - ECE 383 CSYS\Lab\Lab 2\lab2_code_for_cadets_2026\lab2_datapath.vhdl:]
WARNING: [filemgmt 56-199] Attempt to get parsing info during refresh. "On-the-fly" syntax checking information may be incorrect. [C:\Users\C27Soren.Herzog\ece383\Herzog_ece383_wksp\lab2\Lab _2.srcs\sources_1\imports\C27Soren.Herzog\OneDrive - afacademy.af.edu\Documents\Schoolwork Sem6 2026 Spring\M1 - ECE 383 CSYS\Lab\Lab 2\lab2_code_for_cadets_2026\lab2_datapath.vhdl:]
WARNING: [filemgmt 56-199] Attempt to get parsing info during refresh. "On-the-fly" syntax checking information may be incorrect. [C:\Users\C27Soren.Herzog\ece383\Herzog_ece383_wksp\lab2\Lab _2.srcs\sources_1\imports\C27Soren.Herzog\OneDrive - afacademy.af.edu\Documents\Schoolwork Sem6 2026 Spring\M1 - ECE 383 CSYS\Lab\Lab 2\lab2_code_for_cadets_2026\ece383_pkg.vhd:]
WARNING: [filemgmt 56-199] Attempt to get parsing info during refresh. "On-the-fly" syntax checking information may be incorrect. [C:\Users\C27Soren.Herzog\ece383\Herzog_ece383_wksp\lab2\Lab _2.srcs\sources_1\imports\C27Soren.Herzog\OneDrive - afacademy.af.edu\Documents\Schoolwork Sem6 2026 Spring\M1 - ECE 383 CSYS\Lab\Lab 2\lab2_code_for_cadets_2026\trigger_detector.vhd:]
WARNING: [filemgmt 56-199] Attempt to get parsing info during refresh. "On-the-fly" syntax checking information may be incorrect. [C:\Users\C27Soren.Herzog\ece383\Herzog_ece383_wksp\lab2\Lab _2.srcs\sources_1\imports\imports\Lab1_Cadet_Code_2026\numeric_stepper.vhd:]
WARNING: [filemgmt 56-199] Attempt to get parsing info during refresh. "On-the-fly" syntax checking information may be incorrect. [C:\Users\C27Soren.Herzog\ece383\Herzog_ece383_wksp\lab2\Lab _2.srcs\sources_1\imports\C27Soren.Herzog\OneDrive - afacademy.af.edu\Documents\Schoolwork Sem6 2026 Spring\M1 - ECE 383 CSYS\Lab\Lab 2\lab2_code_for_cadets_2026\lab2_datapath.vhdl:]
WARNING: [filemgmt 56-199] Attempt to get parsing info during refresh. "On-the-fly" syntax checking information may be incorrect. [C:\Users\C27Soren.Herzog\ece383\Herzog_ece383_wksp\lab2\Lab _2.srcs\sources_1\imports\C27Soren.Herzog\OneDrive - afacademy.af.edu\Documents\Schoolwork Sem6 2026 Spring\M1 - ECE 383 CSYS\Lab\Lab 2\lab2_code_for_cadets_2026\ece383_pkg.vhd:]
WARNING: [filemgmt 56-199] Attempt to get parsing info during refresh. "On-the-fly" syntax checking information may be incorrect. [C:\Users\C27Soren.Herzog\ece383\Herzog_ece383_wksp\lab2\Lab _2.srcs\sources_1\imports\C27Soren.Herzog\OneDrive - afacademy.af.edu\Documents\Schoolwork Sem6 2026 Spring\M1 - ECE 383 CSYS\Lab\Lab 2\lab2_code_for_cadets_2026\ece383_pkg.vhd:]
ERROR: [Common 17-180] Spawn failed: No error
WARNING: [filemgmt 56-199] Attempt to get parsing info during refresh. "On-the-fly" syntax checking information may be incorrect. [C:\Users\C27Soren.Herzog\ece383\Herzog_ece383_wksp\lab2\Lab _2.srcs\sources_1\imports\C27Soren.Herzog\OneDrive - afacademy.af.edu\Documents\Schoolwork Sem6 2026 Spring\M1 - ECE 383 CSYS\Lab\Lab 2\lab2_code_for_cadets_2026\ece383_pkg.vhd:]
WARNING: [filemgmt 56-199] Attempt to get parsing info during refresh. "On-the-fly" syntax checking information may be incorrect. [C:\Users\C27Soren.Herzog\ece383\Herzog_ece383_wksp\lab2\Lab _2.srcs\sources_1\imports\C27Soren.Herzog\OneDrive - afacademy.af.edu\Documents\Schoolwork Sem6 2026 Spring\M1 - ECE 383 CSYS\Lab\Lab 2\lab2_code_for_cadets_2026\trigger_detector.vhd:]
WARNING: [filemgmt 56-199] Attempt to get parsing info during refresh. "On-the-fly" syntax checking information may be incorrect. [C:\Users\C27Soren.Herzog\ece383\Herzog_ece383_wksp\lab2\Lab _2.srcs\sources_1\imports\imports\Lab1_Cadet_Code_2026\numeric_stepper.vhd:]
WARNING: [filemgmt 56-199] Attempt to get parsing info during refresh. "On-the-fly" syntax checking information may be incorrect. [C:\Users\C27Soren.Herzog\ece383\Herzog_ece383_wksp\lab2\Lab _2.srcs\sources_1\imports\C27Soren.Herzog\OneDrive - afacademy.af.edu\Documents\Schoolwork Sem6 2026 Spring\M1 - ECE 383 CSYS\Lab\Lab 2\lab2_code_for_cadets_2026\lab2_datapath.vhdl:]
WARNING: [filemgmt 56-199] Attempt to get parsing info during refresh. "On-the-fly" syntax checking information may be incorrect. [C:\Users\C27Soren.Herzog\ece383\Herzog_ece383_wksp\lab2\Lab _2.srcs\sources_1\imports\C27Soren.Herzog\OneDrive - afacademy.af.edu\Documents\Schoolwork Sem6 2026 Spring\M1 - ECE 383 CSYS\Lab\Lab 2\lab2_code_for_cadets_2026\trigger_detector.vhd:]
WARNING: [filemgmt 56-199] Attempt to get parsing info during refresh. "On-the-fly" syntax checking information may be incorrect. [C:\Users\C27Soren.Herzog\ece383\Herzog_ece383_wksp\lab2\Lab _2.srcs\sources_1\imports\C27Soren.Herzog\OneDrive - afacademy.af.edu\Documents\Schoolwork Sem6 2026 Spring\M1 - ECE 383 CSYS\Lab\Lab 2\lab2_code_for_cadets_2026\trigger_detector.vhd:]
ERROR: [Common 17-180] Spawn failed: No error
update_compile_order -fileset sources_1
WARNING: [filemgmt 56-199] Attempt to get parsing info during refresh. "On-the-fly" syntax checking information may be incorrect. [C:\Users\C27Soren.Herzog\ece383\Herzog_ece383_wksp\lab2\Lab _2.srcs\sources_1\imports\C27Soren.Herzog\OneDrive - afacademy.af.edu\Documents\Schoolwork Sem6 2026 Spring\M1 - ECE 383 CSYS\Lab\Lab 2\lab2_code_for_cadets_2026\ece383_pkg.vhd:]
WARNING: [filemgmt 56-199] Attempt to get parsing info during refresh. "On-the-fly" syntax checking information may be incorrect. [C:\Users\C27Soren.Herzog\ece383\Herzog_ece383_wksp\lab2\Lab _2.srcs\sources_1\imports\C27Soren.Herzog\OneDrive - afacademy.af.edu\Documents\Schoolwork Sem6 2026 Spring\M1 - ECE 383 CSYS\Lab\Lab 2\lab2_code_for_cadets_2026\trigger_detector.vhd:]
WARNING: [filemgmt 56-199] Attempt to get parsing info during refresh. "On-the-fly" syntax checking information may be incorrect. [C:\Users\C27Soren.Herzog\ece383\Herzog_ece383_wksp\lab2\Lab _2.srcs\sources_1\imports\imports\Lab1_Cadet_Code_2026\numeric_stepper.vhd:]
WARNING: [filemgmt 56-199] Attempt to get parsing info during refresh. "On-the-fly" syntax checking information may be incorrect. [C:\Users\C27Soren.Herzog\ece383\Herzog_ece383_wksp\lab2\Lab _2.srcs\sources_1\imports\C27Soren.Herzog\OneDrive - afacademy.af.edu\Documents\Schoolwork Sem6 2026 Spring\M1 - ECE 383 CSYS\Lab\Lab 2\lab2_code_for_cadets_2026\lab2_datapath.vhdl:]
WARNING: [filemgmt 56-199] Attempt to get parsing info during refresh. "On-the-fly" syntax checking information may be incorrect. [C:\Users\C27Soren.Herzog\ece383\Herzog_ece383_wksp\lab2\Lab _2.srcs\sources_1\imports\C27Soren.Herzog\OneDrive - afacademy.af.edu\Documents\Schoolwork Sem6 2026 Spring\M1 - ECE 383 CSYS\Lab\Lab 2\lab2_code_for_cadets_2026\lab2_datapath.vhdl:]
WARNING: [filemgmt 56-199] Attempt to get parsing info during refresh. "On-the-fly" syntax checking information may be incorrect. [C:\Users\C27Soren.Herzog\ece383\Herzog_ece383_wksp\lab2\Lab _2.srcs\sources_1\imports\C27Soren.Herzog\OneDrive - afacademy.af.edu\Documents\Schoolwork Sem6 2026 Spring\M1 - ECE 383 CSYS\Lab\Lab 2\lab2_code_for_cadets_2026\lab2_datapath.vhdl:]
WARNING: [filemgmt 56-199] Attempt to get parsing info during refresh. "On-the-fly" syntax checking information may be incorrect. [C:\Users\C27Soren.Herzog\ece383\Herzog_ece383_wksp\lab2\Lab _2.srcs\sources_1\imports\C27Soren.Herzog\OneDrive - afacademy.af.edu\Documents\Schoolwork Sem6 2026 Spring\M1 - ECE 383 CSYS\Lab\Lab 2\lab2_code_for_cadets_2026\ece383_pkg.vhd:]
WARNING: [filemgmt 56-199] Attempt to get parsing info during refresh. "On-the-fly" syntax checking information may be incorrect. [C:\Users\C27Soren.Herzog\ece383\Herzog_ece383_wksp\lab2\Lab _2.srcs\sources_1\imports\C27Soren.Herzog\OneDrive - afacademy.af.edu\Documents\Schoolwork Sem6 2026 Spring\M1 - ECE 383 CSYS\Lab\Lab 2\lab2_code_for_cadets_2026\trigger_detector.vhd:]
WARNING: [filemgmt 56-199] Attempt to get parsing info during refresh. "On-the-fly" syntax checking information may be incorrect. [C:\Users\C27Soren.Herzog\ece383\Herzog_ece383_wksp\lab2\Lab _2.srcs\sources_1\imports\imports\Lab1_Cadet_Code_2026\numeric_stepper.vhd:]
WARNING: [filemgmt 56-199] Attempt to get parsing info during refresh. "On-the-fly" syntax checking information may be incorrect. [C:\Users\C27Soren.Herzog\ece383\Herzog_ece383_wksp\lab2\Lab _2.srcs\sources_1\imports\C27Soren.Herzog\OneDrive - afacademy.af.edu\Documents\Schoolwork Sem6 2026 Spring\M1 - ECE 383 CSYS\Lab\Lab 2\lab2_code_for_cadets_2026\lab2_datapath.vhdl:]
WARNING: [filemgmt 56-199] Attempt to get parsing info during refresh. "On-the-fly" syntax checking information may be incorrect. [C:\Users\C27Soren.Herzog\ece383\Herzog_ece383_wksp\lab2\Lab _2.srcs\sources_1\imports\C27Soren.Herzog\OneDrive - afacademy.af.edu\Documents\Schoolwork Sem6 2026 Spring\M1 - ECE 383 CSYS\Lab\Lab 2\lab2_code_for_cadets_2026\ece383_pkg.vhd:]
WARNING: [filemgmt 56-199] Attempt to get parsing info during refresh. "On-the-fly" syntax checking information may be incorrect. [C:\Users\C27Soren.Herzog\ece383\Herzog_ece383_wksp\lab2\Lab _2.srcs\sources_1\imports\C27Soren.Herzog\OneDrive - afacademy.af.edu\Documents\Schoolwork Sem6 2026 Spring\M1 - ECE 383 CSYS\Lab\Lab 2\lab2_code_for_cadets_2026\ece383_pkg.vhd:]
ERROR: [Common 17-180] Spawn failed: No error
WARNING: [filemgmt 56-199] Attempt to get parsing info during refresh. "On-the-fly" syntax checking information may be incorrect. [C:\Users\C27Soren.Herzog\ece383\Herzog_ece383_wksp\lab2\Lab _2.srcs\sources_1\imports\C27Soren.Herzog\OneDrive - afacademy.af.edu\Documents\Schoolwork Sem6 2026 Spring\M1 - ECE 383 CSYS\Lab\Lab 2\lab2_code_for_cadets_2026\ece383_pkg.vhd:]
WARNING: [filemgmt 56-199] Attempt to get parsing info during refresh. "On-the-fly" syntax checking information may be incorrect. [C:\Users\C27Soren.Herzog\ece383\Herzog_ece383_wksp\lab2\Lab _2.srcs\sources_1\imports\C27Soren.Herzog\OneDrive - afacademy.af.edu\Documents\Schoolwork Sem6 2026 Spring\M1 - ECE 383 CSYS\Lab\Lab 2\lab2_code_for_cadets_2026\trigger_detector.vhd:]
WARNING: [filemgmt 56-199] Attempt to get parsing info during refresh. "On-the-fly" syntax checking information may be incorrect. [C:\Users\C27Soren.Herzog\ece383\Herzog_ece383_wksp\lab2\Lab _2.srcs\sources_1\imports\imports\Lab1_Cadet_Code_2026\numeric_stepper.vhd:]
WARNING: [filemgmt 56-199] Attempt to get parsing info during refresh. "On-the-fly" syntax checking information may be incorrect. [C:\Users\C27Soren.Herzog\ece383\Herzog_ece383_wksp\lab2\Lab _2.srcs\sources_1\imports\C27Soren.Herzog\OneDrive - afacademy.af.edu\Documents\Schoolwork Sem6 2026 Spring\M1 - ECE 383 CSYS\Lab\Lab 2\lab2_code_for_cadets_2026\lab2_datapath.vhdl:]
WARNING: [filemgmt 56-199] Attempt to get parsing info during refresh. "On-the-fly" syntax checking information may be incorrect. [C:\Users\C27Soren.Herzog\ece383\Herzog_ece383_wksp\lab2\Lab _2.srcs\sources_1\imports\imports\Lab1_Cadet_Code_2026\numeric_stepper.vhd:]
WARNING: [filemgmt 56-199] Attempt to get parsing info during refresh. "On-the-fly" syntax checking information may be incorrect. [C:\Users\C27Soren.Herzog\ece383\Herzog_ece383_wksp\lab2\Lab _2.srcs\sources_1\imports\imports\Lab1_Cadet_Code_2026\numeric_stepper.vhd:]
ERROR: [Common 17-180] Spawn failed: No error
import_files -norecurse C:/Users/C27Soren.Herzog/ece383/Herzog_ece383_wksp/hw7/HW7.srcs/sources_1/imports/HW7/button_debounce.vhdl
WARNING: [filemgmt 56-199] Attempt to get parsing info during refresh. "On-the-fly" syntax checking information may be incorrect. [C:\Users\C27Soren.Herzog\ece383\Herzog_ece383_wksp\lab2\Lab _2.srcs\sources_1\imports\C27Soren.Herzog\OneDrive - afacademy.af.edu\Documents\Schoolwork Sem6 2026 Spring\M1 - ECE 383 CSYS\Lab\Lab 2\lab2_code_for_cadets_2026\ece383_pkg.vhd:]
WARNING: [filemgmt 56-199] Attempt to get parsing info during refresh. "On-the-fly" syntax checking information may be incorrect. [C:\Users\C27Soren.Herzog\ece383\Herzog_ece383_wksp\lab2\Lab _2.srcs\sources_1\imports\C27Soren.Herzog\OneDrive - afacademy.af.edu\Documents\Schoolwork Sem6 2026 Spring\M1 - ECE 383 CSYS\Lab\Lab 2\lab2_code_for_cadets_2026\trigger_detector.vhd:]
WARNING: [filemgmt 56-199] Attempt to get parsing info during refresh. "On-the-fly" syntax checking information may be incorrect. [C:\Users\C27Soren.Herzog\ece383\Herzog_ece383_wksp\lab2\Lab _2.srcs\sources_1\imports\imports\Lab1_Cadet_Code_2026\numeric_stepper.vhd:]
WARNING: [filemgmt 56-199] Attempt to get parsing info during refresh. "On-the-fly" syntax checking information may be incorrect. [C:\Users\C27Soren.Herzog\ece383\Herzog_ece383_wksp\lab2\Lab _2.srcs\sources_1\imports\C27Soren.Herzog\OneDrive - afacademy.af.edu\Documents\Schoolwork Sem6 2026 Spring\M1 - ECE 383 CSYS\Lab\Lab 2\lab2_code_for_cadets_2026\lab2_datapath.vhdl:]
WARNING: [filemgmt 56-199] Attempt to get parsing info during refresh. "On-the-fly" syntax checking information may be incorrect. [C:\Users\C27Soren.Herzog\ece383\Herzog_ece383_wksp\lab2\Lab _2.srcs\sources_1\imports\C27Soren.Herzog\OneDrive - afacademy.af.edu\Documents\Schoolwork Sem6 2026 Spring\M1 - ECE 383 CSYS\Lab\Lab 2\lab2_code_for_cadets_2026\trigger_detector.vhd:]
WARNING: [filemgmt 56-199] Attempt to get parsing info during refresh. "On-the-fly" syntax checking information may be incorrect. [C:\Users\C27Soren.Herzog\ece383\Herzog_ece383_wksp\lab2\Lab _2.srcs\sources_1\imports\C27Soren.Herzog\OneDrive - afacademy.af.edu\Documents\Schoolwork Sem6 2026 Spring\M1 - ECE 383 CSYS\Lab\Lab 2\lab2_code_for_cadets_2026\trigger_detector.vhd:]
WARNING: [filemgmt 56-199] Attempt to get parsing info during refresh. "On-the-fly" syntax checking information may be incorrect. [C:\Users\C27Soren.Herzog\ece383\Herzog_ece383_wksp\lab2\Lab _2.srcs\sources_1\imports\C27Soren.Herzog\OneDrive - afacademy.af.edu\Documents\Schoolwork Sem6 2026 Spring\M1 - ECE 383 CSYS\Lab\Lab 2\lab2_code_for_cadets_2026\ece383_pkg.vhd:]
WARNING: [filemgmt 56-199] Attempt to get parsing info during refresh. "On-the-fly" syntax checking information may be incorrect. [C:\Users\C27Soren.Herzog\ece383\Herzog_ece383_wksp\lab2\Lab _2.srcs\sources_1\imports\C27Soren.Herzog\OneDrive - afacademy.af.edu\Documents\Schoolwork Sem6 2026 Spring\M1 - ECE 383 CSYS\Lab\Lab 2\lab2_code_for_cadets_2026\trigger_detector.vhd:]
WARNING: [filemgmt 56-199] Attempt to get parsing info during refresh. "On-the-fly" syntax checking information may be incorrect. [C:\Users\C27Soren.Herzog\ece383\Herzog_ece383_wksp\lab2\Lab _2.srcs\sources_1\imports\imports\Lab1_Cadet_Code_2026\numeric_stepper.vhd:]
WARNING: [filemgmt 56-199] Attempt to get parsing info during refresh. "On-the-fly" syntax checking information may be incorrect. [C:\Users\C27Soren.Herzog\ece383\Herzog_ece383_wksp\lab2\Lab _2.srcs\sources_1\imports\C27Soren.Herzog\OneDrive - afacademy.af.edu\Documents\Schoolwork Sem6 2026 Spring\M1 - ECE 383 CSYS\Lab\Lab 2\lab2_code_for_cadets_2026\lab2_datapath.vhdl:]
WARNING: [filemgmt 56-199] Attempt to get parsing info during refresh. "On-the-fly" syntax checking information may be incorrect. [C:\Users\C27Soren.Herzog\ece383\Herzog_ece383_wksp\lab2\Lab _2.srcs\sources_1\imports\C27Soren.Herzog\OneDrive - afacademy.af.edu\Documents\Schoolwork Sem6 2026 Spring\M1 - ECE 383 CSYS\Lab\Lab 2\lab2_code_for_cadets_2026\lab2_datapath.vhdl:]
WARNING: [filemgmt 56-199] Attempt to get parsing info during refresh. "On-the-fly" syntax checking information may be incorrect. [C:\Users\C27Soren.Herzog\ece383\Herzog_ece383_wksp\lab2\Lab _2.srcs\sources_1\imports\C27Soren.Herzog\OneDrive - afacademy.af.edu\Documents\Schoolwork Sem6 2026 Spring\M1 - ECE 383 CSYS\Lab\Lab 2\lab2_code_for_cadets_2026\lab2_datapath.vhdl:]
WARNING: [filemgmt 56-199] Attempt to get parsing info during refresh. "On-the-fly" syntax checking information may be incorrect. [C:\Users\C27Soren.Herzog\ece383\Herzog_ece383_wksp\lab2\Lab _2.srcs\sources_1\imports\C27Soren.Herzog\OneDrive - afacademy.af.edu\Documents\Schoolwork Sem6 2026 Spring\M1 - ECE 383 CSYS\Lab\Lab 2\lab2_code_for_cadets_2026\ece383_pkg.vhd:]
WARNING: [filemgmt 56-199] Attempt to get parsing info during refresh. "On-the-fly" syntax checking information may be incorrect. [C:\Users\C27Soren.Herzog\ece383\Herzog_ece383_wksp\lab2\Lab _2.srcs\sources_1\imports\C27Soren.Herzog\OneDrive - afacademy.af.edu\Documents\Schoolwork Sem6 2026 Spring\M1 - ECE 383 CSYS\Lab\Lab 2\lab2_code_for_cadets_2026\trigger_detector.vhd:]
WARNING: [filemgmt 56-199] Attempt to get parsing info during refresh. "On-the-fly" syntax checking information may be incorrect. [C:\Users\C27Soren.Herzog\ece383\Herzog_ece383_wksp\lab2\Lab _2.srcs\sources_1\imports\imports\Lab1_Cadet_Code_2026\numeric_stepper.vhd:]
WARNING: [filemgmt 56-199] Attempt to get parsing info during refresh. "On-the-fly" syntax checking information may be incorrect. [C:\Users\C27Soren.Herzog\ece383\Herzog_ece383_wksp\lab2\Lab _2.srcs\sources_1\imports\C27Soren.Herzog\OneDrive - afacademy.af.edu\Documents\Schoolwork Sem6 2026 Spring\M1 - ECE 383 CSYS\Lab\Lab 2\lab2_code_for_cadets_2026\lab2_datapath.vhdl:]
WARNING: [filemgmt 56-199] Attempt to get parsing info during refresh. "On-the-fly" syntax checking information may be incorrect. [C:\Users\C27Soren.Herzog\ece383\Herzog_ece383_wksp\lab2\Lab _2.srcs\sources_1\imports\C27Soren.Herzog\OneDrive - afacademy.af.edu\Documents\Schoolwork Sem6 2026 Spring\M1 - ECE 383 CSYS\Lab\Lab 2\lab2_code_for_cadets_2026\ece383_pkg.vhd:]
WARNING: [filemgmt 56-199] Attempt to get parsing info during refresh. "On-the-fly" syntax checking information may be incorrect. [C:\Users\C27Soren.Herzog\ece383\Herzog_ece383_wksp\lab2\Lab _2.srcs\sources_1\imports\C27Soren.Herzog\OneDrive - afacademy.af.edu\Documents\Schoolwork Sem6 2026 Spring\M1 - ECE 383 CSYS\Lab\Lab 2\lab2_code_for_cadets_2026\ece383_pkg.vhd:]
ERROR: [Common 17-180] Spawn failed: No error
update_compile_order -fileset sources_1
WARNING: [filemgmt 56-199] Attempt to get parsing info during refresh. "On-the-fly" syntax checking information may be incorrect. [C:\Users\C27Soren.Herzog\ece383\Herzog_ece383_wksp\lab2\Lab _2.srcs\sources_1\imports\C27Soren.Herzog\OneDrive - afacademy.af.edu\Documents\Schoolwork Sem6 2026 Spring\M1 - ECE 383 CSYS\Lab\Lab 2\lab2_code_for_cadets_2026\ece383_pkg.vhd:]
WARNING: [filemgmt 56-199] Attempt to get parsing info during refresh. "On-the-fly" syntax checking information may be incorrect. [C:\Users\C27Soren.Herzog\ece383\Herzog_ece383_wksp\lab2\Lab _2.srcs\sources_1\imports\C27Soren.Herzog\OneDrive - afacademy.af.edu\Documents\Schoolwork Sem6 2026 Spring\M1 - ECE 383 CSYS\Lab\Lab 2\lab2_code_for_cadets_2026\trigger_detector.vhd:]
WARNING: [filemgmt 56-199] Attempt to get parsing info during refresh. "On-the-fly" syntax checking information may be incorrect. [C:\Users\C27Soren.Herzog\ece383\Herzog_ece383_wksp\lab2\Lab _2.srcs\sources_1\imports\imports\Lab1_Cadet_Code_2026\numeric_stepper.vhd:]
WARNING: [filemgmt 56-199] Attempt to get parsing info during refresh. "On-the-fly" syntax checking information may be incorrect. [C:\Users\C27Soren.Herzog\ece383\Herzog_ece383_wksp\lab2\Lab _2.srcs\sources_1\imports\C27Soren.Herzog\OneDrive - afacademy.af.edu\Documents\Schoolwork Sem6 2026 Spring\M1 - ECE 383 CSYS\Lab\Lab 2\lab2_code_for_cadets_2026\lab2_datapath.vhdl:]
WARNING: [filemgmt 56-199] Attempt to get parsing info during refresh. "On-the-fly" syntax checking information may be incorrect. [C:\Users\C27Soren.Herzog\ece383\Herzog_ece383_wksp\lab2\Lab _2.srcs\sources_1\imports\C27Soren.Herzog\OneDrive - afacademy.af.edu\Documents\Schoolwork Sem6 2026 Spring\M1 - ECE 383 CSYS\Lab\Lab 2\lab2_code_for_cadets_2026\lab2_datapath.vhdl:]
WARNING: [filemgmt 56-199] Attempt to get parsing info during refresh. "On-the-fly" syntax checking information may be incorrect. [C:\Users\C27Soren.Herzog\ece383\Herzog_ece383_wksp\lab2\Lab _2.srcs\sources_1\imports\C27Soren.Herzog\OneDrive - afacademy.af.edu\Documents\Schoolwork Sem6 2026 Spring\M1 - ECE 383 CSYS\Lab\Lab 2\lab2_code_for_cadets_2026\lab2_datapath.vhdl:]
WARNING: [filemgmt 56-199] Attempt to get parsing info during refresh. "On-the-fly" syntax checking information may be incorrect. [C:\Users\C27Soren.Herzog\ece383\Herzog_ece383_wksp\lab2\Lab _2.srcs\sources_1\imports\C27Soren.Herzog\OneDrive - afacademy.af.edu\Documents\Schoolwork Sem6 2026 Spring\M1 - ECE 383 CSYS\Lab\Lab 2\lab2_code_for_cadets_2026\ece383_pkg.vhd:]
WARNING: [filemgmt 56-199] Attempt to get parsing info during refresh. "On-the-fly" syntax checking information may be incorrect. [C:\Users\C27Soren.Herzog\ece383\Herzog_ece383_wksp\lab2\Lab _2.srcs\sources_1\imports\C27Soren.Herzog\OneDrive - afacademy.af.edu\Documents\Schoolwork Sem6 2026 Spring\M1 - ECE 383 CSYS\Lab\Lab 2\lab2_code_for_cadets_2026\trigger_detector.vhd:]
WARNING: [filemgmt 56-199] Attempt to get parsing info during refresh. "On-the-fly" syntax checking information may be incorrect. [C:\Users\C27Soren.Herzog\ece383\Herzog_ece383_wksp\lab2\Lab _2.srcs\sources_1\imports\imports\Lab1_Cadet_Code_2026\numeric_stepper.vhd:]
WARNING: [filemgmt 56-199] Attempt to get parsing info during refresh. "On-the-fly" syntax checking information may be incorrect. [C:\Users\C27Soren.Herzog\ece383\Herzog_ece383_wksp\lab2\Lab _2.srcs\sources_1\imports\C27Soren.Herzog\OneDrive - afacademy.af.edu\Documents\Schoolwork Sem6 2026 Spring\M1 - ECE 383 CSYS\Lab\Lab 2\lab2_code_for_cadets_2026\lab2_datapath.vhdl:]
WARNING: [filemgmt 56-199] Attempt to get parsing info during refresh. "On-the-fly" syntax checking information may be incorrect. [C:\Users\C27Soren.Herzog\ece383\Herzog_ece383_wksp\lab2\Lab _2.srcs\sources_1\imports\C27Soren.Herzog\OneDrive - afacademy.af.edu\Documents\Schoolwork Sem6 2026 Spring\M1 - ECE 383 CSYS\Lab\Lab 2\lab2_code_for_cadets_2026\ece383_pkg.vhd:]
WARNING: [filemgmt 56-199] Attempt to get parsing info during refresh. "On-the-fly" syntax checking information may be incorrect. [C:\Users\C27Soren.Herzog\ece383\Herzog_ece383_wksp\lab2\Lab _2.srcs\sources_1\imports\C27Soren.Herzog\OneDrive - afacademy.af.edu\Documents\Schoolwork Sem6 2026 Spring\M1 - ECE 383 CSYS\Lab\Lab 2\lab2_code_for_cadets_2026\ece383_pkg.vhd:]
ERROR: [Common 17-180] Spawn failed: No error
ERROR: [Common 17-180] Spawn failed: No error
import_files -norecurse C:/Users/C27Soren.Herzog/ece383/Herzog_ece383_wksp/hw7/HW7.srcs/sources_1/imports/HW7/lec10.vhdl
WARNING: [filemgmt 56-199] Attempt to get parsing info during refresh. "On-the-fly" syntax checking information may be incorrect. [C:\Users\C27Soren.Herzog\ece383\Herzog_ece383_wksp\lab2\Lab _2.srcs\sources_1\imports\C27Soren.Herzog\OneDrive - afacademy.af.edu\Documents\Schoolwork Sem6 2026 Spring\M1 - ECE 383 CSYS\Lab\Lab 2\lab2_code_for_cadets_2026\ece383_pkg.vhd:]
WARNING: [filemgmt 56-199] Attempt to get parsing info during refresh. "On-the-fly" syntax checking information may be incorrect. [C:\Users\C27Soren.Herzog\ece383\Herzog_ece383_wksp\lab2\Lab _2.srcs\sources_1\imports\imports\new\counter.vhd:]
WARNING: [filemgmt 56-199] Attempt to get parsing info during refresh. "On-the-fly" syntax checking information may be incorrect. [C:\Users\C27Soren.Herzog\ece383\Herzog_ece383_wksp\lab2\Lab _2.srcs\sources_1\imports\C27Soren.Herzog\OneDrive - afacademy.af.edu\Documents\Schoolwork Sem6 2026 Spring\M1 - ECE 383 CSYS\Lab\Lab 2\lab2_code_for_cadets_2026\trigger_detector.vhd:]
WARNING: [filemgmt 56-199] Attempt to get parsing info during refresh. "On-the-fly" syntax checking information may be incorrect. [C:\Users\C27Soren.Herzog\ece383\Herzog_ece383_wksp\lab2\Lab _2.srcs\sources_1\imports\imports\Lab1_Cadet_Code_2026\numeric_stepper.vhd:]
WARNING: [filemgmt 56-199] Attempt to get parsing info during refresh. "On-the-fly" syntax checking information may be incorrect. [C:\Users\C27Soren.Herzog\ece383\Herzog_ece383_wksp\lab2\Lab _2.srcs\sources_1\imports\C27Soren.Herzog\OneDrive - afacademy.af.edu\Documents\Schoolwork Sem6 2026 Spring\M1 - ECE 383 CSYS\Lab\Lab 2\lab2_code_for_cadets_2026\lab2_datapath.vhdl:]
WARNING: [filemgmt 56-199] Attempt to get parsing info during refresh. "On-the-fly" syntax checking information may be incorrect. [C:\Users\C27Soren.Herzog\ece383\Herzog_ece383_wksp\lab2\Lab _2.srcs\sources_1\imports\C27Soren.Herzog\OneDrive - afacademy.af.edu\Documents\Schoolwork Sem6 2026 Spring\M1 - ECE 383 CSYS\Lab\Lab 2\lab2_code_for_cadets_2026\lab2_datapath.vhdl:]
WARNING: [filemgmt 56-199] Attempt to get parsing info during refresh. "On-the-fly" syntax checking information may be incorrect. [C:\Users\C27Soren.Herzog\ece383\Herzog_ece383_wksp\lab2\Lab _2.srcs\sources_1\imports\C27Soren.Herzog\OneDrive - afacademy.af.edu\Documents\Schoolwork Sem6 2026 Spring\M1 - ECE 383 CSYS\Lab\Lab 2\lab2_code_for_cadets_2026\lab2_datapath.vhdl:]
WARNING: [filemgmt 56-199] Attempt to get parsing info during refresh. "On-the-fly" syntax checking information may be incorrect. [C:\Users\C27Soren.Herzog\ece383\Herzog_ece383_wksp\lab2\Lab _2.srcs\sources_1\imports\C27Soren.Herzog\OneDrive - afacademy.af.edu\Documents\Schoolwork Sem6 2026 Spring\M1 - ECE 383 CSYS\Lab\Lab 2\lab2_code_for_cadets_2026\ece383_pkg.vhd:]
WARNING: [filemgmt 56-199] Attempt to get parsing info during refresh. "On-the-fly" syntax checking information may be incorrect. [C:\Users\C27Soren.Herzog\ece383\Herzog_ece383_wksp\lab2\Lab _2.srcs\sources_1\imports\imports\new\counter.vhd:]
WARNING: [filemgmt 56-199] Attempt to get parsing info during refresh. "On-the-fly" syntax checking information may be incorrect. [C:\Users\C27Soren.Herzog\ece383\Herzog_ece383_wksp\lab2\Lab _2.srcs\sources_1\imports\C27Soren.Herzog\OneDrive - afacademy.af.edu\Documents\Schoolwork Sem6 2026 Spring\M1 - ECE 383 CSYS\Lab\Lab 2\lab2_code_for_cadets_2026\trigger_detector.vhd:]
WARNING: [filemgmt 56-199] Attempt to get parsing info during refresh. "On-the-fly" syntax checking information may be incorrect. [C:\Users\C27Soren.Herzog\ece383\Herzog_ece383_wksp\lab2\Lab _2.srcs\sources_1\imports\imports\Lab1_Cadet_Code_2026\numeric_stepper.vhd:]
WARNING: [filemgmt 56-199] Attempt to get parsing info during refresh. "On-the-fly" syntax checking information may be incorrect. [C:\Users\C27Soren.Herzog\ece383\Herzog_ece383_wksp\lab2\Lab _2.srcs\sources_1\imports\C27Soren.Herzog\OneDrive - afacademy.af.edu\Documents\Schoolwork Sem6 2026 Spring\M1 - ECE 383 CSYS\Lab\Lab 2\lab2_code_for_cadets_2026\lab2_datapath.vhdl:]
WARNING: [filemgmt 56-199] Attempt to get parsing info during refresh. "On-the-fly" syntax checking information may be incorrect. [C:\Users\C27Soren.Herzog\ece383\Herzog_ece383_wksp\lab2\Lab _2.srcs\sources_1\imports\C27Soren.Herzog\OneDrive - afacademy.af.edu\Documents\Schoolwork Sem6 2026 Spring\M1 - ECE 383 CSYS\Lab\Lab 2\lab2_code_for_cadets_2026\ece383_pkg.vhd:]
WARNING: [filemgmt 56-199] Attempt to get parsing info during refresh. "On-the-fly" syntax checking information may be incorrect. [C:\Users\C27Soren.Herzog\ece383\Herzog_ece383_wksp\lab2\Lab _2.srcs\sources_1\imports\C27Soren.Herzog\OneDrive - afacademy.af.edu\Documents\Schoolwork Sem6 2026 Spring\M1 - ECE 383 CSYS\Lab\Lab 2\lab2_code_for_cadets_2026\ece383_pkg.vhd:]
WARNING: [filemgmt 56-199] Attempt to get parsing info during refresh. "On-the-fly" syntax checking information may be incorrect. [C:\Users\C27Soren.Herzog\ece383\Herzog_ece383_wksp\lab2\Lab _2.srcs\sources_1\imports\C27Soren.Herzog\OneDrive - afacademy.af.edu\Documents\Schoolwork Sem6 2026 Spring\M1 - ECE 383 CSYS\Lab\Lab 2\lab2_code_for_cadets_2026\ece383_pkg.vhd:]
WARNING: [filemgmt 56-199] Attempt to get parsing info during refresh. "On-the-fly" syntax checking information may be incorrect. [C:\Users\C27Soren.Herzog\ece383\Herzog_ece383_wksp\lab2\Lab _2.srcs\sources_1\imports\imports\new\counter.vhd:]
WARNING: [filemgmt 56-199] Attempt to get parsing info during refresh. "On-the-fly" syntax checking information may be incorrect. [C:\Users\C27Soren.Herzog\ece383\Herzog_ece383_wksp\lab2\Lab _2.srcs\sources_1\imports\C27Soren.Herzog\OneDrive - afacademy.af.edu\Documents\Schoolwork Sem6 2026 Spring\M1 - ECE 383 CSYS\Lab\Lab 2\lab2_code_for_cadets_2026\trigger_detector.vhd:]
WARNING: [filemgmt 56-199] Attempt to get parsing info during refresh. "On-the-fly" syntax checking information may be incorrect. [C:\Users\C27Soren.Herzog\ece383\Herzog_ece383_wksp\lab2\Lab _2.srcs\sources_1\imports\imports\Lab1_Cadet_Code_2026\numeric_stepper.vhd:]
WARNING: [filemgmt 56-199] Attempt to get parsing info during refresh. "On-the-fly" syntax checking information may be incorrect. [C:\Users\C27Soren.Herzog\ece383\Herzog_ece383_wksp\lab2\Lab _2.srcs\sources_1\imports\C27Soren.Herzog\OneDrive - afacademy.af.edu\Documents\Schoolwork Sem6 2026 Spring\M1 - ECE 383 CSYS\Lab\Lab 2\lab2_code_for_cadets_2026\lab2_datapath.vhdl:]
WARNING: [filemgmt 56-199] Attempt to get parsing info during refresh. "On-the-fly" syntax checking information may be incorrect. [C:\Users\C27Soren.Herzog\ece383\Herzog_ece383_wksp\lab2\Lab _2.srcs\sources_1\imports\imports\new\counter.vhd:]
WARNING: [filemgmt 56-199] Attempt to get parsing info during refresh. "On-the-fly" syntax checking information may be incorrect. [C:\Users\C27Soren.Herzog\ece383\Herzog_ece383_wksp\lab2\Lab _2.srcs\sources_1\imports\imports\new\counter.vhd:]
ERROR: [Common 17-180] Spawn failed: No error
WARNING: [filemgmt 56-199] Attempt to get parsing info during refresh. "On-the-fly" syntax checking information may be incorrect. [C:\Users\C27Soren.Herzog\ece383\Herzog_ece383_wksp\lab2\Lab _2.srcs\sources_1\imports\C27Soren.Herzog\OneDrive - afacademy.af.edu\Documents\Schoolwork Sem6 2026 Spring\M1 - ECE 383 CSYS\Lab\Lab 2\lab2_code_for_cadets_2026\ece383_pkg.vhd:]
WARNING: [filemgmt 56-199] Attempt to get parsing info during refresh. "On-the-fly" syntax checking information may be incorrect. [C:\Users\C27Soren.Herzog\ece383\Herzog_ece383_wksp\lab2\Lab _2.srcs\sources_1\imports\imports\new\counter.vhd:]
WARNING: [filemgmt 56-199] Attempt to get parsing info during refresh. "On-the-fly" syntax checking information may be incorrect. [C:\Users\C27Soren.Herzog\ece383\Herzog_ece383_wksp\lab2\Lab _2.srcs\sources_1\imports\C27Soren.Herzog\OneDrive - afacademy.af.edu\Documents\Schoolwork Sem6 2026 Spring\M1 - ECE 383 CSYS\Lab\Lab 2\lab2_code_for_cadets_2026\trigger_detector.vhd:]
WARNING: [filemgmt 56-199] Attempt to get parsing info during refresh. "On-the-fly" syntax checking information may be incorrect. [C:\Users\C27Soren.Herzog\ece383\Herzog_ece383_wksp\lab2\Lab _2.srcs\sources_1\imports\imports\Lab1_Cadet_Code_2026\numeric_stepper.vhd:]
WARNING: [filemgmt 56-199] Attempt to get parsing info during refresh. "On-the-fly" syntax checking information may be incorrect. [C:\Users\C27Soren.Herzog\ece383\Herzog_ece383_wksp\lab2\Lab _2.srcs\sources_1\imports\C27Soren.Herzog\OneDrive - afacademy.af.edu\Documents\Schoolwork Sem6 2026 Spring\M1 - ECE 383 CSYS\Lab\Lab 2\lab2_code_for_cadets_2026\lab2_datapath.vhdl:]
WARNING: [filemgmt 56-199] Attempt to get parsing info during refresh. "On-the-fly" syntax checking information may be incorrect. [C:\Users\C27Soren.Herzog\ece383\Herzog_ece383_wksp\lab2\Lab _2.srcs\sources_1\imports\imports\Lab1_Cadet_Code_2026\numeric_stepper.vhd:]
WARNING: [filemgmt 56-199] Attempt to get parsing info during refresh. "On-the-fly" syntax checking information may be incorrect. [C:\Users\C27Soren.Herzog\ece383\Herzog_ece383_wksp\lab2\Lab _2.srcs\sources_1\imports\imports\Lab1_Cadet_Code_2026\numeric_stepper.vhd:]
ERROR: [Common 17-180] Spawn failed: No error
update_compile_order -fileset sources_1
WARNING: [filemgmt 56-199] Attempt to get parsing info during refresh. "On-the-fly" syntax checking information may be incorrect. [C:\Users\C27Soren.Herzog\ece383\Herzog_ece383_wksp\lab2\Lab _2.srcs\sources_1\imports\C27Soren.Herzog\OneDrive - afacademy.af.edu\Documents\Schoolwork Sem6 2026 Spring\M1 - ECE 383 CSYS\Lab\Lab 2\lab2_code_for_cadets_2026\ece383_pkg.vhd:]
WARNING: [filemgmt 56-199] Attempt to get parsing info during refresh. "On-the-fly" syntax checking information may be incorrect. [C:\Users\C27Soren.Herzog\ece383\Herzog_ece383_wksp\lab2\Lab _2.srcs\sources_1\imports\imports\new\counter.vhd:]
WARNING: [filemgmt 56-199] Attempt to get parsing info during refresh. "On-the-fly" syntax checking information may be incorrect. [C:\Users\C27Soren.Herzog\ece383\Herzog_ece383_wksp\lab2\Lab _2.srcs\sources_1\imports\C27Soren.Herzog\OneDrive - afacademy.af.edu\Documents\Schoolwork Sem6 2026 Spring\M1 - ECE 383 CSYS\Lab\Lab 2\lab2_code_for_cadets_2026\trigger_detector.vhd:]
WARNING: [filemgmt 56-199] Attempt to get parsing info during refresh. "On-the-fly" syntax checking information may be incorrect. [C:\Users\C27Soren.Herzog\ece383\Herzog_ece383_wksp\lab2\Lab _2.srcs\sources_1\imports\imports\Lab1_Cadet_Code_2026\numeric_stepper.vhd:]
WARNING: [filemgmt 56-199] Attempt to get parsing info during refresh. "On-the-fly" syntax checking information may be incorrect. [C:\Users\C27Soren.Herzog\ece383\Herzog_ece383_wksp\lab2\Lab _2.srcs\sources_1\imports\C27Soren.Herzog\OneDrive - afacademy.af.edu\Documents\Schoolwork Sem6 2026 Spring\M1 - ECE 383 CSYS\Lab\Lab 2\lab2_code_for_cadets_2026\lab2_datapath.vhdl:]
WARNING: [filemgmt 56-199] Attempt to get parsing info during refresh. "On-the-fly" syntax checking information may be incorrect. [C:\Users\C27Soren.Herzog\ece383\Herzog_ece383_wksp\lab2\Lab _2.srcs\sources_1\imports\C27Soren.Herzog\OneDrive - afacademy.af.edu\Documents\Schoolwork Sem6 2026 Spring\M1 - ECE 383 CSYS\Lab\Lab 2\lab2_code_for_cadets_2026\lab2_datapath.vhdl:]
WARNING: [filemgmt 56-199] Attempt to get parsing info during refresh. "On-the-fly" syntax checking information may be incorrect. [C:\Users\C27Soren.Herzog\ece383\Herzog_ece383_wksp\lab2\Lab _2.srcs\sources_1\imports\C27Soren.Herzog\OneDrive - afacademy.af.edu\Documents\Schoolwork Sem6 2026 Spring\M1 - ECE 383 CSYS\Lab\Lab 2\lab2_code_for_cadets_2026\lab2_datapath.vhdl:]
WARNING: [filemgmt 56-199] Attempt to get parsing info during refresh. "On-the-fly" syntax checking information may be incorrect. [C:\Users\C27Soren.Herzog\ece383\Herzog_ece383_wksp\lab2\Lab _2.srcs\sources_1\imports\C27Soren.Herzog\OneDrive - afacademy.af.edu\Documents\Schoolwork Sem6 2026 Spring\M1 - ECE 383 CSYS\Lab\Lab 2\lab2_code_for_cadets_2026\ece383_pkg.vhd:]
WARNING: [filemgmt 56-199] Attempt to get parsing info during refresh. "On-the-fly" syntax checking information may be incorrect. [C:\Users\C27Soren.Herzog\ece383\Herzog_ece383_wksp\lab2\Lab _2.srcs\sources_1\imports\imports\new\counter.vhd:]
WARNING: [filemgmt 56-199] Attempt to get parsing info during refresh. "On-the-fly" syntax checking information may be incorrect. [C:\Users\C27Soren.Herzog\ece383\Herzog_ece383_wksp\lab2\Lab _2.srcs\sources_1\imports\C27Soren.Herzog\OneDrive - afacademy.af.edu\Documents\Schoolwork Sem6 2026 Spring\M1 - ECE 383 CSYS\Lab\Lab 2\lab2_code_for_cadets_2026\trigger_detector.vhd:]
WARNING: [filemgmt 56-199] Attempt to get parsing info during refresh. "On-the-fly" syntax checking information may be incorrect. [C:\Users\C27Soren.Herzog\ece383\Herzog_ece383_wksp\lab2\Lab _2.srcs\sources_1\imports\imports\Lab1_Cadet_Code_2026\numeric_stepper.vhd:]
WARNING: [filemgmt 56-199] Attempt to get parsing info during refresh. "On-the-fly" syntax checking information may be incorrect. [C:\Users\C27Soren.Herzog\ece383\Herzog_ece383_wksp\lab2\Lab _2.srcs\sources_1\imports\C27Soren.Herzog\OneDrive - afacademy.af.edu\Documents\Schoolwork Sem6 2026 Spring\M1 - ECE 383 CSYS\Lab\Lab 2\lab2_code_for_cadets_2026\lab2_datapath.vhdl:]
WARNING: [filemgmt 56-199] Attempt to get parsing info during refresh. "On-the-fly" syntax checking information may be incorrect. [C:\Users\C27Soren.Herzog\ece383\Herzog_ece383_wksp\lab2\Lab _2.srcs\sources_1\imports\C27Soren.Herzog\OneDrive - afacademy.af.edu\Documents\Schoolwork Sem6 2026 Spring\M1 - ECE 383 CSYS\Lab\Lab 2\lab2_code_for_cadets_2026\ece383_pkg.vhd:]
WARNING: [filemgmt 56-199] Attempt to get parsing info during refresh. "On-the-fly" syntax checking information may be incorrect. [C:\Users\C27Soren.Herzog\ece383\Herzog_ece383_wksp\lab2\Lab _2.srcs\sources_1\imports\C27Soren.Herzog\OneDrive - afacademy.af.edu\Documents\Schoolwork Sem6 2026 Spring\M1 - ECE 383 CSYS\Lab\Lab 2\lab2_code_for_cadets_2026\ece383_pkg.vhd:]
WARNING: [filemgmt 56-199] Attempt to get parsing info during refresh. "On-the-fly" syntax checking information may be incorrect. [C:\Users\C27Soren.Herzog\ece383\Herzog_ece383_wksp\lab2\Lab _2.srcs\sources_1\imports\C27Soren.Herzog\OneDrive - afacademy.af.edu\Documents\Schoolwork Sem6 2026 Spring\M1 - ECE 383 CSYS\Lab\Lab 2\lab2_code_for_cadets_2026\ece383_pkg.vhd:]
WARNING: [filemgmt 56-199] Attempt to get parsing info during refresh. "On-the-fly" syntax checking information may be incorrect. [C:\Users\C27Soren.Herzog\ece383\Herzog_ece383_wksp\lab2\Lab _2.srcs\sources_1\imports\imports\new\counter.vhd:]
WARNING: [filemgmt 56-199] Attempt to get parsing info during refresh. "On-the-fly" syntax checking information may be incorrect. [C:\Users\C27Soren.Herzog\ece383\Herzog_ece383_wksp\lab2\Lab _2.srcs\sources_1\imports\C27Soren.Herzog\OneDrive - afacademy.af.edu\Documents\Schoolwork Sem6 2026 Spring\M1 - ECE 383 CSYS\Lab\Lab 2\lab2_code_for_cadets_2026\trigger_detector.vhd:]
WARNING: [filemgmt 56-199] Attempt to get parsing info during refresh. "On-the-fly" syntax checking information may be incorrect. [C:\Users\C27Soren.Herzog\ece383\Herzog_ece383_wksp\lab2\Lab _2.srcs\sources_1\imports\imports\Lab1_Cadet_Code_2026\numeric_stepper.vhd:]
WARNING: [filemgmt 56-199] Attempt to get parsing info during refresh. "On-the-fly" syntax checking information may be incorrect. [C:\Users\C27Soren.Herzog\ece383\Herzog_ece383_wksp\lab2\Lab _2.srcs\sources_1\imports\C27Soren.Herzog\OneDrive - afacademy.af.edu\Documents\Schoolwork Sem6 2026 Spring\M1 - ECE 383 CSYS\Lab\Lab 2\lab2_code_for_cadets_2026\lab2_datapath.vhdl:]
WARNING: [filemgmt 56-199] Attempt to get parsing info during refresh. "On-the-fly" syntax checking information may be incorrect. [C:\Users\C27Soren.Herzog\ece383\Herzog_ece383_wksp\lab2\Lab _2.srcs\sources_1\imports\imports\Lab1_Cadet_Code_2026\numeric_stepper.vhd:]
WARNING: [filemgmt 56-199] Attempt to get parsing info during refresh. "On-the-fly" syntax checking information may be incorrect. [C:\Users\C27Soren.Herzog\ece383\Herzog_ece383_wksp\lab2\Lab _2.srcs\sources_1\imports\imports\Lab1_Cadet_Code_2026\numeric_stepper.vhd:]
WARNING: [filemgmt 56-199] Attempt to get parsing info during refresh. "On-the-fly" syntax checking information may be incorrect. [C:\Users\C27Soren.Herzog\ece383\Herzog_ece383_wksp\lab2\Lab _2.srcs\sources_1\imports\C27Soren.Herzog\OneDrive - afacademy.af.edu\Documents\Schoolwork Sem6 2026 Spring\M1 - ECE 383 CSYS\Lab\Lab 2\lab2_code_for_cadets_2026\ece383_pkg.vhd:]
WARNING: [filemgmt 56-199] Attempt to get parsing info during refresh. "On-the-fly" syntax checking information may be incorrect. [C:\Users\C27Soren.Herzog\ece383\Herzog_ece383_wksp\lab2\Lab _2.srcs\sources_1\imports\imports\new\counter.vhd:]
WARNING: [filemgmt 56-199] Attempt to get parsing info during refresh. "On-the-fly" syntax checking information may be incorrect. [C:\Users\C27Soren.Herzog\ece383\Herzog_ece383_wksp\lab2\Lab _2.srcs\sources_1\imports\C27Soren.Herzog\OneDrive - afacademy.af.edu\Documents\Schoolwork Sem6 2026 Spring\M1 - ECE 383 CSYS\Lab\Lab 2\lab2_code_for_cadets_2026\trigger_detector.vhd:]
WARNING: [filemgmt 56-199] Attempt to get parsing info during refresh. "On-the-fly" syntax checking information may be incorrect. [C:\Users\C27Soren.Herzog\ece383\Herzog_ece383_wksp\lab2\Lab _2.srcs\sources_1\imports\imports\Lab1_Cadet_Code_2026\numeric_stepper.vhd:]
WARNING: [filemgmt 56-199] Attempt to get parsing info during refresh. "On-the-fly" syntax checking information may be incorrect. [C:\Users\C27Soren.Herzog\ece383\Herzog_ece383_wksp\lab2\Lab _2.srcs\sources_1\imports\C27Soren.Herzog\OneDrive - afacademy.af.edu\Documents\Schoolwork Sem6 2026 Spring\M1 - ECE 383 CSYS\Lab\Lab 2\lab2_code_for_cadets_2026\lab2_datapath.vhdl:]
WARNING: [filemgmt 56-199] Attempt to get parsing info during refresh. "On-the-fly" syntax checking information may be incorrect. [C:\Users\C27Soren.Herzog\ece383\Herzog_ece383_wksp\lab2\Lab _2.srcs\sources_1\imports\imports\new\counter.vhd:]
WARNING: [filemgmt 56-199] Attempt to get parsing info during refresh. "On-the-fly" syntax checking information may be incorrect. [C:\Users\C27Soren.Herzog\ece383\Herzog_ece383_wksp\lab2\Lab _2.srcs\sources_1\imports\imports\new\counter.vhd:]
WARNING: [filemgmt 56-199] Attempt to get parsing info during refresh. "On-the-fly" syntax checking information may be incorrect. [C:\Users\C27Soren.Herzog\ece383\Herzog_ece383_wksp\lab2\Lab _2.srcs\sources_1\imports\C27Soren.Herzog\OneDrive - afacademy.af.edu\Documents\Schoolwork Sem6 2026 Spring\M1 - ECE 383 CSYS\Lab\Lab 2\lab2_code_for_cadets_2026\ece383_pkg.vhd:]
WARNING: [filemgmt 56-199] Attempt to get parsing info during refresh. "On-the-fly" syntax checking information may be incorrect. [C:\Users\C27Soren.Herzog\ece383\Herzog_ece383_wksp\lab2\Lab _2.srcs\sources_1\imports\imports\new\counter.vhd:]
WARNING: [filemgmt 56-199] Attempt to get parsing info during refresh. "On-the-fly" syntax checking information may be incorrect. [C:\Users\C27Soren.Herzog\ece383\Herzog_ece383_wksp\lab2\Lab _2.srcs\sources_1\imports\C27Soren.Herzog\OneDrive - afacademy.af.edu\Documents\Schoolwork Sem6 2026 Spring\M1 - ECE 383 CSYS\Lab\Lab 2\lab2_code_for_cadets_2026\trigger_detector.vhd:]
WARNING: [filemgmt 56-199] Attempt to get parsing info during refresh. "On-the-fly" syntax checking information may be incorrect. [C:\Users\C27Soren.Herzog\ece383\Herzog_ece383_wksp\lab2\Lab _2.srcs\sources_1\imports\imports\Lab1_Cadet_Code_2026\numeric_stepper.vhd:]
WARNING: [filemgmt 56-199] Attempt to get parsing info during refresh. "On-the-fly" syntax checking information may be incorrect. [C:\Users\C27Soren.Herzog\ece383\Herzog_ece383_wksp\lab2\Lab _2.srcs\sources_1\imports\C27Soren.Herzog\OneDrive - afacademy.af.edu\Documents\Schoolwork Sem6 2026 Spring\M1 - ECE 383 CSYS\Lab\Lab 2\lab2_code_for_cadets_2026\lab2_datapath.vhdl:]
WARNING: [filemgmt 56-199] Attempt to get parsing info during refresh. "On-the-fly" syntax checking information may be incorrect. [C:\Users\C27Soren.Herzog\ece383\Herzog_ece383_wksp\lab2\Lab _2.srcs\sources_1\imports\C27Soren.Herzog\OneDrive - afacademy.af.edu\Documents\Schoolwork Sem6 2026 Spring\M1 - ECE 383 CSYS\Lab\Lab 2\lab2_code_for_cadets_2026\lab2_datapath.vhdl:]
WARNING: [filemgmt 56-199] Attempt to get parsing info during refresh. "On-the-fly" syntax checking information may be incorrect. [C:\Users\C27Soren.Herzog\ece383\Herzog_ece383_wksp\lab2\Lab _2.srcs\sources_1\imports\C27Soren.Herzog\OneDrive - afacademy.af.edu\Documents\Schoolwork Sem6 2026 Spring\M1 - ECE 383 CSYS\Lab\Lab 2\lab2_code_for_cadets_2026\lab2_datapath.vhdl:]
WARNING: [filemgmt 56-199] Attempt to get parsing info during refresh. "On-the-fly" syntax checking information may be incorrect. [C:\Users\C27Soren.Herzog\ece383\Herzog_ece383_wksp\lab2\Lab _2.srcs\sources_1\imports\C27Soren.Herzog\OneDrive - afacademy.af.edu\Documents\Schoolwork Sem6 2026 Spring\M1 - ECE 383 CSYS\Lab\Lab 2\lab2_code_for_cadets_2026\ece383_pkg.vhd:]
WARNING: [filemgmt 56-199] Attempt to get parsing info during refresh. "On-the-fly" syntax checking information may be incorrect. [C:\Users\C27Soren.Herzog\ece383\Herzog_ece383_wksp\lab2\Lab _2.srcs\sources_1\imports\imports\new\counter.vhd:]
WARNING: [filemgmt 56-199] Attempt to get parsing info during refresh. "On-the-fly" syntax checking information may be incorrect. [C:\Users\C27Soren.Herzog\ece383\Herzog_ece383_wksp\lab2\Lab _2.srcs\sources_1\imports\C27Soren.Herzog\OneDrive - afacademy.af.edu\Documents\Schoolwork Sem6 2026 Spring\M1 - ECE 383 CSYS\Lab\Lab 2\lab2_code_for_cadets_2026\trigger_detector.vhd:]
WARNING: [filemgmt 56-199] Attempt to get parsing info during refresh. "On-the-fly" syntax checking information may be incorrect. [C:\Users\C27Soren.Herzog\ece383\Herzog_ece383_wksp\lab2\Lab _2.srcs\sources_1\imports\imports\Lab1_Cadet_Code_2026\numeric_stepper.vhd:]
WARNING: [filemgmt 56-199] Attempt to get parsing info during refresh. "On-the-fly" syntax checking information may be incorrect. [C:\Users\C27Soren.Herzog\ece383\Herzog_ece383_wksp\lab2\Lab _2.srcs\sources_1\imports\C27Soren.Herzog\OneDrive - afacademy.af.edu\Documents\Schoolwork Sem6 2026 Spring\M1 - ECE 383 CSYS\Lab\Lab 2\lab2_code_for_cadets_2026\lab2_datapath.vhdl:]
WARNING: [filemgmt 56-199] Attempt to get parsing info during refresh. "On-the-fly" syntax checking information may be incorrect. [C:\Users\C27Soren.Herzog\ece383\Herzog_ece383_wksp\lab2\Lab _2.srcs\sources_1\imports\C27Soren.Herzog\OneDrive - afacademy.af.edu\Documents\Schoolwork Sem6 2026 Spring\M1 - ECE 383 CSYS\Lab\Lab 2\lab2_code_for_cadets_2026\ece383_pkg.vhd:]
WARNING: [filemgmt 56-199] Attempt to get parsing info during refresh. "On-the-fly" syntax checking information may be incorrect. [C:\Users\C27Soren.Herzog\ece383\Herzog_ece383_wksp\lab2\Lab _2.srcs\sources_1\imports\C27Soren.Herzog\OneDrive - afacademy.af.edu\Documents\Schoolwork Sem6 2026 Spring\M1 - ECE 383 CSYS\Lab\Lab 2\lab2_code_for_cadets_2026\ece383_pkg.vhd:]
WARNING: [filemgmt 56-199] Attempt to get parsing info during refresh. "On-the-fly" syntax checking information may be incorrect. [C:\Users\C27Soren.Herzog\ece383\Herzog_ece383_wksp\lab2\Lab _2.srcs\sources_1\imports\C27Soren.Herzog\OneDrive - afacademy.af.edu\Documents\Schoolwork Sem6 2026 Spring\M1 - ECE 383 CSYS\Lab\Lab 2\lab2_code_for_cadets_2026\ece383_pkg.vhd:]
WARNING: [filemgmt 56-199] Attempt to get parsing info during refresh. "On-the-fly" syntax checking information may be incorrect. [C:\Users\C27Soren.Herzog\ece383\Herzog_ece383_wksp\lab2\Lab _2.srcs\sources_1\imports\imports\new\counter.vhd:]
WARNING: [filemgmt 56-199] Attempt to get parsing info during refresh. "On-the-fly" syntax checking information may be incorrect. [C:\Users\C27Soren.Herzog\ece383\Herzog_ece383_wksp\lab2\Lab _2.srcs\sources_1\imports\C27Soren.Herzog\OneDrive - afacademy.af.edu\Documents\Schoolwork Sem6 2026 Spring\M1 - ECE 383 CSYS\Lab\Lab 2\lab2_code_for_cadets_2026\trigger_detector.vhd:]
WARNING: [filemgmt 56-199] Attempt to get parsing info during refresh. "On-the-fly" syntax checking information may be incorrect. [C:\Users\C27Soren.Herzog\ece383\Herzog_ece383_wksp\lab2\Lab _2.srcs\sources_1\imports\imports\Lab1_Cadet_Code_2026\numeric_stepper.vhd:]
WARNING: [filemgmt 56-199] Attempt to get parsing info during refresh. "On-the-fly" syntax checking information may be incorrect. [C:\Users\C27Soren.Herzog\ece383\Herzog_ece383_wksp\lab2\Lab _2.srcs\sources_1\imports\C27Soren.Herzog\OneDrive - afacademy.af.edu\Documents\Schoolwork Sem6 2026 Spring\M1 - ECE 383 CSYS\Lab\Lab 2\lab2_code_for_cadets_2026\lab2_datapath.vhdl:]
WARNING: [filemgmt 56-199] Attempt to get parsing info during refresh. "On-the-fly" syntax checking information may be incorrect. [C:\Users\C27Soren.Herzog\ece383\Herzog_ece383_wksp\lab2\Lab _2.srcs\sources_1\imports\imports\new\counter.vhd:]
WARNING: [filemgmt 56-199] Attempt to get parsing info during refresh. "On-the-fly" syntax checking information may be incorrect. [C:\Users\C27Soren.Herzog\ece383\Herzog_ece383_wksp\lab2\Lab _2.srcs\sources_1\imports\imports\new\counter.vhd:]
WARNING: [filemgmt 56-199] Attempt to get parsing info during refresh. "On-the-fly" syntax checking information may be incorrect. [C:\Users\C27Soren.Herzog\ece383\Herzog_ece383_wksp\lab2\Lab _2.srcs\sources_1\imports\C27Soren.Herzog\OneDrive - afacademy.af.edu\Documents\Schoolwork Sem6 2026 Spring\M1 - ECE 383 CSYS\Lab\Lab 2\lab2_code_for_cadets_2026\ece383_pkg.vhd:]
WARNING: [filemgmt 56-199] Attempt to get parsing info during refresh. "On-the-fly" syntax checking information may be incorrect. [C:\Users\C27Soren.Herzog\ece383\Herzog_ece383_wksp\lab2\Lab _2.srcs\sources_1\imports\imports\new\counter.vhd:]
WARNING: [filemgmt 56-199] Attempt to get parsing info during refresh. "On-the-fly" syntax checking information may be incorrect. [C:\Users\C27Soren.Herzog\ece383\Herzog_ece383_wksp\lab2\Lab _2.srcs\sources_1\imports\C27Soren.Herzog\OneDrive - afacademy.af.edu\Documents\Schoolwork Sem6 2026 Spring\M1 - ECE 383 CSYS\Lab\Lab 2\lab2_code_for_cadets_2026\trigger_detector.vhd:]
WARNING: [filemgmt 56-199] Attempt to get parsing info during refresh. "On-the-fly" syntax checking information may be incorrect. [C:\Users\C27Soren.Herzog\ece383\Herzog_ece383_wksp\lab2\Lab _2.srcs\sources_1\imports\imports\Lab1_Cadet_Code_2026\numeric_stepper.vhd:]
WARNING: [filemgmt 56-199] Attempt to get parsing info during refresh. "On-the-fly" syntax checking information may be incorrect. [C:\Users\C27Soren.Herzog\ece383\Herzog_ece383_wksp\lab2\Lab _2.srcs\sources_1\imports\C27Soren.Herzog\OneDrive - afacademy.af.edu\Documents\Schoolwork Sem6 2026 Spring\M1 - ECE 383 CSYS\Lab\Lab 2\lab2_code_for_cadets_2026\lab2_datapath.vhdl:]
WARNING: [filemgmt 56-199] Attempt to get parsing info during refresh. "On-the-fly" syntax checking information may be incorrect. [C:\Users\C27Soren.Herzog\ece383\Herzog_ece383_wksp\lab2\Lab _2.srcs\sources_1\imports\imports\Lab1_Cadet_Code_2026\numeric_stepper.vhd:]
WARNING: [filemgmt 56-199] Attempt to get parsing info during refresh. "On-the-fly" syntax checking information may be incorrect. [C:\Users\C27Soren.Herzog\ece383\Herzog_ece383_wksp\lab2\Lab _2.srcs\sources_1\imports\imports\Lab1_Cadet_Code_2026\numeric_stepper.vhd:]
update_compile_order -fileset sources_1
WARNING: [filemgmt 56-199] Attempt to get parsing info during refresh. "On-the-fly" syntax checking information may be incorrect. [C:\Users\C27Soren.Herzog\ece383\Herzog_ece383_wksp\lab2\Lab _2.srcs\sources_1\imports\C27Soren.Herzog\OneDrive - afacademy.af.edu\Documents\Schoolwork Sem6 2026 Spring\M1 - ECE 383 CSYS\Lab\Lab 2\lab2_code_for_cadets_2026\ece383_pkg.vhd:]
WARNING: [filemgmt 56-199] Attempt to get parsing info during refresh. "On-the-fly" syntax checking information may be incorrect. [C:\Users\C27Soren.Herzog\ece383\Herzog_ece383_wksp\lab2\Lab _2.srcs\sources_1\imports\imports\new\counter.vhd:]
WARNING: [filemgmt 56-199] Attempt to get parsing info during refresh. "On-the-fly" syntax checking information may be incorrect. [C:\Users\C27Soren.Herzog\ece383\Herzog_ece383_wksp\lab2\Lab _2.srcs\sources_1\imports\C27Soren.Herzog\OneDrive - afacademy.af.edu\Documents\Schoolwork Sem6 2026 Spring\M1 - ECE 383 CSYS\Lab\Lab 2\lab2_code_for_cadets_2026\trigger_detector.vhd:]
WARNING: [filemgmt 56-199] Attempt to get parsing info during refresh. "On-the-fly" syntax checking information may be incorrect. [C:\Users\C27Soren.Herzog\ece383\Herzog_ece383_wksp\lab2\Lab _2.srcs\sources_1\imports\imports\Lab1_Cadet_Code_2026\numeric_stepper.vhd:]
WARNING: [filemgmt 56-199] Attempt to get parsing info during refresh. "On-the-fly" syntax checking information may be incorrect. [C:\Users\C27Soren.Herzog\ece383\Herzog_ece383_wksp\lab2\Lab _2.srcs\sources_1\imports\C27Soren.Herzog\OneDrive - afacademy.af.edu\Documents\Schoolwork Sem6 2026 Spring\M1 - ECE 383 CSYS\Lab\Lab 2\lab2_code_for_cadets_2026\lab2_datapath.vhdl:]
WARNING: [filemgmt 56-199] Attempt to get parsing info during refresh. "On-the-fly" syntax checking information may be incorrect. [C:\Users\C27Soren.Herzog\ece383\Herzog_ece383_wksp\lab2\Lab _2.srcs\sources_1\imports\C27Soren.Herzog\OneDrive - afacademy.af.edu\Documents\Schoolwork Sem6 2026 Spring\M1 - ECE 383 CSYS\Lab\Lab 2\lab2_code_for_cadets_2026\lab2_datapath.vhdl:]
WARNING: [filemgmt 56-199] Attempt to get parsing info during refresh. "On-the-fly" syntax checking information may be incorrect. [C:\Users\C27Soren.Herzog\ece383\Herzog_ece383_wksp\lab2\Lab _2.srcs\sources_1\imports\C27Soren.Herzog\OneDrive - afacademy.af.edu\Documents\Schoolwork Sem6 2026 Spring\M1 - ECE 383 CSYS\Lab\Lab 2\lab2_code_for_cadets_2026\lab2_datapath.vhdl:]
WARNING: [filemgmt 56-199] Attempt to get parsing info during refresh. "On-the-fly" syntax checking information may be incorrect. [C:\Users\C27Soren.Herzog\ece383\Herzog_ece383_wksp\lab2\Lab _2.srcs\sources_1\imports\C27Soren.Herzog\OneDrive - afacademy.af.edu\Documents\Schoolwork Sem6 2026 Spring\M1 - ECE 383 CSYS\Lab\Lab 2\lab2_code_for_cadets_2026\ece383_pkg.vhd:]
WARNING: [filemgmt 56-199] Attempt to get parsing info during refresh. "On-the-fly" syntax checking information may be incorrect. [C:\Users\C27Soren.Herzog\ece383\Herzog_ece383_wksp\lab2\Lab _2.srcs\sources_1\imports\imports\new\counter.vhd:]
WARNING: [filemgmt 56-199] Attempt to get parsing info during refresh. "On-the-fly" syntax checking information may be incorrect. [C:\Users\C27Soren.Herzog\ece383\Herzog_ece383_wksp\lab2\Lab _2.srcs\sources_1\imports\C27Soren.Herzog\OneDrive - afacademy.af.edu\Documents\Schoolwork Sem6 2026 Spring\M1 - ECE 383 CSYS\Lab\Lab 2\lab2_code_for_cadets_2026\trigger_detector.vhd:]
WARNING: [filemgmt 56-199] Attempt to get parsing info during refresh. "On-the-fly" syntax checking information may be incorrect. [C:\Users\C27Soren.Herzog\ece383\Herzog_ece383_wksp\lab2\Lab _2.srcs\sources_1\imports\imports\Lab1_Cadet_Code_2026\numeric_stepper.vhd:]
WARNING: [filemgmt 56-199] Attempt to get parsing info during refresh. "On-the-fly" syntax checking information may be incorrect. [C:\Users\C27Soren.Herzog\ece383\Herzog_ece383_wksp\lab2\Lab _2.srcs\sources_1\imports\C27Soren.Herzog\OneDrive - afacademy.af.edu\Documents\Schoolwork Sem6 2026 Spring\M1 - ECE 383 CSYS\Lab\Lab 2\lab2_code_for_cadets_2026\lab2_datapath.vhdl:]
WARNING: [filemgmt 56-199] Attempt to get parsing info during refresh. "On-the-fly" syntax checking information may be incorrect. [C:\Users\C27Soren.Herzog\ece383\Herzog_ece383_wksp\lab2\Lab _2.srcs\sources_1\imports\C27Soren.Herzog\OneDrive - afacademy.af.edu\Documents\Schoolwork Sem6 2026 Spring\M1 - ECE 383 CSYS\Lab\Lab 2\lab2_code_for_cadets_2026\ece383_pkg.vhd:]
WARNING: [filemgmt 56-199] Attempt to get parsing info during refresh. "On-the-fly" syntax checking information may be incorrect. [C:\Users\C27Soren.Herzog\ece383\Herzog_ece383_wksp\lab2\Lab _2.srcs\sources_1\imports\C27Soren.Herzog\OneDrive - afacademy.af.edu\Documents\Schoolwork Sem6 2026 Spring\M1 - ECE 383 CSYS\Lab\Lab 2\lab2_code_for_cadets_2026\ece383_pkg.vhd:]
WARNING: [filemgmt 56-199] Attempt to get parsing info during refresh. "On-the-fly" syntax checking information may be incorrect. [C:\Users\C27Soren.Herzog\ece383\Herzog_ece383_wksp\lab2\Lab _2.srcs\sources_1\imports\C27Soren.Herzog\OneDrive - afacademy.af.edu\Documents\Schoolwork Sem6 2026 Spring\M1 - ECE 383 CSYS\Lab\Lab 2\lab2_code_for_cadets_2026\ece383_pkg.vhd:]
WARNING: [filemgmt 56-199] Attempt to get parsing info during refresh. "On-the-fly" syntax checking information may be incorrect. [C:\Users\C27Soren.Herzog\ece383\Herzog_ece383_wksp\lab2\Lab _2.srcs\sources_1\imports\imports\new\counter.vhd:]
WARNING: [filemgmt 56-199] Attempt to get parsing info during refresh. "On-the-fly" syntax checking information may be incorrect. [C:\Users\C27Soren.Herzog\ece383\Herzog_ece383_wksp\lab2\Lab _2.srcs\sources_1\imports\C27Soren.Herzog\OneDrive - afacademy.af.edu\Documents\Schoolwork Sem6 2026 Spring\M1 - ECE 383 CSYS\Lab\Lab 2\lab2_code_for_cadets_2026\trigger_detector.vhd:]
WARNING: [filemgmt 56-199] Attempt to get parsing info during refresh. "On-the-fly" syntax checking information may be incorrect. [C:\Users\C27Soren.Herzog\ece383\Herzog_ece383_wksp\lab2\Lab _2.srcs\sources_1\imports\imports\Lab1_Cadet_Code_2026\numeric_stepper.vhd:]
WARNING: [filemgmt 56-199] Attempt to get parsing info during refresh. "On-the-fly" syntax checking information may be incorrect. [C:\Users\C27Soren.Herzog\ece383\Herzog_ece383_wksp\lab2\Lab _2.srcs\sources_1\imports\C27Soren.Herzog\OneDrive - afacademy.af.edu\Documents\Schoolwork Sem6 2026 Spring\M1 - ECE 383 CSYS\Lab\Lab 2\lab2_code_for_cadets_2026\lab2_datapath.vhdl:]
WARNING: [filemgmt 56-199] Attempt to get parsing info during refresh. "On-the-fly" syntax checking information may be incorrect. [C:\Users\C27Soren.Herzog\ece383\Herzog_ece383_wksp\lab2\Lab _2.srcs\sources_1\imports\imports\new\counter.vhd:]
WARNING: [filemgmt 56-199] Attempt to get parsing info during refresh. "On-the-fly" syntax checking information may be incorrect. [C:\Users\C27Soren.Herzog\ece383\Herzog_ece383_wksp\lab2\Lab _2.srcs\sources_1\imports\imports\new\counter.vhd:]
ERROR: [Common 17-180] Spawn failed: No error
WARNING: [filemgmt 56-199] Attempt to get parsing info during refresh. "On-the-fly" syntax checking information may be incorrect. [C:\Users\C27Soren.Herzog\ece383\Herzog_ece383_wksp\lab2\Lab _2.srcs\sources_1\imports\C27Soren.Herzog\OneDrive - afacademy.af.edu\Documents\Schoolwork Sem6 2026 Spring\M1 - ECE 383 CSYS\Lab\Lab 2\lab2_code_for_cadets_2026\ece383_pkg.vhd:]
WARNING: [filemgmt 56-199] Attempt to get parsing info during refresh. "On-the-fly" syntax checking information may be incorrect. [C:\Users\C27Soren.Herzog\ece383\Herzog_ece383_wksp\lab2\Lab _2.srcs\sources_1\imports\imports\new\counter.vhd:]
WARNING: [filemgmt 56-199] Attempt to get parsing info during refresh. "On-the-fly" syntax checking information may be incorrect. [C:\Users\C27Soren.Herzog\ece383\Herzog_ece383_wksp\lab2\Lab _2.srcs\sources_1\imports\C27Soren.Herzog\OneDrive - afacademy.af.edu\Documents\Schoolwork Sem6 2026 Spring\M1 - ECE 383 CSYS\Lab\Lab 2\lab2_code_for_cadets_2026\trigger_detector.vhd:]
WARNING: [filemgmt 56-199] Attempt to get parsing info during refresh. "On-the-fly" syntax checking information may be incorrect. [C:\Users\C27Soren.Herzog\ece383\Herzog_ece383_wksp\lab2\Lab _2.srcs\sources_1\imports\imports\Lab1_Cadet_Code_2026\numeric_stepper.vhd:]
WARNING: [filemgmt 56-199] Attempt to get parsing info during refresh. "On-the-fly" syntax checking information may be incorrect. [C:\Users\C27Soren.Herzog\ece383\Herzog_ece383_wksp\lab2\Lab _2.srcs\sources_1\imports\C27Soren.Herzog\OneDrive - afacademy.af.edu\Documents\Schoolwork Sem6 2026 Spring\M1 - ECE 383 CSYS\Lab\Lab 2\lab2_code_for_cadets_2026\lab2_datapath.vhdl:]
WARNING: [filemgmt 56-199] Attempt to get parsing info during refresh. "On-the-fly" syntax checking information may be incorrect. [C:\Users\C27Soren.Herzog\ece383\Herzog_ece383_wksp\lab2\Lab _2.srcs\sources_1\imports\imports\Lab1_Cadet_Code_2026\numeric_stepper.vhd:]
WARNING: [filemgmt 56-199] Attempt to get parsing info during refresh. "On-the-fly" syntax checking information may be incorrect. [C:\Users\C27Soren.Herzog\ece383\Herzog_ece383_wksp\lab2\Lab _2.srcs\sources_1\imports\imports\Lab1_Cadet_Code_2026\numeric_stepper.vhd:]
ERROR: [Common 17-180] Spawn failed: No error
WARNING: [filemgmt 56-199] Attempt to get parsing info during refresh. "On-the-fly" syntax checking information may be incorrect. [C:\Users\C27Soren.Herzog\ece383\Herzog_ece383_wksp\lab2\Lab _2.srcs\sources_1\imports\C27Soren.Herzog\OneDrive - afacademy.af.edu\Documents\Schoolwork Sem6 2026 Spring\M1 - ECE 383 CSYS\Lab\Lab 2\lab2_code_for_cadets_2026\ece383_pkg.vhd:]
WARNING: [filemgmt 56-199] Attempt to get parsing info during refresh. "On-the-fly" syntax checking information may be incorrect. [C:\Users\C27Soren.Herzog\ece383\Herzog_ece383_wksp\lab2\Lab _2.srcs\sources_1\imports\imports\new\counter.vhd:]
WARNING: [filemgmt 56-199] Attempt to get parsing info during refresh. "On-the-fly" syntax checking information may be incorrect. [C:\Users\C27Soren.Herzog\ece383\Herzog_ece383_wksp\lab2\Lab _2.srcs\sources_1\imports\C27Soren.Herzog\OneDrive - afacademy.af.edu\Documents\Schoolwork Sem6 2026 Spring\M1 - ECE 383 CSYS\Lab\Lab 2\lab2_code_for_cadets_2026\trigger_detector.vhd:]
WARNING: [filemgmt 56-199] Attempt to get parsing info during refresh. "On-the-fly" syntax checking information may be incorrect. [C:\Users\C27Soren.Herzog\ece383\Herzog_ece383_wksp\lab2\Lab _2.srcs\sources_1\imports\imports\Lab1_Cadet_Code_2026\numeric_stepper.vhd:]
WARNING: [filemgmt 56-199] Attempt to get parsing info during refresh. "On-the-fly" syntax checking information may be incorrect. [C:\Users\C27Soren.Herzog\ece383\Herzog_ece383_wksp\lab2\Lab _2.srcs\sources_1\imports\C27Soren.Herzog\OneDrive - afacademy.af.edu\Documents\Schoolwork Sem6 2026 Spring\M1 - ECE 383 CSYS\Lab\Lab 2\lab2_code_for_cadets_2026\lab2_datapath.vhdl:]
WARNING: [filemgmt 56-199] Attempt to get parsing info during refresh. "On-the-fly" syntax checking information may be incorrect. [C:\Users\C27Soren.Herzog\ece383\Herzog_ece383_wksp\lab2\Lab _2.srcs\sources_1\imports\C27Soren.Herzog\OneDrive - afacademy.af.edu\Documents\Schoolwork Sem6 2026 Spring\M1 - ECE 383 CSYS\Lab\Lab 2\lab2_code_for_cadets_2026\lab2_datapath.vhdl:]
WARNING: [filemgmt 56-199] Attempt to get parsing info during refresh. "On-the-fly" syntax checking information may be incorrect. [C:\Users\C27Soren.Herzog\ece383\Herzog_ece383_wksp\lab2\Lab _2.srcs\sources_1\imports\C27Soren.Herzog\OneDrive - afacademy.af.edu\Documents\Schoolwork Sem6 2026 Spring\M1 - ECE 383 CSYS\Lab\Lab 2\lab2_code_for_cadets_2026\lab2_datapath.vhdl:]
WARNING: [filemgmt 56-199] Attempt to get parsing info during refresh. "On-the-fly" syntax checking information may be incorrect. [C:\Users\C27Soren.Herzog\ece383\Herzog_ece383_wksp\lab2\Lab _2.srcs\sources_1\imports\C27Soren.Herzog\OneDrive - afacademy.af.edu\Documents\Schoolwork Sem6 2026 Spring\M1 - ECE 383 CSYS\Lab\Lab 2\lab2_code_for_cadets_2026\ece383_pkg.vhd:]
WARNING: [filemgmt 56-199] Attempt to get parsing info during refresh. "On-the-fly" syntax checking information may be incorrect. [C:\Users\C27Soren.Herzog\ece383\Herzog_ece383_wksp\lab2\Lab _2.srcs\sources_1\imports\imports\new\counter.vhd:]
WARNING: [filemgmt 56-199] Attempt to get parsing info during refresh. "On-the-fly" syntax checking information may be incorrect. [C:\Users\C27Soren.Herzog\ece383\Herzog_ece383_wksp\lab2\Lab _2.srcs\sources_1\imports\C27Soren.Herzog\OneDrive - afacademy.af.edu\Documents\Schoolwork Sem6 2026 Spring\M1 - ECE 383 CSYS\Lab\Lab 2\lab2_code_for_cadets_2026\trigger_detector.vhd:]
WARNING: [filemgmt 56-199] Attempt to get parsing info during refresh. "On-the-fly" syntax checking information may be incorrect. [C:\Users\C27Soren.Herzog\ece383\Herzog_ece383_wksp\lab2\Lab _2.srcs\sources_1\imports\imports\Lab1_Cadet_Code_2026\numeric_stepper.vhd:]
WARNING: [filemgmt 56-199] Attempt to get parsing info during refresh. "On-the-fly" syntax checking information may be incorrect. [C:\Users\C27Soren.Herzog\ece383\Herzog_ece383_wksp\lab2\Lab _2.srcs\sources_1\imports\C27Soren.Herzog\OneDrive - afacademy.af.edu\Documents\Schoolwork Sem6 2026 Spring\M1 - ECE 383 CSYS\Lab\Lab 2\lab2_code_for_cadets_2026\lab2_datapath.vhdl:]
WARNING: [filemgmt 56-199] Attempt to get parsing info during refresh. "On-the-fly" syntax checking information may be incorrect. [C:\Users\C27Soren.Herzog\ece383\Herzog_ece383_wksp\lab2\Lab _2.srcs\sources_1\imports\C27Soren.Herzog\OneDrive - afacademy.af.edu\Documents\Schoolwork Sem6 2026 Spring\M1 - ECE 383 CSYS\Lab\Lab 2\lab2_code_for_cadets_2026\ece383_pkg.vhd:]
WARNING: [filemgmt 56-199] Attempt to get parsing info during refresh. "On-the-fly" syntax checking information may be incorrect. [C:\Users\C27Soren.Herzog\ece383\Herzog_ece383_wksp\lab2\Lab _2.srcs\sources_1\imports\C27Soren.Herzog\OneDrive - afacademy.af.edu\Documents\Schoolwork Sem6 2026 Spring\M1 - ECE 383 CSYS\Lab\Lab 2\lab2_code_for_cadets_2026\ece383_pkg.vhd:]
WARNING: [filemgmt 56-199] Attempt to get parsing info during refresh. "On-the-fly" syntax checking information may be incorrect. [C:\Users\C27Soren.Herzog\ece383\Herzog_ece383_wksp\lab2\Lab _2.srcs\sources_1\imports\C27Soren.Herzog\OneDrive - afacademy.af.edu\Documents\Schoolwork Sem6 2026 Spring\M1 - ECE 383 CSYS\Lab\Lab 2\lab2_code_for_cadets_2026\ece383_pkg.vhd:]
WARNING: [filemgmt 56-199] Attempt to get parsing info during refresh. "On-the-fly" syntax checking information may be incorrect. [C:\Users\C27Soren.Herzog\ece383\Herzog_ece383_wksp\lab2\Lab _2.srcs\sources_1\imports\imports\new\counter.vhd:]
WARNING: [filemgmt 56-199] Attempt to get parsing info during refresh. "On-the-fly" syntax checking information may be incorrect. [C:\Users\C27Soren.Herzog\ece383\Herzog_ece383_wksp\lab2\Lab _2.srcs\sources_1\imports\C27Soren.Herzog\OneDrive - afacademy.af.edu\Documents\Schoolwork Sem6 2026 Spring\M1 - ECE 383 CSYS\Lab\Lab 2\lab2_code_for_cadets_2026\trigger_detector.vhd:]
WARNING: [filemgmt 56-199] Attempt to get parsing info during refresh. "On-the-fly" syntax checking information may be incorrect. [C:\Users\C27Soren.Herzog\ece383\Herzog_ece383_wksp\lab2\Lab _2.srcs\sources_1\imports\imports\Lab1_Cadet_Code_2026\numeric_stepper.vhd:]
WARNING: [filemgmt 56-199] Attempt to get parsing info during refresh. "On-the-fly" syntax checking information may be incorrect. [C:\Users\C27Soren.Herzog\ece383\Herzog_ece383_wksp\lab2\Lab _2.srcs\sources_1\imports\C27Soren.Herzog\OneDrive - afacademy.af.edu\Documents\Schoolwork Sem6 2026 Spring\M1 - ECE 383 CSYS\Lab\Lab 2\lab2_code_for_cadets_2026\lab2_datapath.vhdl:]
WARNING: [filemgmt 56-199] Attempt to get parsing info during refresh. "On-the-fly" syntax checking information may be incorrect. [C:\Users\C27Soren.Herzog\ece383\Herzog_ece383_wksp\lab2\Lab _2.srcs\sources_1\imports\C27Soren.Herzog\OneDrive - afacademy.af.edu\Documents\Schoolwork Sem6 2026 Spring\M1 - ECE 383 CSYS\Lab\Lab 2\lab2_code_for_cadets_2026\trigger_detector.vhd:]
WARNING: [filemgmt 56-199] Attempt to get parsing info during refresh. "On-the-fly" syntax checking information may be incorrect. [C:\Users\C27Soren.Herzog\ece383\Herzog_ece383_wksp\lab2\Lab _2.srcs\sources_1\imports\C27Soren.Herzog\OneDrive - afacademy.af.edu\Documents\Schoolwork Sem6 2026 Spring\M1 - ECE 383 CSYS\Lab\Lab 2\lab2_code_for_cadets_2026\trigger_detector.vhd:]
WARNING: [filemgmt 56-199] Attempt to get parsing info during refresh. "On-the-fly" syntax checking information may be incorrect. [C:\Users\C27Soren.Herzog\ece383\Herzog_ece383_wksp\lab2\Lab _2.srcs\sources_1\imports\C27Soren.Herzog\OneDrive - afacademy.af.edu\Documents\Schoolwork Sem6 2026 Spring\M1 - ECE 383 CSYS\Lab\Lab 2\lab2_code_for_cadets_2026\ece383_pkg.vhd:]
WARNING: [filemgmt 56-199] Attempt to get parsing info during refresh. "On-the-fly" syntax checking information may be incorrect. [C:\Users\C27Soren.Herzog\ece383\Herzog_ece383_wksp\lab2\Lab _2.srcs\sources_1\imports\imports\new\counter.vhd:]
WARNING: [filemgmt 56-199] Attempt to get parsing info during refresh. "On-the-fly" syntax checking information may be incorrect. [C:\Users\C27Soren.Herzog\ece383\Herzog_ece383_wksp\lab2\Lab _2.srcs\sources_1\imports\C27Soren.Herzog\OneDrive - afacademy.af.edu\Documents\Schoolwork Sem6 2026 Spring\M1 - ECE 383 CSYS\Lab\Lab 2\lab2_code_for_cadets_2026\trigger_detector.vhd:]
WARNING: [filemgmt 56-199] Attempt to get parsing info during refresh. "On-the-fly" syntax checking information may be incorrect. [C:\Users\C27Soren.Herzog\ece383\Herzog_ece383_wksp\lab2\Lab _2.srcs\sources_1\imports\imports\Lab1_Cadet_Code_2026\numeric_stepper.vhd:]
WARNING: [filemgmt 56-199] Attempt to get parsing info during refresh. "On-the-fly" syntax checking information may be incorrect. [C:\Users\C27Soren.Herzog\ece383\Herzog_ece383_wksp\lab2\Lab _2.srcs\sources_1\imports\C27Soren.Herzog\OneDrive - afacademy.af.edu\Documents\Schoolwork Sem6 2026 Spring\M1 - ECE 383 CSYS\Lab\Lab 2\lab2_code_for_cadets_2026\lab2_datapath.vhdl:]
WARNING: [filemgmt 56-199] Attempt to get parsing info during refresh. "On-the-fly" syntax checking information may be incorrect. [C:\Users\C27Soren.Herzog\ece383\Herzog_ece383_wksp\lab2\Lab _2.srcs\sources_1\imports\imports\new\counter.vhd:]
WARNING: [filemgmt 56-199] Attempt to get parsing info during refresh. "On-the-fly" syntax checking information may be incorrect. [C:\Users\C27Soren.Herzog\ece383\Herzog_ece383_wksp\lab2\Lab _2.srcs\sources_1\imports\imports\new\counter.vhd:]
WARNING: [filemgmt 56-199] Attempt to get parsing info during refresh. "On-the-fly" syntax checking information may be incorrect. [C:\Users\C27Soren.Herzog\ece383\Herzog_ece383_wksp\lab2\Lab _2.srcs\sources_1\imports\C27Soren.Herzog\OneDrive - afacademy.af.edu\Documents\Schoolwork Sem6 2026 Spring\M1 - ECE 383 CSYS\Lab\Lab 2\lab2_code_for_cadets_2026\ece383_pkg.vhd:]
WARNING: [filemgmt 56-199] Attempt to get parsing info during refresh. "On-the-fly" syntax checking information may be incorrect. [C:\Users\C27Soren.Herzog\ece383\Herzog_ece383_wksp\lab2\Lab _2.srcs\sources_1\imports\imports\new\counter.vhd:]
WARNING: [filemgmt 56-199] Attempt to get parsing info during refresh. "On-the-fly" syntax checking information may be incorrect. [C:\Users\C27Soren.Herzog\ece383\Herzog_ece383_wksp\lab2\Lab _2.srcs\sources_1\imports\C27Soren.Herzog\OneDrive - afacademy.af.edu\Documents\Schoolwork Sem6 2026 Spring\M1 - ECE 383 CSYS\Lab\Lab 2\lab2_code_for_cadets_2026\trigger_detector.vhd:]
WARNING: [filemgmt 56-199] Attempt to get parsing info during refresh. "On-the-fly" syntax checking information may be incorrect. [C:\Users\C27Soren.Herzog\ece383\Herzog_ece383_wksp\lab2\Lab _2.srcs\sources_1\imports\imports\Lab1_Cadet_Code_2026\numeric_stepper.vhd:]
WARNING: [filemgmt 56-199] Attempt to get parsing info during refresh. "On-the-fly" syntax checking information may be incorrect. [C:\Users\C27Soren.Herzog\ece383\Herzog_ece383_wksp\lab2\Lab _2.srcs\sources_1\imports\C27Soren.Herzog\OneDrive - afacademy.af.edu\Documents\Schoolwork Sem6 2026 Spring\M1 - ECE 383 CSYS\Lab\Lab 2\lab2_code_for_cadets_2026\lab2_datapath.vhdl:]
WARNING: [filemgmt 56-199] Attempt to get parsing info during refresh. "On-the-fly" syntax checking information may be incorrect. [C:\Users\C27Soren.Herzog\ece383\Herzog_ece383_wksp\lab2\Lab _2.srcs\sources_1\imports\C27Soren.Herzog\OneDrive - afacademy.af.edu\Documents\Schoolwork Sem6 2026 Spring\M1 - ECE 383 CSYS\Lab\Lab 2\lab2_code_for_cadets_2026\lab2_datapath.vhdl:]
WARNING: [filemgmt 56-199] Attempt to get parsing info during refresh. "On-the-fly" syntax checking information may be incorrect. [C:\Users\C27Soren.Herzog\ece383\Herzog_ece383_wksp\lab2\Lab _2.srcs\sources_1\imports\C27Soren.Herzog\OneDrive - afacademy.af.edu\Documents\Schoolwork Sem6 2026 Spring\M1 - ECE 383 CSYS\Lab\Lab 2\lab2_code_for_cadets_2026\lab2_datapath.vhdl:]
WARNING: [filemgmt 56-199] Attempt to get parsing info during refresh. "On-the-fly" syntax checking information may be incorrect. [C:\Users\C27Soren.Herzog\ece383\Herzog_ece383_wksp\lab2\Lab _2.srcs\sources_1\imports\C27Soren.Herzog\OneDrive - afacademy.af.edu\Documents\Schoolwork Sem6 2026 Spring\M1 - ECE 383 CSYS\Lab\Lab 2\lab2_code_for_cadets_2026\ece383_pkg.vhd:]
WARNING: [filemgmt 56-199] Attempt to get parsing info during refresh. "On-the-fly" syntax checking information may be incorrect. [C:\Users\C27Soren.Herzog\ece383\Herzog_ece383_wksp\lab2\Lab _2.srcs\sources_1\imports\imports\new\counter.vhd:]
WARNING: [filemgmt 56-199] Attempt to get parsing info during refresh. "On-the-fly" syntax checking information may be incorrect. [C:\Users\C27Soren.Herzog\ece383\Herzog_ece383_wksp\lab2\Lab _2.srcs\sources_1\imports\C27Soren.Herzog\OneDrive - afacademy.af.edu\Documents\Schoolwork Sem6 2026 Spring\M1 - ECE 383 CSYS\Lab\Lab 2\lab2_code_for_cadets_2026\trigger_detector.vhd:]
WARNING: [filemgmt 56-199] Attempt to get parsing info during refresh. "On-the-fly" syntax checking information may be incorrect. [C:\Users\C27Soren.Herzog\ece383\Herzog_ece383_wksp\lab2\Lab _2.srcs\sources_1\imports\imports\Lab1_Cadet_Code_2026\numeric_stepper.vhd:]
WARNING: [filemgmt 56-199] Attempt to get parsing info during refresh. "On-the-fly" syntax checking information may be incorrect. [C:\Users\C27Soren.Herzog\ece383\Herzog_ece383_wksp\lab2\Lab _2.srcs\sources_1\imports\C27Soren.Herzog\OneDrive - afacademy.af.edu\Documents\Schoolwork Sem6 2026 Spring\M1 - ECE 383 CSYS\Lab\Lab 2\lab2_code_for_cadets_2026\lab2_datapath.vhdl:]
WARNING: [filemgmt 56-199] Attempt to get parsing info during refresh. "On-the-fly" syntax checking information may be incorrect. [C:\Users\C27Soren.Herzog\ece383\Herzog_ece383_wksp\lab2\Lab _2.srcs\sources_1\imports\C27Soren.Herzog\OneDrive - afacademy.af.edu\Documents\Schoolwork Sem6 2026 Spring\M1 - ECE 383 CSYS\Lab\Lab 2\lab2_code_for_cadets_2026\ece383_pkg.vhd:]
WARNING: [filemgmt 56-199] Attempt to get parsing info during refresh. "On-the-fly" syntax checking information may be incorrect. [C:\Users\C27Soren.Herzog\ece383\Herzog_ece383_wksp\lab2\Lab _2.srcs\sources_1\imports\C27Soren.Herzog\OneDrive - afacademy.af.edu\Documents\Schoolwork Sem6 2026 Spring\M1 - ECE 383 CSYS\Lab\Lab 2\lab2_code_for_cadets_2026\ece383_pkg.vhd:]
WARNING: [filemgmt 56-199] Attempt to get parsing info during refresh. "On-the-fly" syntax checking information may be incorrect. [C:\Users\C27Soren.Herzog\ece383\Herzog_ece383_wksp\lab2\Lab _2.srcs\sources_1\imports\C27Soren.Herzog\OneDrive - afacademy.af.edu\Documents\Schoolwork Sem6 2026 Spring\M1 - ECE 383 CSYS\Lab\Lab 2\lab2_code_for_cadets_2026\ece383_pkg.vhd:]
WARNING: [filemgmt 56-199] Attempt to get parsing info during refresh. "On-the-fly" syntax checking information may be incorrect. [C:\Users\C27Soren.Herzog\ece383\Herzog_ece383_wksp\lab2\Lab _2.srcs\sources_1\imports\imports\new\counter.vhd:]
WARNING: [filemgmt 56-199] Attempt to get parsing info during refresh. "On-the-fly" syntax checking information may be incorrect. [C:\Users\C27Soren.Herzog\ece383\Herzog_ece383_wksp\lab2\Lab _2.srcs\sources_1\imports\C27Soren.Herzog\OneDrive - afacademy.af.edu\Documents\Schoolwork Sem6 2026 Spring\M1 - ECE 383 CSYS\Lab\Lab 2\lab2_code_for_cadets_2026\trigger_detector.vhd:]
WARNING: [filemgmt 56-199] Attempt to get parsing info during refresh. "On-the-fly" syntax checking information may be incorrect. [C:\Users\C27Soren.Herzog\ece383\Herzog_ece383_wksp\lab2\Lab _2.srcs\sources_1\imports\imports\Lab1_Cadet_Code_2026\numeric_stepper.vhd:]
WARNING: [filemgmt 56-199] Attempt to get parsing info during refresh. "On-the-fly" syntax checking information may be incorrect. [C:\Users\C27Soren.Herzog\ece383\Herzog_ece383_wksp\lab2\Lab _2.srcs\sources_1\imports\C27Soren.Herzog\OneDrive - afacademy.af.edu\Documents\Schoolwork Sem6 2026 Spring\M1 - ECE 383 CSYS\Lab\Lab 2\lab2_code_for_cadets_2026\lab2_datapath.vhdl:]
WARNING: [filemgmt 56-199] Attempt to get parsing info during refresh. "On-the-fly" syntax checking information may be incorrect. [C:\Users\C27Soren.Herzog\ece383\Herzog_ece383_wksp\lab2\Lab _2.srcs\sources_1\imports\C27Soren.Herzog\OneDrive - afacademy.af.edu\Documents\Schoolwork Sem6 2026 Spring\M1 - ECE 383 CSYS\Lab\Lab 2\lab2_code_for_cadets_2026\trigger_detector.vhd:]
WARNING: [filemgmt 56-199] Attempt to get parsing info during refresh. "On-the-fly" syntax checking information may be incorrect. [C:\Users\C27Soren.Herzog\ece383\Herzog_ece383_wksp\lab2\Lab _2.srcs\sources_1\imports\C27Soren.Herzog\OneDrive - afacademy.af.edu\Documents\Schoolwork Sem6 2026 Spring\M1 - ECE 383 CSYS\Lab\Lab 2\lab2_code_for_cadets_2026\trigger_detector.vhd:]
WARNING: [filemgmt 56-199] Attempt to get parsing info during refresh. "On-the-fly" syntax checking information may be incorrect. [C:\Users\C27Soren.Herzog\ece383\Herzog_ece383_wksp\lab2\Lab _2.srcs\sources_1\imports\C27Soren.Herzog\OneDrive - afacademy.af.edu\Documents\Schoolwork Sem6 2026 Spring\M1 - ECE 383 CSYS\Lab\Lab 2\lab2_code_for_cadets_2026\ece383_pkg.vhd:]
WARNING: [filemgmt 56-199] Attempt to get parsing info during refresh. "On-the-fly" syntax checking information may be incorrect. [C:\Users\C27Soren.Herzog\ece383\Herzog_ece383_wksp\lab2\Lab _2.srcs\sources_1\imports\imports\new\counter.vhd:]
WARNING: [filemgmt 56-199] Attempt to get parsing info during refresh. "On-the-fly" syntax checking information may be incorrect. [C:\Users\C27Soren.Herzog\ece383\Herzog_ece383_wksp\lab2\Lab _2.srcs\sources_1\imports\C27Soren.Herzog\OneDrive - afacademy.af.edu\Documents\Schoolwork Sem6 2026 Spring\M1 - ECE 383 CSYS\Lab\Lab 2\lab2_code_for_cadets_2026\trigger_detector.vhd:]
WARNING: [filemgmt 56-199] Attempt to get parsing info during refresh. "On-the-fly" syntax checking information may be incorrect. [C:\Users\C27Soren.Herzog\ece383\Herzog_ece383_wksp\lab2\Lab _2.srcs\sources_1\imports\imports\Lab1_Cadet_Code_2026\numeric_stepper.vhd:]
WARNING: [filemgmt 56-199] Attempt to get parsing info during refresh. "On-the-fly" syntax checking information may be incorrect. [C:\Users\C27Soren.Herzog\ece383\Herzog_ece383_wksp\lab2\Lab _2.srcs\sources_1\imports\C27Soren.Herzog\OneDrive - afacademy.af.edu\Documents\Schoolwork Sem6 2026 Spring\M1 - ECE 383 CSYS\Lab\Lab 2\lab2_code_for_cadets_2026\lab2_datapath.vhdl:]
WARNING: [filemgmt 56-199] Attempt to get parsing info during refresh. "On-the-fly" syntax checking information may be incorrect. [C:\Users\C27Soren.Herzog\ece383\Herzog_ece383_wksp\lab2\Lab _2.srcs\sources_1\imports\imports\new\counter.vhd:]
WARNING: [filemgmt 56-199] Attempt to get parsing info during refresh. "On-the-fly" syntax checking information may be incorrect. [C:\Users\C27Soren.Herzog\ece383\Herzog_ece383_wksp\lab2\Lab _2.srcs\sources_1\imports\imports\new\counter.vhd:]
reset_run synth_1
INFO: [Project 1-1161] Replacing file C:/Users/C27Soren.Herzog/ece383/Herzog_ece383_wksp/lab2/Lab _2.srcs/utils_1/imports/synth_1/lab2.dcp with file C:/Users/C27Soren.Herzog/ece383/Herzog_ece383_wksp/lab2/Lab _2.runs/synth_1/lab2.dcp
WARNING: [filemgmt 56-199] Attempt to get parsing info during refresh. "On-the-fly" syntax checking information may be incorrect. [C:\Users\C27Soren.Herzog\ece383\Herzog_ece383_wksp\lab2\Lab _2.srcs\sources_1\imports\C27Soren.Herzog\OneDrive - afacademy.af.edu\Documents\Schoolwork Sem6 2026 Spring\M1 - ECE 383 CSYS\Lab\Lab 2\lab2_code_for_cadets_2026\ece383_pkg.vhd:]
WARNING: [filemgmt 56-199] Attempt to get parsing info during refresh. "On-the-fly" syntax checking information may be incorrect. [C:\Users\C27Soren.Herzog\ece383\Herzog_ece383_wksp\lab2\Lab _2.srcs\sources_1\imports\imports\new\counter.vhd:]
WARNING: [filemgmt 56-199] Attempt to get parsing info during refresh. "On-the-fly" syntax checking information may be incorrect. [C:\Users\C27Soren.Herzog\ece383\Herzog_ece383_wksp\lab2\Lab _2.srcs\sources_1\imports\C27Soren.Herzog\OneDrive - afacademy.af.edu\Documents\Schoolwork Sem6 2026 Spring\M1 - ECE 383 CSYS\Lab\Lab 2\lab2_code_for_cadets_2026\trigger_detector.vhd:]
WARNING: [filemgmt 56-199] Attempt to get parsing info during refresh. "On-the-fly" syntax checking information may be incorrect. [C:\Users\C27Soren.Herzog\ece383\Herzog_ece383_wksp\lab2\Lab _2.srcs\sources_1\imports\imports\Lab1_Cadet_Code_2026\numeric_stepper.vhd:]
WARNING: [filemgmt 56-199] Attempt to get parsing info during refresh. "On-the-fly" syntax checking information may be incorrect. [C:\Users\C27Soren.Herzog\ece383\Herzog_ece383_wksp\lab2\Lab _2.srcs\sources_1\imports\C27Soren.Herzog\OneDrive - afacademy.af.edu\Documents\Schoolwork Sem6 2026 Spring\M1 - ECE 383 CSYS\Lab\Lab 2\lab2_code_for_cadets_2026\lab2_datapath.vhdl:]
WARNING: [filemgmt 56-199] Attempt to get parsing info during refresh. "On-the-fly" syntax checking information may be incorrect. [C:\Users\C27Soren.Herzog\ece383\Herzog_ece383_wksp\lab2\Lab _2.srcs\sources_1\imports\C27Soren.Herzog\OneDrive - afacademy.af.edu\Documents\Schoolwork Sem6 2026 Spring\M1 - ECE 383 CSYS\Lab\Lab 2\lab2_code_for_cadets_2026\lab2_datapath.vhdl:]
WARNING: [filemgmt 56-199] Attempt to get parsing info during refresh. "On-the-fly" syntax checking information may be incorrect. [C:\Users\C27Soren.Herzog\ece383\Herzog_ece383_wksp\lab2\Lab _2.srcs\sources_1\imports\C27Soren.Herzog\OneDrive - afacademy.af.edu\Documents\Schoolwork Sem6 2026 Spring\M1 - ECE 383 CSYS\Lab\Lab 2\lab2_code_for_cadets_2026\lab2_datapath.vhdl:]
WARNING: [filemgmt 56-199] Attempt to get parsing info during refresh. "On-the-fly" syntax checking information may be incorrect. [C:\Users\C27Soren.Herzog\ece383\Herzog_ece383_wksp\lab2\Lab _2.srcs\sources_1\imports\C27Soren.Herzog\OneDrive - afacademy.af.edu\Documents\Schoolwork Sem6 2026 Spring\M1 - ECE 383 CSYS\Lab\Lab 2\lab2_code_for_cadets_2026\ece383_pkg.vhd:]
WARNING: [filemgmt 56-199] Attempt to get parsing info during refresh. "On-the-fly" syntax checking information may be incorrect. [C:\Users\C27Soren.Herzog\ece383\Herzog_ece383_wksp\lab2\Lab _2.srcs\sources_1\imports\imports\new\counter.vhd:]
WARNING: [filemgmt 56-199] Attempt to get parsing info during refresh. "On-the-fly" syntax checking information may be incorrect. [C:\Users\C27Soren.Herzog\ece383\Herzog_ece383_wksp\lab2\Lab _2.srcs\sources_1\imports\C27Soren.Herzog\OneDrive - afacademy.af.edu\Documents\Schoolwork Sem6 2026 Spring\M1 - ECE 383 CSYS\Lab\Lab 2\lab2_code_for_cadets_2026\trigger_detector.vhd:]
WARNING: [filemgmt 56-199] Attempt to get parsing info during refresh. "On-the-fly" syntax checking information may be incorrect. [C:\Users\C27Soren.Herzog\ece383\Herzog_ece383_wksp\lab2\Lab _2.srcs\sources_1\imports\imports\Lab1_Cadet_Code_2026\numeric_stepper.vhd:]
WARNING: [filemgmt 56-199] Attempt to get parsing info during refresh. "On-the-fly" syntax checking information may be incorrect. [C:\Users\C27Soren.Herzog\ece383\Herzog_ece383_wksp\lab2\Lab _2.srcs\sources_1\imports\C27Soren.Herzog\OneDrive - afacademy.af.edu\Documents\Schoolwork Sem6 2026 Spring\M1 - ECE 383 CSYS\Lab\Lab 2\lab2_code_for_cadets_2026\lab2_datapath.vhdl:]
WARNING: [filemgmt 56-199] Attempt to get parsing info during refresh. "On-the-fly" syntax checking information may be incorrect. [C:\Users\C27Soren.Herzog\ece383\Herzog_ece383_wksp\lab2\Lab _2.srcs\sources_1\imports\C27Soren.Herzog\OneDrive - afacademy.af.edu\Documents\Schoolwork Sem6 2026 Spring\M1 - ECE 383 CSYS\Lab\Lab 2\lab2_code_for_cadets_2026\ece383_pkg.vhd:]
WARNING: [filemgmt 56-199] Attempt to get parsing info during refresh. "On-the-fly" syntax checking information may be incorrect. [C:\Users\C27Soren.Herzog\ece383\Herzog_ece383_wksp\lab2\Lab _2.srcs\sources_1\imports\C27Soren.Herzog\OneDrive - afacademy.af.edu\Documents\Schoolwork Sem6 2026 Spring\M1 - ECE 383 CSYS\Lab\Lab 2\lab2_code_for_cadets_2026\ece383_pkg.vhd:]
WARNING: [filemgmt 56-199] Attempt to get parsing info during refresh. "On-the-fly" syntax checking information may be incorrect. [C:\Users\C27Soren.Herzog\ece383\Herzog_ece383_wksp\lab2\Lab _2.srcs\sources_1\imports\C27Soren.Herzog\OneDrive - afacademy.af.edu\Documents\Schoolwork Sem6 2026 Spring\M1 - ECE 383 CSYS\Lab\Lab 2\lab2_code_for_cadets_2026\ece383_pkg.vhd:]
WARNING: [filemgmt 56-199] Attempt to get parsing info during refresh. "On-the-fly" syntax checking information may be incorrect. [C:\Users\C27Soren.Herzog\ece383\Herzog_ece383_wksp\lab2\Lab _2.srcs\sources_1\imports\imports\new\counter.vhd:]
WARNING: [filemgmt 56-199] Attempt to get parsing info during refresh. "On-the-fly" syntax checking information may be incorrect. [C:\Users\C27Soren.Herzog\ece383\Herzog_ece383_wksp\lab2\Lab _2.srcs\sources_1\imports\C27Soren.Herzog\OneDrive - afacademy.af.edu\Documents\Schoolwork Sem6 2026 Spring\M1 - ECE 383 CSYS\Lab\Lab 2\lab2_code_for_cadets_2026\trigger_detector.vhd:]
WARNING: [filemgmt 56-199] Attempt to get parsing info during refresh. "On-the-fly" syntax checking information may be incorrect. [C:\Users\C27Soren.Herzog\ece383\Herzog_ece383_wksp\lab2\Lab _2.srcs\sources_1\imports\imports\Lab1_Cadet_Code_2026\numeric_stepper.vhd:]
WARNING: [filemgmt 56-199] Attempt to get parsing info during refresh. "On-the-fly" syntax checking information may be incorrect. [C:\Users\C27Soren.Herzog\ece383\Herzog_ece383_wksp\lab2\Lab _2.srcs\sources_1\imports\C27Soren.Herzog\OneDrive - afacademy.af.edu\Documents\Schoolwork Sem6 2026 Spring\M1 - ECE 383 CSYS\Lab\Lab 2\lab2_code_for_cadets_2026\lab2_datapath.vhdl:]
WARNING: [filemgmt 56-199] Attempt to get parsing info during refresh. "On-the-fly" syntax checking information may be incorrect. [C:\Users\C27Soren.Herzog\ece383\Herzog_ece383_wksp\lab2\Lab _2.srcs\sources_1\imports\C27Soren.Herzog\OneDrive - afacademy.af.edu\Documents\Schoolwork Sem6 2026 Spring\M1 - ECE 383 CSYS\Lab\Lab 2\lab2_code_for_cadets_2026\trigger_detector.vhd:]
WARNING: [filemgmt 56-199] Attempt to get parsing info during refresh. "On-the-fly" syntax checking information may be incorrect. [C:\Users\C27Soren.Herzog\ece383\Herzog_ece383_wksp\lab2\Lab _2.srcs\sources_1\imports\C27Soren.Herzog\OneDrive - afacademy.af.edu\Documents\Schoolwork Sem6 2026 Spring\M1 - ECE 383 CSYS\Lab\Lab 2\lab2_code_for_cadets_2026\trigger_detector.vhd:]
WARNING: [filemgmt 56-199] Attempt to get parsing info during refresh. "On-the-fly" syntax checking information may be incorrect. [C:\Users\C27Soren.Herzog\ece383\Herzog_ece383_wksp\lab2\Lab _2.srcs\sources_1\imports\C27Soren.Herzog\OneDrive - afacademy.af.edu\Documents\Schoolwork Sem6 2026 Spring\M1 - ECE 383 CSYS\Lab\Lab 2\lab2_code_for_cadets_2026\ece383_pkg.vhd:]
WARNING: [filemgmt 56-199] Attempt to get parsing info during refresh. "On-the-fly" syntax checking information may be incorrect. [C:\Users\C27Soren.Herzog\ece383\Herzog_ece383_wksp\lab2\Lab _2.srcs\sources_1\imports\imports\new\counter.vhd:]
WARNING: [filemgmt 56-199] Attempt to get parsing info during refresh. "On-the-fly" syntax checking information may be incorrect. [C:\Users\C27Soren.Herzog\ece383\Herzog_ece383_wksp\lab2\Lab _2.srcs\sources_1\imports\C27Soren.Herzog\OneDrive - afacademy.af.edu\Documents\Schoolwork Sem6 2026 Spring\M1 - ECE 383 CSYS\Lab\Lab 2\lab2_code_for_cadets_2026\trigger_detector.vhd:]
WARNING: [filemgmt 56-199] Attempt to get parsing info during refresh. "On-the-fly" syntax checking information may be incorrect. [C:\Users\C27Soren.Herzog\ece383\Herzog_ece383_wksp\lab2\Lab _2.srcs\sources_1\imports\imports\Lab1_Cadet_Code_2026\numeric_stepper.vhd:]
WARNING: [filemgmt 56-199] Attempt to get parsing info during refresh. "On-the-fly" syntax checking information may be incorrect. [C:\Users\C27Soren.Herzog\ece383\Herzog_ece383_wksp\lab2\Lab _2.srcs\sources_1\imports\C27Soren.Herzog\OneDrive - afacademy.af.edu\Documents\Schoolwork Sem6 2026 Spring\M1 - ECE 383 CSYS\Lab\Lab 2\lab2_code_for_cadets_2026\lab2_datapath.vhdl:]
WARNING: [filemgmt 56-199] Attempt to get parsing info during refresh. "On-the-fly" syntax checking information may be incorrect. [C:\Users\C27Soren.Herzog\ece383\Herzog_ece383_wksp\lab2\Lab _2.srcs\sources_1\imports\imports\new\counter.vhd:]
WARNING: [filemgmt 56-199] Attempt to get parsing info during refresh. "On-the-fly" syntax checking information may be incorrect. [C:\Users\C27Soren.Herzog\ece383\Herzog_ece383_wksp\lab2\Lab _2.srcs\sources_1\imports\imports\new\counter.vhd:]
launch_runs impl_1 -to_step write_bitstream -jobs 8
INFO: [Vivado 12-4149] The synthesis checkpoint for IP 'C:/Users/C27Soren.Herzog/ece383/Herzog_ece383_wksp/lab2/Lab _2.srcs/sources_1/ip/clk_wiz_0/clk_wiz_0.xci' is already up-to-date
[Thu Feb 19 07:53:32 2026] Launched synth_1...
Run output will be captured here: C:/Users/C27Soren.Herzog/ece383/Herzog_ece383_wksp/lab2/Lab _2.runs/synth_1/runme.log
[Thu Feb 19 07:53:32 2026] Launched impl_1...
Run output will be captured here: C:/Users/C27Soren.Herzog/ece383/Herzog_ece383_wksp/lab2/Lab _2.runs/impl_1/runme.log
WARNING: [filemgmt 56-199] Attempt to get parsing info during refresh. "On-the-fly" syntax checking information may be incorrect. [C:\Users\C27Soren.Herzog\ece383\Herzog_ece383_wksp\lab2\Lab _2.srcs\sources_1\imports\C27Soren.Herzog\OneDrive - afacademy.af.edu\Documents\Schoolwork Sem6 2026 Spring\M1 - ECE 383 CSYS\Lab\Lab 2\lab2_code_for_cadets_2026\ece383_pkg.vhd:]
WARNING: [filemgmt 56-199] Attempt to get parsing info during refresh. "On-the-fly" syntax checking information may be incorrect. [C:\Users\C27Soren.Herzog\ece383\Herzog_ece383_wksp\lab2\Lab _2.srcs\sources_1\imports\imports\new\counter.vhd:]
WARNING: [filemgmt 56-199] Attempt to get parsing info during refresh. "On-the-fly" syntax checking information may be incorrect. [C:\Users\C27Soren.Herzog\ece383\Herzog_ece383_wksp\lab2\Lab _2.srcs\sources_1\imports\C27Soren.Herzog\OneDrive - afacademy.af.edu\Documents\Schoolwork Sem6 2026 Spring\M1 - ECE 383 CSYS\Lab\Lab 2\lab2_code_for_cadets_2026\trigger_detector.vhd:]
WARNING: [filemgmt 56-199] Attempt to get parsing info during refresh. "On-the-fly" syntax checking information may be incorrect. [C:\Users\C27Soren.Herzog\ece383\Herzog_ece383_wksp\lab2\Lab _2.srcs\sources_1\imports\imports\Lab1_Cadet_Code_2026\numeric_stepper.vhd:]
WARNING: [filemgmt 56-199] Attempt to get parsing info during refresh. "On-the-fly" syntax checking information may be incorrect. [C:\Users\C27Soren.Herzog\ece383\Herzog_ece383_wksp\lab2\Lab _2.srcs\sources_1\imports\C27Soren.Herzog\OneDrive - afacademy.af.edu\Documents\Schoolwork Sem6 2026 Spring\M1 - ECE 383 CSYS\Lab\Lab 2\lab2_code_for_cadets_2026\lab2_datapath.vhdl:]
WARNING: [filemgmt 56-199] Attempt to get parsing info during refresh. "On-the-fly" syntax checking information may be incorrect. [C:\Users\C27Soren.Herzog\ece383\Herzog_ece383_wksp\lab2\Lab _2.srcs\sources_1\imports\C27Soren.Herzog\OneDrive - afacademy.af.edu\Documents\Schoolwork Sem6 2026 Spring\M1 - ECE 383 CSYS\Lab\Lab 2\lab2_code_for_cadets_2026\lab2_datapath.vhdl:]
WARNING: [filemgmt 56-199] Attempt to get parsing info during refresh. "On-the-fly" syntax checking information may be incorrect. [C:\Users\C27Soren.Herzog\ece383\Herzog_ece383_wksp\lab2\Lab _2.srcs\sources_1\imports\C27Soren.Herzog\OneDrive - afacademy.af.edu\Documents\Schoolwork Sem6 2026 Spring\M1 - ECE 383 CSYS\Lab\Lab 2\lab2_code_for_cadets_2026\lab2_datapath.vhdl:]
WARNING: [filemgmt 56-199] Attempt to get parsing info during refresh. "On-the-fly" syntax checking information may be incorrect. [C:\Users\C27Soren.Herzog\ece383\Herzog_ece383_wksp\lab2\Lab _2.srcs\sources_1\imports\C27Soren.Herzog\OneDrive - afacademy.af.edu\Documents\Schoolwork Sem6 2026 Spring\M1 - ECE 383 CSYS\Lab\Lab 2\lab2_code_for_cadets_2026\ece383_pkg.vhd:]
WARNING: [filemgmt 56-199] Attempt to get parsing info during refresh. "On-the-fly" syntax checking information may be incorrect. [C:\Users\C27Soren.Herzog\ece383\Herzog_ece383_wksp\lab2\Lab _2.srcs\sources_1\imports\imports\new\counter.vhd:]
WARNING: [filemgmt 56-199] Attempt to get parsing info during refresh. "On-the-fly" syntax checking information may be incorrect. [C:\Users\C27Soren.Herzog\ece383\Herzog_ece383_wksp\lab2\Lab _2.srcs\sources_1\imports\C27Soren.Herzog\OneDrive - afacademy.af.edu\Documents\Schoolwork Sem6 2026 Spring\M1 - ECE 383 CSYS\Lab\Lab 2\lab2_code_for_cadets_2026\trigger_detector.vhd:]
WARNING: [filemgmt 56-199] Attempt to get parsing info during refresh. "On-the-fly" syntax checking information may be incorrect. [C:\Users\C27Soren.Herzog\ece383\Herzog_ece383_wksp\lab2\Lab _2.srcs\sources_1\imports\imports\Lab1_Cadet_Code_2026\numeric_stepper.vhd:]
WARNING: [filemgmt 56-199] Attempt to get parsing info during refresh. "On-the-fly" syntax checking information may be incorrect. [C:\Users\C27Soren.Herzog\ece383\Herzog_ece383_wksp\lab2\Lab _2.srcs\sources_1\imports\C27Soren.Herzog\OneDrive - afacademy.af.edu\Documents\Schoolwork Sem6 2026 Spring\M1 - ECE 383 CSYS\Lab\Lab 2\lab2_code_for_cadets_2026\lab2_datapath.vhdl:]
WARNING: [filemgmt 56-199] Attempt to get parsing info during refresh. "On-the-fly" syntax checking information may be incorrect. [C:\Users\C27Soren.Herzog\ece383\Herzog_ece383_wksp\lab2\Lab _2.srcs\sources_1\imports\C27Soren.Herzog\OneDrive - afacademy.af.edu\Documents\Schoolwork Sem6 2026 Spring\M1 - ECE 383 CSYS\Lab\Lab 2\lab2_code_for_cadets_2026\ece383_pkg.vhd:]
WARNING: [filemgmt 56-199] Attempt to get parsing info during refresh. "On-the-fly" syntax checking information may be incorrect. [C:\Users\C27Soren.Herzog\ece383\Herzog_ece383_wksp\lab2\Lab _2.srcs\sources_1\imports\C27Soren.Herzog\OneDrive - afacademy.af.edu\Documents\Schoolwork Sem6 2026 Spring\M1 - ECE 383 CSYS\Lab\Lab 2\lab2_code_for_cadets_2026\ece383_pkg.vhd:]
WARNING: [filemgmt 56-199] Attempt to get parsing info during refresh. "On-the-fly" syntax checking information may be incorrect. [C:\Users\C27Soren.Herzog\ece383\Herzog_ece383_wksp\lab2\Lab _2.srcs\sources_1\imports\C27Soren.Herzog\OneDrive - afacademy.af.edu\Documents\Schoolwork Sem6 2026 Spring\M1 - ECE 383 CSYS\Lab\Lab 2\lab2_code_for_cadets_2026\ece383_pkg.vhd:]
WARNING: [filemgmt 56-199] Attempt to get parsing info during refresh. "On-the-fly" syntax checking information may be incorrect. [C:\Users\C27Soren.Herzog\ece383\Herzog_ece383_wksp\lab2\Lab _2.srcs\sources_1\imports\imports\new\counter.vhd:]
WARNING: [filemgmt 56-199] Attempt to get parsing info during refresh. "On-the-fly" syntax checking information may be incorrect. [C:\Users\C27Soren.Herzog\ece383\Herzog_ece383_wksp\lab2\Lab _2.srcs\sources_1\imports\C27Soren.Herzog\OneDrive - afacademy.af.edu\Documents\Schoolwork Sem6 2026 Spring\M1 - ECE 383 CSYS\Lab\Lab 2\lab2_code_for_cadets_2026\trigger_detector.vhd:]
WARNING: [filemgmt 56-199] Attempt to get parsing info during refresh. "On-the-fly" syntax checking information may be incorrect. [C:\Users\C27Soren.Herzog\ece383\Herzog_ece383_wksp\lab2\Lab _2.srcs\sources_1\imports\imports\Lab1_Cadet_Code_2026\numeric_stepper.vhd:]
WARNING: [filemgmt 56-199] Attempt to get parsing info during refresh. "On-the-fly" syntax checking information may be incorrect. [C:\Users\C27Soren.Herzog\ece383\Herzog_ece383_wksp\lab2\Lab _2.srcs\sources_1\imports\C27Soren.Herzog\OneDrive - afacademy.af.edu\Documents\Schoolwork Sem6 2026 Spring\M1 - ECE 383 CSYS\Lab\Lab 2\lab2_code_for_cadets_2026\lab2_datapath.vhdl:]
WARNING: [filemgmt 56-199] Attempt to get parsing info during refresh. "On-the-fly" syntax checking information may be incorrect. [C:\Users\C27Soren.Herzog\ece383\Herzog_ece383_wksp\lab2\Lab _2.srcs\sources_1\imports\imports\new\counter.vhd:]
WARNING: [filemgmt 56-199] Attempt to get parsing info during refresh. "On-the-fly" syntax checking information may be incorrect. [C:\Users\C27Soren.Herzog\ece383\Herzog_ece383_wksp\lab2\Lab _2.srcs\sources_1\imports\imports\new\counter.vhd:]
WARNING: [filemgmt 56-199] Attempt to get parsing info during refresh. "On-the-fly" syntax checking information may be incorrect. [C:\Users\C27Soren.Herzog\ece383\Herzog_ece383_wksp\lab2\Lab _2.srcs\sources_1\imports\C27Soren.Herzog\OneDrive - afacademy.af.edu\Documents\Schoolwork Sem6 2026 Spring\M1 - ECE 383 CSYS\Lab\Lab 2\lab2_code_for_cadets_2026\ece383_pkg.vhd:]
WARNING: [filemgmt 56-199] Attempt to get parsing info during refresh. "On-the-fly" syntax checking information may be incorrect. [C:\Users\C27Soren.Herzog\ece383\Herzog_ece383_wksp\lab2\Lab _2.srcs\sources_1\imports\imports\new\counter.vhd:]
WARNING: [filemgmt 56-199] Attempt to get parsing info during refresh. "On-the-fly" syntax checking information may be incorrect. [C:\Users\C27Soren.Herzog\ece383\Herzog_ece383_wksp\lab2\Lab _2.srcs\sources_1\imports\C27Soren.Herzog\OneDrive - afacademy.af.edu\Documents\Schoolwork Sem6 2026 Spring\M1 - ECE 383 CSYS\Lab\Lab 2\lab2_code_for_cadets_2026\trigger_detector.vhd:]
WARNING: [filemgmt 56-199] Attempt to get parsing info during refresh. "On-the-fly" syntax checking information may be incorrect. [C:\Users\C27Soren.Herzog\ece383\Herzog_ece383_wksp\lab2\Lab _2.srcs\sources_1\imports\imports\Lab1_Cadet_Code_2026\numeric_stepper.vhd:]
WARNING: [filemgmt 56-199] Attempt to get parsing info during refresh. "On-the-fly" syntax checking information may be incorrect. [C:\Users\C27Soren.Herzog\ece383\Herzog_ece383_wksp\lab2\Lab _2.srcs\sources_1\imports\C27Soren.Herzog\OneDrive - afacademy.af.edu\Documents\Schoolwork Sem6 2026 Spring\M1 - ECE 383 CSYS\Lab\Lab 2\lab2_code_for_cadets_2026\lab2_datapath.vhdl:]
WARNING: [filemgmt 56-199] Attempt to get parsing info during refresh. "On-the-fly" syntax checking information may be incorrect. [C:\Users\C27Soren.Herzog\ece383\Herzog_ece383_wksp\lab2\Lab _2.srcs\sources_1\imports\imports\Lab1_Cadet_Code_2026\numeric_stepper.vhd:]
WARNING: [filemgmt 56-199] Attempt to get parsing info during refresh. "On-the-fly" syntax checking information may be incorrect. [C:\Users\C27Soren.Herzog\ece383\Herzog_ece383_wksp\lab2\Lab _2.srcs\sources_1\imports\imports\Lab1_Cadet_Code_2026\numeric_stepper.vhd:]
reset_run synth_1
update_compile_order -fileset sources_1
WARNING: [filemgmt 56-199] Attempt to get parsing info during refresh. "On-the-fly" syntax checking information may be incorrect. [C:\Users\C27Soren.Herzog\ece383\Herzog_ece383_wksp\lab2\Lab _2.srcs\sources_1\imports\C27Soren.Herzog\OneDrive - afacademy.af.edu\Documents\Schoolwork Sem6 2026 Spring\M1 - ECE 383 CSYS\Lab\Lab 2\lab2_code_for_cadets_2026\ece383_pkg.vhd:]
WARNING: [filemgmt 56-199] Attempt to get parsing info during refresh. "On-the-fly" syntax checking information may be incorrect. [C:\Users\C27Soren.Herzog\ece383\Herzog_ece383_wksp\lab2\Lab _2.srcs\sources_1\imports\imports\new\counter.vhd:]
WARNING: [filemgmt 56-199] Attempt to get parsing info during refresh. "On-the-fly" syntax checking information may be incorrect. [C:\Users\C27Soren.Herzog\ece383\Herzog_ece383_wksp\lab2\Lab _2.srcs\sources_1\imports\C27Soren.Herzog\OneDrive - afacademy.af.edu\Documents\Schoolwork Sem6 2026 Spring\M1 - ECE 383 CSYS\Lab\Lab 2\lab2_code_for_cadets_2026\trigger_detector.vhd:]
WARNING: [filemgmt 56-199] Attempt to get parsing info during refresh. "On-the-fly" syntax checking information may be incorrect. [C:\Users\C27Soren.Herzog\ece383\Herzog_ece383_wksp\lab2\Lab _2.srcs\sources_1\imports\imports\Lab1_Cadet_Code_2026\numeric_stepper.vhd:]
WARNING: [filemgmt 56-199] Attempt to get parsing info during refresh. "On-the-fly" syntax checking information may be incorrect. [C:\Users\C27Soren.Herzog\ece383\Herzog_ece383_wksp\lab2\Lab _2.srcs\sources_1\imports\C27Soren.Herzog\OneDrive - afacademy.af.edu\Documents\Schoolwork Sem6 2026 Spring\M1 - ECE 383 CSYS\Lab\Lab 2\lab2_code_for_cadets_2026\lab2_datapath.vhdl:]
WARNING: [filemgmt 56-199] Attempt to get parsing info during refresh. "On-the-fly" syntax checking information may be incorrect. [C:\Users\C27Soren.Herzog\ece383\Herzog_ece383_wksp\lab2\Lab _2.srcs\sources_1\imports\C27Soren.Herzog\OneDrive - afacademy.af.edu\Documents\Schoolwork Sem6 2026 Spring\M1 - ECE 383 CSYS\Lab\Lab 2\lab2_code_for_cadets_2026\lab2_datapath.vhdl:]
WARNING: [filemgmt 56-199] Attempt to get parsing info during refresh. "On-the-fly" syntax checking information may be incorrect. [C:\Users\C27Soren.Herzog\ece383\Herzog_ece383_wksp\lab2\Lab _2.srcs\sources_1\imports\C27Soren.Herzog\OneDrive - afacademy.af.edu\Documents\Schoolwork Sem6 2026 Spring\M1 - ECE 383 CSYS\Lab\Lab 2\lab2_code_for_cadets_2026\lab2_datapath.vhdl:]
WARNING: [filemgmt 56-199] Attempt to get parsing info during refresh. "On-the-fly" syntax checking information may be incorrect. [C:\Users\C27Soren.Herzog\ece383\Herzog_ece383_wksp\lab2\Lab _2.srcs\sources_1\imports\C27Soren.Herzog\OneDrive - afacademy.af.edu\Documents\Schoolwork Sem6 2026 Spring\M1 - ECE 383 CSYS\Lab\Lab 2\lab2_code_for_cadets_2026\ece383_pkg.vhd:]
WARNING: [filemgmt 56-199] Attempt to get parsing info during refresh. "On-the-fly" syntax checking information may be incorrect. [C:\Users\C27Soren.Herzog\ece383\Herzog_ece383_wksp\lab2\Lab _2.srcs\sources_1\imports\imports\new\counter.vhd:]
WARNING: [filemgmt 56-199] Attempt to get parsing info during refresh. "On-the-fly" syntax checking information may be incorrect. [C:\Users\C27Soren.Herzog\ece383\Herzog_ece383_wksp\lab2\Lab _2.srcs\sources_1\imports\C27Soren.Herzog\OneDrive - afacademy.af.edu\Documents\Schoolwork Sem6 2026 Spring\M1 - ECE 383 CSYS\Lab\Lab 2\lab2_code_for_cadets_2026\trigger_detector.vhd:]
WARNING: [filemgmt 56-199] Attempt to get parsing info during refresh. "On-the-fly" syntax checking information may be incorrect. [C:\Users\C27Soren.Herzog\ece383\Herzog_ece383_wksp\lab2\Lab _2.srcs\sources_1\imports\imports\Lab1_Cadet_Code_2026\numeric_stepper.vhd:]
WARNING: [filemgmt 56-199] Attempt to get parsing info during refresh. "On-the-fly" syntax checking information may be incorrect. [C:\Users\C27Soren.Herzog\ece383\Herzog_ece383_wksp\lab2\Lab _2.srcs\sources_1\imports\C27Soren.Herzog\OneDrive - afacademy.af.edu\Documents\Schoolwork Sem6 2026 Spring\M1 - ECE 383 CSYS\Lab\Lab 2\lab2_code_for_cadets_2026\lab2_datapath.vhdl:]
WARNING: [filemgmt 56-199] Attempt to get parsing info during refresh. "On-the-fly" syntax checking information may be incorrect. [C:\Users\C27Soren.Herzog\ece383\Herzog_ece383_wksp\lab2\Lab _2.srcs\sources_1\imports\C27Soren.Herzog\OneDrive - afacademy.af.edu\Documents\Schoolwork Sem6 2026 Spring\M1 - ECE 383 CSYS\Lab\Lab 2\lab2_code_for_cadets_2026\ece383_pkg.vhd:]
WARNING: [filemgmt 56-199] Attempt to get parsing info during refresh. "On-the-fly" syntax checking information may be incorrect. [C:\Users\C27Soren.Herzog\ece383\Herzog_ece383_wksp\lab2\Lab _2.srcs\sources_1\imports\C27Soren.Herzog\OneDrive - afacademy.af.edu\Documents\Schoolwork Sem6 2026 Spring\M1 - ECE 383 CSYS\Lab\Lab 2\lab2_code_for_cadets_2026\ece383_pkg.vhd:]
WARNING: [filemgmt 56-199] Attempt to get parsing info during refresh. "On-the-fly" syntax checking information may be incorrect. [C:\Users\C27Soren.Herzog\ece383\Herzog_ece383_wksp\lab2\Lab _2.srcs\sources_1\imports\C27Soren.Herzog\OneDrive - afacademy.af.edu\Documents\Schoolwork Sem6 2026 Spring\M1 - ECE 383 CSYS\Lab\Lab 2\lab2_code_for_cadets_2026\ece383_pkg.vhd:]
WARNING: [filemgmt 56-199] Attempt to get parsing info during refresh. "On-the-fly" syntax checking information may be incorrect. [C:\Users\C27Soren.Herzog\ece383\Herzog_ece383_wksp\lab2\Lab _2.srcs\sources_1\imports\imports\new\counter.vhd:]
WARNING: [filemgmt 56-199] Attempt to get parsing info during refresh. "On-the-fly" syntax checking information may be incorrect. [C:\Users\C27Soren.Herzog\ece383\Herzog_ece383_wksp\lab2\Lab _2.srcs\sources_1\imports\C27Soren.Herzog\OneDrive - afacademy.af.edu\Documents\Schoolwork Sem6 2026 Spring\M1 - ECE 383 CSYS\Lab\Lab 2\lab2_code_for_cadets_2026\trigger_detector.vhd:]
WARNING: [filemgmt 56-199] Attempt to get parsing info during refresh. "On-the-fly" syntax checking information may be incorrect. [C:\Users\C27Soren.Herzog\ece383\Herzog_ece383_wksp\lab2\Lab _2.srcs\sources_1\imports\imports\Lab1_Cadet_Code_2026\numeric_stepper.vhd:]
WARNING: [filemgmt 56-199] Attempt to get parsing info during refresh. "On-the-fly" syntax checking information may be incorrect. [C:\Users\C27Soren.Herzog\ece383\Herzog_ece383_wksp\lab2\Lab _2.srcs\sources_1\imports\C27Soren.Herzog\OneDrive - afacademy.af.edu\Documents\Schoolwork Sem6 2026 Spring\M1 - ECE 383 CSYS\Lab\Lab 2\lab2_code_for_cadets_2026\lab2_datapath.vhdl:]
WARNING: [filemgmt 56-199] Attempt to get parsing info during refresh. "On-the-fly" syntax checking information may be incorrect. [C:\Users\C27Soren.Herzog\ece383\Herzog_ece383_wksp\lab2\Lab _2.srcs\sources_1\imports\C27Soren.Herzog\OneDrive - afacademy.af.edu\Documents\Schoolwork Sem6 2026 Spring\M1 - ECE 383 CSYS\Lab\Lab 2\lab2_code_for_cadets_2026\trigger_detector.vhd:]
WARNING: [filemgmt 56-199] Attempt to get parsing info during refresh. "On-the-fly" syntax checking information may be incorrect. [C:\Users\C27Soren.Herzog\ece383\Herzog_ece383_wksp\lab2\Lab _2.srcs\sources_1\imports\C27Soren.Herzog\OneDrive - afacademy.af.edu\Documents\Schoolwork Sem6 2026 Spring\M1 - ECE 383 CSYS\Lab\Lab 2\lab2_code_for_cadets_2026\trigger_detector.vhd:]
ERROR: [Common 17-180] Spawn failed: No error
WARNING: [filemgmt 56-199] Attempt to get parsing info during refresh. "On-the-fly" syntax checking information may be incorrect. [C:\Users\C27Soren.Herzog\ece383\Herzog_ece383_wksp\lab2\Lab _2.srcs\sources_1\imports\C27Soren.Herzog\OneDrive - afacademy.af.edu\Documents\Schoolwork Sem6 2026 Spring\M1 - ECE 383 CSYS\Lab\Lab 2\lab2_code_for_cadets_2026\ece383_pkg.vhd:]
WARNING: [filemgmt 56-199] Attempt to get parsing info during refresh. "On-the-fly" syntax checking information may be incorrect. [C:\Users\C27Soren.Herzog\ece383\Herzog_ece383_wksp\lab2\Lab _2.srcs\sources_1\imports\imports\new\counter.vhd:]
WARNING: [filemgmt 56-199] Attempt to get parsing info during refresh. "On-the-fly" syntax checking information may be incorrect. [C:\Users\C27Soren.Herzog\ece383\Herzog_ece383_wksp\lab2\Lab _2.srcs\sources_1\imports\C27Soren.Herzog\OneDrive - afacademy.af.edu\Documents\Schoolwork Sem6 2026 Spring\M1 - ECE 383 CSYS\Lab\Lab 2\lab2_code_for_cadets_2026\trigger_detector.vhd:]
WARNING: [filemgmt 56-199] Attempt to get parsing info during refresh. "On-the-fly" syntax checking information may be incorrect. [C:\Users\C27Soren.Herzog\ece383\Herzog_ece383_wksp\lab2\Lab _2.srcs\sources_1\imports\imports\Lab1_Cadet_Code_2026\numeric_stepper.vhd:]
WARNING: [filemgmt 56-199] Attempt to get parsing info during refresh. "On-the-fly" syntax checking information may be incorrect. [C:\Users\C27Soren.Herzog\ece383\Herzog_ece383_wksp\lab2\Lab _2.srcs\sources_1\imports\C27Soren.Herzog\OneDrive - afacademy.af.edu\Documents\Schoolwork Sem6 2026 Spring\M1 - ECE 383 CSYS\Lab\Lab 2\lab2_code_for_cadets_2026\lab2_datapath.vhdl:]
WARNING: [filemgmt 56-199] Attempt to get parsing info during refresh. "On-the-fly" syntax checking information may be incorrect. [C:\Users\C27Soren.Herzog\ece383\Herzog_ece383_wksp\lab2\Lab _2.srcs\sources_1\imports\imports\new\counter.vhd:]
WARNING: [filemgmt 56-199] Attempt to get parsing info during refresh. "On-the-fly" syntax checking information may be incorrect. [C:\Users\C27Soren.Herzog\ece383\Herzog_ece383_wksp\lab2\Lab _2.srcs\sources_1\imports\imports\new\counter.vhd:]
launch_runs impl_1 -to_step write_bitstream -jobs 8
INFO: [Vivado 12-4149] The synthesis checkpoint for IP 'C:/Users/C27Soren.Herzog/ece383/Herzog_ece383_wksp/lab2/Lab _2.srcs/sources_1/ip/clk_wiz_0/clk_wiz_0.xci' is already up-to-date
[Thu Feb 19 07:55:35 2026] Launched synth_1...
Run output will be captured here: C:/Users/C27Soren.Herzog/ece383/Herzog_ece383_wksp/lab2/Lab _2.runs/synth_1/runme.log
[Thu Feb 19 07:55:35 2026] Launched impl_1...
Run output will be captured here: C:/Users/C27Soren.Herzog/ece383/Herzog_ece383_wksp/lab2/Lab _2.runs/impl_1/runme.log
open_hw_manager
connect_hw_server -allow_non_jtag
INFO: [Labtools 27-2285] Connecting to hw_server url TCP:localhost:3121
INFO: [Labtools 27-2222] Launching hw_server...
INFO: [Labtools 27-2221] Launch Output:

****** Xilinx hw_server v2024.2
  **** Build date : Oct 29 2024 at 10:25:41
    ** Copyright 1986-2022 Xilinx, Inc. All Rights Reserved.


INFO: [Labtools 27-3415] Connecting to cs_server url TCP:localhost:0
INFO: [Labtools 27-3417] Launching cs_server...
INFO: [Labtools 27-2221] Launch Output:


******** Xilinx cs_server v2024.2.0
  ****** Build date   : Oct 30 2024-12:19:07
    **** Build number : 2024.2.1730312347
      ** Copyright 2017-2022 Xilinx, Inc. All Rights Reserved.
      ** Copyright 2022-2026 Advanced Micro Devices, Inc. All Rights Reserved.



connect_hw_server: Time (s): cpu = 00:00:00 ; elapsed = 00:00:17 . Memory (MB): peak = 1210.453 ; gain = 1.457
open_hw_target
INFO: [Labtoolstcl 44-466] Opening hw_target localhost:3121/xilinx_tcf/Digilent/210276B817F4B
set_property PROGRAM.FILE {C:/Users/C27Soren.Herzog/ece383/Herzog_ece383_wksp/lab2/Lab _2.runs/impl_1/lab2.bit} [get_hw_devices xc7a200t_0]
current_hw_device [get_hw_devices xc7a200t_0]
refresh_hw_device -update_hw_probes false [lindex [get_hw_devices xc7a200t_0] 0]
INFO: [Labtools 27-1434] Device xc7a200t (JTAG device index = 0) is programmed with a design that has no supported debug core(s) in it.
set_property PROBES.FILE {} [get_hw_devices xc7a200t_0]
set_property FULL_PROBES.FILE {} [get_hw_devices xc7a200t_0]
set_property PROGRAM.FILE {C:/Users/C27Soren.Herzog/ece383/Herzog_ece383_wksp/lab2/Lab _2.runs/impl_1/lab2.bit} [get_hw_devices xc7a200t_0]
program_hw_devices [get_hw_devices xc7a200t_0]
INFO: [Labtools 27-3164] End of startup status: HIGH
program_hw_devices: Time (s): cpu = 00:00:06 ; elapsed = 00:00:06 . Memory (MB): peak = 1261.047 ; gain = 0.090
refresh_hw_device [lindex [get_hw_devices xc7a200t_0] 0]
INFO: [Labtools 27-1434] Device xc7a200t (JTAG device index = 0) is programmed with a design that has no supported debug core(s) in it.
WARNING: [filemgmt 56-199] Attempt to get parsing info during refresh. "On-the-fly" syntax checking information may be incorrect. [C:\Users\C27Soren.Herzog\ece383\Herzog_ece383_wksp\lab2\Lab _2.srcs\sources_1\imports\C27Soren.Herzog\OneDrive - afacademy.af.edu\Documents\Schoolwork Sem6 2026 Spring\M1 - ECE 383 CSYS\Lab\Lab 2\lab2_code_for_cadets_2026\ece383_pkg.vhd:]
WARNING: [filemgmt 56-199] Attempt to get parsing info during refresh. "On-the-fly" syntax checking information may be incorrect. [C:\Users\C27Soren.Herzog\ece383\Herzog_ece383_wksp\lab2\Lab _2.srcs\sources_1\imports\imports\new\counter.vhd:]
WARNING: [filemgmt 56-199] Attempt to get parsing info during refresh. "On-the-fly" syntax checking information may be incorrect. [C:\Users\C27Soren.Herzog\ece383\Herzog_ece383_wksp\lab2\Lab _2.srcs\sources_1\imports\HW7\button_debounce.vhdl:]
WARNING: [filemgmt 56-199] Attempt to get parsing info during refresh. "On-the-fly" syntax checking information may be incorrect. [C:\Users\C27Soren.Herzog\ece383\Herzog_ece383_wksp\lab2\Lab _2.srcs\sources_1\imports\HW7\lec10.vhdl:]
WARNING: [filemgmt 56-199] Attempt to get parsing info during refresh. "On-the-fly" syntax checking information may be incorrect. [C:\Users\C27Soren.Herzog\ece383\Herzog_ece383_wksp\lab2\Lab _2.srcs\sources_1\imports\C27Soren.Herzog\OneDrive - afacademy.af.edu\Documents\Schoolwork Sem6 2026 Spring\M1 - ECE 383 CSYS\Lab\Lab 2\lab2_code_for_cadets_2026\trigger_detector.vhd:]
WARNING: [filemgmt 56-199] Attempt to get parsing info during refresh. "On-the-fly" syntax checking information may be incorrect. [C:\Users\C27Soren.Herzog\ece383\Herzog_ece383_wksp\lab2\Lab _2.srcs\sources_1\imports\imports\Lab1_Cadet_Code_2026\numeric_stepper.vhd:]
WARNING: [filemgmt 56-199] Attempt to get parsing info during refresh. "On-the-fly" syntax checking information may be incorrect. [C:\Users\C27Soren.Herzog\ece383\Herzog_ece383_wksp\lab2\Lab _2.srcs\sources_1\imports\C27Soren.Herzog\OneDrive - afacademy.af.edu\Documents\Schoolwork Sem6 2026 Spring\M1 - ECE 383 CSYS\Lab\Lab 2\lab2_code_for_cadets_2026\lab2_datapath.vhdl:]
WARNING: [filemgmt 56-199] Attempt to get parsing info during refresh. "On-the-fly" syntax checking information may be incorrect. [C:\Users\C27Soren.Herzog\ece383\Herzog_ece383_wksp\lab2\Lab _2.srcs\sources_1\imports\C27Soren.Herzog\OneDrive - afacademy.af.edu\Documents\Schoolwork Sem6 2026 Spring\M1 - ECE 383 CSYS\Lab\Lab 2\lab2_code_for_cadets_2026\lab2_datapath.vhdl:]
WARNING: [filemgmt 56-199] Attempt to get parsing info during refresh. "On-the-fly" syntax checking information may be incorrect. [C:\Users\C27Soren.Herzog\ece383\Herzog_ece383_wksp\lab2\Lab _2.srcs\sources_1\imports\C27Soren.Herzog\OneDrive - afacademy.af.edu\Documents\Schoolwork Sem6 2026 Spring\M1 - ECE 383 CSYS\Lab\Lab 2\lab2_code_for_cadets_2026\lab2_datapath.vhdl:]
WARNING: [filemgmt 56-199] Attempt to get parsing info during refresh. "On-the-fly" syntax checking information may be incorrect. [C:\Users\C27Soren.Herzog\ece383\Herzog_ece383_wksp\lab2\Lab _2.srcs\sources_1\imports\C27Soren.Herzog\OneDrive - afacademy.af.edu\Documents\Schoolwork Sem6 2026 Spring\M1 - ECE 383 CSYS\Lab\Lab 2\lab2_code_for_cadets_2026\ece383_pkg.vhd:]
WARNING: [filemgmt 56-199] Attempt to get parsing info during refresh. "On-the-fly" syntax checking information may be incorrect. [C:\Users\C27Soren.Herzog\ece383\Herzog_ece383_wksp\lab2\Lab _2.srcs\sources_1\imports\imports\new\counter.vhd:]
WARNING: [filemgmt 56-199] Attempt to get parsing info during refresh. "On-the-fly" syntax checking information may be incorrect. [C:\Users\C27Soren.Herzog\ece383\Herzog_ece383_wksp\lab2\Lab _2.srcs\sources_1\imports\HW7\button_debounce.vhdl:]
WARNING: [filemgmt 56-199] Attempt to get parsing info during refresh. "On-the-fly" syntax checking information may be incorrect. [C:\Users\C27Soren.Herzog\ece383\Herzog_ece383_wksp\lab2\Lab _2.srcs\sources_1\imports\HW7\lec10.vhdl:]
WARNING: [filemgmt 56-199] Attempt to get parsing info during refresh. "On-the-fly" syntax checking information may be incorrect. [C:\Users\C27Soren.Herzog\ece383\Herzog_ece383_wksp\lab2\Lab _2.srcs\sources_1\imports\C27Soren.Herzog\OneDrive - afacademy.af.edu\Documents\Schoolwork Sem6 2026 Spring\M1 - ECE 383 CSYS\Lab\Lab 2\lab2_code_for_cadets_2026\trigger_detector.vhd:]
WARNING: [filemgmt 56-199] Attempt to get parsing info during refresh. "On-the-fly" syntax checking information may be incorrect. [C:\Users\C27Soren.Herzog\ece383\Herzog_ece383_wksp\lab2\Lab _2.srcs\sources_1\imports\imports\Lab1_Cadet_Code_2026\numeric_stepper.vhd:]
WARNING: [filemgmt 56-199] Attempt to get parsing info during refresh. "On-the-fly" syntax checking information may be incorrect. [C:\Users\C27Soren.Herzog\ece383\Herzog_ece383_wksp\lab2\Lab _2.srcs\sources_1\imports\C27Soren.Herzog\OneDrive - afacademy.af.edu\Documents\Schoolwork Sem6 2026 Spring\M1 - ECE 383 CSYS\Lab\Lab 2\lab2_code_for_cadets_2026\lab2_datapath.vhdl:]
WARNING: [filemgmt 56-199] Attempt to get parsing info during refresh. "On-the-fly" syntax checking information may be incorrect. [C:\Users\C27Soren.Herzog\ece383\Herzog_ece383_wksp\lab2\Lab _2.srcs\sources_1\imports\C27Soren.Herzog\OneDrive - afacademy.af.edu\Documents\Schoolwork Sem6 2026 Spring\M1 - ECE 383 CSYS\Lab\Lab 2\lab2_code_for_cadets_2026\ece383_pkg.vhd:]
WARNING: [filemgmt 56-199] Attempt to get parsing info during refresh. "On-the-fly" syntax checking information may be incorrect. [C:\Users\C27Soren.Herzog\ece383\Herzog_ece383_wksp\lab2\Lab _2.srcs\sources_1\imports\C27Soren.Herzog\OneDrive - afacademy.af.edu\Documents\Schoolwork Sem6 2026 Spring\M1 - ECE 383 CSYS\Lab\Lab 2\lab2_code_for_cadets_2026\ece383_pkg.vhd:]
WARNING: [filemgmt 56-199] Attempt to get parsing info during refresh. "On-the-fly" syntax checking information may be incorrect. [C:\Users\C27Soren.Herzog\ece383\Herzog_ece383_wksp\lab2\Lab _2.srcs\sources_1\imports\C27Soren.Herzog\OneDrive - afacademy.af.edu\Documents\Schoolwork Sem6 2026 Spring\M1 - ECE 383 CSYS\Lab\Lab 2\lab2_code_for_cadets_2026\ece383_pkg.vhd:]
WARNING: [filemgmt 56-199] Attempt to get parsing info during refresh. "On-the-fly" syntax checking information may be incorrect. [C:\Users\C27Soren.Herzog\ece383\Herzog_ece383_wksp\lab2\Lab _2.srcs\sources_1\imports\imports\new\counter.vhd:]
WARNING: [filemgmt 56-199] Attempt to get parsing info during refresh. "On-the-fly" syntax checking information may be incorrect. [C:\Users\C27Soren.Herzog\ece383\Herzog_ece383_wksp\lab2\Lab _2.srcs\sources_1\imports\HW7\button_debounce.vhdl:]
WARNING: [filemgmt 56-199] Attempt to get parsing info during refresh. "On-the-fly" syntax checking information may be incorrect. [C:\Users\C27Soren.Herzog\ece383\Herzog_ece383_wksp\lab2\Lab _2.srcs\sources_1\imports\HW7\lec10.vhdl:]
WARNING: [filemgmt 56-199] Attempt to get parsing info during refresh. "On-the-fly" syntax checking information may be incorrect. [C:\Users\C27Soren.Herzog\ece383\Herzog_ece383_wksp\lab2\Lab _2.srcs\sources_1\imports\C27Soren.Herzog\OneDrive - afacademy.af.edu\Documents\Schoolwork Sem6 2026 Spring\M1 - ECE 383 CSYS\Lab\Lab 2\lab2_code_for_cadets_2026\trigger_detector.vhd:]
WARNING: [filemgmt 56-199] Attempt to get parsing info during refresh. "On-the-fly" syntax checking information may be incorrect. [C:\Users\C27Soren.Herzog\ece383\Herzog_ece383_wksp\lab2\Lab _2.srcs\sources_1\imports\imports\Lab1_Cadet_Code_2026\numeric_stepper.vhd:]
WARNING: [filemgmt 56-199] Attempt to get parsing info during refresh. "On-the-fly" syntax checking information may be incorrect. [C:\Users\C27Soren.Herzog\ece383\Herzog_ece383_wksp\lab2\Lab _2.srcs\sources_1\imports\C27Soren.Herzog\OneDrive - afacademy.af.edu\Documents\Schoolwork Sem6 2026 Spring\M1 - ECE 383 CSYS\Lab\Lab 2\lab2_code_for_cadets_2026\lab2_datapath.vhdl:]
WARNING: [filemgmt 56-199] Attempt to get parsing info during refresh. "On-the-fly" syntax checking information may be incorrect. [C:\Users\C27Soren.Herzog\ece383\Herzog_ece383_wksp\lab2\Lab _2.srcs\sources_1\imports\HW7\button_debounce.vhdl:]
WARNING: [filemgmt 56-199] Attempt to get parsing info during refresh. "On-the-fly" syntax checking information may be incorrect. [C:\Users\C27Soren.Herzog\ece383\Herzog_ece383_wksp\lab2\Lab _2.srcs\sources_1\imports\HW7\button_debounce.vhdl:]
WARNING: [filemgmt 56-199] Attempt to get parsing info during refresh. "On-the-fly" syntax checking information may be incorrect. [C:\Users\C27Soren.Herzog\ece383\Herzog_ece383_wksp\lab2\Lab _2.srcs\sources_1\imports\C27Soren.Herzog\OneDrive - afacademy.af.edu\Documents\Schoolwork Sem6 2026 Spring\M1 - ECE 383 CSYS\Lab\Lab 2\lab2_code_for_cadets_2026\ece383_pkg.vhd:]
WARNING: [filemgmt 56-199] Attempt to get parsing info during refresh. "On-the-fly" syntax checking information may be incorrect. [C:\Users\C27Soren.Herzog\ece383\Herzog_ece383_wksp\lab2\Lab _2.srcs\sources_1\imports\imports\new\counter.vhd:]
WARNING: [filemgmt 56-199] Attempt to get parsing info during refresh. "On-the-fly" syntax checking information may be incorrect. [C:\Users\C27Soren.Herzog\ece383\Herzog_ece383_wksp\lab2\Lab _2.srcs\sources_1\imports\HW7\button_debounce.vhdl:]
WARNING: [filemgmt 56-199] Attempt to get parsing info during refresh. "On-the-fly" syntax checking information may be incorrect. [C:\Users\C27Soren.Herzog\ece383\Herzog_ece383_wksp\lab2\Lab _2.srcs\sources_1\imports\HW7\lec10.vhdl:]
WARNING: [filemgmt 56-199] Attempt to get parsing info during refresh. "On-the-fly" syntax checking information may be incorrect. [C:\Users\C27Soren.Herzog\ece383\Herzog_ece383_wksp\lab2\Lab _2.srcs\sources_1\imports\C27Soren.Herzog\OneDrive - afacademy.af.edu\Documents\Schoolwork Sem6 2026 Spring\M1 - ECE 383 CSYS\Lab\Lab 2\lab2_code_for_cadets_2026\trigger_detector.vhd:]
WARNING: [filemgmt 56-199] Attempt to get parsing info during refresh. "On-the-fly" syntax checking information may be incorrect. [C:\Users\C27Soren.Herzog\ece383\Herzog_ece383_wksp\lab2\Lab _2.srcs\sources_1\imports\imports\Lab1_Cadet_Code_2026\numeric_stepper.vhd:]
WARNING: [filemgmt 56-199] Attempt to get parsing info during refresh. "On-the-fly" syntax checking information may be incorrect. [C:\Users\C27Soren.Herzog\ece383\Herzog_ece383_wksp\lab2\Lab _2.srcs\sources_1\imports\C27Soren.Herzog\OneDrive - afacademy.af.edu\Documents\Schoolwork Sem6 2026 Spring\M1 - ECE 383 CSYS\Lab\Lab 2\lab2_code_for_cadets_2026\lab2_datapath.vhdl:]
WARNING: [filemgmt 56-199] Attempt to get parsing info during refresh. "On-the-fly" syntax checking information may be incorrect. [C:\Users\C27Soren.Herzog\ece383\Herzog_ece383_wksp\lab2\Lab _2.srcs\sources_1\imports\imports\new\counter.vhd:]
WARNING: [filemgmt 56-199] Attempt to get parsing info during refresh. "On-the-fly" syntax checking information may be incorrect. [C:\Users\C27Soren.Herzog\ece383\Herzog_ece383_wksp\lab2\Lab _2.srcs\sources_1\imports\imports\new\counter.vhd:]
WARNING: [filemgmt 56-199] Attempt to get parsing info during refresh. "On-the-fly" syntax checking information may be incorrect. [C:\Users\C27Soren.Herzog\ece383\Herzog_ece383_wksp\lab2\Lab _2.srcs\sources_1\imports\C27Soren.Herzog\OneDrive - afacademy.af.edu\Documents\Schoolwork Sem6 2026 Spring\M1 - ECE 383 CSYS\Lab\Lab 2\lab2_code_for_cadets_2026\ece383_pkg.vhd:]
WARNING: [filemgmt 56-199] Attempt to get parsing info during refresh. "On-the-fly" syntax checking information may be incorrect. [C:\Users\C27Soren.Herzog\ece383\Herzog_ece383_wksp\lab2\Lab _2.srcs\sources_1\imports\imports\new\counter.vhd:]
WARNING: [filemgmt 56-199] Attempt to get parsing info during refresh. "On-the-fly" syntax checking information may be incorrect. [C:\Users\C27Soren.Herzog\ece383\Herzog_ece383_wksp\lab2\Lab _2.srcs\sources_1\imports\HW7\button_debounce.vhdl:]
WARNING: [filemgmt 56-199] Attempt to get parsing info during refresh. "On-the-fly" syntax checking information may be incorrect. [C:\Users\C27Soren.Herzog\ece383\Herzog_ece383_wksp\lab2\Lab _2.srcs\sources_1\imports\HW7\lec10.vhdl:]
WARNING: [filemgmt 56-199] Attempt to get parsing info during refresh. "On-the-fly" syntax checking information may be incorrect. [C:\Users\C27Soren.Herzog\ece383\Herzog_ece383_wksp\lab2\Lab _2.srcs\sources_1\imports\C27Soren.Herzog\OneDrive - afacademy.af.edu\Documents\Schoolwork Sem6 2026 Spring\M1 - ECE 383 CSYS\Lab\Lab 2\lab2_code_for_cadets_2026\trigger_detector.vhd:]
WARNING: [filemgmt 56-199] Attempt to get parsing info during refresh. "On-the-fly" syntax checking information may be incorrect. [C:\Users\C27Soren.Herzog\ece383\Herzog_ece383_wksp\lab2\Lab _2.srcs\sources_1\imports\imports\Lab1_Cadet_Code_2026\numeric_stepper.vhd:]
WARNING: [filemgmt 56-199] Attempt to get parsing info during refresh. "On-the-fly" syntax checking information may be incorrect. [C:\Users\C27Soren.Herzog\ece383\Herzog_ece383_wksp\lab2\Lab _2.srcs\sources_1\imports\C27Soren.Herzog\OneDrive - afacademy.af.edu\Documents\Schoolwork Sem6 2026 Spring\M1 - ECE 383 CSYS\Lab\Lab 2\lab2_code_for_cadets_2026\lab2_datapath.vhdl:]
WARNING: [filemgmt 56-199] Attempt to get parsing info during refresh. "On-the-fly" syntax checking information may be incorrect. [C:\Users\C27Soren.Herzog\ece383\Herzog_ece383_wksp\lab2\Lab _2.srcs\sources_1\imports\HW7\lec10.vhdl:]
WARNING: [filemgmt 56-199] Attempt to get parsing info during refresh. "On-the-fly" syntax checking information may be incorrect. [C:\Users\C27Soren.Herzog\ece383\Herzog_ece383_wksp\lab2\Lab _2.srcs\sources_1\imports\HW7\lec10.vhdl:]
reset_run synth_1
INFO: [Project 1-1161] Replacing file C:/Users/C27Soren.Herzog/ece383/Herzog_ece383_wksp/lab2/Lab _2.srcs/utils_1/imports/synth_1/lab2.dcp with file C:/Users/C27Soren.Herzog/ece383/Herzog_ece383_wksp/lab2/Lab _2.runs/synth_1/lab2.dcp
WARNING: [filemgmt 56-199] Attempt to get parsing info during refresh. "On-the-fly" syntax checking information may be incorrect. [C:\Users\C27Soren.Herzog\ece383\Herzog_ece383_wksp\lab2\Lab _2.srcs\sources_1\imports\C27Soren.Herzog\OneDrive - afacademy.af.edu\Documents\Schoolwork Sem6 2026 Spring\M1 - ECE 383 CSYS\Lab\Lab 2\lab2_code_for_cadets_2026\ece383_pkg.vhd:]
WARNING: [filemgmt 56-199] Attempt to get parsing info during refresh. "On-the-fly" syntax checking information may be incorrect. [C:\Users\C27Soren.Herzog\ece383\Herzog_ece383_wksp\lab2\Lab _2.srcs\sources_1\imports\imports\new\counter.vhd:]
WARNING: [filemgmt 56-199] Attempt to get parsing info during refresh. "On-the-fly" syntax checking information may be incorrect. [C:\Users\C27Soren.Herzog\ece383\Herzog_ece383_wksp\lab2\Lab _2.srcs\sources_1\imports\HW7\button_debounce.vhdl:]
WARNING: [filemgmt 56-199] Attempt to get parsing info during refresh. "On-the-fly" syntax checking information may be incorrect. [C:\Users\C27Soren.Herzog\ece383\Herzog_ece383_wksp\lab2\Lab _2.srcs\sources_1\imports\HW7\lec10.vhdl:]
WARNING: [filemgmt 56-199] Attempt to get parsing info during refresh. "On-the-fly" syntax checking information may be incorrect. [C:\Users\C27Soren.Herzog\ece383\Herzog_ece383_wksp\lab2\Lab _2.srcs\sources_1\imports\C27Soren.Herzog\OneDrive - afacademy.af.edu\Documents\Schoolwork Sem6 2026 Spring\M1 - ECE 383 CSYS\Lab\Lab 2\lab2_code_for_cadets_2026\trigger_detector.vhd:]
WARNING: [filemgmt 56-199] Attempt to get parsing info during refresh. "On-the-fly" syntax checking information may be incorrect. [C:\Users\C27Soren.Herzog\ece383\Herzog_ece383_wksp\lab2\Lab _2.srcs\sources_1\imports\imports\Lab1_Cadet_Code_2026\numeric_stepper.vhd:]
WARNING: [filemgmt 56-199] Attempt to get parsing info during refresh. "On-the-fly" syntax checking information may be incorrect. [C:\Users\C27Soren.Herzog\ece383\Herzog_ece383_wksp\lab2\Lab _2.srcs\sources_1\imports\C27Soren.Herzog\OneDrive - afacademy.af.edu\Documents\Schoolwork Sem6 2026 Spring\M1 - ECE 383 CSYS\Lab\Lab 2\lab2_code_for_cadets_2026\lab2_datapath.vhdl:]
WARNING: [filemgmt 56-199] Attempt to get parsing info during refresh. "On-the-fly" syntax checking information may be incorrect. [C:\Users\C27Soren.Herzog\ece383\Herzog_ece383_wksp\lab2\Lab _2.srcs\sources_1\imports\C27Soren.Herzog\OneDrive - afacademy.af.edu\Documents\Schoolwork Sem6 2026 Spring\M1 - ECE 383 CSYS\Lab\Lab 2\lab2_code_for_cadets_2026\lab2_datapath.vhdl:]
WARNING: [filemgmt 56-199] Attempt to get parsing info during refresh. "On-the-fly" syntax checking information may be incorrect. [C:\Users\C27Soren.Herzog\ece383\Herzog_ece383_wksp\lab2\Lab _2.srcs\sources_1\imports\C27Soren.Herzog\OneDrive - afacademy.af.edu\Documents\Schoolwork Sem6 2026 Spring\M1 - ECE 383 CSYS\Lab\Lab 2\lab2_code_for_cadets_2026\lab2_datapath.vhdl:]
WARNING: [filemgmt 56-199] Attempt to get parsing info during refresh. "On-the-fly" syntax checking information may be incorrect. [C:\Users\C27Soren.Herzog\ece383\Herzog_ece383_wksp\lab2\Lab _2.srcs\sources_1\imports\C27Soren.Herzog\OneDrive - afacademy.af.edu\Documents\Schoolwork Sem6 2026 Spring\M1 - ECE 383 CSYS\Lab\Lab 2\lab2_code_for_cadets_2026\ece383_pkg.vhd:]
WARNING: [filemgmt 56-199] Attempt to get parsing info during refresh. "On-the-fly" syntax checking information may be incorrect. [C:\Users\C27Soren.Herzog\ece383\Herzog_ece383_wksp\lab2\Lab _2.srcs\sources_1\imports\imports\new\counter.vhd:]
WARNING: [filemgmt 56-199] Attempt to get parsing info during refresh. "On-the-fly" syntax checking information may be incorrect. [C:\Users\C27Soren.Herzog\ece383\Herzog_ece383_wksp\lab2\Lab _2.srcs\sources_1\imports\HW7\button_debounce.vhdl:]
WARNING: [filemgmt 56-199] Attempt to get parsing info during refresh. "On-the-fly" syntax checking information may be incorrect. [C:\Users\C27Soren.Herzog\ece383\Herzog_ece383_wksp\lab2\Lab _2.srcs\sources_1\imports\HW7\lec10.vhdl:]
WARNING: [filemgmt 56-199] Attempt to get parsing info during refresh. "On-the-fly" syntax checking information may be incorrect. [C:\Users\C27Soren.Herzog\ece383\Herzog_ece383_wksp\lab2\Lab _2.srcs\sources_1\imports\C27Soren.Herzog\OneDrive - afacademy.af.edu\Documents\Schoolwork Sem6 2026 Spring\M1 - ECE 383 CSYS\Lab\Lab 2\lab2_code_for_cadets_2026\trigger_detector.vhd:]
WARNING: [filemgmt 56-199] Attempt to get parsing info during refresh. "On-the-fly" syntax checking information may be incorrect. [C:\Users\C27Soren.Herzog\ece383\Herzog_ece383_wksp\lab2\Lab _2.srcs\sources_1\imports\imports\Lab1_Cadet_Code_2026\numeric_stepper.vhd:]
WARNING: [filemgmt 56-199] Attempt to get parsing info during refresh. "On-the-fly" syntax checking information may be incorrect. [C:\Users\C27Soren.Herzog\ece383\Herzog_ece383_wksp\lab2\Lab _2.srcs\sources_1\imports\C27Soren.Herzog\OneDrive - afacademy.af.edu\Documents\Schoolwork Sem6 2026 Spring\M1 - ECE 383 CSYS\Lab\Lab 2\lab2_code_for_cadets_2026\lab2_datapath.vhdl:]
WARNING: [filemgmt 56-199] Attempt to get parsing info during refresh. "On-the-fly" syntax checking information may be incorrect. [C:\Users\C27Soren.Herzog\ece383\Herzog_ece383_wksp\lab2\Lab _2.srcs\sources_1\imports\C27Soren.Herzog\OneDrive - afacademy.af.edu\Documents\Schoolwork Sem6 2026 Spring\M1 - ECE 383 CSYS\Lab\Lab 2\lab2_code_for_cadets_2026\ece383_pkg.vhd:]
WARNING: [filemgmt 56-199] Attempt to get parsing info during refresh. "On-the-fly" syntax checking information may be incorrect. [C:\Users\C27Soren.Herzog\ece383\Herzog_ece383_wksp\lab2\Lab _2.srcs\sources_1\imports\C27Soren.Herzog\OneDrive - afacademy.af.edu\Documents\Schoolwork Sem6 2026 Spring\M1 - ECE 383 CSYS\Lab\Lab 2\lab2_code_for_cadets_2026\ece383_pkg.vhd:]
WARNING: [filemgmt 56-199] Attempt to get parsing info during refresh. "On-the-fly" syntax checking information may be incorrect. [C:\Users\C27Soren.Herzog\ece383\Herzog_ece383_wksp\lab2\Lab _2.srcs\sources_1\imports\C27Soren.Herzog\OneDrive - afacademy.af.edu\Documents\Schoolwork Sem6 2026 Spring\M1 - ECE 383 CSYS\Lab\Lab 2\lab2_code_for_cadets_2026\ece383_pkg.vhd:]
WARNING: [filemgmt 56-199] Attempt to get parsing info during refresh. "On-the-fly" syntax checking information may be incorrect. [C:\Users\C27Soren.Herzog\ece383\Herzog_ece383_wksp\lab2\Lab _2.srcs\sources_1\imports\imports\new\counter.vhd:]
WARNING: [filemgmt 56-199] Attempt to get parsing info during refresh. "On-the-fly" syntax checking information may be incorrect. [C:\Users\C27Soren.Herzog\ece383\Herzog_ece383_wksp\lab2\Lab _2.srcs\sources_1\imports\HW7\button_debounce.vhdl:]
WARNING: [filemgmt 56-199] Attempt to get parsing info during refresh. "On-the-fly" syntax checking information may be incorrect. [C:\Users\C27Soren.Herzog\ece383\Herzog_ece383_wksp\lab2\Lab _2.srcs\sources_1\imports\HW7\lec10.vhdl:]
WARNING: [filemgmt 56-199] Attempt to get parsing info during refresh. "On-the-fly" syntax checking information may be incorrect. [C:\Users\C27Soren.Herzog\ece383\Herzog_ece383_wksp\lab2\Lab _2.srcs\sources_1\imports\C27Soren.Herzog\OneDrive - afacademy.af.edu\Documents\Schoolwork Sem6 2026 Spring\M1 - ECE 383 CSYS\Lab\Lab 2\lab2_code_for_cadets_2026\trigger_detector.vhd:]
WARNING: [filemgmt 56-199] Attempt to get parsing info during refresh. "On-the-fly" syntax checking information may be incorrect. [C:\Users\C27Soren.Herzog\ece383\Herzog_ece383_wksp\lab2\Lab _2.srcs\sources_1\imports\imports\Lab1_Cadet_Code_2026\numeric_stepper.vhd:]
WARNING: [filemgmt 56-199] Attempt to get parsing info during refresh. "On-the-fly" syntax checking information may be incorrect. [C:\Users\C27Soren.Herzog\ece383\Herzog_ece383_wksp\lab2\Lab _2.srcs\sources_1\imports\C27Soren.Herzog\OneDrive - afacademy.af.edu\Documents\Schoolwork Sem6 2026 Spring\M1 - ECE 383 CSYS\Lab\Lab 2\lab2_code_for_cadets_2026\lab2_datapath.vhdl:]
WARNING: [filemgmt 56-199] Attempt to get parsing info during refresh. "On-the-fly" syntax checking information may be incorrect. [C:\Users\C27Soren.Herzog\ece383\Herzog_ece383_wksp\lab2\Lab _2.srcs\sources_1\imports\HW7\button_debounce.vhdl:]
WARNING: [filemgmt 56-199] Attempt to get parsing info during refresh. "On-the-fly" syntax checking information may be incorrect. [C:\Users\C27Soren.Herzog\ece383\Herzog_ece383_wksp\lab2\Lab _2.srcs\sources_1\imports\HW7\button_debounce.vhdl:]
WARNING: [filemgmt 56-199] Attempt to get parsing info during refresh. "On-the-fly" syntax checking information may be incorrect. [C:\Users\C27Soren.Herzog\ece383\Herzog_ece383_wksp\lab2\Lab _2.srcs\sources_1\imports\C27Soren.Herzog\OneDrive - afacademy.af.edu\Documents\Schoolwork Sem6 2026 Spring\M1 - ECE 383 CSYS\Lab\Lab 2\lab2_code_for_cadets_2026\ece383_pkg.vhd:]
WARNING: [filemgmt 56-199] Attempt to get parsing info during refresh. "On-the-fly" syntax checking information may be incorrect. [C:\Users\C27Soren.Herzog\ece383\Herzog_ece383_wksp\lab2\Lab _2.srcs\sources_1\imports\imports\new\counter.vhd:]
WARNING: [filemgmt 56-199] Attempt to get parsing info during refresh. "On-the-fly" syntax checking information may be incorrect. [C:\Users\C27Soren.Herzog\ece383\Herzog_ece383_wksp\lab2\Lab _2.srcs\sources_1\imports\HW7\button_debounce.vhdl:]
WARNING: [filemgmt 56-199] Attempt to get parsing info during refresh. "On-the-fly" syntax checking information may be incorrect. [C:\Users\C27Soren.Herzog\ece383\Herzog_ece383_wksp\lab2\Lab _2.srcs\sources_1\imports\HW7\lec10.vhdl:]
WARNING: [filemgmt 56-199] Attempt to get parsing info during refresh. "On-the-fly" syntax checking information may be incorrect. [C:\Users\C27Soren.Herzog\ece383\Herzog_ece383_wksp\lab2\Lab _2.srcs\sources_1\imports\C27Soren.Herzog\OneDrive - afacademy.af.edu\Documents\Schoolwork Sem6 2026 Spring\M1 - ECE 383 CSYS\Lab\Lab 2\lab2_code_for_cadets_2026\trigger_detector.vhd:]
WARNING: [filemgmt 56-199] Attempt to get parsing info during refresh. "On-the-fly" syntax checking information may be incorrect. [C:\Users\C27Soren.Herzog\ece383\Herzog_ece383_wksp\lab2\Lab _2.srcs\sources_1\imports\imports\Lab1_Cadet_Code_2026\numeric_stepper.vhd:]
WARNING: [filemgmt 56-199] Attempt to get parsing info during refresh. "On-the-fly" syntax checking information may be incorrect. [C:\Users\C27Soren.Herzog\ece383\Herzog_ece383_wksp\lab2\Lab _2.srcs\sources_1\imports\C27Soren.Herzog\OneDrive - afacademy.af.edu\Documents\Schoolwork Sem6 2026 Spring\M1 - ECE 383 CSYS\Lab\Lab 2\lab2_code_for_cadets_2026\lab2_datapath.vhdl:]
WARNING: [filemgmt 56-199] Attempt to get parsing info during refresh. "On-the-fly" syntax checking information may be incorrect. [C:\Users\C27Soren.Herzog\ece383\Herzog_ece383_wksp\lab2\Lab _2.srcs\sources_1\imports\C27Soren.Herzog\OneDrive - afacademy.af.edu\Documents\Schoolwork Sem6 2026 Spring\M1 - ECE 383 CSYS\Lab\Lab 2\lab2_code_for_cadets_2026\trigger_detector.vhd:]
WARNING: [filemgmt 56-199] Attempt to get parsing info during refresh. "On-the-fly" syntax checking information may be incorrect. [C:\Users\C27Soren.Herzog\ece383\Herzog_ece383_wksp\lab2\Lab _2.srcs\sources_1\imports\C27Soren.Herzog\OneDrive - afacademy.af.edu\Documents\Schoolwork Sem6 2026 Spring\M1 - ECE 383 CSYS\Lab\Lab 2\lab2_code_for_cadets_2026\trigger_detector.vhd:]
WARNING: [filemgmt 56-199] Attempt to get parsing info during refresh. "On-the-fly" syntax checking information may be incorrect. [C:\Users\C27Soren.Herzog\ece383\Herzog_ece383_wksp\lab2\Lab _2.srcs\sources_1\imports\C27Soren.Herzog\OneDrive - afacademy.af.edu\Documents\Schoolwork Sem6 2026 Spring\M1 - ECE 383 CSYS\Lab\Lab 2\lab2_code_for_cadets_2026\ece383_pkg.vhd:]
WARNING: [filemgmt 56-199] Attempt to get parsing info during refresh. "On-the-fly" syntax checking information may be incorrect. [C:\Users\C27Soren.Herzog\ece383\Herzog_ece383_wksp\lab2\Lab _2.srcs\sources_1\imports\imports\new\counter.vhd:]
WARNING: [filemgmt 56-199] Attempt to get parsing info during refresh. "On-the-fly" syntax checking information may be incorrect. [C:\Users\C27Soren.Herzog\ece383\Herzog_ece383_wksp\lab2\Lab _2.srcs\sources_1\imports\HW7\button_debounce.vhdl:]
WARNING: [filemgmt 56-199] Attempt to get parsing info during refresh. "On-the-fly" syntax checking information may be incorrect. [C:\Users\C27Soren.Herzog\ece383\Herzog_ece383_wksp\lab2\Lab _2.srcs\sources_1\imports\HW7\lec10.vhdl:]
WARNING: [filemgmt 56-199] Attempt to get parsing info during refresh. "On-the-fly" syntax checking information may be incorrect. [C:\Users\C27Soren.Herzog\ece383\Herzog_ece383_wksp\lab2\Lab _2.srcs\sources_1\imports\C27Soren.Herzog\OneDrive - afacademy.af.edu\Documents\Schoolwork Sem6 2026 Spring\M1 - ECE 383 CSYS\Lab\Lab 2\lab2_code_for_cadets_2026\trigger_detector.vhd:]
WARNING: [filemgmt 56-199] Attempt to get parsing info during refresh. "On-the-fly" syntax checking information may be incorrect. [C:\Users\C27Soren.Herzog\ece383\Herzog_ece383_wksp\lab2\Lab _2.srcs\sources_1\imports\imports\Lab1_Cadet_Code_2026\numeric_stepper.vhd:]
WARNING: [filemgmt 56-199] Attempt to get parsing info during refresh. "On-the-fly" syntax checking information may be incorrect. [C:\Users\C27Soren.Herzog\ece383\Herzog_ece383_wksp\lab2\Lab _2.srcs\sources_1\imports\C27Soren.Herzog\OneDrive - afacademy.af.edu\Documents\Schoolwork Sem6 2026 Spring\M1 - ECE 383 CSYS\Lab\Lab 2\lab2_code_for_cadets_2026\lab2_datapath.vhdl:]
WARNING: [filemgmt 56-199] Attempt to get parsing info during refresh. "On-the-fly" syntax checking information may be incorrect. [C:\Users\C27Soren.Herzog\ece383\Herzog_ece383_wksp\lab2\Lab _2.srcs\sources_1\imports\imports\new\counter.vhd:]
WARNING: [filemgmt 56-199] Attempt to get parsing info during refresh. "On-the-fly" syntax checking information may be incorrect. [C:\Users\C27Soren.Herzog\ece383\Herzog_ece383_wksp\lab2\Lab _2.srcs\sources_1\imports\imports\new\counter.vhd:]
WARNING: [filemgmt 56-199] Attempt to get parsing info during refresh. "On-the-fly" syntax checking information may be incorrect. [C:\Users\C27Soren.Herzog\ece383\Herzog_ece383_wksp\lab2\Lab _2.srcs\sources_1\imports\C27Soren.Herzog\OneDrive - afacademy.af.edu\Documents\Schoolwork Sem6 2026 Spring\M1 - ECE 383 CSYS\Lab\Lab 2\lab2_code_for_cadets_2026\ece383_pkg.vhd:]
WARNING: [filemgmt 56-199] Attempt to get parsing info during refresh. "On-the-fly" syntax checking information may be incorrect. [C:\Users\C27Soren.Herzog\ece383\Herzog_ece383_wksp\lab2\Lab _2.srcs\sources_1\imports\imports\new\counter.vhd:]
WARNING: [filemgmt 56-199] Attempt to get parsing info during refresh. "On-the-fly" syntax checking information may be incorrect. [C:\Users\C27Soren.Herzog\ece383\Herzog_ece383_wksp\lab2\Lab _2.srcs\sources_1\imports\HW7\button_debounce.vhdl:]
WARNING: [filemgmt 56-199] Attempt to get parsing info during refresh. "On-the-fly" syntax checking information may be incorrect. [C:\Users\C27Soren.Herzog\ece383\Herzog_ece383_wksp\lab2\Lab _2.srcs\sources_1\imports\HW7\lec10.vhdl:]
WARNING: [filemgmt 56-199] Attempt to get parsing info during refresh. "On-the-fly" syntax checking information may be incorrect. [C:\Users\C27Soren.Herzog\ece383\Herzog_ece383_wksp\lab2\Lab _2.srcs\sources_1\imports\C27Soren.Herzog\OneDrive - afacademy.af.edu\Documents\Schoolwork Sem6 2026 Spring\M1 - ECE 383 CSYS\Lab\Lab 2\lab2_code_for_cadets_2026\trigger_detector.vhd:]
WARNING: [filemgmt 56-199] Attempt to get parsing info during refresh. "On-the-fly" syntax checking information may be incorrect. [C:\Users\C27Soren.Herzog\ece383\Herzog_ece383_wksp\lab2\Lab _2.srcs\sources_1\imports\imports\Lab1_Cadet_Code_2026\numeric_stepper.vhd:]
WARNING: [filemgmt 56-199] Attempt to get parsing info during refresh. "On-the-fly" syntax checking information may be incorrect. [C:\Users\C27Soren.Herzog\ece383\Herzog_ece383_wksp\lab2\Lab _2.srcs\sources_1\imports\C27Soren.Herzog\OneDrive - afacademy.af.edu\Documents\Schoolwork Sem6 2026 Spring\M1 - ECE 383 CSYS\Lab\Lab 2\lab2_code_for_cadets_2026\lab2_datapath.vhdl:]
WARNING: [filemgmt 56-199] Attempt to get parsing info during refresh. "On-the-fly" syntax checking information may be incorrect. [C:\Users\C27Soren.Herzog\ece383\Herzog_ece383_wksp\lab2\Lab _2.srcs\sources_1\imports\HW7\lec10.vhdl:]
WARNING: [filemgmt 56-199] Attempt to get parsing info during refresh. "On-the-fly" syntax checking information may be incorrect. [C:\Users\C27Soren.Herzog\ece383\Herzog_ece383_wksp\lab2\Lab _2.srcs\sources_1\imports\HW7\lec10.vhdl:]
launch_runs impl_1 -to_step write_bitstream -jobs 8
INFO: [Vivado 12-4149] The synthesis checkpoint for IP 'C:/Users/C27Soren.Herzog/ece383/Herzog_ece383_wksp/lab2/Lab _2.srcs/sources_1/ip/clk_wiz_0/clk_wiz_0.xci' is already up-to-date
[Thu Feb 19 08:06:43 2026] Launched synth_1...
Run output will be captured here: C:/Users/C27Soren.Herzog/ece383/Herzog_ece383_wksp/lab2/Lab _2.runs/synth_1/runme.log
[Thu Feb 19 08:06:43 2026] Launched impl_1...
Run output will be captured here: C:/Users/C27Soren.Herzog/ece383/Herzog_ece383_wksp/lab2/Lab _2.runs/impl_1/runme.log
set_property PROBES.FILE {} [get_hw_devices xc7a200t_0]
set_property FULL_PROBES.FILE {} [get_hw_devices xc7a200t_0]
set_property PROGRAM.FILE {C:/Users/C27Soren.Herzog/ece383/Herzog_ece383_wksp/lab2/Lab _2.runs/impl_1/lab2.bit} [get_hw_devices xc7a200t_0]
program_hw_devices [get_hw_devices xc7a200t_0]
INFO: [Labtools 27-3164] End of startup status: HIGH
program_hw_devices: Time (s): cpu = 00:00:05 ; elapsed = 00:00:06 . Memory (MB): peak = 1287.941 ; gain = 0.000
refresh_hw_device [lindex [get_hw_devices xc7a200t_0] 0]
INFO: [Labtools 27-1434] Device xc7a200t (JTAG device index = 0) is programmed with a design that has no supported debug core(s) in it.
WARNING: [filemgmt 56-199] Attempt to get parsing info during refresh. "On-the-fly" syntax checking information may be incorrect. [C:\Users\C27Soren.Herzog\ece383\Herzog_ece383_wksp\lab2\Lab _2.srcs\sources_1\imports\C27Soren.Herzog\OneDrive - afacademy.af.edu\Documents\Schoolwork Sem6 2026 Spring\M1 - ECE 383 CSYS\Lab\Lab 2\lab2_code_for_cadets_2026\ece383_pkg.vhd:]
WARNING: [filemgmt 56-199] Attempt to get parsing info during refresh. "On-the-fly" syntax checking information may be incorrect. [C:\Users\C27Soren.Herzog\ece383\Herzog_ece383_wksp\lab2\Lab _2.srcs\sources_1\imports\imports\new\counter.vhd:]
WARNING: [filemgmt 56-199] Attempt to get parsing info during refresh. "On-the-fly" syntax checking information may be incorrect. [C:\Users\C27Soren.Herzog\ece383\Herzog_ece383_wksp\lab2\Lab _2.srcs\sources_1\imports\HW7\button_debounce.vhdl:]
WARNING: [filemgmt 56-199] Attempt to get parsing info during refresh. "On-the-fly" syntax checking information may be incorrect. [C:\Users\C27Soren.Herzog\ece383\Herzog_ece383_wksp\lab2\Lab _2.srcs\sources_1\imports\HW7\lec10.vhdl:]
WARNING: [filemgmt 56-199] Attempt to get parsing info during refresh. "On-the-fly" syntax checking information may be incorrect. [C:\Users\C27Soren.Herzog\ece383\Herzog_ece383_wksp\lab2\Lab _2.srcs\sources_1\imports\imports\Lab1_Cadet_Code_2026\numeric_stepper.vhd:]
WARNING: [filemgmt 56-199] Attempt to get parsing info during refresh. "On-the-fly" syntax checking information may be incorrect. [C:\Users\C27Soren.Herzog\ece383\Herzog_ece383_wksp\lab2\Lab _2.srcs\sources_1\imports\C27Soren.Herzog\OneDrive - afacademy.af.edu\Documents\Schoolwork Sem6 2026 Spring\M1 - ECE 383 CSYS\Lab\Lab 2\lab2_code_for_cadets_2026\lab2_datapath.vhdl:]
WARNING: [filemgmt 56-199] Attempt to get parsing info during refresh. "On-the-fly" syntax checking information may be incorrect. [C:\Users\C27Soren.Herzog\ece383\Herzog_ece383_wksp\lab2\Lab _2.srcs\sources_1\imports\C27Soren.Herzog\OneDrive - afacademy.af.edu\Documents\Schoolwork Sem6 2026 Spring\M1 - ECE 383 CSYS\Lab\Lab 2\lab2_code_for_cadets_2026\lab2_datapath.vhdl:]
WARNING: [filemgmt 56-199] Attempt to get parsing info during refresh. "On-the-fly" syntax checking information may be incorrect. [C:\Users\C27Soren.Herzog\ece383\Herzog_ece383_wksp\lab2\Lab _2.srcs\sources_1\imports\C27Soren.Herzog\OneDrive - afacademy.af.edu\Documents\Schoolwork Sem6 2026 Spring\M1 - ECE 383 CSYS\Lab\Lab 2\lab2_code_for_cadets_2026\lab2_datapath.vhdl:]
WARNING: [filemgmt 56-199] Attempt to get parsing info during refresh. "On-the-fly" syntax checking information may be incorrect. [C:\Users\C27Soren.Herzog\ece383\Herzog_ece383_wksp\lab2\Lab _2.srcs\sources_1\imports\C27Soren.Herzog\OneDrive - afacademy.af.edu\Documents\Schoolwork Sem6 2026 Spring\M1 - ECE 383 CSYS\Lab\Lab 2\lab2_code_for_cadets_2026\ece383_pkg.vhd:]
WARNING: [filemgmt 56-199] Attempt to get parsing info during refresh. "On-the-fly" syntax checking information may be incorrect. [C:\Users\C27Soren.Herzog\ece383\Herzog_ece383_wksp\lab2\Lab _2.srcs\sources_1\imports\imports\new\counter.vhd:]
WARNING: [filemgmt 56-199] Attempt to get parsing info during refresh. "On-the-fly" syntax checking information may be incorrect. [C:\Users\C27Soren.Herzog\ece383\Herzog_ece383_wksp\lab2\Lab _2.srcs\sources_1\imports\HW7\button_debounce.vhdl:]
WARNING: [filemgmt 56-199] Attempt to get parsing info during refresh. "On-the-fly" syntax checking information may be incorrect. [C:\Users\C27Soren.Herzog\ece383\Herzog_ece383_wksp\lab2\Lab _2.srcs\sources_1\imports\HW7\lec10.vhdl:]
WARNING: [filemgmt 56-199] Attempt to get parsing info during refresh. "On-the-fly" syntax checking information may be incorrect. [C:\Users\C27Soren.Herzog\ece383\Herzog_ece383_wksp\lab2\Lab _2.srcs\sources_1\imports\imports\Lab1_Cadet_Code_2026\numeric_stepper.vhd:]
WARNING: [filemgmt 56-199] Attempt to get parsing info during refresh. "On-the-fly" syntax checking information may be incorrect. [C:\Users\C27Soren.Herzog\ece383\Herzog_ece383_wksp\lab2\Lab _2.srcs\sources_1\imports\C27Soren.Herzog\OneDrive - afacademy.af.edu\Documents\Schoolwork Sem6 2026 Spring\M1 - ECE 383 CSYS\Lab\Lab 2\lab2_code_for_cadets_2026\lab2_datapath.vhdl:]
WARNING: [filemgmt 56-199] Attempt to get parsing info during refresh. "On-the-fly" syntax checking information may be incorrect. [C:\Users\C27Soren.Herzog\ece383\Herzog_ece383_wksp\lab2\Lab _2.srcs\sources_1\imports\imports\new\counter.vhd:]
WARNING: [filemgmt 56-199] Attempt to get parsing info during refresh. "On-the-fly" syntax checking information may be incorrect. [C:\Users\C27Soren.Herzog\ece383\Herzog_ece383_wksp\lab2\Lab _2.srcs\sources_1\imports\imports\new\counter.vhd:]
WARNING: [filemgmt 56-199] Attempt to get parsing info during refresh. "On-the-fly" syntax checking information may be incorrect. [C:\Users\C27Soren.Herzog\ece383\Herzog_ece383_wksp\lab2\Lab _2.srcs\sources_1\imports\C27Soren.Herzog\OneDrive - afacademy.af.edu\Documents\Schoolwork Sem6 2026 Spring\M1 - ECE 383 CSYS\Lab\Lab 2\lab2_code_for_cadets_2026\ece383_pkg.vhd:]
WARNING: [filemgmt 56-199] Attempt to get parsing info during refresh. "On-the-fly" syntax checking information may be incorrect. [C:\Users\C27Soren.Herzog\ece383\Herzog_ece383_wksp\lab2\Lab _2.srcs\sources_1\imports\imports\new\counter.vhd:]
WARNING: [filemgmt 56-199] Attempt to get parsing info during refresh. "On-the-fly" syntax checking information may be incorrect. [C:\Users\C27Soren.Herzog\ece383\Herzog_ece383_wksp\lab2\Lab _2.srcs\sources_1\imports\HW7\button_debounce.vhdl:]
WARNING: [filemgmt 56-199] Attempt to get parsing info during refresh. "On-the-fly" syntax checking information may be incorrect. [C:\Users\C27Soren.Herzog\ece383\Herzog_ece383_wksp\lab2\Lab _2.srcs\sources_1\imports\HW7\lec10.vhdl:]
WARNING: [filemgmt 56-199] Attempt to get parsing info during refresh. "On-the-fly" syntax checking information may be incorrect. [C:\Users\C27Soren.Herzog\ece383\Herzog_ece383_wksp\lab2\Lab _2.srcs\sources_1\imports\imports\Lab1_Cadet_Code_2026\numeric_stepper.vhd:]
WARNING: [filemgmt 56-199] Attempt to get parsing info during refresh. "On-the-fly" syntax checking information may be incorrect. [C:\Users\C27Soren.Herzog\ece383\Herzog_ece383_wksp\lab2\Lab _2.srcs\sources_1\imports\C27Soren.Herzog\OneDrive - afacademy.af.edu\Documents\Schoolwork Sem6 2026 Spring\M1 - ECE 383 CSYS\Lab\Lab 2\lab2_code_for_cadets_2026\lab2_datapath.vhdl:]
WARNING: [filemgmt 56-199] Attempt to get parsing info during refresh. "On-the-fly" syntax checking information may be incorrect. [C:\Users\C27Soren.Herzog\ece383\Herzog_ece383_wksp\lab2\Lab _2.srcs\sources_1\imports\HW7\lec10.vhdl:]
WARNING: [filemgmt 56-199] Attempt to get parsing info during refresh. "On-the-fly" syntax checking information may be incorrect. [C:\Users\C27Soren.Herzog\ece383\Herzog_ece383_wksp\lab2\Lab _2.srcs\sources_1\imports\HW7\lec10.vhdl:]
ERROR: [Common 17-180] Spawn failed: No error
ERROR: [Common 17-180] Spawn failed: No error
WARNING: [filemgmt 56-199] Attempt to get parsing info during refresh. "On-the-fly" syntax checking information may be incorrect. [C:\Users\C27Soren.Herzog\ece383\Herzog_ece383_wksp\lab2\Lab _2.srcs\sources_1\imports\C27Soren.Herzog\OneDrive - afacademy.af.edu\Documents\Schoolwork Sem6 2026 Spring\M1 - ECE 383 CSYS\Lab\Lab 2\lab2_code_for_cadets_2026\ece383_pkg.vhd:]
WARNING: [filemgmt 56-199] Attempt to get parsing info during refresh. "On-the-fly" syntax checking information may be incorrect. [C:\Users\C27Soren.Herzog\ece383\Herzog_ece383_wksp\lab2\Lab _2.srcs\sources_1\imports\imports\new\counter.vhd:]
WARNING: [filemgmt 56-199] Attempt to get parsing info during refresh. "On-the-fly" syntax checking information may be incorrect. [C:\Users\C27Soren.Herzog\ece383\Herzog_ece383_wksp\lab2\Lab _2.srcs\sources_1\imports\HW7\button_debounce.vhdl:]
WARNING: [filemgmt 56-199] Attempt to get parsing info during refresh. "On-the-fly" syntax checking information may be incorrect. [C:\Users\C27Soren.Herzog\ece383\Herzog_ece383_wksp\lab2\Lab _2.srcs\sources_1\imports\HW7\lec10.vhdl:]
WARNING: [filemgmt 56-199] Attempt to get parsing info during refresh. "On-the-fly" syntax checking information may be incorrect. [C:\Users\C27Soren.Herzog\ece383\Herzog_ece383_wksp\lab2\Lab _2.srcs\sources_1\imports\imports\Lab1_Cadet_Code_2026\numeric_stepper.vhd:]
WARNING: [filemgmt 56-199] Attempt to get parsing info during refresh. "On-the-fly" syntax checking information may be incorrect. [C:\Users\C27Soren.Herzog\ece383\Herzog_ece383_wksp\lab2\Lab _2.srcs\sources_1\imports\C27Soren.Herzog\OneDrive - afacademy.af.edu\Documents\Schoolwork Sem6 2026 Spring\M1 - ECE 383 CSYS\Lab\Lab 2\lab2_code_for_cadets_2026\lab2_datapath.vhdl:]
WARNING: [filemgmt 56-199] Attempt to get parsing info during refresh. "On-the-fly" syntax checking information may be incorrect. [C:\Users\C27Soren.Herzog\ece383\Herzog_ece383_wksp\lab2\Lab _2.srcs\sources_1\imports\imports\Lab1_Cadet_Code_2026\numeric_stepper.vhd:]
WARNING: [filemgmt 56-199] Attempt to get parsing info during refresh. "On-the-fly" syntax checking information may be incorrect. [C:\Users\C27Soren.Herzog\ece383\Herzog_ece383_wksp\lab2\Lab _2.srcs\sources_1\imports\imports\Lab1_Cadet_Code_2026\numeric_stepper.vhd:]
WARNING: [filemgmt 56-199] Attempt to get parsing info during refresh. "On-the-fly" syntax checking information may be incorrect. [C:\Users\C27Soren.Herzog\ece383\Herzog_ece383_wksp\lab2\Lab _2.srcs\sources_1\imports\C27Soren.Herzog\OneDrive - afacademy.af.edu\Documents\Schoolwork Sem6 2026 Spring\M1 - ECE 383 CSYS\Lab\Lab 2\lab2_code_for_cadets_2026\ece383_pkg.vhd:]
WARNING: [filemgmt 56-199] Attempt to get parsing info during refresh. "On-the-fly" syntax checking information may be incorrect. [C:\Users\C27Soren.Herzog\ece383\Herzog_ece383_wksp\lab2\Lab _2.srcs\sources_1\imports\imports\new\counter.vhd:]
WARNING: [filemgmt 56-199] Attempt to get parsing info during refresh. "On-the-fly" syntax checking information may be incorrect. [C:\Users\C27Soren.Herzog\ece383\Herzog_ece383_wksp\lab2\Lab _2.srcs\sources_1\imports\HW7\button_debounce.vhdl:]
WARNING: [filemgmt 56-199] Attempt to get parsing info during refresh. "On-the-fly" syntax checking information may be incorrect. [C:\Users\C27Soren.Herzog\ece383\Herzog_ece383_wksp\lab2\Lab _2.srcs\sources_1\imports\HW7\lec10.vhdl:]
WARNING: [filemgmt 56-199] Attempt to get parsing info during refresh. "On-the-fly" syntax checking information may be incorrect. [C:\Users\C27Soren.Herzog\ece383\Herzog_ece383_wksp\lab2\Lab _2.srcs\sources_1\imports\imports\Lab1_Cadet_Code_2026\numeric_stepper.vhd:]
WARNING: [filemgmt 56-199] Attempt to get parsing info during refresh. "On-the-fly" syntax checking information may be incorrect. [C:\Users\C27Soren.Herzog\ece383\Herzog_ece383_wksp\lab2\Lab _2.srcs\sources_1\imports\C27Soren.Herzog\OneDrive - afacademy.af.edu\Documents\Schoolwork Sem6 2026 Spring\M1 - ECE 383 CSYS\Lab\Lab 2\lab2_code_for_cadets_2026\lab2_datapath.vhdl:]
WARNING: [filemgmt 56-199] Attempt to get parsing info during refresh. "On-the-fly" syntax checking information may be incorrect. [C:\Users\C27Soren.Herzog\ece383\Herzog_ece383_wksp\lab2\Lab _2.srcs\sources_1\imports\C27Soren.Herzog\OneDrive - afacademy.af.edu\Documents\Schoolwork Sem6 2026 Spring\M1 - ECE 383 CSYS\Lab\Lab 2\lab2_code_for_cadets_2026\ece383_pkg.vhd:]
WARNING: [filemgmt 56-199] Attempt to get parsing info during refresh. "On-the-fly" syntax checking information may be incorrect. [C:\Users\C27Soren.Herzog\ece383\Herzog_ece383_wksp\lab2\Lab _2.srcs\sources_1\imports\C27Soren.Herzog\OneDrive - afacademy.af.edu\Documents\Schoolwork Sem6 2026 Spring\M1 - ECE 383 CSYS\Lab\Lab 2\lab2_code_for_cadets_2026\ece383_pkg.vhd:]
ERROR: [Common 17-180] Spawn failed: No error
WARNING: [filemgmt 56-199] Attempt to get parsing info during refresh. "On-the-fly" syntax checking information may be incorrect. [C:\Users\C27Soren.Herzog\ece383\Herzog_ece383_wksp\lab2\Lab _2.srcs\sources_1\imports\C27Soren.Herzog\OneDrive - afacademy.af.edu\Documents\Schoolwork Sem6 2026 Spring\M1 - ECE 383 CSYS\Lab\Lab 2\lab2_code_for_cadets_2026\ece383_pkg.vhd:]
WARNING: [filemgmt 56-199] Attempt to get parsing info during refresh. "On-the-fly" syntax checking information may be incorrect. [C:\Users\C27Soren.Herzog\ece383\Herzog_ece383_wksp\lab2\Lab _2.srcs\sources_1\imports\imports\new\counter.vhd:]
WARNING: [filemgmt 56-199] Attempt to get parsing info during refresh. "On-the-fly" syntax checking information may be incorrect. [C:\Users\C27Soren.Herzog\ece383\Herzog_ece383_wksp\lab2\Lab _2.srcs\sources_1\imports\HW7\button_debounce.vhdl:]
WARNING: [filemgmt 56-199] Attempt to get parsing info during refresh. "On-the-fly" syntax checking information may be incorrect. [C:\Users\C27Soren.Herzog\ece383\Herzog_ece383_wksp\lab2\Lab _2.srcs\sources_1\imports\HW7\lec10.vhdl:]
WARNING: [filemgmt 56-199] Attempt to get parsing info during refresh. "On-the-fly" syntax checking information may be incorrect. [C:\Users\C27Soren.Herzog\ece383\Herzog_ece383_wksp\lab2\Lab _2.srcs\sources_1\imports\imports\Lab1_Cadet_Code_2026\numeric_stepper.vhd:]
WARNING: [filemgmt 56-199] Attempt to get parsing info during refresh. "On-the-fly" syntax checking information may be incorrect. [C:\Users\C27Soren.Herzog\ece383\Herzog_ece383_wksp\lab2\Lab _2.srcs\sources_1\imports\C27Soren.Herzog\OneDrive - afacademy.af.edu\Documents\Schoolwork Sem6 2026 Spring\M1 - ECE 383 CSYS\Lab\Lab 2\lab2_code_for_cadets_2026\lab2_datapath.vhdl:]
WARNING: [filemgmt 56-199] Attempt to get parsing info during refresh. "On-the-fly" syntax checking information may be incorrect. [C:\Users\C27Soren.Herzog\ece383\Herzog_ece383_wksp\lab2\Lab _2.srcs\sources_1\imports\C27Soren.Herzog\OneDrive - afacademy.af.edu\Documents\Schoolwork Sem6 2026 Spring\M1 - ECE 383 CSYS\Lab\Lab 2\lab2_code_for_cadets_2026\lab2_datapath.vhdl:]
WARNING: [filemgmt 56-199] Attempt to get parsing info during refresh. "On-the-fly" syntax checking information may be incorrect. [C:\Users\C27Soren.Herzog\ece383\Herzog_ece383_wksp\lab2\Lab _2.srcs\sources_1\imports\C27Soren.Herzog\OneDrive - afacademy.af.edu\Documents\Schoolwork Sem6 2026 Spring\M1 - ECE 383 CSYS\Lab\Lab 2\lab2_code_for_cadets_2026\lab2_datapath.vhdl:]
WARNING: [filemgmt 56-199] Attempt to get parsing info during refresh. "On-the-fly" syntax checking information may be incorrect. [C:\Users\C27Soren.Herzog\ece383\Herzog_ece383_wksp\lab2\Lab _2.srcs\sources_1\imports\C27Soren.Herzog\OneDrive - afacademy.af.edu\Documents\Schoolwork Sem6 2026 Spring\M1 - ECE 383 CSYS\Lab\Lab 2\lab2_code_for_cadets_2026\ece383_pkg.vhd:]
WARNING: [filemgmt 56-199] Attempt to get parsing info during refresh. "On-the-fly" syntax checking information may be incorrect. [C:\Users\C27Soren.Herzog\ece383\Herzog_ece383_wksp\lab2\Lab _2.srcs\sources_1\imports\imports\new\counter.vhd:]
WARNING: [filemgmt 56-199] Attempt to get parsing info during refresh. "On-the-fly" syntax checking information may be incorrect. [C:\Users\C27Soren.Herzog\ece383\Herzog_ece383_wksp\lab2\Lab _2.srcs\sources_1\imports\HW7\button_debounce.vhdl:]
WARNING: [filemgmt 56-199] Attempt to get parsing info during refresh. "On-the-fly" syntax checking information may be incorrect. [C:\Users\C27Soren.Herzog\ece383\Herzog_ece383_wksp\lab2\Lab _2.srcs\sources_1\imports\HW7\lec10.vhdl:]
WARNING: [filemgmt 56-199] Attempt to get parsing info during refresh. "On-the-fly" syntax checking information may be incorrect. [C:\Users\C27Soren.Herzog\ece383\Herzog_ece383_wksp\lab2\Lab _2.srcs\sources_1\imports\imports\Lab1_Cadet_Code_2026\numeric_stepper.vhd:]
WARNING: [filemgmt 56-199] Attempt to get parsing info during refresh. "On-the-fly" syntax checking information may be incorrect. [C:\Users\C27Soren.Herzog\ece383\Herzog_ece383_wksp\lab2\Lab _2.srcs\sources_1\imports\C27Soren.Herzog\OneDrive - afacademy.af.edu\Documents\Schoolwork Sem6 2026 Spring\M1 - ECE 383 CSYS\Lab\Lab 2\lab2_code_for_cadets_2026\lab2_datapath.vhdl:]
WARNING: [filemgmt 56-199] Attempt to get parsing info during refresh. "On-the-fly" syntax checking information may be incorrect. [C:\Users\C27Soren.Herzog\ece383\Herzog_ece383_wksp\lab2\Lab _2.srcs\sources_1\imports\imports\new\counter.vhd:]
WARNING: [filemgmt 56-199] Attempt to get parsing info during refresh. "On-the-fly" syntax checking information may be incorrect. [C:\Users\C27Soren.Herzog\ece383\Herzog_ece383_wksp\lab2\Lab _2.srcs\sources_1\imports\imports\new\counter.vhd:]
WARNING: [filemgmt 56-199] Attempt to get parsing info during refresh. "On-the-fly" syntax checking information may be incorrect. [C:\Users\C27Soren.Herzog\ece383\Herzog_ece383_wksp\lab2\Lab _2.srcs\sources_1\imports\C27Soren.Herzog\OneDrive - afacademy.af.edu\Documents\Schoolwork Sem6 2026 Spring\M1 - ECE 383 CSYS\Lab\Lab 2\lab2_code_for_cadets_2026\ece383_pkg.vhd:]
WARNING: [filemgmt 56-199] Attempt to get parsing info during refresh. "On-the-fly" syntax checking information may be incorrect. [C:\Users\C27Soren.Herzog\ece383\Herzog_ece383_wksp\lab2\Lab _2.srcs\sources_1\imports\imports\new\counter.vhd:]
WARNING: [filemgmt 56-199] Attempt to get parsing info during refresh. "On-the-fly" syntax checking information may be incorrect. [C:\Users\C27Soren.Herzog\ece383\Herzog_ece383_wksp\lab2\Lab _2.srcs\sources_1\imports\HW7\button_debounce.vhdl:]
WARNING: [filemgmt 56-199] Attempt to get parsing info during refresh. "On-the-fly" syntax checking information may be incorrect. [C:\Users\C27Soren.Herzog\ece383\Herzog_ece383_wksp\lab2\Lab _2.srcs\sources_1\imports\HW7\lec10.vhdl:]
WARNING: [filemgmt 56-199] Attempt to get parsing info during refresh. "On-the-fly" syntax checking information may be incorrect. [C:\Users\C27Soren.Herzog\ece383\Herzog_ece383_wksp\lab2\Lab _2.srcs\sources_1\imports\imports\Lab1_Cadet_Code_2026\numeric_stepper.vhd:]
WARNING: [filemgmt 56-199] Attempt to get parsing info during refresh. "On-the-fly" syntax checking information may be incorrect. [C:\Users\C27Soren.Herzog\ece383\Herzog_ece383_wksp\lab2\Lab _2.srcs\sources_1\imports\C27Soren.Herzog\OneDrive - afacademy.af.edu\Documents\Schoolwork Sem6 2026 Spring\M1 - ECE 383 CSYS\Lab\Lab 2\lab2_code_for_cadets_2026\lab2_datapath.vhdl:]
WARNING: [filemgmt 56-199] Attempt to get parsing info during refresh. "On-the-fly" syntax checking information may be incorrect. [C:\Users\C27Soren.Herzog\ece383\Herzog_ece383_wksp\lab2\Lab _2.srcs\sources_1\imports\HW7\lec10.vhdl:]
WARNING: [filemgmt 56-199] Attempt to get parsing info during refresh. "On-the-fly" syntax checking information may be incorrect. [C:\Users\C27Soren.Herzog\ece383\Herzog_ece383_wksp\lab2\Lab _2.srcs\sources_1\imports\HW7\lec10.vhdl:]
ERROR: [Common 17-180] Spawn failed: No error
WARNING: [filemgmt 56-199] Attempt to get parsing info during refresh. "On-the-fly" syntax checking information may be incorrect. [C:\Users\C27Soren.Herzog\ece383\Herzog_ece383_wksp\lab2\Lab _2.srcs\sources_1\imports\C27Soren.Herzog\OneDrive - afacademy.af.edu\Documents\Schoolwork Sem6 2026 Spring\M1 - ECE 383 CSYS\Lab\Lab 2\lab2_code_for_cadets_2026\ece383_pkg.vhd:]
WARNING: [filemgmt 56-199] Attempt to get parsing info during refresh. "On-the-fly" syntax checking information may be incorrect. [C:\Users\C27Soren.Herzog\ece383\Herzog_ece383_wksp\lab2\Lab _2.srcs\sources_1\imports\imports\new\counter.vhd:]
WARNING: [filemgmt 56-199] Attempt to get parsing info during refresh. "On-the-fly" syntax checking information may be incorrect. [C:\Users\C27Soren.Herzog\ece383\Herzog_ece383_wksp\lab2\Lab _2.srcs\sources_1\imports\HW7\button_debounce.vhdl:]
WARNING: [filemgmt 56-199] Attempt to get parsing info during refresh. "On-the-fly" syntax checking information may be incorrect. [C:\Users\C27Soren.Herzog\ece383\Herzog_ece383_wksp\lab2\Lab _2.srcs\sources_1\imports\HW7\lec10.vhdl:]
WARNING: [filemgmt 56-199] Attempt to get parsing info during refresh. "On-the-fly" syntax checking information may be incorrect. [C:\Users\C27Soren.Herzog\ece383\Herzog_ece383_wksp\lab2\Lab _2.srcs\sources_1\imports\imports\Lab1_Cadet_Code_2026\numeric_stepper.vhd:]
WARNING: [filemgmt 56-199] Attempt to get parsing info during refresh. "On-the-fly" syntax checking information may be incorrect. [C:\Users\C27Soren.Herzog\ece383\Herzog_ece383_wksp\lab2\Lab _2.srcs\sources_1\imports\C27Soren.Herzog\OneDrive - afacademy.af.edu\Documents\Schoolwork Sem6 2026 Spring\M1 - ECE 383 CSYS\Lab\Lab 2\lab2_code_for_cadets_2026\lab2_datapath.vhdl:]
WARNING: [filemgmt 56-199] Attempt to get parsing info during refresh. "On-the-fly" syntax checking information may be incorrect. [C:\Users\C27Soren.Herzog\ece383\Herzog_ece383_wksp\lab2\Lab _2.srcs\sources_1\imports\C27Soren.Herzog\OneDrive - afacademy.af.edu\Documents\Schoolwork Sem6 2026 Spring\M1 - ECE 383 CSYS\Lab\Lab 2\lab2_code_for_cadets_2026\ece383_pkg.vhd:]
WARNING: [filemgmt 56-199] Attempt to get parsing info during refresh. "On-the-fly" syntax checking information may be incorrect. [C:\Users\C27Soren.Herzog\ece383\Herzog_ece383_wksp\lab2\Lab _2.srcs\sources_1\imports\C27Soren.Herzog\OneDrive - afacademy.af.edu\Documents\Schoolwork Sem6 2026 Spring\M1 - ECE 383 CSYS\Lab\Lab 2\lab2_code_for_cadets_2026\ece383_pkg.vhd:]
ERROR: [Common 17-180] Spawn failed: No error
WARNING: [filemgmt 56-199] Attempt to get parsing info during refresh. "On-the-fly" syntax checking information may be incorrect. [C:\Users\C27Soren.Herzog\ece383\Herzog_ece383_wksp\lab2\Lab _2.srcs\sources_1\imports\C27Soren.Herzog\OneDrive - afacademy.af.edu\Documents\Schoolwork Sem6 2026 Spring\M1 - ECE 383 CSYS\Lab\Lab 2\lab2_code_for_cadets_2026\ece383_pkg.vhd:]
WARNING: [filemgmt 56-199] Attempt to get parsing info during refresh. "On-the-fly" syntax checking information may be incorrect. [C:\Users\C27Soren.Herzog\ece383\Herzog_ece383_wksp\lab2\Lab _2.srcs\sources_1\imports\imports\new\counter.vhd:]
WARNING: [filemgmt 56-199] Attempt to get parsing info during refresh. "On-the-fly" syntax checking information may be incorrect. [C:\Users\C27Soren.Herzog\ece383\Herzog_ece383_wksp\lab2\Lab _2.srcs\sources_1\imports\HW7\button_debounce.vhdl:]
WARNING: [filemgmt 56-199] Attempt to get parsing info during refresh. "On-the-fly" syntax checking information may be incorrect. [C:\Users\C27Soren.Herzog\ece383\Herzog_ece383_wksp\lab2\Lab _2.srcs\sources_1\imports\HW7\lec10.vhdl:]
WARNING: [filemgmt 56-199] Attempt to get parsing info during refresh. "On-the-fly" syntax checking information may be incorrect. [C:\Users\C27Soren.Herzog\ece383\Herzog_ece383_wksp\lab2\Lab _2.srcs\sources_1\imports\imports\Lab1_Cadet_Code_2026\numeric_stepper.vhd:]
WARNING: [filemgmt 56-199] Attempt to get parsing info during refresh. "On-the-fly" syntax checking information may be incorrect. [C:\Users\C27Soren.Herzog\ece383\Herzog_ece383_wksp\lab2\Lab _2.srcs\sources_1\imports\C27Soren.Herzog\OneDrive - afacademy.af.edu\Documents\Schoolwork Sem6 2026 Spring\M1 - ECE 383 CSYS\Lab\Lab 2\lab2_code_for_cadets_2026\lab2_datapath.vhdl:]
WARNING: [filemgmt 56-199] Attempt to get parsing info during refresh. "On-the-fly" syntax checking information may be incorrect. [C:\Users\C27Soren.Herzog\ece383\Herzog_ece383_wksp\lab2\Lab _2.srcs\sources_1\imports\imports\Lab1_Cadet_Code_2026\numeric_stepper.vhd:]
WARNING: [filemgmt 56-199] Attempt to get parsing info during refresh. "On-the-fly" syntax checking information may be incorrect. [C:\Users\C27Soren.Herzog\ece383\Herzog_ece383_wksp\lab2\Lab _2.srcs\sources_1\imports\imports\Lab1_Cadet_Code_2026\numeric_stepper.vhd:]
ERROR: [Common 17-180] Spawn failed: No error
WARNING: [filemgmt 56-199] Attempt to get parsing info during refresh. "On-the-fly" syntax checking information may be incorrect. [C:\Users\C27Soren.Herzog\ece383\Herzog_ece383_wksp\lab2\Lab _2.srcs\sources_1\imports\C27Soren.Herzog\OneDrive - afacademy.af.edu\Documents\Schoolwork Sem6 2026 Spring\M1 - ECE 383 CSYS\Lab\Lab 2\lab2_code_for_cadets_2026\ece383_pkg.vhd:]
WARNING: [filemgmt 56-199] Attempt to get parsing info during refresh. "On-the-fly" syntax checking information may be incorrect. [C:\Users\C27Soren.Herzog\ece383\Herzog_ece383_wksp\lab2\Lab _2.srcs\sources_1\imports\imports\new\counter.vhd:]
WARNING: [filemgmt 56-199] Attempt to get parsing info during refresh. "On-the-fly" syntax checking information may be incorrect. [C:\Users\C27Soren.Herzog\ece383\Herzog_ece383_wksp\lab2\Lab _2.srcs\sources_1\imports\C27Soren.Herzog\OneDrive - afacademy.af.edu\Documents\Schoolwork Sem6 2026 Spring\M1 - ECE 383 CSYS\Lab\Lab 2\lab2_code_for_cadets_2026\trigger_detector.vhd:]
WARNING: [filemgmt 56-199] Attempt to get parsing info during refresh. "On-the-fly" syntax checking information may be incorrect. [C:\Users\C27Soren.Herzog\ece383\Herzog_ece383_wksp\lab2\Lab _2.srcs\sources_1\imports\imports\Lab1_Cadet_Code_2026\numeric_stepper.vhd:]
WARNING: [filemgmt 56-199] Attempt to get parsing info during refresh. "On-the-fly" syntax checking information may be incorrect. [C:\Users\C27Soren.Herzog\ece383\Herzog_ece383_wksp\lab2\Lab _2.srcs\sources_1\imports\C27Soren.Herzog\OneDrive - afacademy.af.edu\Documents\Schoolwork Sem6 2026 Spring\M1 - ECE 383 CSYS\Lab\Lab 2\lab2_code_for_cadets_2026\lab2_datapath.vhdl:]
WARNING: [filemgmt 56-199] Attempt to get parsing info during refresh. "On-the-fly" syntax checking information may be incorrect. [C:\Users\C27Soren.Herzog\ece383\Herzog_ece383_wksp\lab2\Lab _2.srcs\sources_1\imports\C27Soren.Herzog\OneDrive - afacademy.af.edu\Documents\Schoolwork Sem6 2026 Spring\M1 - ECE 383 CSYS\Lab\Lab 2\lab2_code_for_cadets_2026\lab2_datapath.vhdl:]
WARNING: [filemgmt 56-199] Attempt to get parsing info during refresh. "On-the-fly" syntax checking information may be incorrect. [C:\Users\C27Soren.Herzog\ece383\Herzog_ece383_wksp\lab2\Lab _2.srcs\sources_1\imports\C27Soren.Herzog\OneDrive - afacademy.af.edu\Documents\Schoolwork Sem6 2026 Spring\M1 - ECE 383 CSYS\Lab\Lab 2\lab2_code_for_cadets_2026\lab2_datapath.vhdl:]
WARNING: [filemgmt 56-199] Attempt to get parsing info during refresh. "On-the-fly" syntax checking information may be incorrect. [C:\Users\C27Soren.Herzog\ece383\Herzog_ece383_wksp\lab2\Lab _2.srcs\sources_1\imports\C27Soren.Herzog\OneDrive - afacademy.af.edu\Documents\Schoolwork Sem6 2026 Spring\M1 - ECE 383 CSYS\Lab\Lab 2\lab2_code_for_cadets_2026\ece383_pkg.vhd:]
WARNING: [filemgmt 56-199] Attempt to get parsing info during refresh. "On-the-fly" syntax checking information may be incorrect. [C:\Users\C27Soren.Herzog\ece383\Herzog_ece383_wksp\lab2\Lab _2.srcs\sources_1\imports\imports\new\counter.vhd:]
WARNING: [filemgmt 56-199] Attempt to get parsing info during refresh. "On-the-fly" syntax checking information may be incorrect. [C:\Users\C27Soren.Herzog\ece383\Herzog_ece383_wksp\lab2\Lab _2.srcs\sources_1\imports\C27Soren.Herzog\OneDrive - afacademy.af.edu\Documents\Schoolwork Sem6 2026 Spring\M1 - ECE 383 CSYS\Lab\Lab 2\lab2_code_for_cadets_2026\trigger_detector.vhd:]
WARNING: [filemgmt 56-199] Attempt to get parsing info during refresh. "On-the-fly" syntax checking information may be incorrect. [C:\Users\C27Soren.Herzog\ece383\Herzog_ece383_wksp\lab2\Lab _2.srcs\sources_1\imports\imports\Lab1_Cadet_Code_2026\numeric_stepper.vhd:]
WARNING: [filemgmt 56-199] Attempt to get parsing info during refresh. "On-the-fly" syntax checking information may be incorrect. [C:\Users\C27Soren.Herzog\ece383\Herzog_ece383_wksp\lab2\Lab _2.srcs\sources_1\imports\C27Soren.Herzog\OneDrive - afacademy.af.edu\Documents\Schoolwork Sem6 2026 Spring\M1 - ECE 383 CSYS\Lab\Lab 2\lab2_code_for_cadets_2026\lab2_datapath.vhdl:]
WARNING: [filemgmt 56-199] Attempt to get parsing info during refresh. "On-the-fly" syntax checking information may be incorrect. [C:\Users\C27Soren.Herzog\ece383\Herzog_ece383_wksp\lab2\Lab _2.srcs\sources_1\imports\imports\new\counter.vhd:]
WARNING: [filemgmt 56-199] Attempt to get parsing info during refresh. "On-the-fly" syntax checking information may be incorrect. [C:\Users\C27Soren.Herzog\ece383\Herzog_ece383_wksp\lab2\Lab _2.srcs\sources_1\imports\imports\new\counter.vhd:]
WARNING: [filemgmt 56-199] Attempt to get parsing info during refresh. "On-the-fly" syntax checking information may be incorrect. [C:\Users\C27Soren.Herzog\ece383\Herzog_ece383_wksp\lab2\Lab _2.srcs\sources_1\imports\C27Soren.Herzog\OneDrive - afacademy.af.edu\Documents\Schoolwork Sem6 2026 Spring\M1 - ECE 383 CSYS\Lab\Lab 2\lab2_code_for_cadets_2026\ece383_pkg.vhd:]
WARNING: [filemgmt 56-199] Attempt to get parsing info during refresh. "On-the-fly" syntax checking information may be incorrect. [C:\Users\C27Soren.Herzog\ece383\Herzog_ece383_wksp\lab2\Lab _2.srcs\sources_1\imports\imports\new\counter.vhd:]
WARNING: [filemgmt 56-199] Attempt to get parsing info during refresh. "On-the-fly" syntax checking information may be incorrect. [C:\Users\C27Soren.Herzog\ece383\Herzog_ece383_wksp\lab2\Lab _2.srcs\sources_1\imports\C27Soren.Herzog\OneDrive - afacademy.af.edu\Documents\Schoolwork Sem6 2026 Spring\M1 - ECE 383 CSYS\Lab\Lab 2\lab2_code_for_cadets_2026\trigger_detector.vhd:]
WARNING: [filemgmt 56-199] Attempt to get parsing info during refresh. "On-the-fly" syntax checking information may be incorrect. [C:\Users\C27Soren.Herzog\ece383\Herzog_ece383_wksp\lab2\Lab _2.srcs\sources_1\imports\imports\Lab1_Cadet_Code_2026\numeric_stepper.vhd:]
WARNING: [filemgmt 56-199] Attempt to get parsing info during refresh. "On-the-fly" syntax checking information may be incorrect. [C:\Users\C27Soren.Herzog\ece383\Herzog_ece383_wksp\lab2\Lab _2.srcs\sources_1\imports\C27Soren.Herzog\OneDrive - afacademy.af.edu\Documents\Schoolwork Sem6 2026 Spring\M1 - ECE 383 CSYS\Lab\Lab 2\lab2_code_for_cadets_2026\lab2_datapath.vhdl:]
WARNING: [filemgmt 56-199] Attempt to get parsing info during refresh. "On-the-fly" syntax checking information may be incorrect. [C:\Users\C27Soren.Herzog\ece383\Herzog_ece383_wksp\lab2\Lab _2.srcs\sources_1\imports\C27Soren.Herzog\OneDrive - afacademy.af.edu\Documents\Schoolwork Sem6 2026 Spring\M1 - ECE 383 CSYS\Lab\Lab 2\lab2_code_for_cadets_2026\ece383_pkg.vhd:]
WARNING: [filemgmt 56-199] Attempt to get parsing info during refresh. "On-the-fly" syntax checking information may be incorrect. [C:\Users\C27Soren.Herzog\ece383\Herzog_ece383_wksp\lab2\Lab _2.srcs\sources_1\imports\C27Soren.Herzog\OneDrive - afacademy.af.edu\Documents\Schoolwork Sem6 2026 Spring\M1 - ECE 383 CSYS\Lab\Lab 2\lab2_code_for_cadets_2026\ece383_pkg.vhd:]
ERROR: [Common 17-180] Spawn failed: No error
WARNING: [filemgmt 56-199] Attempt to get parsing info during refresh. "On-the-fly" syntax checking information may be incorrect. [C:\Users\C27Soren.Herzog\ece383\Herzog_ece383_wksp\lab2\Lab _2.srcs\sources_1\imports\C27Soren.Herzog\OneDrive - afacademy.af.edu\Documents\Schoolwork Sem6 2026 Spring\M1 - ECE 383 CSYS\Lab\Lab 2\lab2_code_for_cadets_2026\ece383_pkg.vhd:]
WARNING: [filemgmt 56-199] Attempt to get parsing info during refresh. "On-the-fly" syntax checking information may be incorrect. [C:\Users\C27Soren.Herzog\ece383\Herzog_ece383_wksp\lab2\Lab _2.srcs\sources_1\imports\imports\new\counter.vhd:]
WARNING: [filemgmt 56-199] Attempt to get parsing info during refresh. "On-the-fly" syntax checking information may be incorrect. [C:\Users\C27Soren.Herzog\ece383\Herzog_ece383_wksp\lab2\Lab _2.srcs\sources_1\imports\C27Soren.Herzog\OneDrive - afacademy.af.edu\Documents\Schoolwork Sem6 2026 Spring\M1 - ECE 383 CSYS\Lab\Lab 2\lab2_code_for_cadets_2026\trigger_detector.vhd:]
WARNING: [filemgmt 56-199] Attempt to get parsing info during refresh. "On-the-fly" syntax checking information may be incorrect. [C:\Users\C27Soren.Herzog\ece383\Herzog_ece383_wksp\lab2\Lab _2.srcs\sources_1\imports\imports\Lab1_Cadet_Code_2026\numeric_stepper.vhd:]
WARNING: [filemgmt 56-199] Attempt to get parsing info during refresh. "On-the-fly" syntax checking information may be incorrect. [C:\Users\C27Soren.Herzog\ece383\Herzog_ece383_wksp\lab2\Lab _2.srcs\sources_1\imports\C27Soren.Herzog\OneDrive - afacademy.af.edu\Documents\Schoolwork Sem6 2026 Spring\M1 - ECE 383 CSYS\Lab\Lab 2\lab2_code_for_cadets_2026\lab2_datapath.vhdl:]
WARNING: [filemgmt 56-199] Attempt to get parsing info during refresh. "On-the-fly" syntax checking information may be incorrect. [C:\Users\C27Soren.Herzog\ece383\Herzog_ece383_wksp\lab2\Lab _2.srcs\sources_1\imports\C27Soren.Herzog\OneDrive - afacademy.af.edu\Documents\Schoolwork Sem6 2026 Spring\M1 - ECE 383 CSYS\Lab\Lab 2\lab2_code_for_cadets_2026\trigger_detector.vhd:]
WARNING: [filemgmt 56-199] Attempt to get parsing info during refresh. "On-the-fly" syntax checking information may be incorrect. [C:\Users\C27Soren.Herzog\ece383\Herzog_ece383_wksp\lab2\Lab _2.srcs\sources_1\imports\C27Soren.Herzog\OneDrive - afacademy.af.edu\Documents\Schoolwork Sem6 2026 Spring\M1 - ECE 383 CSYS\Lab\Lab 2\lab2_code_for_cadets_2026\trigger_detector.vhd:]
reset_run impl_1 -prev_step 
launch_runs impl_1 -to_step write_bitstream -jobs 8
INFO: [Vivado 12-4149] The synthesis checkpoint for IP 'C:/Users/C27Soren.Herzog/ece383/Herzog_ece383_wksp/lab2/Lab _2.srcs/sources_1/ip/clk_wiz_0/clk_wiz_0.xci' is already up-to-date
[Thu Feb 19 08:40:41 2026] Launched impl_1...
Run output will be captured here: C:/Users/C27Soren.Herzog/ece383/Herzog_ece383_wksp/lab2/Lab _2.runs/impl_1/runme.log
update_compile_order -fileset sources_1
WARNING: [filemgmt 56-199] Attempt to get parsing info during refresh. "On-the-fly" syntax checking information may be incorrect. [C:\Users\C27Soren.Herzog\ece383\Herzog_ece383_wksp\lab2\Lab _2.srcs\sources_1\imports\C27Soren.Herzog\OneDrive - afacademy.af.edu\Documents\Schoolwork Sem6 2026 Spring\M1 - ECE 383 CSYS\Lab\Lab 2\lab2_code_for_cadets_2026\ece383_pkg.vhd:]
WARNING: [filemgmt 56-199] Attempt to get parsing info during refresh. "On-the-fly" syntax checking information may be incorrect. [C:\Users\C27Soren.Herzog\ece383\Herzog_ece383_wksp\lab2\Lab _2.srcs\sources_1\imports\imports\new\counter.vhd:]
WARNING: [filemgmt 56-199] Attempt to get parsing info during refresh. "On-the-fly" syntax checking information may be incorrect. [C:\Users\C27Soren.Herzog\ece383\Herzog_ece383_wksp\lab2\Lab _2.srcs\sources_1\imports\C27Soren.Herzog\OneDrive - afacademy.af.edu\Documents\Schoolwork Sem6 2026 Spring\M1 - ECE 383 CSYS\Lab\Lab 2\lab2_code_for_cadets_2026\trigger_detector.vhd:]
WARNING: [filemgmt 56-199] Attempt to get parsing info during refresh. "On-the-fly" syntax checking information may be incorrect. [C:\Users\C27Soren.Herzog\ece383\Herzog_ece383_wksp\lab2\Lab _2.srcs\sources_1\imports\imports\Lab1_Cadet_Code_2026\numeric_stepper.vhd:]
WARNING: [filemgmt 56-199] Attempt to get parsing info during refresh. "On-the-fly" syntax checking information may be incorrect. [C:\Users\C27Soren.Herzog\ece383\Herzog_ece383_wksp\lab2\Lab _2.srcs\sources_1\imports\C27Soren.Herzog\OneDrive - afacademy.af.edu\Documents\Schoolwork Sem6 2026 Spring\M1 - ECE 383 CSYS\Lab\Lab 2\lab2_code_for_cadets_2026\lab2_datapath.vhdl:]
WARNING: [filemgmt 56-199] Attempt to get parsing info during refresh. "On-the-fly" syntax checking information may be incorrect. [C:\Users\C27Soren.Herzog\ece383\Herzog_ece383_wksp\lab2\Lab _2.srcs\sources_1\imports\C27Soren.Herzog\OneDrive - afacademy.af.edu\Documents\Schoolwork Sem6 2026 Spring\M1 - ECE 383 CSYS\Lab\Lab 2\lab2_code_for_cadets_2026\lab2_datapath.vhdl:]
WARNING: [filemgmt 56-199] Attempt to get parsing info during refresh. "On-the-fly" syntax checking information may be incorrect. [C:\Users\C27Soren.Herzog\ece383\Herzog_ece383_wksp\lab2\Lab _2.srcs\sources_1\imports\C27Soren.Herzog\OneDrive - afacademy.af.edu\Documents\Schoolwork Sem6 2026 Spring\M1 - ECE 383 CSYS\Lab\Lab 2\lab2_code_for_cadets_2026\lab2_datapath.vhdl:]
WARNING: [filemgmt 56-199] Attempt to get parsing info during refresh. "On-the-fly" syntax checking information may be incorrect. [C:\Users\C27Soren.Herzog\ece383\Herzog_ece383_wksp\lab2\Lab _2.srcs\sources_1\imports\C27Soren.Herzog\OneDrive - afacademy.af.edu\Documents\Schoolwork Sem6 2026 Spring\M1 - ECE 383 CSYS\Lab\Lab 2\lab2_code_for_cadets_2026\ece383_pkg.vhd:]
WARNING: [filemgmt 56-199] Attempt to get parsing info during refresh. "On-the-fly" syntax checking information may be incorrect. [C:\Users\C27Soren.Herzog\ece383\Herzog_ece383_wksp\lab2\Lab _2.srcs\sources_1\imports\imports\new\counter.vhd:]
WARNING: [filemgmt 56-199] Attempt to get parsing info during refresh. "On-the-fly" syntax checking information may be incorrect. [C:\Users\C27Soren.Herzog\ece383\Herzog_ece383_wksp\lab2\Lab _2.srcs\sources_1\imports\C27Soren.Herzog\OneDrive - afacademy.af.edu\Documents\Schoolwork Sem6 2026 Spring\M1 - ECE 383 CSYS\Lab\Lab 2\lab2_code_for_cadets_2026\trigger_detector.vhd:]
WARNING: [filemgmt 56-199] Attempt to get parsing info during refresh. "On-the-fly" syntax checking information may be incorrect. [C:\Users\C27Soren.Herzog\ece383\Herzog_ece383_wksp\lab2\Lab _2.srcs\sources_1\imports\imports\Lab1_Cadet_Code_2026\numeric_stepper.vhd:]
WARNING: [filemgmt 56-199] Attempt to get parsing info during refresh. "On-the-fly" syntax checking information may be incorrect. [C:\Users\C27Soren.Herzog\ece383\Herzog_ece383_wksp\lab2\Lab _2.srcs\sources_1\imports\C27Soren.Herzog\OneDrive - afacademy.af.edu\Documents\Schoolwork Sem6 2026 Spring\M1 - ECE 383 CSYS\Lab\Lab 2\lab2_code_for_cadets_2026\lab2_datapath.vhdl:]
WARNING: [filemgmt 56-199] Attempt to get parsing info during refresh. "On-the-fly" syntax checking information may be incorrect. [C:\Users\C27Soren.Herzog\ece383\Herzog_ece383_wksp\lab2\Lab _2.srcs\sources_1\imports\imports\new\counter.vhd:]
WARNING: [filemgmt 56-199] Attempt to get parsing info during refresh. "On-the-fly" syntax checking information may be incorrect. [C:\Users\C27Soren.Herzog\ece383\Herzog_ece383_wksp\lab2\Lab _2.srcs\sources_1\imports\imports\new\counter.vhd:]
WARNING: [filemgmt 56-199] Attempt to get parsing info during refresh. "On-the-fly" syntax checking information may be incorrect. [C:\Users\C27Soren.Herzog\ece383\Herzog_ece383_wksp\lab2\Lab _2.srcs\sources_1\imports\C27Soren.Herzog\OneDrive - afacademy.af.edu\Documents\Schoolwork Sem6 2026 Spring\M1 - ECE 383 CSYS\Lab\Lab 2\lab2_code_for_cadets_2026\ece383_pkg.vhd:]
WARNING: [filemgmt 56-199] Attempt to get parsing info during refresh. "On-the-fly" syntax checking information may be incorrect. [C:\Users\C27Soren.Herzog\ece383\Herzog_ece383_wksp\lab2\Lab _2.srcs\sources_1\imports\imports\new\counter.vhd:]
WARNING: [filemgmt 56-199] Attempt to get parsing info during refresh. "On-the-fly" syntax checking information may be incorrect. [C:\Users\C27Soren.Herzog\ece383\Herzog_ece383_wksp\lab2\Lab _2.srcs\sources_1\imports\C27Soren.Herzog\OneDrive - afacademy.af.edu\Documents\Schoolwork Sem6 2026 Spring\M1 - ECE 383 CSYS\Lab\Lab 2\lab2_code_for_cadets_2026\trigger_detector.vhd:]
WARNING: [filemgmt 56-199] Attempt to get parsing info during refresh. "On-the-fly" syntax checking information may be incorrect. [C:\Users\C27Soren.Herzog\ece383\Herzog_ece383_wksp\lab2\Lab _2.srcs\sources_1\imports\imports\Lab1_Cadet_Code_2026\numeric_stepper.vhd:]
WARNING: [filemgmt 56-199] Attempt to get parsing info during refresh. "On-the-fly" syntax checking information may be incorrect. [C:\Users\C27Soren.Herzog\ece383\Herzog_ece383_wksp\lab2\Lab _2.srcs\sources_1\imports\C27Soren.Herzog\OneDrive - afacademy.af.edu\Documents\Schoolwork Sem6 2026 Spring\M1 - ECE 383 CSYS\Lab\Lab 2\lab2_code_for_cadets_2026\lab2_datapath.vhdl:]
WARNING: [filemgmt 56-199] Attempt to get parsing info during refresh. "On-the-fly" syntax checking information may be incorrect. [C:\Users\C27Soren.Herzog\ece383\Herzog_ece383_wksp\lab2\Lab _2.srcs\sources_1\imports\C27Soren.Herzog\OneDrive - afacademy.af.edu\Documents\Schoolwork Sem6 2026 Spring\M1 - ECE 383 CSYS\Lab\Lab 2\lab2_code_for_cadets_2026\trigger_detector.vhd:]
WARNING: [filemgmt 56-199] Attempt to get parsing info during refresh. "On-the-fly" syntax checking information may be incorrect. [C:\Users\C27Soren.Herzog\ece383\Herzog_ece383_wksp\lab2\Lab _2.srcs\sources_1\imports\C27Soren.Herzog\OneDrive - afacademy.af.edu\Documents\Schoolwork Sem6 2026 Spring\M1 - ECE 383 CSYS\Lab\Lab 2\lab2_code_for_cadets_2026\trigger_detector.vhd:]
ERROR: [Common 17-180] Spawn failed: No error
ERROR: [Common 17-180] Spawn failed: No error
WARNING: [filemgmt 56-199] Attempt to get parsing info during refresh. "On-the-fly" syntax checking information may be incorrect. [C:\Users\C27Soren.Herzog\ece383\Herzog_ece383_wksp\lab2\Lab _2.srcs\sources_1\imports\C27Soren.Herzog\OneDrive - afacademy.af.edu\Documents\Schoolwork Sem6 2026 Spring\M1 - ECE 383 CSYS\Lab\Lab 2\lab2_code_for_cadets_2026\ece383_pkg.vhd:]
WARNING: [filemgmt 56-199] Attempt to get parsing info during refresh. "On-the-fly" syntax checking information may be incorrect. [C:\Users\C27Soren.Herzog\ece383\Herzog_ece383_wksp\lab2\Lab _2.srcs\sources_1\imports\imports\new\counter.vhd:]
WARNING: [filemgmt 56-199] Attempt to get parsing info during refresh. "On-the-fly" syntax checking information may be incorrect. [C:\Users\C27Soren.Herzog\ece383\Herzog_ece383_wksp\lab2\Lab _2.srcs\sources_1\imports\C27Soren.Herzog\OneDrive - afacademy.af.edu\Documents\Schoolwork Sem6 2026 Spring\M1 - ECE 383 CSYS\Lab\Lab 2\lab2_code_for_cadets_2026\trigger_detector.vhd:]
WARNING: [filemgmt 56-199] Attempt to get parsing info during refresh. "On-the-fly" syntax checking information may be incorrect. [C:\Users\C27Soren.Herzog\ece383\Herzog_ece383_wksp\lab2\Lab _2.srcs\sources_1\imports\imports\Lab1_Cadet_Code_2026\numeric_stepper.vhd:]
WARNING: [filemgmt 56-199] Attempt to get parsing info during refresh. "On-the-fly" syntax checking information may be incorrect. [C:\Users\C27Soren.Herzog\ece383\Herzog_ece383_wksp\lab2\Lab _2.srcs\sources_1\imports\C27Soren.Herzog\OneDrive - afacademy.af.edu\Documents\Schoolwork Sem6 2026 Spring\M1 - ECE 383 CSYS\Lab\Lab 2\lab2_code_for_cadets_2026\lab2_datapath.vhdl:]
WARNING: [filemgmt 56-199] Attempt to get parsing info during refresh. "On-the-fly" syntax checking information may be incorrect. [C:\Users\C27Soren.Herzog\ece383\Herzog_ece383_wksp\lab2\Lab _2.srcs\sources_1\imports\imports\Lab1_Cadet_Code_2026\numeric_stepper.vhd:]
WARNING: [filemgmt 56-199] Attempt to get parsing info during refresh. "On-the-fly" syntax checking information may be incorrect. [C:\Users\C27Soren.Herzog\ece383\Herzog_ece383_wksp\lab2\Lab _2.srcs\sources_1\imports\imports\Lab1_Cadet_Code_2026\numeric_stepper.vhd:]
reset_run impl_1 -prev_step 
WARNING: [Vivado 12-1017] Problems encountered:
1. Couldn't access process for termination

reset_run synth_1
WARNING: [Vivado 12-1017] Problems encountered:
1. Couldn't access process for termination

launch_runs impl_1 -to_step write_bitstream -jobs 8
INFO: [Vivado 12-4149] The synthesis checkpoint for IP 'C:/Users/C27Soren.Herzog/ece383/Herzog_ece383_wksp/lab2/Lab _2.srcs/sources_1/ip/clk_wiz_0/clk_wiz_0.xci' is already up-to-date
[Thu Feb 19 08:40:53 2026] Launched impl_1...
Run output will be captured here: C:/Users/C27Soren.Herzog/ece383/Herzog_ece383_wksp/lab2/Lab _2.runs/impl_1/runme.log
WARNING: [filemgmt 56-199] Attempt to get parsing info during refresh. "On-the-fly" syntax checking information may be incorrect. [C:\Users\C27Soren.Herzog\ece383\Herzog_ece383_wksp\lab2\Lab _2.srcs\sources_1\imports\C27Soren.Herzog\OneDrive - afacademy.af.edu\Documents\Schoolwork Sem6 2026 Spring\M1 - ECE 383 CSYS\Lab\Lab 2\lab2_code_for_cadets_2026\ece383_pkg.vhd:]
WARNING: [filemgmt 56-199] Attempt to get parsing info during refresh. "On-the-fly" syntax checking information may be incorrect. [C:\Users\C27Soren.Herzog\ece383\Herzog_ece383_wksp\lab2\Lab _2.srcs\sources_1\imports\imports\new\counter.vhd:]
WARNING: [filemgmt 56-199] Attempt to get parsing info during refresh. "On-the-fly" syntax checking information may be incorrect. [C:\Users\C27Soren.Herzog\ece383\Herzog_ece383_wksp\lab2\Lab _2.srcs\sources_1\imports\C27Soren.Herzog\OneDrive - afacademy.af.edu\Documents\Schoolwork Sem6 2026 Spring\M1 - ECE 383 CSYS\Lab\Lab 2\lab2_code_for_cadets_2026\trigger_detector.vhd:]
WARNING: [filemgmt 56-199] Attempt to get parsing info during refresh. "On-the-fly" syntax checking information may be incorrect. [C:\Users\C27Soren.Herzog\ece383\Herzog_ece383_wksp\lab2\Lab _2.srcs\sources_1\imports\imports\Lab1_Cadet_Code_2026\numeric_stepper.vhd:]
WARNING: [filemgmt 56-199] Attempt to get parsing info during refresh. "On-the-fly" syntax checking information may be incorrect. [C:\Users\C27Soren.Herzog\ece383\Herzog_ece383_wksp\lab2\Lab _2.srcs\sources_1\imports\C27Soren.Herzog\OneDrive - afacademy.af.edu\Documents\Schoolwork Sem6 2026 Spring\M1 - ECE 383 CSYS\Lab\Lab 2\lab2_code_for_cadets_2026\lab2_fsm.vhdl:]
WARNING: [filemgmt 56-199] Attempt to get parsing info during refresh. "On-the-fly" syntax checking information may be incorrect. [C:\Users\C27Soren.Herzog\ece383\Herzog_ece383_wksp\lab2\Lab _2.srcs\sources_1\imports\C27Soren.Herzog\OneDrive - afacademy.af.edu\Documents\Schoolwork Sem6 2026 Spring\M1 - ECE 383 CSYS\Lab\Lab 2\lab2_code_for_cadets_2026\lab2_datapath.vhdl:]
WARNING: [filemgmt 56-199] Attempt to get parsing info during refresh. "On-the-fly" syntax checking information may be incorrect. [C:\Users\C27Soren.Herzog\ece383\Herzog_ece383_wksp\lab2\Lab _2.srcs\sources_1\imports\C27Soren.Herzog\OneDrive - afacademy.af.edu\Documents\Schoolwork Sem6 2026 Spring\M1 - ECE 383 CSYS\Lab\Lab 2\lab2_code_for_cadets_2026\lab2_datapath.vhdl:]
WARNING: [filemgmt 56-199] Attempt to get parsing info during refresh. "On-the-fly" syntax checking information may be incorrect. [C:\Users\C27Soren.Herzog\ece383\Herzog_ece383_wksp\lab2\Lab _2.srcs\sources_1\imports\C27Soren.Herzog\OneDrive - afacademy.af.edu\Documents\Schoolwork Sem6 2026 Spring\M1 - ECE 383 CSYS\Lab\Lab 2\lab2_code_for_cadets_2026\lab2_datapath.vhdl:]
WARNING: [filemgmt 56-199] Attempt to get parsing info during refresh. "On-the-fly" syntax checking information may be incorrect. [C:\Users\C27Soren.Herzog\ece383\Herzog_ece383_wksp\lab2\Lab _2.srcs\sources_1\imports\C27Soren.Herzog\OneDrive - afacademy.af.edu\Documents\Schoolwork Sem6 2026 Spring\M1 - ECE 383 CSYS\Lab\Lab 2\lab2_code_for_cadets_2026\ece383_pkg.vhd:]
WARNING: [filemgmt 56-199] Attempt to get parsing info during refresh. "On-the-fly" syntax checking information may be incorrect. [C:\Users\C27Soren.Herzog\ece383\Herzog_ece383_wksp\lab2\Lab _2.srcs\sources_1\imports\imports\new\counter.vhd:]
WARNING: [filemgmt 56-199] Attempt to get parsing info during refresh. "On-the-fly" syntax checking information may be incorrect. [C:\Users\C27Soren.Herzog\ece383\Herzog_ece383_wksp\lab2\Lab _2.srcs\sources_1\imports\C27Soren.Herzog\OneDrive - afacademy.af.edu\Documents\Schoolwork Sem6 2026 Spring\M1 - ECE 383 CSYS\Lab\Lab 2\lab2_code_for_cadets_2026\trigger_detector.vhd:]
WARNING: [filemgmt 56-199] Attempt to get parsing info during refresh. "On-the-fly" syntax checking information may be incorrect. [C:\Users\C27Soren.Herzog\ece383\Herzog_ece383_wksp\lab2\Lab _2.srcs\sources_1\imports\imports\Lab1_Cadet_Code_2026\numeric_stepper.vhd:]
WARNING: [filemgmt 56-199] Attempt to get parsing info during refresh. "On-the-fly" syntax checking information may be incorrect. [C:\Users\C27Soren.Herzog\ece383\Herzog_ece383_wksp\lab2\Lab _2.srcs\sources_1\imports\C27Soren.Herzog\OneDrive - afacademy.af.edu\Documents\Schoolwork Sem6 2026 Spring\M1 - ECE 383 CSYS\Lab\Lab 2\lab2_code_for_cadets_2026\lab2_fsm.vhdl:]
WARNING: [filemgmt 56-199] Attempt to get parsing info during refresh. "On-the-fly" syntax checking information may be incorrect. [C:\Users\C27Soren.Herzog\ece383\Herzog_ece383_wksp\lab2\Lab _2.srcs\sources_1\imports\C27Soren.Herzog\OneDrive - afacademy.af.edu\Documents\Schoolwork Sem6 2026 Spring\M1 - ECE 383 CSYS\Lab\Lab 2\lab2_code_for_cadets_2026\lab2_datapath.vhdl:]
WARNING: [filemgmt 56-199] Attempt to get parsing info during refresh. "On-the-fly" syntax checking information may be incorrect. [C:\Users\C27Soren.Herzog\ece383\Herzog_ece383_wksp\lab2\Lab _2.srcs\sources_1\imports\imports\new\counter.vhd:]
WARNING: [filemgmt 56-199] Attempt to get parsing info during refresh. "On-the-fly" syntax checking information may be incorrect. [C:\Users\C27Soren.Herzog\ece383\Herzog_ece383_wksp\lab2\Lab _2.srcs\sources_1\imports\imports\new\counter.vhd:]
WARNING: [filemgmt 56-199] Attempt to get parsing info during refresh. "On-the-fly" syntax checking information may be incorrect. [C:\Users\C27Soren.Herzog\ece383\Herzog_ece383_wksp\lab2\Lab _2.srcs\sources_1\imports\C27Soren.Herzog\OneDrive - afacademy.af.edu\Documents\Schoolwork Sem6 2026 Spring\M1 - ECE 383 CSYS\Lab\Lab 2\lab2_code_for_cadets_2026\ece383_pkg.vhd:]
WARNING: [filemgmt 56-199] Attempt to get parsing info during refresh. "On-the-fly" syntax checking information may be incorrect. [C:\Users\C27Soren.Herzog\ece383\Herzog_ece383_wksp\lab2\Lab _2.srcs\sources_1\imports\imports\new\counter.vhd:]
WARNING: [filemgmt 56-199] Attempt to get parsing info during refresh. "On-the-fly" syntax checking information may be incorrect. [C:\Users\C27Soren.Herzog\ece383\Herzog_ece383_wksp\lab2\Lab _2.srcs\sources_1\imports\C27Soren.Herzog\OneDrive - afacademy.af.edu\Documents\Schoolwork Sem6 2026 Spring\M1 - ECE 383 CSYS\Lab\Lab 2\lab2_code_for_cadets_2026\trigger_detector.vhd:]
WARNING: [filemgmt 56-199] Attempt to get parsing info during refresh. "On-the-fly" syntax checking information may be incorrect. [C:\Users\C27Soren.Herzog\ece383\Herzog_ece383_wksp\lab2\Lab _2.srcs\sources_1\imports\imports\Lab1_Cadet_Code_2026\numeric_stepper.vhd:]
WARNING: [filemgmt 56-199] Attempt to get parsing info during refresh. "On-the-fly" syntax checking information may be incorrect. [C:\Users\C27Soren.Herzog\ece383\Herzog_ece383_wksp\lab2\Lab _2.srcs\sources_1\imports\C27Soren.Herzog\OneDrive - afacademy.af.edu\Documents\Schoolwork Sem6 2026 Spring\M1 - ECE 383 CSYS\Lab\Lab 2\lab2_code_for_cadets_2026\lab2_fsm.vhdl:]
WARNING: [filemgmt 56-199] Attempt to get parsing info during refresh. "On-the-fly" syntax checking information may be incorrect. [C:\Users\C27Soren.Herzog\ece383\Herzog_ece383_wksp\lab2\Lab _2.srcs\sources_1\imports\C27Soren.Herzog\OneDrive - afacademy.af.edu\Documents\Schoolwork Sem6 2026 Spring\M1 - ECE 383 CSYS\Lab\Lab 2\lab2_code_for_cadets_2026\lab2_datapath.vhdl:]
WARNING: [filemgmt 56-199] Attempt to get parsing info during refresh. "On-the-fly" syntax checking information may be incorrect. [C:\Users\C27Soren.Herzog\ece383\Herzog_ece383_wksp\lab2\Lab _2.srcs\sources_1\imports\C27Soren.Herzog\OneDrive - afacademy.af.edu\Documents\Schoolwork Sem6 2026 Spring\M1 - ECE 383 CSYS\Lab\Lab 2\lab2_code_for_cadets_2026\lab2_fsm.vhdl:]
WARNING: [filemgmt 56-199] Attempt to get parsing info during refresh. "On-the-fly" syntax checking information may be incorrect. [C:\Users\C27Soren.Herzog\ece383\Herzog_ece383_wksp\lab2\Lab _2.srcs\sources_1\imports\C27Soren.Herzog\OneDrive - afacademy.af.edu\Documents\Schoolwork Sem6 2026 Spring\M1 - ECE 383 CSYS\Lab\Lab 2\lab2_code_for_cadets_2026\lab2_fsm.vhdl:]
ERROR: [Common 17-180] Spawn failed: No error
WARNING: [filemgmt 56-199] Attempt to get parsing info during refresh. "On-the-fly" syntax checking information may be incorrect. [C:\Users\C27Soren.Herzog\ece383\Herzog_ece383_wksp\lab2\Lab _2.srcs\sources_1\imports\C27Soren.Herzog\OneDrive - afacademy.af.edu\Documents\Schoolwork Sem6 2026 Spring\M1 - ECE 383 CSYS\Lab\Lab 2\lab2_code_for_cadets_2026\ece383_pkg.vhd:]
WARNING: [filemgmt 56-199] Attempt to get parsing info during refresh. "On-the-fly" syntax checking information may be incorrect. [C:\Users\C27Soren.Herzog\ece383\Herzog_ece383_wksp\lab2\Lab _2.srcs\sources_1\imports\imports\new\counter.vhd:]
WARNING: [filemgmt 56-199] Attempt to get parsing info during refresh. "On-the-fly" syntax checking information may be incorrect. [C:\Users\C27Soren.Herzog\ece383\Herzog_ece383_wksp\lab2\Lab _2.srcs\sources_1\imports\C27Soren.Herzog\OneDrive - afacademy.af.edu\Documents\Schoolwork Sem6 2026 Spring\M1 - ECE 383 CSYS\Lab\Lab 2\lab2_code_for_cadets_2026\trigger_detector.vhd:]
WARNING: [filemgmt 56-199] Attempt to get parsing info during refresh. "On-the-fly" syntax checking information may be incorrect. [C:\Users\C27Soren.Herzog\ece383\Herzog_ece383_wksp\lab2\Lab _2.srcs\sources_1\imports\imports\Lab1_Cadet_Code_2026\numeric_stepper.vhd:]
WARNING: [filemgmt 56-199] Attempt to get parsing info during refresh. "On-the-fly" syntax checking information may be incorrect. [C:\Users\C27Soren.Herzog\ece383\Herzog_ece383_wksp\lab2\Lab _2.srcs\sources_1\imports\C27Soren.Herzog\OneDrive - afacademy.af.edu\Documents\Schoolwork Sem6 2026 Spring\M1 - ECE 383 CSYS\Lab\Lab 2\lab2_code_for_cadets_2026\lab2_fsm.vhdl:]
WARNING: [filemgmt 56-199] Attempt to get parsing info during refresh. "On-the-fly" syntax checking information may be incorrect. [C:\Users\C27Soren.Herzog\ece383\Herzog_ece383_wksp\lab2\Lab _2.srcs\sources_1\imports\C27Soren.Herzog\OneDrive - afacademy.af.edu\Documents\Schoolwork Sem6 2026 Spring\M1 - ECE 383 CSYS\Lab\Lab 2\lab2_code_for_cadets_2026\lab2_datapath.vhdl:]
WARNING: [filemgmt 56-199] Attempt to get parsing info during refresh. "On-the-fly" syntax checking information may be incorrect. [C:\Users\C27Soren.Herzog\ece383\Herzog_ece383_wksp\lab2\Lab _2.srcs\sources_1\imports\imports\Lab1_Cadet_Code_2026\numeric_stepper.vhd:]
WARNING: [filemgmt 56-199] Attempt to get parsing info during refresh. "On-the-fly" syntax checking information may be incorrect. [C:\Users\C27Soren.Herzog\ece383\Herzog_ece383_wksp\lab2\Lab _2.srcs\sources_1\imports\imports\Lab1_Cadet_Code_2026\numeric_stepper.vhd:]
ERROR: [Common 17-180] Spawn failed: No error
WARNING: [filemgmt 56-199] Attempt to get parsing info during refresh. "On-the-fly" syntax checking information may be incorrect. [C:\Users\C27Soren.Herzog\ece383\Herzog_ece383_wksp\lab2\Lab _2.srcs\sources_1\imports\C27Soren.Herzog\OneDrive - afacademy.af.edu\Documents\Schoolwork Sem6 2026 Spring\M1 - ECE 383 CSYS\Lab\Lab 2\lab2_code_for_cadets_2026\ece383_pkg.vhd:]
WARNING: [filemgmt 56-199] Attempt to get parsing info during refresh. "On-the-fly" syntax checking information may be incorrect. [C:\Users\C27Soren.Herzog\ece383\Herzog_ece383_wksp\lab2\Lab _2.srcs\sources_1\imports\imports\new\counter.vhd:]
WARNING: [filemgmt 56-199] Attempt to get parsing info during refresh. "On-the-fly" syntax checking information may be incorrect. [C:\Users\C27Soren.Herzog\ece383\Herzog_ece383_wksp\lab2\Lab _2.srcs\sources_1\imports\C27Soren.Herzog\OneDrive - afacademy.af.edu\Documents\Schoolwork Sem6 2026 Spring\M1 - ECE 383 CSYS\Lab\Lab 2\lab2_code_for_cadets_2026\trigger_detector.vhd:]
WARNING: [filemgmt 56-199] Attempt to get parsing info during refresh. "On-the-fly" syntax checking information may be incorrect. [C:\Users\C27Soren.Herzog\ece383\Herzog_ece383_wksp\lab2\Lab _2.srcs\sources_1\imports\imports\Lab1_Cadet_Code_2026\numeric_stepper.vhd:]
WARNING: [filemgmt 56-199] Attempt to get parsing info during refresh. "On-the-fly" syntax checking information may be incorrect. [C:\Users\C27Soren.Herzog\ece383\Herzog_ece383_wksp\lab2\Lab _2.srcs\sources_1\imports\C27Soren.Herzog\OneDrive - afacademy.af.edu\Documents\Schoolwork Sem6 2026 Spring\M1 - ECE 383 CSYS\Lab\Lab 2\lab2_code_for_cadets_2026\lab2_fsm.vhdl:]
WARNING: [filemgmt 56-199] Attempt to get parsing info during refresh. "On-the-fly" syntax checking information may be incorrect. [C:\Users\C27Soren.Herzog\ece383\Herzog_ece383_wksp\lab2\Lab _2.srcs\sources_1\imports\C27Soren.Herzog\OneDrive - afacademy.af.edu\Documents\Schoolwork Sem6 2026 Spring\M1 - ECE 383 CSYS\Lab\Lab 2\lab2_code_for_cadets_2026\lab2_datapath.vhdl:]
WARNING: [filemgmt 56-199] Attempt to get parsing info during refresh. "On-the-fly" syntax checking information may be incorrect. [C:\Users\C27Soren.Herzog\ece383\Herzog_ece383_wksp\lab2\Lab _2.srcs\sources_1\imports\C27Soren.Herzog\OneDrive - afacademy.af.edu\Documents\Schoolwork Sem6 2026 Spring\M1 - ECE 383 CSYS\Lab\Lab 2\lab2_code_for_cadets_2026\ece383_pkg.vhd:]
WARNING: [filemgmt 56-199] Attempt to get parsing info during refresh. "On-the-fly" syntax checking information may be incorrect. [C:\Users\C27Soren.Herzog\ece383\Herzog_ece383_wksp\lab2\Lab _2.srcs\sources_1\imports\C27Soren.Herzog\OneDrive - afacademy.af.edu\Documents\Schoolwork Sem6 2026 Spring\M1 - ECE 383 CSYS\Lab\Lab 2\lab2_code_for_cadets_2026\ece383_pkg.vhd:]
ERROR: [Common 17-180] Spawn failed: No error
reset_run synth_1
INFO: [Project 1-1161] Replacing file C:/Users/C27Soren.Herzog/ece383/Herzog_ece383_wksp/lab2/Lab _2.srcs/utils_1/imports/synth_1/lab2.dcp with file C:/Users/C27Soren.Herzog/ece383/Herzog_ece383_wksp/lab2/Lab _2.runs/synth_1/lab2.dcp
WARNING: [filemgmt 56-199] Attempt to get parsing info during refresh. "On-the-fly" syntax checking information may be incorrect. [C:\Users\C27Soren.Herzog\ece383\Herzog_ece383_wksp\lab2\Lab _2.srcs\sources_1\imports\C27Soren.Herzog\OneDrive - afacademy.af.edu\Documents\Schoolwork Sem6 2026 Spring\M1 - ECE 383 CSYS\Lab\Lab 2\lab2_code_for_cadets_2026\ece383_pkg.vhd:]
WARNING: [filemgmt 56-199] Attempt to get parsing info during refresh. "On-the-fly" syntax checking information may be incorrect. [C:\Users\C27Soren.Herzog\ece383\Herzog_ece383_wksp\lab2\Lab _2.srcs\sources_1\imports\imports\new\counter.vhd:]
WARNING: [filemgmt 56-199] Attempt to get parsing info during refresh. "On-the-fly" syntax checking information may be incorrect. [C:\Users\C27Soren.Herzog\ece383\Herzog_ece383_wksp\lab2\Lab _2.srcs\sources_1\imports\C27Soren.Herzog\OneDrive - afacademy.af.edu\Documents\Schoolwork Sem6 2026 Spring\M1 - ECE 383 CSYS\Lab\Lab 2\lab2_code_for_cadets_2026\trigger_detector.vhd:]
WARNING: [filemgmt 56-199] Attempt to get parsing info during refresh. "On-the-fly" syntax checking information may be incorrect. [C:\Users\C27Soren.Herzog\ece383\Herzog_ece383_wksp\lab2\Lab _2.srcs\sources_1\imports\imports\Lab1_Cadet_Code_2026\numeric_stepper.vhd:]
WARNING: [filemgmt 56-199] Attempt to get parsing info during refresh. "On-the-fly" syntax checking information may be incorrect. [C:\Users\C27Soren.Herzog\ece383\Herzog_ece383_wksp\lab2\Lab _2.srcs\sources_1\imports\C27Soren.Herzog\OneDrive - afacademy.af.edu\Documents\Schoolwork Sem6 2026 Spring\M1 - ECE 383 CSYS\Lab\Lab 2\lab2_code_for_cadets_2026\lab2_fsm.vhdl:]
WARNING: [filemgmt 56-199] Attempt to get parsing info during refresh. "On-the-fly" syntax checking information may be incorrect. [C:\Users\C27Soren.Herzog\ece383\Herzog_ece383_wksp\lab2\Lab _2.srcs\sources_1\imports\C27Soren.Herzog\OneDrive - afacademy.af.edu\Documents\Schoolwork Sem6 2026 Spring\M1 - ECE 383 CSYS\Lab\Lab 2\lab2_code_for_cadets_2026\lab2_datapath.vhdl:]
WARNING: [filemgmt 56-199] Attempt to get parsing info during refresh. "On-the-fly" syntax checking information may be incorrect. [C:\Users\C27Soren.Herzog\ece383\Herzog_ece383_wksp\lab2\Lab _2.srcs\sources_1\imports\C27Soren.Herzog\OneDrive - afacademy.af.edu\Documents\Schoolwork Sem6 2026 Spring\M1 - ECE 383 CSYS\Lab\Lab 2\lab2_code_for_cadets_2026\lab2_datapath.vhdl:]
WARNING: [filemgmt 56-199] Attempt to get parsing info during refresh. "On-the-fly" syntax checking information may be incorrect. [C:\Users\C27Soren.Herzog\ece383\Herzog_ece383_wksp\lab2\Lab _2.srcs\sources_1\imports\C27Soren.Herzog\OneDrive - afacademy.af.edu\Documents\Schoolwork Sem6 2026 Spring\M1 - ECE 383 CSYS\Lab\Lab 2\lab2_code_for_cadets_2026\lab2_datapath.vhdl:]
WARNING: [filemgmt 56-199] Attempt to get parsing info during refresh. "On-the-fly" syntax checking information may be incorrect. [C:\Users\C27Soren.Herzog\ece383\Herzog_ece383_wksp\lab2\Lab _2.srcs\sources_1\imports\C27Soren.Herzog\OneDrive - afacademy.af.edu\Documents\Schoolwork Sem6 2026 Spring\M1 - ECE 383 CSYS\Lab\Lab 2\lab2_code_for_cadets_2026\ece383_pkg.vhd:]
WARNING: [filemgmt 56-199] Attempt to get parsing info during refresh. "On-the-fly" syntax checking information may be incorrect. [C:\Users\C27Soren.Herzog\ece383\Herzog_ece383_wksp\lab2\Lab _2.srcs\sources_1\imports\imports\new\counter.vhd:]
WARNING: [filemgmt 56-199] Attempt to get parsing info during refresh. "On-the-fly" syntax checking information may be incorrect. [C:\Users\C27Soren.Herzog\ece383\Herzog_ece383_wksp\lab2\Lab _2.srcs\sources_1\imports\C27Soren.Herzog\OneDrive - afacademy.af.edu\Documents\Schoolwork Sem6 2026 Spring\M1 - ECE 383 CSYS\Lab\Lab 2\lab2_code_for_cadets_2026\trigger_detector.vhd:]
WARNING: [filemgmt 56-199] Attempt to get parsing info during refresh. "On-the-fly" syntax checking information may be incorrect. [C:\Users\C27Soren.Herzog\ece383\Herzog_ece383_wksp\lab2\Lab _2.srcs\sources_1\imports\imports\Lab1_Cadet_Code_2026\numeric_stepper.vhd:]
WARNING: [filemgmt 56-199] Attempt to get parsing info during refresh. "On-the-fly" syntax checking information may be incorrect. [C:\Users\C27Soren.Herzog\ece383\Herzog_ece383_wksp\lab2\Lab _2.srcs\sources_1\imports\C27Soren.Herzog\OneDrive - afacademy.af.edu\Documents\Schoolwork Sem6 2026 Spring\M1 - ECE 383 CSYS\Lab\Lab 2\lab2_code_for_cadets_2026\lab2_fsm.vhdl:]
WARNING: [filemgmt 56-199] Attempt to get parsing info during refresh. "On-the-fly" syntax checking information may be incorrect. [C:\Users\C27Soren.Herzog\ece383\Herzog_ece383_wksp\lab2\Lab _2.srcs\sources_1\imports\C27Soren.Herzog\OneDrive - afacademy.af.edu\Documents\Schoolwork Sem6 2026 Spring\M1 - ECE 383 CSYS\Lab\Lab 2\lab2_code_for_cadets_2026\lab2_datapath.vhdl:]
WARNING: [filemgmt 56-199] Attempt to get parsing info during refresh. "On-the-fly" syntax checking information may be incorrect. [C:\Users\C27Soren.Herzog\ece383\Herzog_ece383_wksp\lab2\Lab _2.srcs\sources_1\imports\imports\new\counter.vhd:]
WARNING: [filemgmt 56-199] Attempt to get parsing info during refresh. "On-the-fly" syntax checking information may be incorrect. [C:\Users\C27Soren.Herzog\ece383\Herzog_ece383_wksp\lab2\Lab _2.srcs\sources_1\imports\imports\new\counter.vhd:]
WARNING: [filemgmt 56-199] Attempt to get parsing info during refresh. "On-the-fly" syntax checking information may be incorrect. [C:\Users\C27Soren.Herzog\ece383\Herzog_ece383_wksp\lab2\Lab _2.srcs\sources_1\imports\C27Soren.Herzog\OneDrive - afacademy.af.edu\Documents\Schoolwork Sem6 2026 Spring\M1 - ECE 383 CSYS\Lab\Lab 2\lab2_code_for_cadets_2026\ece383_pkg.vhd:]
WARNING: [filemgmt 56-199] Attempt to get parsing info during refresh. "On-the-fly" syntax checking information may be incorrect. [C:\Users\C27Soren.Herzog\ece383\Herzog_ece383_wksp\lab2\Lab _2.srcs\sources_1\imports\imports\new\counter.vhd:]
WARNING: [filemgmt 56-199] Attempt to get parsing info during refresh. "On-the-fly" syntax checking information may be incorrect. [C:\Users\C27Soren.Herzog\ece383\Herzog_ece383_wksp\lab2\Lab _2.srcs\sources_1\imports\C27Soren.Herzog\OneDrive - afacademy.af.edu\Documents\Schoolwork Sem6 2026 Spring\M1 - ECE 383 CSYS\Lab\Lab 2\lab2_code_for_cadets_2026\trigger_detector.vhd:]
WARNING: [filemgmt 56-199] Attempt to get parsing info during refresh. "On-the-fly" syntax checking information may be incorrect. [C:\Users\C27Soren.Herzog\ece383\Herzog_ece383_wksp\lab2\Lab _2.srcs\sources_1\imports\imports\Lab1_Cadet_Code_2026\numeric_stepper.vhd:]
WARNING: [filemgmt 56-199] Attempt to get parsing info during refresh. "On-the-fly" syntax checking information may be incorrect. [C:\Users\C27Soren.Herzog\ece383\Herzog_ece383_wksp\lab2\Lab _2.srcs\sources_1\imports\C27Soren.Herzog\OneDrive - afacademy.af.edu\Documents\Schoolwork Sem6 2026 Spring\M1 - ECE 383 CSYS\Lab\Lab 2\lab2_code_for_cadets_2026\lab2_fsm.vhdl:]
WARNING: [filemgmt 56-199] Attempt to get parsing info during refresh. "On-the-fly" syntax checking information may be incorrect. [C:\Users\C27Soren.Herzog\ece383\Herzog_ece383_wksp\lab2\Lab _2.srcs\sources_1\imports\C27Soren.Herzog\OneDrive - afacademy.af.edu\Documents\Schoolwork Sem6 2026 Spring\M1 - ECE 383 CSYS\Lab\Lab 2\lab2_code_for_cadets_2026\lab2_datapath.vhdl:]
WARNING: [filemgmt 56-199] Attempt to get parsing info during refresh. "On-the-fly" syntax checking information may be incorrect. [C:\Users\C27Soren.Herzog\ece383\Herzog_ece383_wksp\lab2\Lab _2.srcs\sources_1\imports\C27Soren.Herzog\OneDrive - afacademy.af.edu\Documents\Schoolwork Sem6 2026 Spring\M1 - ECE 383 CSYS\Lab\Lab 2\lab2_code_for_cadets_2026\lab2_fsm.vhdl:]
WARNING: [filemgmt 56-199] Attempt to get parsing info during refresh. "On-the-fly" syntax checking information may be incorrect. [C:\Users\C27Soren.Herzog\ece383\Herzog_ece383_wksp\lab2\Lab _2.srcs\sources_1\imports\C27Soren.Herzog\OneDrive - afacademy.af.edu\Documents\Schoolwork Sem6 2026 Spring\M1 - ECE 383 CSYS\Lab\Lab 2\lab2_code_for_cadets_2026\lab2_fsm.vhdl:]
ERROR: [Common 17-180] Spawn failed: No error
ERROR: [Common 17-180] Spawn failed: No error
WARNING: [filemgmt 56-199] Attempt to get parsing info during refresh. "On-the-fly" syntax checking information may be incorrect. [C:\Users\C27Soren.Herzog\ece383\Herzog_ece383_wksp\lab2\Lab _2.srcs\sources_1\imports\C27Soren.Herzog\OneDrive - afacademy.af.edu\Documents\Schoolwork Sem6 2026 Spring\M1 - ECE 383 CSYS\Lab\Lab 2\lab2_code_for_cadets_2026\ece383_pkg.vhd:]
WARNING: [filemgmt 56-199] Attempt to get parsing info during refresh. "On-the-fly" syntax checking information may be incorrect. [C:\Users\C27Soren.Herzog\ece383\Herzog_ece383_wksp\lab2\Lab _2.srcs\sources_1\imports\imports\new\counter.vhd:]
WARNING: [filemgmt 56-199] Attempt to get parsing info during refresh. "On-the-fly" syntax checking information may be incorrect. [C:\Users\C27Soren.Herzog\ece383\Herzog_ece383_wksp\lab2\Lab _2.srcs\sources_1\imports\C27Soren.Herzog\OneDrive - afacademy.af.edu\Documents\Schoolwork Sem6 2026 Spring\M1 - ECE 383 CSYS\Lab\Lab 2\lab2_code_for_cadets_2026\trigger_detector.vhd:]
WARNING: [filemgmt 56-199] Attempt to get parsing info during refresh. "On-the-fly" syntax checking information may be incorrect. [C:\Users\C27Soren.Herzog\ece383\Herzog_ece383_wksp\lab2\Lab _2.srcs\sources_1\imports\imports\Lab1_Cadet_Code_2026\numeric_stepper.vhd:]
WARNING: [filemgmt 56-199] Attempt to get parsing info during refresh. "On-the-fly" syntax checking information may be incorrect. [C:\Users\C27Soren.Herzog\ece383\Herzog_ece383_wksp\lab2\Lab _2.srcs\sources_1\imports\C27Soren.Herzog\OneDrive - afacademy.af.edu\Documents\Schoolwork Sem6 2026 Spring\M1 - ECE 383 CSYS\Lab\Lab 2\lab2_code_for_cadets_2026\lab2_fsm.vhdl:]
WARNING: [filemgmt 56-199] Attempt to get parsing info during refresh. "On-the-fly" syntax checking information may be incorrect. [C:\Users\C27Soren.Herzog\ece383\Herzog_ece383_wksp\lab2\Lab _2.srcs\sources_1\imports\C27Soren.Herzog\OneDrive - afacademy.af.edu\Documents\Schoolwork Sem6 2026 Spring\M1 - ECE 383 CSYS\Lab\Lab 2\lab2_code_for_cadets_2026\lab2_datapath.vhdl:]
WARNING: [filemgmt 56-199] Attempt to get parsing info during refresh. "On-the-fly" syntax checking information may be incorrect. [C:\Users\C27Soren.Herzog\ece383\Herzog_ece383_wksp\lab2\Lab _2.srcs\sources_1\imports\imports\Lab1_Cadet_Code_2026\numeric_stepper.vhd:]
WARNING: [filemgmt 56-199] Attempt to get parsing info during refresh. "On-the-fly" syntax checking information may be incorrect. [C:\Users\C27Soren.Herzog\ece383\Herzog_ece383_wksp\lab2\Lab _2.srcs\sources_1\imports\imports\Lab1_Cadet_Code_2026\numeric_stepper.vhd:]
WARNING: [filemgmt 56-199] Attempt to get parsing info during refresh. "On-the-fly" syntax checking information may be incorrect. [C:\Users\C27Soren.Herzog\ece383\Herzog_ece383_wksp\lab2\Lab _2.srcs\sources_1\imports\C27Soren.Herzog\OneDrive - afacademy.af.edu\Documents\Schoolwork Sem6 2026 Spring\M1 - ECE 383 CSYS\Lab\Lab 2\lab2_code_for_cadets_2026\ece383_pkg.vhd:]
WARNING: [filemgmt 56-199] Attempt to get parsing info during refresh. "On-the-fly" syntax checking information may be incorrect. [C:\Users\C27Soren.Herzog\ece383\Herzog_ece383_wksp\lab2\Lab _2.srcs\sources_1\imports\imports\new\counter.vhd:]
WARNING: [filemgmt 56-199] Attempt to get parsing info during refresh. "On-the-fly" syntax checking information may be incorrect. [C:\Users\C27Soren.Herzog\ece383\Herzog_ece383_wksp\lab2\Lab _2.srcs\sources_1\imports\C27Soren.Herzog\OneDrive - afacademy.af.edu\Documents\Schoolwork Sem6 2026 Spring\M1 - ECE 383 CSYS\Lab\Lab 2\lab2_code_for_cadets_2026\trigger_detector.vhd:]
WARNING: [filemgmt 56-199] Attempt to get parsing info during refresh. "On-the-fly" syntax checking information may be incorrect. [C:\Users\C27Soren.Herzog\ece383\Herzog_ece383_wksp\lab2\Lab _2.srcs\sources_1\imports\imports\Lab1_Cadet_Code_2026\numeric_stepper.vhd:]
WARNING: [filemgmt 56-199] Attempt to get parsing info during refresh. "On-the-fly" syntax checking information may be incorrect. [C:\Users\C27Soren.Herzog\ece383\Herzog_ece383_wksp\lab2\Lab _2.srcs\sources_1\imports\C27Soren.Herzog\OneDrive - afacademy.af.edu\Documents\Schoolwork Sem6 2026 Spring\M1 - ECE 383 CSYS\Lab\Lab 2\lab2_code_for_cadets_2026\lab2_fsm.vhdl:]
WARNING: [filemgmt 56-199] Attempt to get parsing info during refresh. "On-the-fly" syntax checking information may be incorrect. [C:\Users\C27Soren.Herzog\ece383\Herzog_ece383_wksp\lab2\Lab _2.srcs\sources_1\imports\C27Soren.Herzog\OneDrive - afacademy.af.edu\Documents\Schoolwork Sem6 2026 Spring\M1 - ECE 383 CSYS\Lab\Lab 2\lab2_code_for_cadets_2026\lab2_datapath.vhdl:]
WARNING: [filemgmt 56-199] Attempt to get parsing info during refresh. "On-the-fly" syntax checking information may be incorrect. [C:\Users\C27Soren.Herzog\ece383\Herzog_ece383_wksp\lab2\Lab _2.srcs\sources_1\imports\C27Soren.Herzog\OneDrive - afacademy.af.edu\Documents\Schoolwork Sem6 2026 Spring\M1 - ECE 383 CSYS\Lab\Lab 2\lab2_code_for_cadets_2026\ece383_pkg.vhd:]
WARNING: [filemgmt 56-199] Attempt to get parsing info during refresh. "On-the-fly" syntax checking information may be incorrect. [C:\Users\C27Soren.Herzog\ece383\Herzog_ece383_wksp\lab2\Lab _2.srcs\sources_1\imports\C27Soren.Herzog\OneDrive - afacademy.af.edu\Documents\Schoolwork Sem6 2026 Spring\M1 - ECE 383 CSYS\Lab\Lab 2\lab2_code_for_cadets_2026\ece383_pkg.vhd:]
ERROR: [Common 17-180] Spawn failed: No error
launch_runs impl_1 -to_step write_bitstream -jobs 8
INFO: [Vivado 12-4149] The synthesis checkpoint for IP 'C:/Users/C27Soren.Herzog/ece383/Herzog_ece383_wksp/lab2/Lab _2.srcs/sources_1/ip/clk_wiz_0/clk_wiz_0.xci' is already up-to-date
[Thu Feb 19 08:52:43 2026] Launched synth_1...
Run output will be captured here: C:/Users/C27Soren.Herzog/ece383/Herzog_ece383_wksp/lab2/Lab _2.runs/synth_1/runme.log
[Thu Feb 19 08:52:43 2026] Launched impl_1...
Run output will be captured here: C:/Users/C27Soren.Herzog/ece383/Herzog_ece383_wksp/lab2/Lab _2.runs/impl_1/runme.log
WARNING: [filemgmt 56-199] Attempt to get parsing info during refresh. "On-the-fly" syntax checking information may be incorrect. [C:\Users\C27Soren.Herzog\ece383\Herzog_ece383_wksp\lab2\Lab _2.srcs\sources_1\imports\C27Soren.Herzog\OneDrive - afacademy.af.edu\Documents\Schoolwork Sem6 2026 Spring\M1 - ECE 383 CSYS\Lab\Lab 2\lab2_code_for_cadets_2026\ece383_pkg.vhd:]
WARNING: [filemgmt 56-199] Attempt to get parsing info during refresh. "On-the-fly" syntax checking information may be incorrect. [C:\Users\C27Soren.Herzog\ece383\Herzog_ece383_wksp\lab2\Lab _2.srcs\sources_1\imports\imports\new\counter.vhd:]
WARNING: [filemgmt 56-199] Attempt to get parsing info during refresh. "On-the-fly" syntax checking information may be incorrect. [C:\Users\C27Soren.Herzog\ece383\Herzog_ece383_wksp\lab2\Lab _2.srcs\sources_1\imports\C27Soren.Herzog\OneDrive - afacademy.af.edu\Documents\Schoolwork Sem6 2026 Spring\M1 - ECE 383 CSYS\Lab\Lab 2\lab2_code_for_cadets_2026\trigger_detector.vhd:]
WARNING: [filemgmt 56-199] Attempt to get parsing info during refresh. "On-the-fly" syntax checking information may be incorrect. [C:\Users\C27Soren.Herzog\ece383\Herzog_ece383_wksp\lab2\Lab _2.srcs\sources_1\imports\imports\Lab1_Cadet_Code_2026\numeric_stepper.vhd:]
WARNING: [filemgmt 56-199] Attempt to get parsing info during refresh. "On-the-fly" syntax checking information may be incorrect. [C:\Users\C27Soren.Herzog\ece383\Herzog_ece383_wksp\lab2\Lab _2.srcs\sources_1\imports\C27Soren.Herzog\OneDrive - afacademy.af.edu\Documents\Schoolwork Sem6 2026 Spring\M1 - ECE 383 CSYS\Lab\Lab 2\lab2_code_for_cadets_2026\lab2_fsm.vhdl:]
WARNING: [filemgmt 56-199] Attempt to get parsing info during refresh. "On-the-fly" syntax checking information may be incorrect. [C:\Users\C27Soren.Herzog\ece383\Herzog_ece383_wksp\lab2\Lab _2.srcs\sources_1\imports\C27Soren.Herzog\OneDrive - afacademy.af.edu\Documents\Schoolwork Sem6 2026 Spring\M1 - ECE 383 CSYS\Lab\Lab 2\lab2_code_for_cadets_2026\lab2_datapath.vhdl:]
WARNING: [filemgmt 56-199] Attempt to get parsing info during refresh. "On-the-fly" syntax checking information may be incorrect. [C:\Users\C27Soren.Herzog\ece383\Herzog_ece383_wksp\lab2\Lab _2.srcs\sources_1\imports\C27Soren.Herzog\OneDrive - afacademy.af.edu\Documents\Schoolwork Sem6 2026 Spring\M1 - ECE 383 CSYS\Lab\Lab 2\lab2_code_for_cadets_2026\lab2_datapath.vhdl:]
WARNING: [filemgmt 56-199] Attempt to get parsing info during refresh. "On-the-fly" syntax checking information may be incorrect. [C:\Users\C27Soren.Herzog\ece383\Herzog_ece383_wksp\lab2\Lab _2.srcs\sources_1\imports\C27Soren.Herzog\OneDrive - afacademy.af.edu\Documents\Schoolwork Sem6 2026 Spring\M1 - ECE 383 CSYS\Lab\Lab 2\lab2_code_for_cadets_2026\lab2_datapath.vhdl:]
WARNING: [filemgmt 56-199] Attempt to get parsing info during refresh. "On-the-fly" syntax checking information may be incorrect. [C:\Users\C27Soren.Herzog\ece383\Herzog_ece383_wksp\lab2\Lab _2.srcs\sources_1\imports\C27Soren.Herzog\OneDrive - afacademy.af.edu\Documents\Schoolwork Sem6 2026 Spring\M1 - ECE 383 CSYS\Lab\Lab 2\lab2_code_for_cadets_2026\ece383_pkg.vhd:]
WARNING: [filemgmt 56-199] Attempt to get parsing info during refresh. "On-the-fly" syntax checking information may be incorrect. [C:\Users\C27Soren.Herzog\ece383\Herzog_ece383_wksp\lab2\Lab _2.srcs\sources_1\imports\imports\new\counter.vhd:]
WARNING: [filemgmt 56-199] Attempt to get parsing info during refresh. "On-the-fly" syntax checking information may be incorrect. [C:\Users\C27Soren.Herzog\ece383\Herzog_ece383_wksp\lab2\Lab _2.srcs\sources_1\imports\C27Soren.Herzog\OneDrive - afacademy.af.edu\Documents\Schoolwork Sem6 2026 Spring\M1 - ECE 383 CSYS\Lab\Lab 2\lab2_code_for_cadets_2026\trigger_detector.vhd:]
WARNING: [filemgmt 56-199] Attempt to get parsing info during refresh. "On-the-fly" syntax checking information may be incorrect. [C:\Users\C27Soren.Herzog\ece383\Herzog_ece383_wksp\lab2\Lab _2.srcs\sources_1\imports\imports\Lab1_Cadet_Code_2026\numeric_stepper.vhd:]
WARNING: [filemgmt 56-199] Attempt to get parsing info during refresh. "On-the-fly" syntax checking information may be incorrect. [C:\Users\C27Soren.Herzog\ece383\Herzog_ece383_wksp\lab2\Lab _2.srcs\sources_1\imports\C27Soren.Herzog\OneDrive - afacademy.af.edu\Documents\Schoolwork Sem6 2026 Spring\M1 - ECE 383 CSYS\Lab\Lab 2\lab2_code_for_cadets_2026\lab2_fsm.vhdl:]
WARNING: [filemgmt 56-199] Attempt to get parsing info during refresh. "On-the-fly" syntax checking information may be incorrect. [C:\Users\C27Soren.Herzog\ece383\Herzog_ece383_wksp\lab2\Lab _2.srcs\sources_1\imports\C27Soren.Herzog\OneDrive - afacademy.af.edu\Documents\Schoolwork Sem6 2026 Spring\M1 - ECE 383 CSYS\Lab\Lab 2\lab2_code_for_cadets_2026\lab2_datapath.vhdl:]
WARNING: [filemgmt 56-199] Attempt to get parsing info during refresh. "On-the-fly" syntax checking information may be incorrect. [C:\Users\C27Soren.Herzog\ece383\Herzog_ece383_wksp\lab2\Lab _2.srcs\sources_1\imports\imports\new\counter.vhd:]
WARNING: [filemgmt 56-199] Attempt to get parsing info during refresh. "On-the-fly" syntax checking information may be incorrect. [C:\Users\C27Soren.Herzog\ece383\Herzog_ece383_wksp\lab2\Lab _2.srcs\sources_1\imports\imports\new\counter.vhd:]
WARNING: [filemgmt 56-199] Attempt to get parsing info during refresh. "On-the-fly" syntax checking information may be incorrect. [C:\Users\C27Soren.Herzog\ece383\Herzog_ece383_wksp\lab2\Lab _2.srcs\sources_1\imports\C27Soren.Herzog\OneDrive - afacademy.af.edu\Documents\Schoolwork Sem6 2026 Spring\M1 - ECE 383 CSYS\Lab\Lab 2\lab2_code_for_cadets_2026\ece383_pkg.vhd:]
WARNING: [filemgmt 56-199] Attempt to get parsing info during refresh. "On-the-fly" syntax checking information may be incorrect. [C:\Users\C27Soren.Herzog\ece383\Herzog_ece383_wksp\lab2\Lab _2.srcs\sources_1\imports\imports\new\counter.vhd:]
WARNING: [filemgmt 56-199] Attempt to get parsing info during refresh. "On-the-fly" syntax checking information may be incorrect. [C:\Users\C27Soren.Herzog\ece383\Herzog_ece383_wksp\lab2\Lab _2.srcs\sources_1\imports\C27Soren.Herzog\OneDrive - afacademy.af.edu\Documents\Schoolwork Sem6 2026 Spring\M1 - ECE 383 CSYS\Lab\Lab 2\lab2_code_for_cadets_2026\trigger_detector.vhd:]
WARNING: [filemgmt 56-199] Attempt to get parsing info during refresh. "On-the-fly" syntax checking information may be incorrect. [C:\Users\C27Soren.Herzog\ece383\Herzog_ece383_wksp\lab2\Lab _2.srcs\sources_1\imports\imports\Lab1_Cadet_Code_2026\numeric_stepper.vhd:]
WARNING: [filemgmt 56-199] Attempt to get parsing info during refresh. "On-the-fly" syntax checking information may be incorrect. [C:\Users\C27Soren.Herzog\ece383\Herzog_ece383_wksp\lab2\Lab _2.srcs\sources_1\imports\C27Soren.Herzog\OneDrive - afacademy.af.edu\Documents\Schoolwork Sem6 2026 Spring\M1 - ECE 383 CSYS\Lab\Lab 2\lab2_code_for_cadets_2026\lab2_fsm.vhdl:]
WARNING: [filemgmt 56-199] Attempt to get parsing info during refresh. "On-the-fly" syntax checking information may be incorrect. [C:\Users\C27Soren.Herzog\ece383\Herzog_ece383_wksp\lab2\Lab _2.srcs\sources_1\imports\C27Soren.Herzog\OneDrive - afacademy.af.edu\Documents\Schoolwork Sem6 2026 Spring\M1 - ECE 383 CSYS\Lab\Lab 2\lab2_code_for_cadets_2026\lab2_datapath.vhdl:]
WARNING: [filemgmt 56-199] Attempt to get parsing info during refresh. "On-the-fly" syntax checking information may be incorrect. [C:\Users\C27Soren.Herzog\ece383\Herzog_ece383_wksp\lab2\Lab _2.srcs\sources_1\imports\C27Soren.Herzog\OneDrive - afacademy.af.edu\Documents\Schoolwork Sem6 2026 Spring\M1 - ECE 383 CSYS\Lab\Lab 2\lab2_code_for_cadets_2026\trigger_detector.vhd:]
WARNING: [filemgmt 56-199] Attempt to get parsing info during refresh. "On-the-fly" syntax checking information may be incorrect. [C:\Users\C27Soren.Herzog\ece383\Herzog_ece383_wksp\lab2\Lab _2.srcs\sources_1\imports\C27Soren.Herzog\OneDrive - afacademy.af.edu\Documents\Schoolwork Sem6 2026 Spring\M1 - ECE 383 CSYS\Lab\Lab 2\lab2_code_for_cadets_2026\trigger_detector.vhd:]
reset_run synth_1
WARNING: [filemgmt 56-199] Attempt to get parsing info during refresh. "On-the-fly" syntax checking information may be incorrect. [C:\Users\C27Soren.Herzog\ece383\Herzog_ece383_wksp\lab2\Lab _2.srcs\sources_1\imports\C27Soren.Herzog\OneDrive - afacademy.af.edu\Documents\Schoolwork Sem6 2026 Spring\M1 - ECE 383 CSYS\Lab\Lab 2\lab2_code_for_cadets_2026\ece383_pkg.vhd:]
WARNING: [filemgmt 56-199] Attempt to get parsing info during refresh. "On-the-fly" syntax checking information may be incorrect. [C:\Users\C27Soren.Herzog\ece383\Herzog_ece383_wksp\lab2\Lab _2.srcs\sources_1\imports\imports\new\counter.vhd:]
WARNING: [filemgmt 56-199] Attempt to get parsing info during refresh. "On-the-fly" syntax checking information may be incorrect. [C:\Users\C27Soren.Herzog\ece383\Herzog_ece383_wksp\lab2\Lab _2.srcs\sources_1\imports\C27Soren.Herzog\OneDrive - afacademy.af.edu\Documents\Schoolwork Sem6 2026 Spring\M1 - ECE 383 CSYS\Lab\Lab 2\lab2_code_for_cadets_2026\trigger_detector.vhd:]
WARNING: [filemgmt 56-199] Attempt to get parsing info during refresh. "On-the-fly" syntax checking information may be incorrect. [C:\Users\C27Soren.Herzog\ece383\Herzog_ece383_wksp\lab2\Lab _2.srcs\sources_1\imports\imports\Lab1_Cadet_Code_2026\numeric_stepper.vhd:]
WARNING: [filemgmt 56-199] Attempt to get parsing info during refresh. "On-the-fly" syntax checking information may be incorrect. [C:\Users\C27Soren.Herzog\ece383\Herzog_ece383_wksp\lab2\Lab _2.srcs\sources_1\imports\C27Soren.Herzog\OneDrive - afacademy.af.edu\Documents\Schoolwork Sem6 2026 Spring\M1 - ECE 383 CSYS\Lab\Lab 2\lab2_code_for_cadets_2026\lab2_fsm.vhdl:]
WARNING: [filemgmt 56-199] Attempt to get parsing info during refresh. "On-the-fly" syntax checking information may be incorrect. [C:\Users\C27Soren.Herzog\ece383\Herzog_ece383_wksp\lab2\Lab _2.srcs\sources_1\imports\C27Soren.Herzog\OneDrive - afacademy.af.edu\Documents\Schoolwork Sem6 2026 Spring\M1 - ECE 383 CSYS\Lab\Lab 2\lab2_code_for_cadets_2026\lab2_datapath.vhdl:]
WARNING: [filemgmt 56-199] Attempt to get parsing info during refresh. "On-the-fly" syntax checking information may be incorrect. [C:\Users\C27Soren.Herzog\ece383\Herzog_ece383_wksp\lab2\Lab _2.srcs\sources_1\imports\C27Soren.Herzog\OneDrive - afacademy.af.edu\Documents\Schoolwork Sem6 2026 Spring\M1 - ECE 383 CSYS\Lab\Lab 2\lab2_code_for_cadets_2026\ece383_pkg.vhd:]
WARNING: [filemgmt 56-199] Attempt to get parsing info during refresh. "On-the-fly" syntax checking information may be incorrect. [C:\Users\C27Soren.Herzog\ece383\Herzog_ece383_wksp\lab2\Lab _2.srcs\sources_1\imports\C27Soren.Herzog\OneDrive - afacademy.af.edu\Documents\Schoolwork Sem6 2026 Spring\M1 - ECE 383 CSYS\Lab\Lab 2\lab2_code_for_cadets_2026\ece383_pkg.vhd:]
ERROR: [Common 17-180] Spawn failed: No error
WARNING: [filemgmt 56-199] Attempt to get parsing info during refresh. "On-the-fly" syntax checking information may be incorrect. [C:\Users\C27Soren.Herzog\ece383\Herzog_ece383_wksp\lab2\Lab _2.srcs\sources_1\imports\C27Soren.Herzog\OneDrive - afacademy.af.edu\Documents\Schoolwork Sem6 2026 Spring\M1 - ECE 383 CSYS\Lab\Lab 2\lab2_code_for_cadets_2026\ece383_pkg.vhd:]
WARNING: [filemgmt 56-199] Attempt to get parsing info during refresh. "On-the-fly" syntax checking information may be incorrect. [C:\Users\C27Soren.Herzog\ece383\Herzog_ece383_wksp\lab2\Lab _2.srcs\sources_1\imports\imports\new\counter.vhd:]
WARNING: [filemgmt 56-199] Attempt to get parsing info during refresh. "On-the-fly" syntax checking information may be incorrect. [C:\Users\C27Soren.Herzog\ece383\Herzog_ece383_wksp\lab2\Lab _2.srcs\sources_1\imports\C27Soren.Herzog\OneDrive - afacademy.af.edu\Documents\Schoolwork Sem6 2026 Spring\M1 - ECE 383 CSYS\Lab\Lab 2\lab2_code_for_cadets_2026\trigger_detector.vhd:]
WARNING: [filemgmt 56-199] Attempt to get parsing info during refresh. "On-the-fly" syntax checking information may be incorrect. [C:\Users\C27Soren.Herzog\ece383\Herzog_ece383_wksp\lab2\Lab _2.srcs\sources_1\imports\imports\Lab1_Cadet_Code_2026\numeric_stepper.vhd:]
WARNING: [filemgmt 56-199] Attempt to get parsing info during refresh. "On-the-fly" syntax checking information may be incorrect. [C:\Users\C27Soren.Herzog\ece383\Herzog_ece383_wksp\lab2\Lab _2.srcs\sources_1\imports\C27Soren.Herzog\OneDrive - afacademy.af.edu\Documents\Schoolwork Sem6 2026 Spring\M1 - ECE 383 CSYS\Lab\Lab 2\lab2_code_for_cadets_2026\lab2_fsm.vhdl:]
WARNING: [filemgmt 56-199] Attempt to get parsing info during refresh. "On-the-fly" syntax checking information may be incorrect. [C:\Users\C27Soren.Herzog\ece383\Herzog_ece383_wksp\lab2\Lab _2.srcs\sources_1\imports\C27Soren.Herzog\OneDrive - afacademy.af.edu\Documents\Schoolwork Sem6 2026 Spring\M1 - ECE 383 CSYS\Lab\Lab 2\lab2_code_for_cadets_2026\lab2_datapath.vhdl:]
WARNING: [filemgmt 56-199] Attempt to get parsing info during refresh. "On-the-fly" syntax checking information may be incorrect. [C:\Users\C27Soren.Herzog\ece383\Herzog_ece383_wksp\lab2\Lab _2.srcs\sources_1\imports\C27Soren.Herzog\OneDrive - afacademy.af.edu\Documents\Schoolwork Sem6 2026 Spring\M1 - ECE 383 CSYS\Lab\Lab 2\lab2_code_for_cadets_2026\lab2_fsm.vhdl:]
WARNING: [filemgmt 56-199] Attempt to get parsing info during refresh. "On-the-fly" syntax checking information may be incorrect. [C:\Users\C27Soren.Herzog\ece383\Herzog_ece383_wksp\lab2\Lab _2.srcs\sources_1\imports\C27Soren.Herzog\OneDrive - afacademy.af.edu\Documents\Schoolwork Sem6 2026 Spring\M1 - ECE 383 CSYS\Lab\Lab 2\lab2_code_for_cadets_2026\lab2_fsm.vhdl:]
launch_runs impl_1 -to_step write_bitstream -jobs 8
INFO: [Vivado 12-4149] The synthesis checkpoint for IP 'C:/Users/C27Soren.Herzog/ece383/Herzog_ece383_wksp/lab2/Lab _2.srcs/sources_1/ip/clk_wiz_0/clk_wiz_0.xci' is already up-to-date
[Thu Feb 19 08:55:29 2026] Launched synth_1...
Run output will be captured here: C:/Users/C27Soren.Herzog/ece383/Herzog_ece383_wksp/lab2/Lab _2.runs/synth_1/runme.log
[Thu Feb 19 08:55:29 2026] Launched impl_1...
Run output will be captured here: C:/Users/C27Soren.Herzog/ece383/Herzog_ece383_wksp/lab2/Lab _2.runs/impl_1/runme.log
WARNING: [filemgmt 56-199] Attempt to get parsing info during refresh. "On-the-fly" syntax checking information may be incorrect. [C:\Users\C27Soren.Herzog\ece383\Herzog_ece383_wksp\lab2\Lab _2.srcs\sources_1\imports\C27Soren.Herzog\OneDrive - afacademy.af.edu\Documents\Schoolwork Sem6 2026 Spring\M1 - ECE 383 CSYS\Lab\Lab 2\lab2_code_for_cadets_2026\ece383_pkg.vhd:]
WARNING: [filemgmt 56-199] Attempt to get parsing info during refresh. "On-the-fly" syntax checking information may be incorrect. [C:\Users\C27Soren.Herzog\ece383\Herzog_ece383_wksp\lab2\Lab _2.srcs\sources_1\imports\imports\new\counter.vhd:]
WARNING: [filemgmt 56-199] Attempt to get parsing info during refresh. "On-the-fly" syntax checking information may be incorrect. [C:\Users\C27Soren.Herzog\ece383\Herzog_ece383_wksp\lab2\Lab _2.srcs\sources_1\imports\C27Soren.Herzog\OneDrive - afacademy.af.edu\Documents\Schoolwork Sem6 2026 Spring\M1 - ECE 383 CSYS\Lab\Lab 2\lab2_code_for_cadets_2026\trigger_detector.vhd:]
WARNING: [filemgmt 56-199] Attempt to get parsing info during refresh. "On-the-fly" syntax checking information may be incorrect. [C:\Users\C27Soren.Herzog\ece383\Herzog_ece383_wksp\lab2\Lab _2.srcs\sources_1\imports\imports\Lab1_Cadet_Code_2026\numeric_stepper.vhd:]
WARNING: [filemgmt 56-199] Attempt to get parsing info during refresh. "On-the-fly" syntax checking information may be incorrect. [C:\Users\C27Soren.Herzog\ece383\Herzog_ece383_wksp\lab2\Lab _2.srcs\sources_1\imports\C27Soren.Herzog\OneDrive - afacademy.af.edu\Documents\Schoolwork Sem6 2026 Spring\M1 - ECE 383 CSYS\Lab\Lab 2\lab2_code_for_cadets_2026\lab2_fsm.vhdl:]
WARNING: [filemgmt 56-199] Attempt to get parsing info during refresh. "On-the-fly" syntax checking information may be incorrect. [C:\Users\C27Soren.Herzog\ece383\Herzog_ece383_wksp\lab2\Lab _2.srcs\sources_1\imports\C27Soren.Herzog\OneDrive - afacademy.af.edu\Documents\Schoolwork Sem6 2026 Spring\M1 - ECE 383 CSYS\Lab\Lab 2\lab2_code_for_cadets_2026\lab2_datapath.vhdl:]
WARNING: [filemgmt 56-199] Attempt to get parsing info during refresh. "On-the-fly" syntax checking information may be incorrect. [C:\Users\C27Soren.Herzog\ece383\Herzog_ece383_wksp\lab2\Lab _2.srcs\sources_1\imports\C27Soren.Herzog\OneDrive - afacademy.af.edu\Documents\Schoolwork Sem6 2026 Spring\M1 - ECE 383 CSYS\Lab\Lab 2\lab2_code_for_cadets_2026\lab2_datapath.vhdl:]
WARNING: [filemgmt 56-199] Attempt to get parsing info during refresh. "On-the-fly" syntax checking information may be incorrect. [C:\Users\C27Soren.Herzog\ece383\Herzog_ece383_wksp\lab2\Lab _2.srcs\sources_1\imports\C27Soren.Herzog\OneDrive - afacademy.af.edu\Documents\Schoolwork Sem6 2026 Spring\M1 - ECE 383 CSYS\Lab\Lab 2\lab2_code_for_cadets_2026\lab2_datapath.vhdl:]
WARNING: [filemgmt 56-199] Attempt to get parsing info during refresh. "On-the-fly" syntax checking information may be incorrect. [C:\Users\C27Soren.Herzog\ece383\Herzog_ece383_wksp\lab2\Lab _2.srcs\sources_1\imports\C27Soren.Herzog\OneDrive - afacademy.af.edu\Documents\Schoolwork Sem6 2026 Spring\M1 - ECE 383 CSYS\Lab\Lab 2\lab2_code_for_cadets_2026\ece383_pkg.vhd:]
WARNING: [filemgmt 56-199] Attempt to get parsing info during refresh. "On-the-fly" syntax checking information may be incorrect. [C:\Users\C27Soren.Herzog\ece383\Herzog_ece383_wksp\lab2\Lab _2.srcs\sources_1\imports\imports\new\counter.vhd:]
WARNING: [filemgmt 56-199] Attempt to get parsing info during refresh. "On-the-fly" syntax checking information may be incorrect. [C:\Users\C27Soren.Herzog\ece383\Herzog_ece383_wksp\lab2\Lab _2.srcs\sources_1\imports\C27Soren.Herzog\OneDrive - afacademy.af.edu\Documents\Schoolwork Sem6 2026 Spring\M1 - ECE 383 CSYS\Lab\Lab 2\lab2_code_for_cadets_2026\trigger_detector.vhd:]
WARNING: [filemgmt 56-199] Attempt to get parsing info during refresh. "On-the-fly" syntax checking information may be incorrect. [C:\Users\C27Soren.Herzog\ece383\Herzog_ece383_wksp\lab2\Lab _2.srcs\sources_1\imports\imports\Lab1_Cadet_Code_2026\numeric_stepper.vhd:]
WARNING: [filemgmt 56-199] Attempt to get parsing info during refresh. "On-the-fly" syntax checking information may be incorrect. [C:\Users\C27Soren.Herzog\ece383\Herzog_ece383_wksp\lab2\Lab _2.srcs\sources_1\imports\C27Soren.Herzog\OneDrive - afacademy.af.edu\Documents\Schoolwork Sem6 2026 Spring\M1 - ECE 383 CSYS\Lab\Lab 2\lab2_code_for_cadets_2026\lab2_fsm.vhdl:]
WARNING: [filemgmt 56-199] Attempt to get parsing info during refresh. "On-the-fly" syntax checking information may be incorrect. [C:\Users\C27Soren.Herzog\ece383\Herzog_ece383_wksp\lab2\Lab _2.srcs\sources_1\imports\C27Soren.Herzog\OneDrive - afacademy.af.edu\Documents\Schoolwork Sem6 2026 Spring\M1 - ECE 383 CSYS\Lab\Lab 2\lab2_code_for_cadets_2026\lab2_datapath.vhdl:]
WARNING: [filemgmt 56-199] Attempt to get parsing info during refresh. "On-the-fly" syntax checking information may be incorrect. [C:\Users\C27Soren.Herzog\ece383\Herzog_ece383_wksp\lab2\Lab _2.srcs\sources_1\imports\imports\new\counter.vhd:]
WARNING: [filemgmt 56-199] Attempt to get parsing info during refresh. "On-the-fly" syntax checking information may be incorrect. [C:\Users\C27Soren.Herzog\ece383\Herzog_ece383_wksp\lab2\Lab _2.srcs\sources_1\imports\imports\new\counter.vhd:]
WARNING: [filemgmt 56-199] Attempt to get parsing info during refresh. "On-the-fly" syntax checking information may be incorrect. [C:\Users\C27Soren.Herzog\ece383\Herzog_ece383_wksp\lab2\Lab _2.srcs\sources_1\imports\C27Soren.Herzog\OneDrive - afacademy.af.edu\Documents\Schoolwork Sem6 2026 Spring\M1 - ECE 383 CSYS\Lab\Lab 2\lab2_code_for_cadets_2026\ece383_pkg.vhd:]
WARNING: [filemgmt 56-199] Attempt to get parsing info during refresh. "On-the-fly" syntax checking information may be incorrect. [C:\Users\C27Soren.Herzog\ece383\Herzog_ece383_wksp\lab2\Lab _2.srcs\sources_1\imports\imports\new\counter.vhd:]
WARNING: [filemgmt 56-199] Attempt to get parsing info during refresh. "On-the-fly" syntax checking information may be incorrect. [C:\Users\C27Soren.Herzog\ece383\Herzog_ece383_wksp\lab2\Lab _2.srcs\sources_1\imports\C27Soren.Herzog\OneDrive - afacademy.af.edu\Documents\Schoolwork Sem6 2026 Spring\M1 - ECE 383 CSYS\Lab\Lab 2\lab2_code_for_cadets_2026\trigger_detector.vhd:]
WARNING: [filemgmt 56-199] Attempt to get parsing info during refresh. "On-the-fly" syntax checking information may be incorrect. [C:\Users\C27Soren.Herzog\ece383\Herzog_ece383_wksp\lab2\Lab _2.srcs\sources_1\imports\imports\Lab1_Cadet_Code_2026\numeric_stepper.vhd:]
WARNING: [filemgmt 56-199] Attempt to get parsing info during refresh. "On-the-fly" syntax checking information may be incorrect. [C:\Users\C27Soren.Herzog\ece383\Herzog_ece383_wksp\lab2\Lab _2.srcs\sources_1\imports\C27Soren.Herzog\OneDrive - afacademy.af.edu\Documents\Schoolwork Sem6 2026 Spring\M1 - ECE 383 CSYS\Lab\Lab 2\lab2_code_for_cadets_2026\lab2_fsm.vhdl:]
WARNING: [filemgmt 56-199] Attempt to get parsing info during refresh. "On-the-fly" syntax checking information may be incorrect. [C:\Users\C27Soren.Herzog\ece383\Herzog_ece383_wksp\lab2\Lab _2.srcs\sources_1\imports\C27Soren.Herzog\OneDrive - afacademy.af.edu\Documents\Schoolwork Sem6 2026 Spring\M1 - ECE 383 CSYS\Lab\Lab 2\lab2_code_for_cadets_2026\lab2_datapath.vhdl:]
WARNING: [filemgmt 56-199] Attempt to get parsing info during refresh. "On-the-fly" syntax checking information may be incorrect. [C:\Users\C27Soren.Herzog\ece383\Herzog_ece383_wksp\lab2\Lab _2.srcs\sources_1\imports\C27Soren.Herzog\OneDrive - afacademy.af.edu\Documents\Schoolwork Sem6 2026 Spring\M1 - ECE 383 CSYS\Lab\Lab 2\lab2_code_for_cadets_2026\lab2_fsm.vhdl:]
WARNING: [filemgmt 56-199] Attempt to get parsing info during refresh. "On-the-fly" syntax checking information may be incorrect. [C:\Users\C27Soren.Herzog\ece383\Herzog_ece383_wksp\lab2\Lab _2.srcs\sources_1\imports\C27Soren.Herzog\OneDrive - afacademy.af.edu\Documents\Schoolwork Sem6 2026 Spring\M1 - ECE 383 CSYS\Lab\Lab 2\lab2_code_for_cadets_2026\lab2_fsm.vhdl:]
ERROR: [Common 17-180] Spawn failed: No error
ERROR: [Common 17-180] Spawn failed: No error
WARNING: [filemgmt 56-199] Attempt to get parsing info during refresh. "On-the-fly" syntax checking information may be incorrect. [C:\Users\C27Soren.Herzog\ece383\Herzog_ece383_wksp\lab2\Lab _2.srcs\sources_1\imports\C27Soren.Herzog\OneDrive - afacademy.af.edu\Documents\Schoolwork Sem6 2026 Spring\M1 - ECE 383 CSYS\Lab\Lab 2\lab2_code_for_cadets_2026\ece383_pkg.vhd:]
WARNING: [filemgmt 56-199] Attempt to get parsing info during refresh. "On-the-fly" syntax checking information may be incorrect. [C:\Users\C27Soren.Herzog\ece383\Herzog_ece383_wksp\lab2\Lab _2.srcs\sources_1\imports\imports\new\counter.vhd:]
ERROR: [Common 17-180] Spawn failed: No error
WARNING: [filemgmt 56-199] Attempt to get parsing info during refresh. "On-the-fly" syntax checking information may be incorrect. [C:\Users\C27Soren.Herzog\ece383\Herzog_ece383_wksp\lab2\Lab _2.srcs\sources_1\imports\C27Soren.Herzog\OneDrive - afacademy.af.edu\Documents\Schoolwork Sem6 2026 Spring\M1 - ECE 383 CSYS\Lab\Lab 2\lab2_code_for_cadets_2026\trigger_detector.vhd:]
WARNING: [filemgmt 56-199] Attempt to get parsing info during refresh. "On-the-fly" syntax checking information may be incorrect. [C:\Users\C27Soren.Herzog\ece383\Herzog_ece383_wksp\lab2\Lab _2.srcs\sources_1\imports\imports\Lab1_Cadet_Code_2026\numeric_stepper.vhd:]
WARNING: [filemgmt 56-199] Attempt to get parsing info during refresh. "On-the-fly" syntax checking information may be incorrect. [C:\Users\C27Soren.Herzog\ece383\Herzog_ece383_wksp\lab2\Lab _2.srcs\sources_1\imports\C27Soren.Herzog\OneDrive - afacademy.af.edu\Documents\Schoolwork Sem6 2026 Spring\M1 - ECE 383 CSYS\Lab\Lab 2\lab2_code_for_cadets_2026\lab2_fsm.vhdl:]
WARNING: [filemgmt 56-199] Attempt to get parsing info during refresh. "On-the-fly" syntax checking information may be incorrect. [C:\Users\C27Soren.Herzog\ece383\Herzog_ece383_wksp\lab2\Lab _2.srcs\sources_1\imports\C27Soren.Herzog\OneDrive - afacademy.af.edu\Documents\Schoolwork Sem6 2026 Spring\M1 - ECE 383 CSYS\Lab\Lab 2\lab2_code_for_cadets_2026\lab2_datapath.vhdl:]
WARNING: [filemgmt 56-199] Attempt to get parsing info during refresh. "On-the-fly" syntax checking information may be incorrect. [C:\Users\C27Soren.Herzog\ece383\Herzog_ece383_wksp\lab2\Lab _2.srcs\sources_1\imports\C27Soren.Herzog\OneDrive - afacademy.af.edu\Documents\Schoolwork Sem6 2026 Spring\M1 - ECE 383 CSYS\Lab\Lab 2\lab2_code_for_cadets_2026\ece383_pkg.vhd:]
WARNING: [filemgmt 56-199] Attempt to get parsing info during refresh. "On-the-fly" syntax checking information may be incorrect. [C:\Users\C27Soren.Herzog\ece383\Herzog_ece383_wksp\lab2\Lab _2.srcs\sources_1\imports\C27Soren.Herzog\OneDrive - afacademy.af.edu\Documents\Schoolwork Sem6 2026 Spring\M1 - ECE 383 CSYS\Lab\Lab 2\lab2_code_for_cadets_2026\ece383_pkg.vhd:]
reset_run synth_1
launch_runs impl_1 -to_step write_bitstream -jobs 8
INFO: [Vivado 12-4149] The synthesis checkpoint for IP 'C:/Users/C27Soren.Herzog/ece383/Herzog_ece383_wksp/lab2/Lab _2.srcs/sources_1/ip/clk_wiz_0/clk_wiz_0.xci' is already up-to-date
[Thu Feb 19 08:57:15 2026] Launched synth_1...
Run output will be captured here: C:/Users/C27Soren.Herzog/ece383/Herzog_ece383_wksp/lab2/Lab _2.runs/synth_1/runme.log
[Thu Feb 19 08:57:15 2026] Launched impl_1...
Run output will be captured here: C:/Users/C27Soren.Herzog/ece383/Herzog_ece383_wksp/lab2/Lab _2.runs/impl_1/runme.log
set_property PROBES.FILE {} [get_hw_devices xc7a200t_0]
set_property FULL_PROBES.FILE {} [get_hw_devices xc7a200t_0]
set_property PROGRAM.FILE {C:/Users/C27Soren.Herzog/ece383/Herzog_ece383_wksp/lab2/Lab _2.runs/impl_1/lab2.bit} [get_hw_devices xc7a200t_0]
program_hw_devices [get_hw_devices xc7a200t_0]
INFO: [Labtools 27-3164] End of startup status: HIGH
program_hw_devices: Time (s): cpu = 00:00:05 ; elapsed = 00:00:06 . Memory (MB): peak = 1290.609 ; gain = 0.000
refresh_hw_device [lindex [get_hw_devices xc7a200t_0] 0]
INFO: [Labtools 27-1434] Device xc7a200t (JTAG device index = 0) is programmed with a design that has no supported debug core(s) in it.
WARNING: [filemgmt 56-199] Attempt to get parsing info during refresh. "On-the-fly" syntax checking information may be incorrect. [C:\Users\C27Soren.Herzog\ece383\Herzog_ece383_wksp\lab2\Lab _2.srcs\sources_1\imports\C27Soren.Herzog\OneDrive - afacademy.af.edu\Documents\Schoolwork Sem6 2026 Spring\M1 - ECE 383 CSYS\Lab\Lab 2\lab2_code_for_cadets_2026\ece383_pkg.vhd:]
WARNING: [filemgmt 56-199] Attempt to get parsing info during refresh. "On-the-fly" syntax checking information may be incorrect. [C:\Users\C27Soren.Herzog\ece383\Herzog_ece383_wksp\lab2\Lab _2.srcs\sources_1\imports\imports\new\counter.vhd:]
WARNING: [filemgmt 56-199] Attempt to get parsing info during refresh. "On-the-fly" syntax checking information may be incorrect. [C:\Users\C27Soren.Herzog\ece383\Herzog_ece383_wksp\lab2\Lab _2.srcs\sources_1\imports\C27Soren.Herzog\OneDrive - afacademy.af.edu\Documents\Schoolwork Sem6 2026 Spring\M1 - ECE 383 CSYS\Lab\Lab 2\lab2_code_for_cadets_2026\trigger_detector.vhd:]
WARNING: [filemgmt 56-199] Attempt to get parsing info during refresh. "On-the-fly" syntax checking information may be incorrect. [C:\Users\C27Soren.Herzog\ece383\Herzog_ece383_wksp\lab2\Lab _2.srcs\sources_1\imports\imports\Lab1_Cadet_Code_2026\numeric_stepper.vhd:]
WARNING: [filemgmt 56-199] Attempt to get parsing info during refresh. "On-the-fly" syntax checking information may be incorrect. [C:\Users\C27Soren.Herzog\ece383\Herzog_ece383_wksp\lab2\Lab _2.srcs\sources_1\imports\C27Soren.Herzog\OneDrive - afacademy.af.edu\Documents\Schoolwork Sem6 2026 Spring\M1 - ECE 383 CSYS\Lab\Lab 2\lab2_code_for_cadets_2026\lab2_fsm.vhdl:]
WARNING: [filemgmt 56-199] Attempt to get parsing info during refresh. "On-the-fly" syntax checking information may be incorrect. [C:\Users\C27Soren.Herzog\ece383\Herzog_ece383_wksp\lab2\Lab _2.srcs\sources_1\imports\C27Soren.Herzog\OneDrive - afacademy.af.edu\Documents\Schoolwork Sem6 2026 Spring\M1 - ECE 383 CSYS\Lab\Lab 2\lab2_code_for_cadets_2026\lab2_datapath.vhdl:]
WARNING: [filemgmt 56-199] Attempt to get parsing info during refresh. "On-the-fly" syntax checking information may be incorrect. [C:\Users\C27Soren.Herzog\ece383\Herzog_ece383_wksp\lab2\Lab _2.srcs\sources_1\imports\C27Soren.Herzog\OneDrive - afacademy.af.edu\Documents\Schoolwork Sem6 2026 Spring\M1 - ECE 383 CSYS\Lab\Lab 2\lab2_code_for_cadets_2026\lab2_datapath.vhdl:]
WARNING: [filemgmt 56-199] Attempt to get parsing info during refresh. "On-the-fly" syntax checking information may be incorrect. [C:\Users\C27Soren.Herzog\ece383\Herzog_ece383_wksp\lab2\Lab _2.srcs\sources_1\imports\C27Soren.Herzog\OneDrive - afacademy.af.edu\Documents\Schoolwork Sem6 2026 Spring\M1 - ECE 383 CSYS\Lab\Lab 2\lab2_code_for_cadets_2026\lab2_datapath.vhdl:]
WARNING: [filemgmt 56-199] Attempt to get parsing info during refresh. "On-the-fly" syntax checking information may be incorrect. [C:\Users\C27Soren.Herzog\ece383\Herzog_ece383_wksp\lab2\Lab _2.srcs\sources_1\imports\C27Soren.Herzog\OneDrive - afacademy.af.edu\Documents\Schoolwork Sem6 2026 Spring\M1 - ECE 383 CSYS\Lab\Lab 2\lab2_code_for_cadets_2026\ece383_pkg.vhd:]
WARNING: [filemgmt 56-199] Attempt to get parsing info during refresh. "On-the-fly" syntax checking information may be incorrect. [C:\Users\C27Soren.Herzog\ece383\Herzog_ece383_wksp\lab2\Lab _2.srcs\sources_1\imports\imports\new\counter.vhd:]
WARNING: [filemgmt 56-199] Attempt to get parsing info during refresh. "On-the-fly" syntax checking information may be incorrect. [C:\Users\C27Soren.Herzog\ece383\Herzog_ece383_wksp\lab2\Lab _2.srcs\sources_1\imports\C27Soren.Herzog\OneDrive - afacademy.af.edu\Documents\Schoolwork Sem6 2026 Spring\M1 - ECE 383 CSYS\Lab\Lab 2\lab2_code_for_cadets_2026\trigger_detector.vhd:]
WARNING: [filemgmt 56-199] Attempt to get parsing info during refresh. "On-the-fly" syntax checking information may be incorrect. [C:\Users\C27Soren.Herzog\ece383\Herzog_ece383_wksp\lab2\Lab _2.srcs\sources_1\imports\imports\Lab1_Cadet_Code_2026\numeric_stepper.vhd:]
WARNING: [filemgmt 56-199] Attempt to get parsing info during refresh. "On-the-fly" syntax checking information may be incorrect. [C:\Users\C27Soren.Herzog\ece383\Herzog_ece383_wksp\lab2\Lab _2.srcs\sources_1\imports\C27Soren.Herzog\OneDrive - afacademy.af.edu\Documents\Schoolwork Sem6 2026 Spring\M1 - ECE 383 CSYS\Lab\Lab 2\lab2_code_for_cadets_2026\lab2_fsm.vhdl:]
WARNING: [filemgmt 56-199] Attempt to get parsing info during refresh. "On-the-fly" syntax checking information may be incorrect. [C:\Users\C27Soren.Herzog\ece383\Herzog_ece383_wksp\lab2\Lab _2.srcs\sources_1\imports\C27Soren.Herzog\OneDrive - afacademy.af.edu\Documents\Schoolwork Sem6 2026 Spring\M1 - ECE 383 CSYS\Lab\Lab 2\lab2_code_for_cadets_2026\lab2_datapath.vhdl:]
WARNING: [filemgmt 56-199] Attempt to get parsing info during refresh. "On-the-fly" syntax checking information may be incorrect. [C:\Users\C27Soren.Herzog\ece383\Herzog_ece383_wksp\lab2\Lab _2.srcs\sources_1\imports\C27Soren.Herzog\OneDrive - afacademy.af.edu\Documents\Schoolwork Sem6 2026 Spring\M1 - ECE 383 CSYS\Lab\Lab 2\lab2_code_for_cadets_2026\ece383_pkg.vhd:]
WARNING: [filemgmt 56-199] Attempt to get parsing info during refresh. "On-the-fly" syntax checking information may be incorrect. [C:\Users\C27Soren.Herzog\ece383\Herzog_ece383_wksp\lab2\Lab _2.srcs\sources_1\imports\C27Soren.Herzog\OneDrive - afacademy.af.edu\Documents\Schoolwork Sem6 2026 Spring\M1 - ECE 383 CSYS\Lab\Lab 2\lab2_code_for_cadets_2026\ece383_pkg.vhd:]
WARNING: [filemgmt 56-199] Attempt to get parsing info during refresh. "On-the-fly" syntax checking information may be incorrect. [C:\Users\C27Soren.Herzog\ece383\Herzog_ece383_wksp\lab2\Lab _2.srcs\sources_1\imports\C27Soren.Herzog\OneDrive - afacademy.af.edu\Documents\Schoolwork Sem6 2026 Spring\M1 - ECE 383 CSYS\Lab\Lab 2\lab2_code_for_cadets_2026\ece383_pkg.vhd:]
WARNING: [filemgmt 56-199] Attempt to get parsing info during refresh. "On-the-fly" syntax checking information may be incorrect. [C:\Users\C27Soren.Herzog\ece383\Herzog_ece383_wksp\lab2\Lab _2.srcs\sources_1\imports\imports\new\counter.vhd:]
WARNING: [filemgmt 56-199] Attempt to get parsing info during refresh. "On-the-fly" syntax checking information may be incorrect. [C:\Users\C27Soren.Herzog\ece383\Herzog_ece383_wksp\lab2\Lab _2.srcs\sources_1\imports\C27Soren.Herzog\OneDrive - afacademy.af.edu\Documents\Schoolwork Sem6 2026 Spring\M1 - ECE 383 CSYS\Lab\Lab 2\lab2_code_for_cadets_2026\trigger_detector.vhd:]
WARNING: [filemgmt 56-199] Attempt to get parsing info during refresh. "On-the-fly" syntax checking information may be incorrect. [C:\Users\C27Soren.Herzog\ece383\Herzog_ece383_wksp\lab2\Lab _2.srcs\sources_1\imports\imports\Lab1_Cadet_Code_2026\numeric_stepper.vhd:]
WARNING: [filemgmt 56-199] Attempt to get parsing info during refresh. "On-the-fly" syntax checking information may be incorrect. [C:\Users\C27Soren.Herzog\ece383\Herzog_ece383_wksp\lab2\Lab _2.srcs\sources_1\imports\C27Soren.Herzog\OneDrive - afacademy.af.edu\Documents\Schoolwork Sem6 2026 Spring\M1 - ECE 383 CSYS\Lab\Lab 2\lab2_code_for_cadets_2026\lab2_fsm.vhdl:]
WARNING: [filemgmt 56-199] Attempt to get parsing info during refresh. "On-the-fly" syntax checking information may be incorrect. [C:\Users\C27Soren.Herzog\ece383\Herzog_ece383_wksp\lab2\Lab _2.srcs\sources_1\imports\C27Soren.Herzog\OneDrive - afacademy.af.edu\Documents\Schoolwork Sem6 2026 Spring\M1 - ECE 383 CSYS\Lab\Lab 2\lab2_code_for_cadets_2026\lab2_datapath.vhdl:]
WARNING: [filemgmt 56-199] Attempt to get parsing info during refresh. "On-the-fly" syntax checking information may be incorrect. [C:\Users\C27Soren.Herzog\ece383\Herzog_ece383_wksp\lab2\Lab _2.srcs\sources_1\imports\C27Soren.Herzog\OneDrive - afacademy.af.edu\Documents\Schoolwork Sem6 2026 Spring\M1 - ECE 383 CSYS\Lab\Lab 2\lab2_code_for_cadets_2026\lab2_fsm.vhdl:]
WARNING: [filemgmt 56-199] Attempt to get parsing info during refresh. "On-the-fly" syntax checking information may be incorrect. [C:\Users\C27Soren.Herzog\ece383\Herzog_ece383_wksp\lab2\Lab _2.srcs\sources_1\imports\C27Soren.Herzog\OneDrive - afacademy.af.edu\Documents\Schoolwork Sem6 2026 Spring\M1 - ECE 383 CSYS\Lab\Lab 2\lab2_code_for_cadets_2026\lab2_fsm.vhdl:]
WARNING: [filemgmt 56-199] Attempt to get parsing info during refresh. "On-the-fly" syntax checking information may be incorrect. [C:\Users\C27Soren.Herzog\ece383\Herzog_ece383_wksp\lab2\Lab _2.srcs\sources_1\imports\C27Soren.Herzog\OneDrive - afacademy.af.edu\Documents\Schoolwork Sem6 2026 Spring\M1 - ECE 383 CSYS\Lab\Lab 2\lab2_code_for_cadets_2026\ece383_pkg.vhd:]
WARNING: [filemgmt 56-199] Attempt to get parsing info during refresh. "On-the-fly" syntax checking information may be incorrect. [C:\Users\C27Soren.Herzog\ece383\Herzog_ece383_wksp\lab2\Lab _2.srcs\sources_1\imports\imports\new\counter.vhd:]
WARNING: [filemgmt 56-199] Attempt to get parsing info during refresh. "On-the-fly" syntax checking information may be incorrect. [C:\Users\C27Soren.Herzog\ece383\Herzog_ece383_wksp\lab2\Lab _2.srcs\sources_1\imports\C27Soren.Herzog\OneDrive - afacademy.af.edu\Documents\Schoolwork Sem6 2026 Spring\M1 - ECE 383 CSYS\Lab\Lab 2\lab2_code_for_cadets_2026\trigger_detector.vhd:]
WARNING: [filemgmt 56-199] Attempt to get parsing info during refresh. "On-the-fly" syntax checking information may be incorrect. [C:\Users\C27Soren.Herzog\ece383\Herzog_ece383_wksp\lab2\Lab _2.srcs\sources_1\imports\imports\Lab1_Cadet_Code_2026\numeric_stepper.vhd:]
WARNING: [filemgmt 56-199] Attempt to get parsing info during refresh. "On-the-fly" syntax checking information may be incorrect. [C:\Users\C27Soren.Herzog\ece383\Herzog_ece383_wksp\lab2\Lab _2.srcs\sources_1\imports\C27Soren.Herzog\OneDrive - afacademy.af.edu\Documents\Schoolwork Sem6 2026 Spring\M1 - ECE 383 CSYS\Lab\Lab 2\lab2_code_for_cadets_2026\lab2_fsm.vhdl:]
WARNING: [filemgmt 56-199] Attempt to get parsing info during refresh. "On-the-fly" syntax checking information may be incorrect. [C:\Users\C27Soren.Herzog\ece383\Herzog_ece383_wksp\lab2\Lab _2.srcs\sources_1\imports\C27Soren.Herzog\OneDrive - afacademy.af.edu\Documents\Schoolwork Sem6 2026 Spring\M1 - ECE 383 CSYS\Lab\Lab 2\lab2_code_for_cadets_2026\lab2_datapath.vhdl:]
WARNING: [filemgmt 56-199] Attempt to get parsing info during refresh. "On-the-fly" syntax checking information may be incorrect. [C:\Users\C27Soren.Herzog\ece383\Herzog_ece383_wksp\lab2\Lab _2.srcs\sources_1\imports\C27Soren.Herzog\OneDrive - afacademy.af.edu\Documents\Schoolwork Sem6 2026 Spring\M1 - ECE 383 CSYS\Lab\Lab 2\lab2_code_for_cadets_2026\trigger_detector.vhd:]
WARNING: [filemgmt 56-199] Attempt to get parsing info during refresh. "On-the-fly" syntax checking information may be incorrect. [C:\Users\C27Soren.Herzog\ece383\Herzog_ece383_wksp\lab2\Lab _2.srcs\sources_1\imports\C27Soren.Herzog\OneDrive - afacademy.af.edu\Documents\Schoolwork Sem6 2026 Spring\M1 - ECE 383 CSYS\Lab\Lab 2\lab2_code_for_cadets_2026\trigger_detector.vhd:]
reset_run synth_1
WARNING: [filemgmt 56-199] Attempt to get parsing info during refresh. "On-the-fly" syntax checking information may be incorrect. [C:\Users\C27Soren.Herzog\ece383\Herzog_ece383_wksp\lab2\Lab _2.srcs\sources_1\imports\C27Soren.Herzog\OneDrive - afacademy.af.edu\Documents\Schoolwork Sem6 2026 Spring\M1 - ECE 383 CSYS\Lab\Lab 2\lab2_code_for_cadets_2026\ece383_pkg.vhd:]
WARNING: [filemgmt 56-199] Attempt to get parsing info during refresh. "On-the-fly" syntax checking information may be incorrect. [C:\Users\C27Soren.Herzog\ece383\Herzog_ece383_wksp\lab2\Lab _2.srcs\sources_1\imports\imports\new\counter.vhd:]
WARNING: [filemgmt 56-199] Attempt to get parsing info during refresh. "On-the-fly" syntax checking information may be incorrect. [C:\Users\C27Soren.Herzog\ece383\Herzog_ece383_wksp\lab2\Lab _2.srcs\sources_1\imports\C27Soren.Herzog\OneDrive - afacademy.af.edu\Documents\Schoolwork Sem6 2026 Spring\M1 - ECE 383 CSYS\Lab\Lab 2\lab2_code_for_cadets_2026\trigger_detector.vhd:]
WARNING: [filemgmt 56-199] Attempt to get parsing info during refresh. "On-the-fly" syntax checking information may be incorrect. [C:\Users\C27Soren.Herzog\ece383\Herzog_ece383_wksp\lab2\Lab _2.srcs\sources_1\imports\imports\Lab1_Cadet_Code_2026\numeric_stepper.vhd:]
WARNING: [filemgmt 56-199] Attempt to get parsing info during refresh. "On-the-fly" syntax checking information may be incorrect. [C:\Users\C27Soren.Herzog\ece383\Herzog_ece383_wksp\lab2\Lab _2.srcs\sources_1\imports\C27Soren.Herzog\OneDrive - afacademy.af.edu\Documents\Schoolwork Sem6 2026 Spring\M1 - ECE 383 CSYS\Lab\Lab 2\lab2_code_for_cadets_2026\lab2_fsm.vhdl:]
WARNING: [filemgmt 56-199] Attempt to get parsing info during refresh. "On-the-fly" syntax checking information may be incorrect. [C:\Users\C27Soren.Herzog\ece383\Herzog_ece383_wksp\lab2\Lab _2.srcs\sources_1\imports\C27Soren.Herzog\OneDrive - afacademy.af.edu\Documents\Schoolwork Sem6 2026 Spring\M1 - ECE 383 CSYS\Lab\Lab 2\lab2_code_for_cadets_2026\lab2_datapath.vhdl:]
WARNING: [filemgmt 56-199] Attempt to get parsing info during refresh. "On-the-fly" syntax checking information may be incorrect. [C:\Users\C27Soren.Herzog\ece383\Herzog_ece383_wksp\lab2\Lab _2.srcs\sources_1\imports\imports\Lab1_Cadet_Code_2026\numeric_stepper.vhd:]
WARNING: [filemgmt 56-199] Attempt to get parsing info during refresh. "On-the-fly" syntax checking information may be incorrect. [C:\Users\C27Soren.Herzog\ece383\Herzog_ece383_wksp\lab2\Lab _2.srcs\sources_1\imports\imports\Lab1_Cadet_Code_2026\numeric_stepper.vhd:]
INFO: [Project 1-1161] Replacing file C:/Users/C27Soren.Herzog/ece383/Herzog_ece383_wksp/lab2/Lab _2.srcs/utils_1/imports/synth_1/lab2.dcp with file C:/Users/C27Soren.Herzog/ece383/Herzog_ece383_wksp/lab2/Lab _2.runs/synth_1/lab2.dcp
launch_runs impl_1 -to_step write_bitstream -jobs 8
WARNING: [filemgmt 56-199] Attempt to get parsing info during refresh. "On-the-fly" syntax checking information may be incorrect. [C:\Users\C27Soren.Herzog\ece383\Herzog_ece383_wksp\lab2\Lab _2.srcs\sources_1\imports\C27Soren.Herzog\OneDrive - afacademy.af.edu\Documents\Schoolwork Sem6 2026 Spring\M1 - ECE 383 CSYS\Lab\Lab 2\lab2_code_for_cadets_2026\ece383_pkg.vhd:]
WARNING: [filemgmt 56-199] Attempt to get parsing info during refresh. "On-the-fly" syntax checking information may be incorrect. [C:\Users\C27Soren.Herzog\ece383\Herzog_ece383_wksp\lab2\Lab _2.srcs\sources_1\imports\imports\new\counter.vhd:]
WARNING: [filemgmt 56-199] Attempt to get parsing info during refresh. "On-the-fly" syntax checking information may be incorrect. [C:\Users\C27Soren.Herzog\ece383\Herzog_ece383_wksp\lab2\Lab _2.srcs\sources_1\imports\C27Soren.Herzog\OneDrive - afacademy.af.edu\Documents\Schoolwork Sem6 2026 Spring\M1 - ECE 383 CSYS\Lab\Lab 2\lab2_code_for_cadets_2026\trigger_detector.vhd:]
WARNING: [filemgmt 56-199] Attempt to get parsing info during refresh. "On-the-fly" syntax checking information may be incorrect. [C:\Users\C27Soren.Herzog\ece383\Herzog_ece383_wksp\lab2\Lab _2.srcs\sources_1\imports\imports\Lab1_Cadet_Code_2026\numeric_stepper.vhd:]
WARNING: [filemgmt 56-199] Attempt to get parsing info during refresh. "On-the-fly" syntax checking information may be incorrect. [C:\Users\C27Soren.Herzog\ece383\Herzog_ece383_wksp\lab2\Lab _2.srcs\sources_1\imports\C27Soren.Herzog\OneDrive - afacademy.af.edu\Documents\Schoolwork Sem6 2026 Spring\M1 - ECE 383 CSYS\Lab\Lab 2\lab2_code_for_cadets_2026\lab2_fsm.vhdl:]
WARNING: [filemgmt 56-199] Attempt to get parsing info during refresh. "On-the-fly" syntax checking information may be incorrect. [C:\Users\C27Soren.Herzog\ece383\Herzog_ece383_wksp\lab2\Lab _2.srcs\sources_1\imports\C27Soren.Herzog\OneDrive - afacademy.af.edu\Documents\Schoolwork Sem6 2026 Spring\M1 - ECE 383 CSYS\Lab\Lab 2\lab2_code_for_cadets_2026\lab2_datapath.vhdl:]
WARNING: [filemgmt 56-199] Attempt to get parsing info during refresh. "On-the-fly" syntax checking information may be incorrect. [C:\Users\C27Soren.Herzog\ece383\Herzog_ece383_wksp\lab2\Lab _2.srcs\sources_1\imports\C27Soren.Herzog\OneDrive - afacademy.af.edu\Documents\Schoolwork Sem6 2026 Spring\M1 - ECE 383 CSYS\Lab\Lab 2\lab2_code_for_cadets_2026\lab2_datapath.vhdl:]
WARNING: [filemgmt 56-199] Attempt to get parsing info during refresh. "On-the-fly" syntax checking information may be incorrect. [C:\Users\C27Soren.Herzog\ece383\Herzog_ece383_wksp\lab2\Lab _2.srcs\sources_1\imports\C27Soren.Herzog\OneDrive - afacademy.af.edu\Documents\Schoolwork Sem6 2026 Spring\M1 - ECE 383 CSYS\Lab\Lab 2\lab2_code_for_cadets_2026\lab2_datapath.vhdl:]
WARNING: [filemgmt 56-199] Attempt to get parsing info during refresh. "On-the-fly" syntax checking information may be incorrect. [C:\Users\C27Soren.Herzog\ece383\Herzog_ece383_wksp\lab2\Lab _2.srcs\sources_1\imports\C27Soren.Herzog\OneDrive - afacademy.af.edu\Documents\Schoolwork Sem6 2026 Spring\M1 - ECE 383 CSYS\Lab\Lab 2\lab2_code_for_cadets_2026\ece383_pkg.vhd:]
WARNING: [filemgmt 56-199] Attempt to get parsing info during refresh. "On-the-fly" syntax checking information may be incorrect. [C:\Users\C27Soren.Herzog\ece383\Herzog_ece383_wksp\lab2\Lab _2.srcs\sources_1\imports\imports\new\counter.vhd:]
WARNING: [filemgmt 56-199] Attempt to get parsing info during refresh. "On-the-fly" syntax checking information may be incorrect. [C:\Users\C27Soren.Herzog\ece383\Herzog_ece383_wksp\lab2\Lab _2.srcs\sources_1\imports\C27Soren.Herzog\OneDrive - afacademy.af.edu\Documents\Schoolwork Sem6 2026 Spring\M1 - ECE 383 CSYS\Lab\Lab 2\lab2_code_for_cadets_2026\trigger_detector.vhd:]
WARNING: [filemgmt 56-199] Attempt to get parsing info during refresh. "On-the-fly" syntax checking information may be incorrect. [C:\Users\C27Soren.Herzog\ece383\Herzog_ece383_wksp\lab2\Lab _2.srcs\sources_1\imports\imports\Lab1_Cadet_Code_2026\numeric_stepper.vhd:]
WARNING: [filemgmt 56-199] Attempt to get parsing info during refresh. "On-the-fly" syntax checking information may be incorrect. [C:\Users\C27Soren.Herzog\ece383\Herzog_ece383_wksp\lab2\Lab _2.srcs\sources_1\imports\C27Soren.Herzog\OneDrive - afacademy.af.edu\Documents\Schoolwork Sem6 2026 Spring\M1 - ECE 383 CSYS\Lab\Lab 2\lab2_code_for_cadets_2026\lab2_fsm.vhdl:]
WARNING: [filemgmt 56-199] Attempt to get parsing info during refresh. "On-the-fly" syntax checking information may be incorrect. [C:\Users\C27Soren.Herzog\ece383\Herzog_ece383_wksp\lab2\Lab _2.srcs\sources_1\imports\C27Soren.Herzog\OneDrive - afacademy.af.edu\Documents\Schoolwork Sem6 2026 Spring\M1 - ECE 383 CSYS\Lab\Lab 2\lab2_code_for_cadets_2026\lab2_datapath.vhdl:]
WARNING: [filemgmt 56-199] Attempt to get parsing info during refresh. "On-the-fly" syntax checking information may be incorrect. [C:\Users\C27Soren.Herzog\ece383\Herzog_ece383_wksp\lab2\Lab _2.srcs\sources_1\imports\imports\new\counter.vhd:]
WARNING: [filemgmt 56-199] Attempt to get parsing info during refresh. "On-the-fly" syntax checking information may be incorrect. [C:\Users\C27Soren.Herzog\ece383\Herzog_ece383_wksp\lab2\Lab _2.srcs\sources_1\imports\imports\new\counter.vhd:]
WARNING: [filemgmt 56-199] Attempt to get parsing info during refresh. "On-the-fly" syntax checking information may be incorrect. [C:\Users\C27Soren.Herzog\ece383\Herzog_ece383_wksp\lab2\Lab _2.srcs\sources_1\imports\C27Soren.Herzog\OneDrive - afacademy.af.edu\Documents\Schoolwork Sem6 2026 Spring\M1 - ECE 383 CSYS\Lab\Lab 2\lab2_code_for_cadets_2026\ece383_pkg.vhd:]
WARNING: [filemgmt 56-199] Attempt to get parsing info during refresh. "On-the-fly" syntax checking information may be incorrect. [C:\Users\C27Soren.Herzog\ece383\Herzog_ece383_wksp\lab2\Lab _2.srcs\sources_1\imports\imports\new\counter.vhd:]
WARNING: [filemgmt 56-199] Attempt to get parsing info during refresh. "On-the-fly" syntax checking information may be incorrect. [C:\Users\C27Soren.Herzog\ece383\Herzog_ece383_wksp\lab2\Lab _2.srcs\sources_1\imports\C27Soren.Herzog\OneDrive - afacademy.af.edu\Documents\Schoolwork Sem6 2026 Spring\M1 - ECE 383 CSYS\Lab\Lab 2\lab2_code_for_cadets_2026\trigger_detector.vhd:]
WARNING: [filemgmt 56-199] Attempt to get parsing info during refresh. "On-the-fly" syntax checking information may be incorrect. [C:\Users\C27Soren.Herzog\ece383\Herzog_ece383_wksp\lab2\Lab _2.srcs\sources_1\imports\imports\Lab1_Cadet_Code_2026\numeric_stepper.vhd:]
WARNING: [filemgmt 56-199] Attempt to get parsing info during refresh. "On-the-fly" syntax checking information may be incorrect. [C:\Users\C27Soren.Herzog\ece383\Herzog_ece383_wksp\lab2\Lab _2.srcs\sources_1\imports\C27Soren.Herzog\OneDrive - afacademy.af.edu\Documents\Schoolwork Sem6 2026 Spring\M1 - ECE 383 CSYS\Lab\Lab 2\lab2_code_for_cadets_2026\lab2_fsm.vhdl:]
WARNING: [filemgmt 56-199] Attempt to get parsing info during refresh. "On-the-fly" syntax checking information may be incorrect. [C:\Users\C27Soren.Herzog\ece383\Herzog_ece383_wksp\lab2\Lab _2.srcs\sources_1\imports\C27Soren.Herzog\OneDrive - afacademy.af.edu\Documents\Schoolwork Sem6 2026 Spring\M1 - ECE 383 CSYS\Lab\Lab 2\lab2_code_for_cadets_2026\lab2_datapath.vhdl:]
WARNING: [filemgmt 56-199] Attempt to get parsing info during refresh. "On-the-fly" syntax checking information may be incorrect. [C:\Users\C27Soren.Herzog\ece383\Herzog_ece383_wksp\lab2\Lab _2.srcs\sources_1\imports\C27Soren.Herzog\OneDrive - afacademy.af.edu\Documents\Schoolwork Sem6 2026 Spring\M1 - ECE 383 CSYS\Lab\Lab 2\lab2_code_for_cadets_2026\lab2_fsm.vhdl:]
WARNING: [filemgmt 56-199] Attempt to get parsing info during refresh. "On-the-fly" syntax checking information may be incorrect. [C:\Users\C27Soren.Herzog\ece383\Herzog_ece383_wksp\lab2\Lab _2.srcs\sources_1\imports\C27Soren.Herzog\OneDrive - afacademy.af.edu\Documents\Schoolwork Sem6 2026 Spring\M1 - ECE 383 CSYS\Lab\Lab 2\lab2_code_for_cadets_2026\lab2_fsm.vhdl:]
INFO: [Vivado 12-4149] The synthesis checkpoint for IP 'C:/Users/C27Soren.Herzog/ece383/Herzog_ece383_wksp/lab2/Lab _2.srcs/sources_1/ip/clk_wiz_0/clk_wiz_0.xci' is already up-to-date
[Thu Feb 19 09:08:59 2026] Launched synth_1...
Run output will be captured here: C:/Users/C27Soren.Herzog/ece383/Herzog_ece383_wksp/lab2/Lab _2.runs/synth_1/runme.log
[Thu Feb 19 09:08:59 2026] Launched impl_1...
Run output will be captured here: C:/Users/C27Soren.Herzog/ece383/Herzog_ece383_wksp/lab2/Lab _2.runs/impl_1/runme.log
ERROR: [Common 17-180] Spawn failed: No error
WARNING: [filemgmt 56-199] Attempt to get parsing info during refresh. "On-the-fly" syntax checking information may be incorrect. [C:\Users\C27Soren.Herzog\ece383\Herzog_ece383_wksp\lab2\Lab _2.srcs\sources_1\imports\C27Soren.Herzog\OneDrive - afacademy.af.edu\Documents\Schoolwork Sem6 2026 Spring\M1 - ECE 383 CSYS\Lab\Lab 2\lab2_code_for_cadets_2026\ece383_pkg.vhd:]
WARNING: [filemgmt 56-199] Attempt to get parsing info during refresh. "On-the-fly" syntax checking information may be incorrect. [C:\Users\C27Soren.Herzog\ece383\Herzog_ece383_wksp\lab2\Lab _2.srcs\sources_1\imports\imports\new\counter.vhd:]
WARNING: [filemgmt 56-199] Attempt to get parsing info during refresh. "On-the-fly" syntax checking information may be incorrect. [C:\Users\C27Soren.Herzog\ece383\Herzog_ece383_wksp\lab2\Lab _2.srcs\sources_1\imports\C27Soren.Herzog\OneDrive - afacademy.af.edu\Documents\Schoolwork Sem6 2026 Spring\M1 - ECE 383 CSYS\Lab\Lab 2\lab2_code_for_cadets_2026\trigger_detector.vhd:]
WARNING: [filemgmt 56-199] Attempt to get parsing info during refresh. "On-the-fly" syntax checking information may be incorrect. [C:\Users\C27Soren.Herzog\ece383\Herzog_ece383_wksp\lab2\Lab _2.srcs\sources_1\imports\imports\Lab1_Cadet_Code_2026\numeric_stepper.vhd:]
WARNING: [filemgmt 56-199] Attempt to get parsing info during refresh. "On-the-fly" syntax checking information may be incorrect. [C:\Users\C27Soren.Herzog\ece383\Herzog_ece383_wksp\lab2\Lab _2.srcs\sources_1\imports\C27Soren.Herzog\OneDrive - afacademy.af.edu\Documents\Schoolwork Sem6 2026 Spring\M1 - ECE 383 CSYS\Lab\Lab 2\lab2_code_for_cadets_2026\lab2_fsm.vhdl:]
WARNING: [filemgmt 56-199] Attempt to get parsing info during refresh. "On-the-fly" syntax checking information may be incorrect. [C:\Users\C27Soren.Herzog\ece383\Herzog_ece383_wksp\lab2\Lab _2.srcs\sources_1\imports\C27Soren.Herzog\OneDrive - afacademy.af.edu\Documents\Schoolwork Sem6 2026 Spring\M1 - ECE 383 CSYS\Lab\Lab 2\lab2_code_for_cadets_2026\lab2_datapath.vhdl:]
WARNING: [filemgmt 56-199] Attempt to get parsing info during refresh. "On-the-fly" syntax checking information may be incorrect. [C:\Users\C27Soren.Herzog\ece383\Herzog_ece383_wksp\lab2\Lab _2.srcs\sources_1\imports\C27Soren.Herzog\OneDrive - afacademy.af.edu\Documents\Schoolwork Sem6 2026 Spring\M1 - ECE 383 CSYS\Lab\Lab 2\lab2_code_for_cadets_2026\trigger_detector.vhd:]
WARNING: [filemgmt 56-199] Attempt to get parsing info during refresh. "On-the-fly" syntax checking information may be incorrect. [C:\Users\C27Soren.Herzog\ece383\Herzog_ece383_wksp\lab2\Lab _2.srcs\sources_1\imports\C27Soren.Herzog\OneDrive - afacademy.af.edu\Documents\Schoolwork Sem6 2026 Spring\M1 - ECE 383 CSYS\Lab\Lab 2\lab2_code_for_cadets_2026\trigger_detector.vhd:]
ERROR: [Common 17-180] Spawn failed: No error
WARNING: [filemgmt 56-199] Attempt to get parsing info during refresh. "On-the-fly" syntax checking information may be incorrect. [C:\Users\C27Soren.Herzog\ece383\Herzog_ece383_wksp\lab2\Lab _2.srcs\sources_1\imports\C27Soren.Herzog\OneDrive - afacademy.af.edu\Documents\Schoolwork Sem6 2026 Spring\M1 - ECE 383 CSYS\Lab\Lab 2\lab2_code_for_cadets_2026\ece383_pkg.vhd:]
WARNING: [filemgmt 56-199] Attempt to get parsing info during refresh. "On-the-fly" syntax checking information may be incorrect. [C:\Users\C27Soren.Herzog\ece383\Herzog_ece383_wksp\lab2\Lab _2.srcs\sources_1\imports\imports\new\counter.vhd:]
WARNING: [filemgmt 56-199] Attempt to get parsing info during refresh. "On-the-fly" syntax checking information may be incorrect. [C:\Users\C27Soren.Herzog\ece383\Herzog_ece383_wksp\lab2\Lab _2.srcs\sources_1\imports\C27Soren.Herzog\OneDrive - afacademy.af.edu\Documents\Schoolwork Sem6 2026 Spring\M1 - ECE 383 CSYS\Lab\Lab 2\lab2_code_for_cadets_2026\trigger_detector.vhd:]
WARNING: [filemgmt 56-199] Attempt to get parsing info during refresh. "On-the-fly" syntax checking information may be incorrect. [C:\Users\C27Soren.Herzog\ece383\Herzog_ece383_wksp\lab2\Lab _2.srcs\sources_1\imports\imports\Lab1_Cadet_Code_2026\numeric_stepper.vhd:]
WARNING: [filemgmt 56-199] Attempt to get parsing info during refresh. "On-the-fly" syntax checking information may be incorrect. [C:\Users\C27Soren.Herzog\ece383\Herzog_ece383_wksp\lab2\Lab _2.srcs\sources_1\imports\C27Soren.Herzog\OneDrive - afacademy.af.edu\Documents\Schoolwork Sem6 2026 Spring\M1 - ECE 383 CSYS\Lab\Lab 2\lab2_code_for_cadets_2026\lab2_fsm.vhdl:]
WARNING: [filemgmt 56-199] Attempt to get parsing info during refresh. "On-the-fly" syntax checking information may be incorrect. [C:\Users\C27Soren.Herzog\ece383\Herzog_ece383_wksp\lab2\Lab _2.srcs\sources_1\imports\C27Soren.Herzog\OneDrive - afacademy.af.edu\Documents\Schoolwork Sem6 2026 Spring\M1 - ECE 383 CSYS\Lab\Lab 2\lab2_code_for_cadets_2026\lab2_datapath.vhdl:]
WARNING: [filemgmt 56-199] Attempt to get parsing info during refresh. "On-the-fly" syntax checking information may be incorrect. [C:\Users\C27Soren.Herzog\ece383\Herzog_ece383_wksp\lab2\Lab _2.srcs\sources_1\imports\imports\Lab1_Cadet_Code_2026\numeric_stepper.vhd:]
WARNING: [filemgmt 56-199] Attempt to get parsing info during refresh. "On-the-fly" syntax checking information may be incorrect. [C:\Users\C27Soren.Herzog\ece383\Herzog_ece383_wksp\lab2\Lab _2.srcs\sources_1\imports\imports\Lab1_Cadet_Code_2026\numeric_stepper.vhd:]
ERROR: [Common 17-180] Spawn failed: No error
set_property PROBES.FILE {} [get_hw_devices xc7a200t_0]
set_property FULL_PROBES.FILE {} [get_hw_devices xc7a200t_0]
set_property PROGRAM.FILE {C:/Users/C27Soren.Herzog/ece383/Herzog_ece383_wksp/lab2/Lab _2.runs/impl_1/lab2.bit} [get_hw_devices xc7a200t_0]
program_hw_devices [get_hw_devices xc7a200t_0]
INFO: [Labtools 27-3164] End of startup status: HIGH
program_hw_devices: Time (s): cpu = 00:00:05 ; elapsed = 00:00:06 . Memory (MB): peak = 1300.750 ; gain = 0.000
refresh_hw_device [lindex [get_hw_devices xc7a200t_0] 0]
INFO: [Labtools 27-1434] Device xc7a200t (JTAG device index = 0) is programmed with a design that has no supported debug core(s) in it.
ERROR: [Labtoolstcl 44-513] HW Target shutdown. Closing target: localhost:3121/xilinx_tcf/Digilent/210276B817F4B
WARNING: [filemgmt 56-199] Attempt to get parsing info during refresh. "On-the-fly" syntax checking information may be incorrect. [C:\Users\C27Soren.Herzog\ece383\Herzog_ece383_wksp\lab2\Lab _2.srcs\sources_1\imports\C27Soren.Herzog\OneDrive - afacademy.af.edu\Documents\Schoolwork Sem6 2026 Spring\M1 - ECE 383 CSYS\Lab\Lab 2\lab2_code_for_cadets_2026\ece383_pkg.vhd:]
WARNING: [filemgmt 56-199] Attempt to get parsing info during refresh. "On-the-fly" syntax checking information may be incorrect. [C:\Users\C27Soren.Herzog\ece383\Herzog_ece383_wksp\lab2\Lab _2.srcs\sources_1\imports\imports\new\counter.vhd:]
WARNING: [filemgmt 56-199] Attempt to get parsing info during refresh. "On-the-fly" syntax checking information may be incorrect. [C:\Users\C27Soren.Herzog\ece383\Herzog_ece383_wksp\lab2\Lab _2.srcs\sources_1\imports\C27Soren.Herzog\OneDrive - afacademy.af.edu\Documents\Schoolwork Sem6 2026 Spring\M1 - ECE 383 CSYS\Lab\Lab 2\lab2_code_for_cadets_2026\trigger_detector.vhd:]
WARNING: [filemgmt 56-199] Attempt to get parsing info during refresh. "On-the-fly" syntax checking information may be incorrect. [C:\Users\C27Soren.Herzog\ece383\Herzog_ece383_wksp\lab2\Lab _2.srcs\sources_1\imports\imports\Lab1_Cadet_Code_2026\numeric_stepper.vhd:]
WARNING: [filemgmt 56-199] Attempt to get parsing info during refresh. "On-the-fly" syntax checking information may be incorrect. [C:\Users\C27Soren.Herzog\ece383\Herzog_ece383_wksp\lab2\Lab _2.srcs\sources_1\imports\C27Soren.Herzog\OneDrive - afacademy.af.edu\Documents\Schoolwork Sem6 2026 Spring\M1 - ECE 383 CSYS\Lab\Lab 2\lab2_code_for_cadets_2026\lab2_fsm.vhdl:]
WARNING: [filemgmt 56-199] Attempt to get parsing info during refresh. "On-the-fly" syntax checking information may be incorrect. [C:\Users\C27Soren.Herzog\ece383\Herzog_ece383_wksp\lab2\Lab _2.srcs\sources_1\imports\C27Soren.Herzog\OneDrive - afacademy.af.edu\Documents\Schoolwork Sem6 2026 Spring\M1 - ECE 383 CSYS\Lab\Lab 2\lab2_code_for_cadets_2026\lab2_datapath.vhdl:]
WARNING: [filemgmt 56-199] Attempt to get parsing info during refresh. "On-the-fly" syntax checking information may be incorrect. [C:\Users\C27Soren.Herzog\ece383\Herzog_ece383_wksp\lab2\Lab _2.srcs\sources_1\imports\C27Soren.Herzog\OneDrive - afacademy.af.edu\Documents\Schoolwork Sem6 2026 Spring\M1 - ECE 383 CSYS\Lab\Lab 2\lab2_code_for_cadets_2026\lab2_datapath.vhdl:]
WARNING: [filemgmt 56-199] Attempt to get parsing info during refresh. "On-the-fly" syntax checking information may be incorrect. [C:\Users\C27Soren.Herzog\ece383\Herzog_ece383_wksp\lab2\Lab _2.srcs\sources_1\imports\C27Soren.Herzog\OneDrive - afacademy.af.edu\Documents\Schoolwork Sem6 2026 Spring\M1 - ECE 383 CSYS\Lab\Lab 2\lab2_code_for_cadets_2026\lab2_datapath.vhdl:]
WARNING: [filemgmt 56-199] Attempt to get parsing info during refresh. "On-the-fly" syntax checking information may be incorrect. [C:\Users\C27Soren.Herzog\ece383\Herzog_ece383_wksp\lab2\Lab _2.srcs\sources_1\imports\C27Soren.Herzog\OneDrive - afacademy.af.edu\Documents\Schoolwork Sem6 2026 Spring\M1 - ECE 383 CSYS\Lab\Lab 2\lab2_code_for_cadets_2026\ece383_pkg.vhd:]
WARNING: [filemgmt 56-199] Attempt to get parsing info during refresh. "On-the-fly" syntax checking information may be incorrect. [C:\Users\C27Soren.Herzog\ece383\Herzog_ece383_wksp\lab2\Lab _2.srcs\sources_1\imports\imports\new\counter.vhd:]
WARNING: [filemgmt 56-199] Attempt to get parsing info during refresh. "On-the-fly" syntax checking information may be incorrect. [C:\Users\C27Soren.Herzog\ece383\Herzog_ece383_wksp\lab2\Lab _2.srcs\sources_1\imports\C27Soren.Herzog\OneDrive - afacademy.af.edu\Documents\Schoolwork Sem6 2026 Spring\M1 - ECE 383 CSYS\Lab\Lab 2\lab2_code_for_cadets_2026\trigger_detector.vhd:]
WARNING: [filemgmt 56-199] Attempt to get parsing info during refresh. "On-the-fly" syntax checking information may be incorrect. [C:\Users\C27Soren.Herzog\ece383\Herzog_ece383_wksp\lab2\Lab _2.srcs\sources_1\imports\imports\Lab1_Cadet_Code_2026\numeric_stepper.vhd:]
WARNING: [filemgmt 56-199] Attempt to get parsing info during refresh. "On-the-fly" syntax checking information may be incorrect. [C:\Users\C27Soren.Herzog\ece383\Herzog_ece383_wksp\lab2\Lab _2.srcs\sources_1\imports\C27Soren.Herzog\OneDrive - afacademy.af.edu\Documents\Schoolwork Sem6 2026 Spring\M1 - ECE 383 CSYS\Lab\Lab 2\lab2_code_for_cadets_2026\lab2_fsm.vhdl:]
WARNING: [filemgmt 56-199] Attempt to get parsing info during refresh. "On-the-fly" syntax checking information may be incorrect. [C:\Users\C27Soren.Herzog\ece383\Herzog_ece383_wksp\lab2\Lab _2.srcs\sources_1\imports\C27Soren.Herzog\OneDrive - afacademy.af.edu\Documents\Schoolwork Sem6 2026 Spring\M1 - ECE 383 CSYS\Lab\Lab 2\lab2_code_for_cadets_2026\lab2_datapath.vhdl:]
WARNING: [filemgmt 56-199] Attempt to get parsing info during refresh. "On-the-fly" syntax checking information may be incorrect. [C:\Users\C27Soren.Herzog\ece383\Herzog_ece383_wksp\lab2\Lab _2.srcs\sources_1\imports\imports\new\counter.vhd:]
WARNING: [filemgmt 56-199] Attempt to get parsing info during refresh. "On-the-fly" syntax checking information may be incorrect. [C:\Users\C27Soren.Herzog\ece383\Herzog_ece383_wksp\lab2\Lab _2.srcs\sources_1\imports\imports\new\counter.vhd:]
WARNING: [filemgmt 56-199] Attempt to get parsing info during refresh. "On-the-fly" syntax checking information may be incorrect. [C:\Users\C27Soren.Herzog\ece383\Herzog_ece383_wksp\lab2\Lab _2.srcs\sources_1\imports\C27Soren.Herzog\OneDrive - afacademy.af.edu\Documents\Schoolwork Sem6 2026 Spring\M1 - ECE 383 CSYS\Lab\Lab 2\lab2_code_for_cadets_2026\ece383_pkg.vhd:]
WARNING: [filemgmt 56-199] Attempt to get parsing info during refresh. "On-the-fly" syntax checking information may be incorrect. [C:\Users\C27Soren.Herzog\ece383\Herzog_ece383_wksp\lab2\Lab _2.srcs\sources_1\imports\imports\new\counter.vhd:]
WARNING: [filemgmt 56-199] Attempt to get parsing info during refresh. "On-the-fly" syntax checking information may be incorrect. [C:\Users\C27Soren.Herzog\ece383\Herzog_ece383_wksp\lab2\Lab _2.srcs\sources_1\imports\C27Soren.Herzog\OneDrive - afacademy.af.edu\Documents\Schoolwork Sem6 2026 Spring\M1 - ECE 383 CSYS\Lab\Lab 2\lab2_code_for_cadets_2026\trigger_detector.vhd:]
WARNING: [filemgmt 56-199] Attempt to get parsing info during refresh. "On-the-fly" syntax checking information may be incorrect. [C:\Users\C27Soren.Herzog\ece383\Herzog_ece383_wksp\lab2\Lab _2.srcs\sources_1\imports\imports\Lab1_Cadet_Code_2026\numeric_stepper.vhd:]
WARNING: [filemgmt 56-199] Attempt to get parsing info during refresh. "On-the-fly" syntax checking information may be incorrect. [C:\Users\C27Soren.Herzog\ece383\Herzog_ece383_wksp\lab2\Lab _2.srcs\sources_1\imports\C27Soren.Herzog\OneDrive - afacademy.af.edu\Documents\Schoolwork Sem6 2026 Spring\M1 - ECE 383 CSYS\Lab\Lab 2\lab2_code_for_cadets_2026\lab2_fsm.vhdl:]
WARNING: [filemgmt 56-199] Attempt to get parsing info during refresh. "On-the-fly" syntax checking information may be incorrect. [C:\Users\C27Soren.Herzog\ece383\Herzog_ece383_wksp\lab2\Lab _2.srcs\sources_1\imports\C27Soren.Herzog\OneDrive - afacademy.af.edu\Documents\Schoolwork Sem6 2026 Spring\M1 - ECE 383 CSYS\Lab\Lab 2\lab2_code_for_cadets_2026\lab2_datapath.vhdl:]
WARNING: [filemgmt 56-199] Attempt to get parsing info during refresh. "On-the-fly" syntax checking information may be incorrect. [C:\Users\C27Soren.Herzog\ece383\Herzog_ece383_wksp\lab2\Lab _2.srcs\sources_1\imports\C27Soren.Herzog\OneDrive - afacademy.af.edu\Documents\Schoolwork Sem6 2026 Spring\M1 - ECE 383 CSYS\Lab\Lab 2\lab2_code_for_cadets_2026\lab2_fsm.vhdl:]
WARNING: [filemgmt 56-199] Attempt to get parsing info during refresh. "On-the-fly" syntax checking information may be incorrect. [C:\Users\C27Soren.Herzog\ece383\Herzog_ece383_wksp\lab2\Lab _2.srcs\sources_1\imports\C27Soren.Herzog\OneDrive - afacademy.af.edu\Documents\Schoolwork Sem6 2026 Spring\M1 - ECE 383 CSYS\Lab\Lab 2\lab2_code_for_cadets_2026\lab2_fsm.vhdl:]
WARNING: [filemgmt 56-199] Attempt to get parsing info during refresh. "On-the-fly" syntax checking information may be incorrect. [C:\Users\C27Soren.Herzog\ece383\Herzog_ece383_wksp\lab2\Lab _2.srcs\sources_1\imports\C27Soren.Herzog\OneDrive - afacademy.af.edu\Documents\Schoolwork Sem6 2026 Spring\M1 - ECE 383 CSYS\Lab\Lab 2\lab2_code_for_cadets_2026\ece383_pkg.vhd:]
WARNING: [filemgmt 56-199] Attempt to get parsing info during refresh. "On-the-fly" syntax checking information may be incorrect. [C:\Users\C27Soren.Herzog\ece383\Herzog_ece383_wksp\lab2\Lab _2.srcs\sources_1\imports\imports\new\counter.vhd:]
WARNING: [filemgmt 56-199] Attempt to get parsing info during refresh. "On-the-fly" syntax checking information may be incorrect. [C:\Users\C27Soren.Herzog\ece383\Herzog_ece383_wksp\lab2\Lab _2.srcs\sources_1\imports\C27Soren.Herzog\OneDrive - afacademy.af.edu\Documents\Schoolwork Sem6 2026 Spring\M1 - ECE 383 CSYS\Lab\Lab 2\lab2_code_for_cadets_2026\trigger_detector.vhd:]
WARNING: [filemgmt 56-199] Attempt to get parsing info during refresh. "On-the-fly" syntax checking information may be incorrect. [C:\Users\C27Soren.Herzog\ece383\Herzog_ece383_wksp\lab2\Lab _2.srcs\sources_1\imports\imports\Lab1_Cadet_Code_2026\numeric_stepper.vhd:]
WARNING: [filemgmt 56-199] Attempt to get parsing info during refresh. "On-the-fly" syntax checking information may be incorrect. [C:\Users\C27Soren.Herzog\ece383\Herzog_ece383_wksp\lab2\Lab _2.srcs\sources_1\imports\C27Soren.Herzog\OneDrive - afacademy.af.edu\Documents\Schoolwork Sem6 2026 Spring\M1 - ECE 383 CSYS\Lab\Lab 2\lab2_code_for_cadets_2026\lab2_fsm.vhdl:]
WARNING: [filemgmt 56-199] Attempt to get parsing info during refresh. "On-the-fly" syntax checking information may be incorrect. [C:\Users\C27Soren.Herzog\ece383\Herzog_ece383_wksp\lab2\Lab _2.srcs\sources_1\imports\C27Soren.Herzog\OneDrive - afacademy.af.edu\Documents\Schoolwork Sem6 2026 Spring\M1 - ECE 383 CSYS\Lab\Lab 2\lab2_code_for_cadets_2026\lab2_datapath.vhdl:]
WARNING: [filemgmt 56-199] Attempt to get parsing info during refresh. "On-the-fly" syntax checking information may be incorrect. [C:\Users\C27Soren.Herzog\ece383\Herzog_ece383_wksp\lab2\Lab _2.srcs\sources_1\imports\C27Soren.Herzog\OneDrive - afacademy.af.edu\Documents\Schoolwork Sem6 2026 Spring\M1 - ECE 383 CSYS\Lab\Lab 2\lab2_code_for_cadets_2026\trigger_detector.vhd:]
WARNING: [filemgmt 56-199] Attempt to get parsing info during refresh. "On-the-fly" syntax checking information may be incorrect. [C:\Users\C27Soren.Herzog\ece383\Herzog_ece383_wksp\lab2\Lab _2.srcs\sources_1\imports\C27Soren.Herzog\OneDrive - afacademy.af.edu\Documents\Schoolwork Sem6 2026 Spring\M1 - ECE 383 CSYS\Lab\Lab 2\lab2_code_for_cadets_2026\trigger_detector.vhd:]
exit
ERROR: [Common 17-180] Spawn failed: No error
ERROR: [Common 17-180] Spawn failed: No error
ERROR: [Common 17-39] 'stop_gui' failed due to earlier errors.
INFO: [Common 17-206] Exiting Vivado at Thu Feb 19 09:21:21 2026...
