#-----------------------------------------------------------
# Vivado v2024.2 (64-bit)
# SW Build 5239630 on Fri Nov 08 22:35:27 MST 2024
# IP Build 5239520 on Sun Nov 10 16:12:51 MST 2024
# SharedData Build 5239561 on Fri Nov 08 14:39:27 MST 2024
# Start of session at: Thu Feb 12 07:15:58 2026
# Process ID         : 5764
# Current directory  : C:/Users/C27Soren.Herzog/ece383/Herzog_ece383_wksp/lab2
# Command line       : vivado.exe -gui_launcher_event rodinguilauncherevent1392 C:\Users\C27Soren.Herzog\ece383\Herzog_ece383_wksp\lab2\Lab _2.xpr
# Log file           : C:/Users/C27Soren.Herzog/ece383/Herzog_ece383_wksp/lab2/vivado.log
# Journal file       : C:/Users/C27Soren.Herzog/ece383/Herzog_ece383_wksp/lab2\vivado.jou
# Running On         : C27-5CG3121G96
# Platform           : Windows Server 2016 or Windows 10
# Operating System   : 22631
# Processor Detail   : AMD Ryzen 7 PRO 6850U with Radeon Graphics     
# CPU Frequency      : 2695 MHz
# CPU Physical cores : 8
# CPU Logical cores  : 16
# Host memory        : 16442 MB
# Swap memory        : 7516 MB
# Total Virtual      : 23958 MB
# Available Virtual  : 10910 MB
#-----------------------------------------------------------
start_gui
open_project {C:/Users/C27Soren.Herzog/ece383/Herzog_ece383_wksp/lab2/Lab _2.xpr}
Scanning sources...
Finished scanning sources
INFO: [IP_Flow 19-234] Refreshing IP repositories
INFO: [IP_Flow 19-1704] No user IP repositories specified
INFO: [IP_Flow 19-2313] Loaded Vivado IP repository 'C:/Xilinx/Vivado/2024.2/data/ip'.
open_project: Time (s): cpu = 00:00:04 ; elapsed = 00:00:14 . Memory (MB): peak = 1147.840 ; gain = 103.660
update_compile_order -fileset sources_1
open_hw_manager
connect_hw_server -allow_non_jtag
INFO: [Labtools 27-2285] Connecting to hw_server url TCP:localhost:3121
INFO: [Labtools 27-2222] Launching hw_server...
INFO: [Labtools 27-2221] Launch Output:

****** Xilinx hw_server v2024.2
  **** Build date : Oct 29 2024 at 10:25:41
    ** Copyright 1986-2022 Xilinx, Inc. All Rights Reserved.


INFO: [Labtools 27-3415] Connecting to cs_server url TCP:localhost:0
INFO: [Labtools 27-3417] Launching cs_server...
INFO: [Labtools 27-2221] Launch Output:


******** Xilinx cs_server v2024.2.0
  ****** Build date   : Oct 30 2024-12:19:07
    **** Build number : 2024.2.1730312347
      ** Copyright 2017-2022 Xilinx, Inc. All Rights Reserved.
      ** Copyright 2022-2026 Advanced Micro Devices, Inc. All Rights Reserved.



connect_hw_server: Time (s): cpu = 00:00:01 ; elapsed = 00:00:18 . Memory (MB): peak = 1168.086 ; gain = 0.000
open_hw_target
INFO: [Labtoolstcl 44-466] Opening hw_target localhost:3121/xilinx_tcf/Digilent/210276B7D0EDB
set_property PROGRAM.FILE {C:/Users/C27Soren.Herzog/ece383/Herzog_ece383_wksp/lab2/Lab _2.runs/impl_1/lab2.bit} [get_hw_devices xc7a200t_0]
current_hw_device [get_hw_devices xc7a200t_0]
refresh_hw_device -update_hw_probes false [lindex [get_hw_devices xc7a200t_0] 0]
INFO: [Labtools 27-1434] Device xc7a200t (JTAG device index = 0) is programmed with a design that has no supported debug core(s) in it.
set_property PROBES.FILE {} [get_hw_devices xc7a200t_0]
set_property FULL_PROBES.FILE {} [get_hw_devices xc7a200t_0]
set_property PROGRAM.FILE {C:/Users/C27Soren.Herzog/ece383/Herzog_ece383_wksp/lab2/Lab _2.runs/impl_1/lab2.bit} [get_hw_devices xc7a200t_0]
program_hw_devices [get_hw_devices xc7a200t_0]
INFO: [Labtools 27-3164] End of startup status: HIGH
program_hw_devices: Time (s): cpu = 00:00:05 ; elapsed = 00:00:06 . Memory (MB): peak = 1215.949 ; gain = 0.000
refresh_hw_device [lindex [get_hw_devices xc7a200t_0] 0]
INFO: [Labtools 27-1434] Device xc7a200t (JTAG device index = 0) is programmed with a design that has no supported debug core(s) in it.
ERROR: [Labtoolstcl 44-513] HW Target shutdown. Closing target: localhost:3121/xilinx_tcf/Digilent/210276B7D0EDB
WARNING: [filemgmt 56-199] Attempt to get parsing info during refresh. "On-the-fly" syntax checking information may be incorrect. [C:\Users\C27Soren.Herzog\ece383\Herzog_ece383_wksp\lab2\Lab _2.srcs\sources_1\imports\C27Soren.Herzog\OneDrive - afacademy.af.edu\Documents\Schoolwork Sem6 2026 Spring\M1 - ECE 383 CSYS\Lab\Lab 2\lab2_code_for_cadets_2026\ece383_pkg.vhd:]
WARNING: [filemgmt 56-199] Attempt to get parsing info during refresh. "On-the-fly" syntax checking information may be incorrect. [C:\Users\C27Soren.Herzog\ece383\Herzog_ece383_wksp\lab2\Lab _2.srcs\sources_1\imports\C27Soren.Herzog\OneDrive - afacademy.af.edu\Documents\Schoolwork Sem6 2026 Spring\M1 - ECE 383 CSYS\Lab\Lab 2\lab2_code_for_cadets_2026\Audio_Codec_Wrapper.vhd:]
WARNING: [filemgmt 56-199] Attempt to get parsing info during refresh. "On-the-fly" syntax checking information may be incorrect. [C:\Users\C27Soren.Herzog\ece383\Herzog_ece383_wksp\lab2\Lab _2.srcs\sources_1\imports\C27Soren.Herzog\OneDrive - afacademy.af.edu\Documents\Schoolwork Sem6 2026 Spring\M1 - ECE 383 CSYS\Lab\Lab 2\lab2_code_for_cadets_2026\lab2_datapath.vhdl:]
WARNING: [filemgmt 56-199] Attempt to get parsing info during refresh. "On-the-fly" syntax checking information may be incorrect. [C:\Users\C27Soren.Herzog\ece383\Herzog_ece383_wksp\lab2\Lab _2.srcs\sources_1\imports\C27Soren.Herzog\OneDrive - afacademy.af.edu\Documents\Schoolwork Sem6 2026 Spring\M1 - ECE 383 CSYS\Lab\Lab 2\lab2_code_for_cadets_2026\lab2_datapath.vhdl:]
WARNING: [filemgmt 56-199] Attempt to get parsing info during refresh. "On-the-fly" syntax checking information may be incorrect. [C:\Users\C27Soren.Herzog\ece383\Herzog_ece383_wksp\lab2\Lab _2.srcs\sources_1\imports\C27Soren.Herzog\OneDrive - afacademy.af.edu\Documents\Schoolwork Sem6 2026 Spring\M1 - ECE 383 CSYS\Lab\Lab 2\lab2_code_for_cadets_2026\lab2_datapath.vhdl:]
WARNING: [filemgmt 56-199] Attempt to get parsing info during refresh. "On-the-fly" syntax checking information may be incorrect. [C:\Users\C27Soren.Herzog\ece383\Herzog_ece383_wksp\lab2\Lab _2.srcs\sources_1\imports\C27Soren.Herzog\OneDrive - afacademy.af.edu\Documents\Schoolwork Sem6 2026 Spring\M1 - ECE 383 CSYS\Lab\Lab 2\lab2_code_for_cadets_2026\ece383_pkg.vhd:]
WARNING: [filemgmt 56-199] Attempt to get parsing info during refresh. "On-the-fly" syntax checking information may be incorrect. [C:\Users\C27Soren.Herzog\ece383\Herzog_ece383_wksp\lab2\Lab _2.srcs\sources_1\imports\C27Soren.Herzog\OneDrive - afacademy.af.edu\Documents\Schoolwork Sem6 2026 Spring\M1 - ECE 383 CSYS\Lab\Lab 2\lab2_code_for_cadets_2026\Audio_Codec_Wrapper.vhd:]
WARNING: [filemgmt 56-199] Attempt to get parsing info during refresh. "On-the-fly" syntax checking information may be incorrect. [C:\Users\C27Soren.Herzog\ece383\Herzog_ece383_wksp\lab2\Lab _2.srcs\sources_1\imports\C27Soren.Herzog\OneDrive - afacademy.af.edu\Documents\Schoolwork Sem6 2026 Spring\M1 - ECE 383 CSYS\Lab\Lab 2\lab2_code_for_cadets_2026\lab2_datapath.vhdl:]
WARNING: [filemgmt 56-199] Attempt to get parsing info during refresh. "On-the-fly" syntax checking information may be incorrect. [C:\Users\C27Soren.Herzog\ece383\Herzog_ece383_wksp\lab2\Lab _2.srcs\sources_1\imports\C27Soren.Herzog\OneDrive - afacademy.af.edu\Documents\Schoolwork Sem6 2026 Spring\M1 - ECE 383 CSYS\Lab\Lab 2\lab2_code_for_cadets_2026\Audio_Codec_Wrapper.vhd:]
WARNING: [filemgmt 56-199] Attempt to get parsing info during refresh. "On-the-fly" syntax checking information may be incorrect. [C:\Users\C27Soren.Herzog\ece383\Herzog_ece383_wksp\lab2\Lab _2.srcs\sources_1\imports\C27Soren.Herzog\OneDrive - afacademy.af.edu\Documents\Schoolwork Sem6 2026 Spring\M1 - ECE 383 CSYS\Lab\Lab 2\lab2_code_for_cadets_2026\Audio_Codec_Wrapper.vhd:]
WARNING: [filemgmt 56-199] Attempt to get parsing info during refresh. "On-the-fly" syntax checking information may be incorrect. [C:\Users\C27Soren.Herzog\ece383\Herzog_ece383_wksp\lab2\Lab _2.srcs\sources_1\imports\C27Soren.Herzog\OneDrive - afacademy.af.edu\Documents\Schoolwork Sem6 2026 Spring\M1 - ECE 383 CSYS\Lab\Lab 2\lab2_code_for_cadets_2026\ece383_pkg.vhd:]
WARNING: [filemgmt 56-199] Attempt to get parsing info during refresh. "On-the-fly" syntax checking information may be incorrect. [C:\Users\C27Soren.Herzog\ece383\Herzog_ece383_wksp\lab2\Lab _2.srcs\sources_1\imports\imports\new\counter.vhd:]
WARNING: [filemgmt 56-199] Attempt to get parsing info during refresh. "On-the-fly" syntax checking information may be incorrect. [C:\Users\C27Soren.Herzog\ece383\Herzog_ece383_wksp\lab2\Lab _2.srcs\sources_1\imports\C27Soren.Herzog\OneDrive - afacademy.af.edu\Documents\Schoolwork Sem6 2026 Spring\M1 - ECE 383 CSYS\Lab\Lab 2\lab2_code_for_cadets_2026\Audio_Codec_Wrapper.vhd:]
WARNING: [filemgmt 56-199] Attempt to get parsing info during refresh. "On-the-fly" syntax checking information may be incorrect. [C:\Users\C27Soren.Herzog\ece383\Herzog_ece383_wksp\lab2\Lab _2.srcs\sources_1\imports\C27Soren.Herzog\OneDrive - afacademy.af.edu\Documents\Schoolwork Sem6 2026 Spring\M1 - ECE 383 CSYS\Lab\Lab 2\lab2_code_for_cadets_2026\lab2_datapath.vhdl:]
WARNING: [filemgmt 56-199] Attempt to get parsing info during refresh. "On-the-fly" syntax checking information may be incorrect. [C:\Users\C27Soren.Herzog\ece383\Herzog_ece383_wksp\lab2\Lab _2.srcs\sources_1\imports\C27Soren.Herzog\OneDrive - afacademy.af.edu\Documents\Schoolwork Sem6 2026 Spring\M1 - ECE 383 CSYS\Lab\Lab 2\lab2_code_for_cadets_2026\lab2_datapath.vhdl:]
WARNING: [filemgmt 56-199] Attempt to get parsing info during refresh. "On-the-fly" syntax checking information may be incorrect. [C:\Users\C27Soren.Herzog\ece383\Herzog_ece383_wksp\lab2\Lab _2.srcs\sources_1\imports\C27Soren.Herzog\OneDrive - afacademy.af.edu\Documents\Schoolwork Sem6 2026 Spring\M1 - ECE 383 CSYS\Lab\Lab 2\lab2_code_for_cadets_2026\lab2_datapath.vhdl:]
WARNING: [filemgmt 56-199] Attempt to get parsing info during refresh. "On-the-fly" syntax checking information may be incorrect. [C:\Users\C27Soren.Herzog\ece383\Herzog_ece383_wksp\lab2\Lab _2.srcs\sources_1\imports\C27Soren.Herzog\OneDrive - afacademy.af.edu\Documents\Schoolwork Sem6 2026 Spring\M1 - ECE 383 CSYS\Lab\Lab 2\lab2_code_for_cadets_2026\ece383_pkg.vhd:]
WARNING: [filemgmt 56-199] Attempt to get parsing info during refresh. "On-the-fly" syntax checking information may be incorrect. [C:\Users\C27Soren.Herzog\ece383\Herzog_ece383_wksp\lab2\Lab _2.srcs\sources_1\imports\imports\new\counter.vhd:]
WARNING: [filemgmt 56-199] Attempt to get parsing info during refresh. "On-the-fly" syntax checking information may be incorrect. [C:\Users\C27Soren.Herzog\ece383\Herzog_ece383_wksp\lab2\Lab _2.srcs\sources_1\imports\C27Soren.Herzog\OneDrive - afacademy.af.edu\Documents\Schoolwork Sem6 2026 Spring\M1 - ECE 383 CSYS\Lab\Lab 2\lab2_code_for_cadets_2026\Audio_Codec_Wrapper.vhd:]
WARNING: [filemgmt 56-199] Attempt to get parsing info during refresh. "On-the-fly" syntax checking information may be incorrect. [C:\Users\C27Soren.Herzog\ece383\Herzog_ece383_wksp\lab2\Lab _2.srcs\sources_1\imports\C27Soren.Herzog\OneDrive - afacademy.af.edu\Documents\Schoolwork Sem6 2026 Spring\M1 - ECE 383 CSYS\Lab\Lab 2\lab2_code_for_cadets_2026\lab2_datapath.vhdl:]
WARNING: [filemgmt 56-199] Attempt to get parsing info during refresh. "On-the-fly" syntax checking information may be incorrect. [C:\Users\C27Soren.Herzog\ece383\Herzog_ece383_wksp\lab2\Lab _2.srcs\sources_1\imports\imports\new\counter.vhd:]
WARNING: [filemgmt 56-199] Attempt to get parsing info during refresh. "On-the-fly" syntax checking information may be incorrect. [C:\Users\C27Soren.Herzog\ece383\Herzog_ece383_wksp\lab2\Lab _2.srcs\sources_1\imports\imports\new\counter.vhd:]
ERROR: [Common 17-180] Spawn failed: No error
WARNING: [filemgmt 56-199] Attempt to get parsing info during refresh. "On-the-fly" syntax checking information may be incorrect. [C:\Users\C27Soren.Herzog\ece383\Herzog_ece383_wksp\lab2\Lab _2.srcs\sources_1\imports\C27Soren.Herzog\OneDrive - afacademy.af.edu\Documents\Schoolwork Sem6 2026 Spring\M1 - ECE 383 CSYS\Lab\Lab 2\lab2_code_for_cadets_2026\ece383_pkg.vhd:]
WARNING: [filemgmt 56-199] Attempt to get parsing info during refresh. "On-the-fly" syntax checking information may be incorrect. [C:\Users\C27Soren.Herzog\ece383\Herzog_ece383_wksp\lab2\Lab _2.srcs\sources_1\imports\imports\new\counter.vhd:]
WARNING: [filemgmt 56-199] Attempt to get parsing info during refresh. "On-the-fly" syntax checking information may be incorrect. [C:\Users\C27Soren.Herzog\ece383\Herzog_ece383_wksp\lab2\Lab _2.srcs\sources_1\imports\C27Soren.Herzog\OneDrive - afacademy.af.edu\Documents\Schoolwork Sem6 2026 Spring\M1 - ECE 383 CSYS\Lab\Lab 2\lab2_code_for_cadets_2026\Audio_Codec_Wrapper.vhd:]
WARNING: [filemgmt 56-199] Attempt to get parsing info during refresh. "On-the-fly" syntax checking information may be incorrect. [C:\Users\C27Soren.Herzog\ece383\Herzog_ece383_wksp\lab2\Lab _2.srcs\sources_1\imports\C27Soren.Herzog\OneDrive - afacademy.af.edu\Documents\Schoolwork Sem6 2026 Spring\M1 - ECE 383 CSYS\Lab\Lab 2\lab2_code_for_cadets_2026\lab2_datapath.vhdl:]
WARNING: [filemgmt 56-199] Attempt to get parsing info during refresh. "On-the-fly" syntax checking information may be incorrect. [C:\Users\C27Soren.Herzog\ece383\Herzog_ece383_wksp\lab2\Lab _2.srcs\sources_1\imports\C27Soren.Herzog\OneDrive - afacademy.af.edu\Documents\Schoolwork Sem6 2026 Spring\M1 - ECE 383 CSYS\Lab\Lab 2\lab2_code_for_cadets_2026\Audio_Codec_Wrapper.vhd:]
WARNING: [filemgmt 56-199] Attempt to get parsing info during refresh. "On-the-fly" syntax checking information may be incorrect. [C:\Users\C27Soren.Herzog\ece383\Herzog_ece383_wksp\lab2\Lab _2.srcs\sources_1\imports\C27Soren.Herzog\OneDrive - afacademy.af.edu\Documents\Schoolwork Sem6 2026 Spring\M1 - ECE 383 CSYS\Lab\Lab 2\lab2_code_for_cadets_2026\Audio_Codec_Wrapper.vhd:]
ERROR: [Common 17-180] Spawn failed: No error
WARNING: [filemgmt 56-199] Attempt to get parsing info during refresh. "On-the-fly" syntax checking information may be incorrect. [C:\Users\C27Soren.Herzog\ece383\Herzog_ece383_wksp\lab2\Lab _2.srcs\sources_1\imports\C27Soren.Herzog\OneDrive - afacademy.af.edu\Documents\Schoolwork Sem6 2026 Spring\M1 - ECE 383 CSYS\Lab\Lab 2\lab2_code_for_cadets_2026\ece383_pkg.vhd:]
WARNING: [filemgmt 56-199] Attempt to get parsing info during refresh. "On-the-fly" syntax checking information may be incorrect. [C:\Users\C27Soren.Herzog\ece383\Herzog_ece383_wksp\lab2\Lab _2.srcs\sources_1\imports\imports\new\counter.vhd:]
WARNING: [filemgmt 56-199] Attempt to get parsing info during refresh. "On-the-fly" syntax checking information may be incorrect. [C:\Users\C27Soren.Herzog\ece383\Herzog_ece383_wksp\lab2\Lab _2.srcs\sources_1\imports\C27Soren.Herzog\OneDrive - afacademy.af.edu\Documents\Schoolwork Sem6 2026 Spring\M1 - ECE 383 CSYS\Lab\Lab 2\lab2_code_for_cadets_2026\lab2.vhd:]
WARNING: [filemgmt 56-199] Attempt to get parsing info during refresh. "On-the-fly" syntax checking information may be incorrect. [C:\Users\C27Soren.Herzog\ece383\Herzog_ece383_wksp\lab2\Lab _2.srcs\sources_1\imports\C27Soren.Herzog\OneDrive - afacademy.af.edu\Documents\Schoolwork Sem6 2026 Spring\M1 - ECE 383 CSYS\Lab\Lab 2\lab2_code_for_cadets_2026\Audio_Codec_Wrapper.vhd:]
WARNING: [filemgmt 56-199] Attempt to get parsing info during refresh. "On-the-fly" syntax checking information may be incorrect. [C:\Users\C27Soren.Herzog\ece383\Herzog_ece383_wksp\lab2\Lab _2.srcs\sources_1\imports\C27Soren.Herzog\OneDrive - afacademy.af.edu\Documents\Schoolwork Sem6 2026 Spring\M1 - ECE 383 CSYS\Lab\Lab 2\lab2_code_for_cadets_2026\lab2_fsm.vhdl:]
WARNING: [filemgmt 56-199] Attempt to get parsing info during refresh. "On-the-fly" syntax checking information may be incorrect. [C:\Users\C27Soren.Herzog\ece383\Herzog_ece383_wksp\lab2\Lab _2.srcs\sources_1\imports\C27Soren.Herzog\OneDrive - afacademy.af.edu\Documents\Schoolwork Sem6 2026 Spring\M1 - ECE 383 CSYS\Lab\Lab 2\lab2_code_for_cadets_2026\lab2_datapath.vhdl:]
WARNING: [filemgmt 56-199] Attempt to get parsing info during refresh. "On-the-fly" syntax checking information may be incorrect. [C:\Users\C27Soren.Herzog\ece383\Herzog_ece383_wksp\lab2\Lab _2.srcs\sources_1\imports\C27Soren.Herzog\OneDrive - afacademy.af.edu\Documents\Schoolwork Sem6 2026 Spring\M1 - ECE 383 CSYS\Lab\Lab 2\lab2_code_for_cadets_2026\lab2_datapath.vhdl:]
WARNING: [filemgmt 56-199] Attempt to get parsing info during refresh. "On-the-fly" syntax checking information may be incorrect. [C:\Users\C27Soren.Herzog\ece383\Herzog_ece383_wksp\lab2\Lab _2.srcs\sources_1\imports\C27Soren.Herzog\OneDrive - afacademy.af.edu\Documents\Schoolwork Sem6 2026 Spring\M1 - ECE 383 CSYS\Lab\Lab 2\lab2_code_for_cadets_2026\lab2_datapath.vhdl:]
WARNING: [filemgmt 56-199] Attempt to get parsing info during refresh. "On-the-fly" syntax checking information may be incorrect. [C:\Users\C27Soren.Herzog\ece383\Herzog_ece383_wksp\lab2\Lab _2.srcs\sources_1\imports\C27Soren.Herzog\OneDrive - afacademy.af.edu\Documents\Schoolwork Sem6 2026 Spring\M1 - ECE 383 CSYS\Lab\Lab 2\lab2_code_for_cadets_2026\ece383_pkg.vhd:]
WARNING: [filemgmt 56-199] Attempt to get parsing info during refresh. "On-the-fly" syntax checking information may be incorrect. [C:\Users\C27Soren.Herzog\ece383\Herzog_ece383_wksp\lab2\Lab _2.srcs\sources_1\imports\imports\new\counter.vhd:]
WARNING: [filemgmt 56-199] Attempt to get parsing info during refresh. "On-the-fly" syntax checking information may be incorrect. [C:\Users\C27Soren.Herzog\ece383\Herzog_ece383_wksp\lab2\Lab _2.srcs\sources_1\imports\C27Soren.Herzog\OneDrive - afacademy.af.edu\Documents\Schoolwork Sem6 2026 Spring\M1 - ECE 383 CSYS\Lab\Lab 2\lab2_code_for_cadets_2026\lab2.vhd:]
WARNING: [filemgmt 56-199] Attempt to get parsing info during refresh. "On-the-fly" syntax checking information may be incorrect. [C:\Users\C27Soren.Herzog\ece383\Herzog_ece383_wksp\lab2\Lab _2.srcs\sources_1\imports\C27Soren.Herzog\OneDrive - afacademy.af.edu\Documents\Schoolwork Sem6 2026 Spring\M1 - ECE 383 CSYS\Lab\Lab 2\lab2_code_for_cadets_2026\Audio_Codec_Wrapper.vhd:]
WARNING: [filemgmt 56-199] Attempt to get parsing info during refresh. "On-the-fly" syntax checking information may be incorrect. [C:\Users\C27Soren.Herzog\ece383\Herzog_ece383_wksp\lab2\Lab _2.srcs\sources_1\imports\C27Soren.Herzog\OneDrive - afacademy.af.edu\Documents\Schoolwork Sem6 2026 Spring\M1 - ECE 383 CSYS\Lab\Lab 2\lab2_code_for_cadets_2026\lab2_fsm.vhdl:]
WARNING: [filemgmt 56-199] Attempt to get parsing info during refresh. "On-the-fly" syntax checking information may be incorrect. [C:\Users\C27Soren.Herzog\ece383\Herzog_ece383_wksp\lab2\Lab _2.srcs\sources_1\imports\C27Soren.Herzog\OneDrive - afacademy.af.edu\Documents\Schoolwork Sem6 2026 Spring\M1 - ECE 383 CSYS\Lab\Lab 2\lab2_code_for_cadets_2026\lab2_datapath.vhdl:]
WARNING: [filemgmt 56-199] Attempt to get parsing info during refresh. "On-the-fly" syntax checking information may be incorrect. [C:\Users\C27Soren.Herzog\ece383\Herzog_ece383_wksp\lab2\Lab _2.srcs\sources_1\imports\imports\new\counter.vhd:]
WARNING: [filemgmt 56-199] Attempt to get parsing info during refresh. "On-the-fly" syntax checking information may be incorrect. [C:\Users\C27Soren.Herzog\ece383\Herzog_ece383_wksp\lab2\Lab _2.srcs\sources_1\imports\imports\new\counter.vhd:]
WARNING: [filemgmt 56-199] Attempt to get parsing info during refresh. "On-the-fly" syntax checking information may be incorrect. [C:\Users\C27Soren.Herzog\ece383\Herzog_ece383_wksp\lab2\Lab _2.srcs\sources_1\imports\C27Soren.Herzog\OneDrive - afacademy.af.edu\Documents\Schoolwork Sem6 2026 Spring\M1 - ECE 383 CSYS\Lab\Lab 2\lab2_code_for_cadets_2026\ece383_pkg.vhd:]
WARNING: [filemgmt 56-199] Attempt to get parsing info during refresh. "On-the-fly" syntax checking information may be incorrect. [C:\Users\C27Soren.Herzog\ece383\Herzog_ece383_wksp\lab2\Lab _2.srcs\sources_1\imports\imports\new\counter.vhd:]
WARNING: [filemgmt 56-199] Attempt to get parsing info during refresh. "On-the-fly" syntax checking information may be incorrect. [C:\Users\C27Soren.Herzog\ece383\Herzog_ece383_wksp\lab2\Lab _2.srcs\sources_1\imports\C27Soren.Herzog\OneDrive - afacademy.af.edu\Documents\Schoolwork Sem6 2026 Spring\M1 - ECE 383 CSYS\Lab\Lab 2\lab2_code_for_cadets_2026\lab2.vhd:]
WARNING: [filemgmt 56-199] Attempt to get parsing info during refresh. "On-the-fly" syntax checking information may be incorrect. [C:\Users\C27Soren.Herzog\ece383\Herzog_ece383_wksp\lab2\Lab _2.srcs\sources_1\imports\C27Soren.Herzog\OneDrive - afacademy.af.edu\Documents\Schoolwork Sem6 2026 Spring\M1 - ECE 383 CSYS\Lab\Lab 2\lab2_code_for_cadets_2026\Audio_Codec_Wrapper.vhd:]
WARNING: [filemgmt 56-199] Attempt to get parsing info during refresh. "On-the-fly" syntax checking information may be incorrect. [C:\Users\C27Soren.Herzog\ece383\Herzog_ece383_wksp\lab2\Lab _2.srcs\sources_1\imports\C27Soren.Herzog\OneDrive - afacademy.af.edu\Documents\Schoolwork Sem6 2026 Spring\M1 - ECE 383 CSYS\Lab\Lab 2\lab2_code_for_cadets_2026\lab2_fsm.vhdl:]
WARNING: [filemgmt 56-199] Attempt to get parsing info during refresh. "On-the-fly" syntax checking information may be incorrect. [C:\Users\C27Soren.Herzog\ece383\Herzog_ece383_wksp\lab2\Lab _2.srcs\sources_1\imports\C27Soren.Herzog\OneDrive - afacademy.af.edu\Documents\Schoolwork Sem6 2026 Spring\M1 - ECE 383 CSYS\Lab\Lab 2\lab2_code_for_cadets_2026\lab2_datapath.vhdl:]
WARNING: [filemgmt 56-199] Attempt to get parsing info during refresh. "On-the-fly" syntax checking information may be incorrect. [C:\Users\C27Soren.Herzog\ece383\Herzog_ece383_wksp\lab2\Lab _2.srcs\sources_1\imports\C27Soren.Herzog\OneDrive - afacademy.af.edu\Documents\Schoolwork Sem6 2026 Spring\M1 - ECE 383 CSYS\Lab\Lab 2\lab2_code_for_cadets_2026\lab2_fsm.vhdl:]
WARNING: [filemgmt 56-199] Attempt to get parsing info during refresh. "On-the-fly" syntax checking information may be incorrect. [C:\Users\C27Soren.Herzog\ece383\Herzog_ece383_wksp\lab2\Lab _2.srcs\sources_1\imports\C27Soren.Herzog\OneDrive - afacademy.af.edu\Documents\Schoolwork Sem6 2026 Spring\M1 - ECE 383 CSYS\Lab\Lab 2\lab2_code_for_cadets_2026\lab2_fsm.vhdl:]
WARNING: [filemgmt 56-199] Attempt to get parsing info during refresh. "On-the-fly" syntax checking information may be incorrect. [C:\Users\C27Soren.Herzog\ece383\Herzog_ece383_wksp\lab2\Lab _2.srcs\sources_1\imports\C27Soren.Herzog\OneDrive - afacademy.af.edu\Documents\Schoolwork Sem6 2026 Spring\M1 - ECE 383 CSYS\Lab\Lab 2\lab2_code_for_cadets_2026\ece383_pkg.vhd:]
WARNING: [filemgmt 56-199] Attempt to get parsing info during refresh. "On-the-fly" syntax checking information may be incorrect. [C:\Users\C27Soren.Herzog\ece383\Herzog_ece383_wksp\lab2\Lab _2.srcs\sources_1\imports\imports\new\counter.vhd:]
WARNING: [filemgmt 56-199] Attempt to get parsing info during refresh. "On-the-fly" syntax checking information may be incorrect. [C:\Users\C27Soren.Herzog\ece383\Herzog_ece383_wksp\lab2\Lab _2.srcs\sources_1\imports\C27Soren.Herzog\OneDrive - afacademy.af.edu\Documents\Schoolwork Sem6 2026 Spring\M1 - ECE 383 CSYS\Lab\Lab 2\lab2_code_for_cadets_2026\lab2.vhd:]
WARNING: [filemgmt 56-199] Attempt to get parsing info during refresh. "On-the-fly" syntax checking information may be incorrect. [C:\Users\C27Soren.Herzog\ece383\Herzog_ece383_wksp\lab2\Lab _2.srcs\sources_1\imports\C27Soren.Herzog\OneDrive - afacademy.af.edu\Documents\Schoolwork Sem6 2026 Spring\M1 - ECE 383 CSYS\Lab\Lab 2\lab2_code_for_cadets_2026\Audio_Codec_Wrapper.vhd:]
WARNING: [filemgmt 56-199] Attempt to get parsing info during refresh. "On-the-fly" syntax checking information may be incorrect. [C:\Users\C27Soren.Herzog\ece383\Herzog_ece383_wksp\lab2\Lab _2.srcs\sources_1\imports\C27Soren.Herzog\OneDrive - afacademy.af.edu\Documents\Schoolwork Sem6 2026 Spring\M1 - ECE 383 CSYS\Lab\Lab 2\lab2_code_for_cadets_2026\lab2_fsm.vhdl:]
WARNING: [filemgmt 56-199] Attempt to get parsing info during refresh. "On-the-fly" syntax checking information may be incorrect. [C:\Users\C27Soren.Herzog\ece383\Herzog_ece383_wksp\lab2\Lab _2.srcs\sources_1\imports\C27Soren.Herzog\OneDrive - afacademy.af.edu\Documents\Schoolwork Sem6 2026 Spring\M1 - ECE 383 CSYS\Lab\Lab 2\lab2_code_for_cadets_2026\lab2_datapath.vhdl:]
WARNING: [filemgmt 56-199] Attempt to get parsing info during refresh. "On-the-fly" syntax checking information may be incorrect. [C:\Users\C27Soren.Herzog\ece383\Herzog_ece383_wksp\lab2\Lab _2.srcs\sources_1\imports\C27Soren.Herzog\OneDrive - afacademy.af.edu\Documents\Schoolwork Sem6 2026 Spring\M1 - ECE 383 CSYS\Lab\Lab 2\lab2_code_for_cadets_2026\lab2_datapath.vhdl:]
WARNING: [filemgmt 56-199] Attempt to get parsing info during refresh. "On-the-fly" syntax checking information may be incorrect. [C:\Users\C27Soren.Herzog\ece383\Herzog_ece383_wksp\lab2\Lab _2.srcs\sources_1\imports\C27Soren.Herzog\OneDrive - afacademy.af.edu\Documents\Schoolwork Sem6 2026 Spring\M1 - ECE 383 CSYS\Lab\Lab 2\lab2_code_for_cadets_2026\lab2_datapath.vhdl:]
WARNING: [filemgmt 56-199] Attempt to get parsing info during refresh. "On-the-fly" syntax checking information may be incorrect. [C:\Users\C27Soren.Herzog\ece383\Herzog_ece383_wksp\lab2\Lab _2.srcs\sources_1\imports\C27Soren.Herzog\OneDrive - afacademy.af.edu\Documents\Schoolwork Sem6 2026 Spring\M1 - ECE 383 CSYS\Lab\Lab 2\lab2_code_for_cadets_2026\ece383_pkg.vhd:]
WARNING: [filemgmt 56-199] Attempt to get parsing info during refresh. "On-the-fly" syntax checking information may be incorrect. [C:\Users\C27Soren.Herzog\ece383\Herzog_ece383_wksp\lab2\Lab _2.srcs\sources_1\imports\imports\new\counter.vhd:]
WARNING: [filemgmt 56-199] Attempt to get parsing info during refresh. "On-the-fly" syntax checking information may be incorrect. [C:\Users\C27Soren.Herzog\ece383\Herzog_ece383_wksp\lab2\Lab _2.srcs\sources_1\imports\C27Soren.Herzog\OneDrive - afacademy.af.edu\Documents\Schoolwork Sem6 2026 Spring\M1 - ECE 383 CSYS\Lab\Lab 2\lab2_code_for_cadets_2026\lab2.vhd:]
WARNING: [filemgmt 56-199] Attempt to get parsing info during refresh. "On-the-fly" syntax checking information may be incorrect. [C:\Users\C27Soren.Herzog\ece383\Herzog_ece383_wksp\lab2\Lab _2.srcs\sources_1\imports\C27Soren.Herzog\OneDrive - afacademy.af.edu\Documents\Schoolwork Sem6 2026 Spring\M1 - ECE 383 CSYS\Lab\Lab 2\lab2_code_for_cadets_2026\Audio_Codec_Wrapper.vhd:]
WARNING: [filemgmt 56-199] Attempt to get parsing info during refresh. "On-the-fly" syntax checking information may be incorrect. [C:\Users\C27Soren.Herzog\ece383\Herzog_ece383_wksp\lab2\Lab _2.srcs\sources_1\imports\C27Soren.Herzog\OneDrive - afacademy.af.edu\Documents\Schoolwork Sem6 2026 Spring\M1 - ECE 383 CSYS\Lab\Lab 2\lab2_code_for_cadets_2026\lab2_fsm.vhdl:]
WARNING: [filemgmt 56-199] Attempt to get parsing info during refresh. "On-the-fly" syntax checking information may be incorrect. [C:\Users\C27Soren.Herzog\ece383\Herzog_ece383_wksp\lab2\Lab _2.srcs\sources_1\imports\C27Soren.Herzog\OneDrive - afacademy.af.edu\Documents\Schoolwork Sem6 2026 Spring\M1 - ECE 383 CSYS\Lab\Lab 2\lab2_code_for_cadets_2026\lab2_datapath.vhdl:]
WARNING: [filemgmt 56-199] Attempt to get parsing info during refresh. "On-the-fly" syntax checking information may be incorrect. [C:\Users\C27Soren.Herzog\ece383\Herzog_ece383_wksp\lab2\Lab _2.srcs\sources_1\imports\imports\new\counter.vhd:]
WARNING: [filemgmt 56-199] Attempt to get parsing info during refresh. "On-the-fly" syntax checking information may be incorrect. [C:\Users\C27Soren.Herzog\ece383\Herzog_ece383_wksp\lab2\Lab _2.srcs\sources_1\imports\imports\new\counter.vhd:]
WARNING: [filemgmt 56-199] Attempt to get parsing info during refresh. "On-the-fly" syntax checking information may be incorrect. [C:\Users\C27Soren.Herzog\ece383\Herzog_ece383_wksp\lab2\Lab _2.srcs\sources_1\imports\C27Soren.Herzog\OneDrive - afacademy.af.edu\Documents\Schoolwork Sem6 2026 Spring\M1 - ECE 383 CSYS\Lab\Lab 2\lab2_code_for_cadets_2026\ece383_pkg.vhd:]
WARNING: [filemgmt 56-199] Attempt to get parsing info during refresh. "On-the-fly" syntax checking information may be incorrect. [C:\Users\C27Soren.Herzog\ece383\Herzog_ece383_wksp\lab2\Lab _2.srcs\sources_1\imports\imports\new\counter.vhd:]
WARNING: [filemgmt 56-199] Attempt to get parsing info during refresh. "On-the-fly" syntax checking information may be incorrect. [C:\Users\C27Soren.Herzog\ece383\Herzog_ece383_wksp\lab2\Lab _2.srcs\sources_1\imports\C27Soren.Herzog\OneDrive - afacademy.af.edu\Documents\Schoolwork Sem6 2026 Spring\M1 - ECE 383 CSYS\Lab\Lab 2\lab2_code_for_cadets_2026\lab2.vhd:]
WARNING: [filemgmt 56-199] Attempt to get parsing info during refresh. "On-the-fly" syntax checking information may be incorrect. [C:\Users\C27Soren.Herzog\ece383\Herzog_ece383_wksp\lab2\Lab _2.srcs\sources_1\imports\C27Soren.Herzog\OneDrive - afacademy.af.edu\Documents\Schoolwork Sem6 2026 Spring\M1 - ECE 383 CSYS\Lab\Lab 2\lab2_code_for_cadets_2026\Audio_Codec_Wrapper.vhd:]
WARNING: [filemgmt 56-199] Attempt to get parsing info during refresh. "On-the-fly" syntax checking information may be incorrect. [C:\Users\C27Soren.Herzog\ece383\Herzog_ece383_wksp\lab2\Lab _2.srcs\sources_1\imports\C27Soren.Herzog\OneDrive - afacademy.af.edu\Documents\Schoolwork Sem6 2026 Spring\M1 - ECE 383 CSYS\Lab\Lab 2\lab2_code_for_cadets_2026\lab2_fsm.vhdl:]
WARNING: [filemgmt 56-199] Attempt to get parsing info during refresh. "On-the-fly" syntax checking information may be incorrect. [C:\Users\C27Soren.Herzog\ece383\Herzog_ece383_wksp\lab2\Lab _2.srcs\sources_1\imports\C27Soren.Herzog\OneDrive - afacademy.af.edu\Documents\Schoolwork Sem6 2026 Spring\M1 - ECE 383 CSYS\Lab\Lab 2\lab2_code_for_cadets_2026\lab2_datapath.vhdl:]
WARNING: [filemgmt 56-199] Attempt to get parsing info during refresh. "On-the-fly" syntax checking information may be incorrect. [C:\Users\C27Soren.Herzog\ece383\Herzog_ece383_wksp\lab2\Lab _2.srcs\sources_1\imports\C27Soren.Herzog\OneDrive - afacademy.af.edu\Documents\Schoolwork Sem6 2026 Spring\M1 - ECE 383 CSYS\Lab\Lab 2\lab2_code_for_cadets_2026\lab2.vhd:]
WARNING: [filemgmt 56-199] Attempt to get parsing info during refresh. "On-the-fly" syntax checking information may be incorrect. [C:\Users\C27Soren.Herzog\ece383\Herzog_ece383_wksp\lab2\Lab _2.srcs\sources_1\imports\C27Soren.Herzog\OneDrive - afacademy.af.edu\Documents\Schoolwork Sem6 2026 Spring\M1 - ECE 383 CSYS\Lab\Lab 2\lab2_code_for_cadets_2026\lab2.vhd:]
ERROR: [Common 17-180] Spawn failed: No error
ERROR: [Common 17-180] Spawn failed: No error
ERROR: [Common 17-180] Spawn failed: No error
WARNING: [filemgmt 56-199] Attempt to get parsing info during refresh. "On-the-fly" syntax checking information may be incorrect. [C:\Users\C27Soren.Herzog\ece383\Herzog_ece383_wksp\lab2\Lab _2.srcs\sources_1\imports\C27Soren.Herzog\OneDrive - afacademy.af.edu\Documents\Schoolwork Sem6 2026 Spring\M1 - ECE 383 CSYS\Lab\Lab 2\lab2_code_for_cadets_2026\ece383_pkg.vhd:]
WARNING: [filemgmt 56-199] Attempt to get parsing info during refresh. "On-the-fly" syntax checking information may be incorrect. [C:\Users\C27Soren.Herzog\ece383\Herzog_ece383_wksp\lab2\Lab _2.srcs\sources_1\imports\imports\new\counter.vhd:]
WARNING: [filemgmt 56-199] Attempt to get parsing info during refresh. "On-the-fly" syntax checking information may be incorrect. [C:\Users\C27Soren.Herzog\ece383\Herzog_ece383_wksp\lab2\Lab _2.srcs\sources_1\imports\C27Soren.Herzog\OneDrive - afacademy.af.edu\Documents\Schoolwork Sem6 2026 Spring\M1 - ECE 383 CSYS\Lab\Lab 2\lab2_code_for_cadets_2026\lab2.vhd:]
WARNING: [filemgmt 56-199] Attempt to get parsing info during refresh. "On-the-fly" syntax checking information may be incorrect. [C:\Users\C27Soren.Herzog\ece383\Herzog_ece383_wksp\lab2\Lab _2.srcs\sources_1\imports\C27Soren.Herzog\OneDrive - afacademy.af.edu\Documents\Schoolwork Sem6 2026 Spring\M1 - ECE 383 CSYS\Lab\Lab 2\lab2_code_for_cadets_2026\Audio_Codec_Wrapper.vhd:]
WARNING: [filemgmt 56-199] Attempt to get parsing info during refresh. "On-the-fly" syntax checking information may be incorrect. [C:\Users\C27Soren.Herzog\ece383\Herzog_ece383_wksp\lab2\Lab _2.srcs\sources_1\imports\C27Soren.Herzog\OneDrive - afacademy.af.edu\Documents\Schoolwork Sem6 2026 Spring\M1 - ECE 383 CSYS\Lab\Lab 2\lab2_code_for_cadets_2026\lab2_fsm.vhdl:]
WARNING: [filemgmt 56-199] Attempt to get parsing info during refresh. "On-the-fly" syntax checking information may be incorrect. [C:\Users\C27Soren.Herzog\ece383\Herzog_ece383_wksp\lab2\Lab _2.srcs\sources_1\imports\C27Soren.Herzog\OneDrive - afacademy.af.edu\Documents\Schoolwork Sem6 2026 Spring\M1 - ECE 383 CSYS\Lab\Lab 2\lab2_code_for_cadets_2026\lab2_datapath.vhdl:]
WARNING: [filemgmt 56-199] Attempt to get parsing info during refresh. "On-the-fly" syntax checking information may be incorrect. [C:\Users\C27Soren.Herzog\ece383\Herzog_ece383_wksp\lab2\Lab _2.srcs\sources_1\imports\C27Soren.Herzog\OneDrive - afacademy.af.edu\Documents\Schoolwork Sem6 2026 Spring\M1 - ECE 383 CSYS\Lab\Lab 2\lab2_code_for_cadets_2026\Audio_Codec_Wrapper.vhd:]
WARNING: [filemgmt 56-199] Attempt to get parsing info during refresh. "On-the-fly" syntax checking information may be incorrect. [C:\Users\C27Soren.Herzog\ece383\Herzog_ece383_wksp\lab2\Lab _2.srcs\sources_1\imports\C27Soren.Herzog\OneDrive - afacademy.af.edu\Documents\Schoolwork Sem6 2026 Spring\M1 - ECE 383 CSYS\Lab\Lab 2\lab2_code_for_cadets_2026\Audio_Codec_Wrapper.vhd:]
WARNING: [filemgmt 56-199] Attempt to get parsing info during refresh. "On-the-fly" syntax checking information may be incorrect. [C:\Users\C27Soren.Herzog\ece383\Herzog_ece383_wksp\lab2\Lab _2.srcs\sources_1\imports\C27Soren.Herzog\OneDrive - afacademy.af.edu\Documents\Schoolwork Sem6 2026 Spring\M1 - ECE 383 CSYS\Lab\Lab 2\lab2_code_for_cadets_2026\ece383_pkg.vhd:]
WARNING: [filemgmt 56-199] Attempt to get parsing info during refresh. "On-the-fly" syntax checking information may be incorrect. [C:\Users\C27Soren.Herzog\ece383\Herzog_ece383_wksp\lab2\Lab _2.srcs\sources_1\imports\imports\new\counter.vhd:]
WARNING: [filemgmt 56-199] Attempt to get parsing info during refresh. "On-the-fly" syntax checking information may be incorrect. [C:\Users\C27Soren.Herzog\ece383\Herzog_ece383_wksp\lab2\Lab _2.srcs\sources_1\imports\C27Soren.Herzog\OneDrive - afacademy.af.edu\Documents\Schoolwork Sem6 2026 Spring\M1 - ECE 383 CSYS\Lab\Lab 2\lab2_code_for_cadets_2026\lab2.vhd:]
WARNING: [filemgmt 56-199] Attempt to get parsing info during refresh. "On-the-fly" syntax checking information may be incorrect. [C:\Users\C27Soren.Herzog\ece383\Herzog_ece383_wksp\lab2\Lab _2.srcs\sources_1\imports\C27Soren.Herzog\OneDrive - afacademy.af.edu\Documents\Schoolwork Sem6 2026 Spring\M1 - ECE 383 CSYS\Lab\Lab 2\lab2_code_for_cadets_2026\Audio_Codec_Wrapper.vhd:]
WARNING: [filemgmt 56-199] Attempt to get parsing info during refresh. "On-the-fly" syntax checking information may be incorrect. [C:\Users\C27Soren.Herzog\ece383\Herzog_ece383_wksp\lab2\Lab _2.srcs\sources_1\imports\C27Soren.Herzog\OneDrive - afacademy.af.edu\Documents\Schoolwork Sem6 2026 Spring\M1 - ECE 383 CSYS\Lab\Lab 2\lab2_code_for_cadets_2026\lab2_fsm.vhdl:]
WARNING: [filemgmt 56-199] Attempt to get parsing info during refresh. "On-the-fly" syntax checking information may be incorrect. [C:\Users\C27Soren.Herzog\ece383\Herzog_ece383_wksp\lab2\Lab _2.srcs\sources_1\imports\C27Soren.Herzog\OneDrive - afacademy.af.edu\Documents\Schoolwork Sem6 2026 Spring\M1 - ECE 383 CSYS\Lab\Lab 2\lab2_code_for_cadets_2026\lab2_datapath.vhdl:]
WARNING: [filemgmt 56-199] Attempt to get parsing info during refresh. "On-the-fly" syntax checking information may be incorrect. [C:\Users\C27Soren.Herzog\ece383\Herzog_ece383_wksp\lab2\Lab _2.srcs\sources_1\imports\C27Soren.Herzog\OneDrive - afacademy.af.edu\Documents\Schoolwork Sem6 2026 Spring\M1 - ECE 383 CSYS\Lab\Lab 2\lab2_code_for_cadets_2026\ece383_pkg.vhd:]
WARNING: [filemgmt 56-199] Attempt to get parsing info during refresh. "On-the-fly" syntax checking information may be incorrect. [C:\Users\C27Soren.Herzog\ece383\Herzog_ece383_wksp\lab2\Lab _2.srcs\sources_1\imports\C27Soren.Herzog\OneDrive - afacademy.af.edu\Documents\Schoolwork Sem6 2026 Spring\M1 - ECE 383 CSYS\Lab\Lab 2\lab2_code_for_cadets_2026\ece383_pkg.vhd:]
WARNING: [filemgmt 56-199] Attempt to get parsing info during refresh. "On-the-fly" syntax checking information may be incorrect. [C:\Users\C27Soren.Herzog\ece383\Herzog_ece383_wksp\lab2\Lab _2.srcs\sources_1\imports\C27Soren.Herzog\OneDrive - afacademy.af.edu\Documents\Schoolwork Sem6 2026 Spring\M1 - ECE 383 CSYS\Lab\Lab 2\lab2_code_for_cadets_2026\ece383_pkg.vhd:]
WARNING: [filemgmt 56-199] Attempt to get parsing info during refresh. "On-the-fly" syntax checking information may be incorrect. [C:\Users\C27Soren.Herzog\ece383\Herzog_ece383_wksp\lab2\Lab _2.srcs\sources_1\imports\imports\new\counter.vhd:]
WARNING: [filemgmt 56-199] Attempt to get parsing info during refresh. "On-the-fly" syntax checking information may be incorrect. [C:\Users\C27Soren.Herzog\ece383\Herzog_ece383_wksp\lab2\Lab _2.srcs\sources_1\imports\C27Soren.Herzog\OneDrive - afacademy.af.edu\Documents\Schoolwork Sem6 2026 Spring\M1 - ECE 383 CSYS\Lab\Lab 2\lab2_code_for_cadets_2026\lab2.vhd:]
WARNING: [filemgmt 56-199] Attempt to get parsing info during refresh. "On-the-fly" syntax checking information may be incorrect. [C:\Users\C27Soren.Herzog\ece383\Herzog_ece383_wksp\lab2\Lab _2.srcs\sources_1\imports\C27Soren.Herzog\OneDrive - afacademy.af.edu\Documents\Schoolwork Sem6 2026 Spring\M1 - ECE 383 CSYS\Lab\Lab 2\lab2_code_for_cadets_2026\Audio_Codec_Wrapper.vhd:]
WARNING: [filemgmt 56-199] Attempt to get parsing info during refresh. "On-the-fly" syntax checking information may be incorrect. [C:\Users\C27Soren.Herzog\ece383\Herzog_ece383_wksp\lab2\Lab _2.srcs\sources_1\imports\C27Soren.Herzog\OneDrive - afacademy.af.edu\Documents\Schoolwork Sem6 2026 Spring\M1 - ECE 383 CSYS\Lab\Lab 2\lab2_code_for_cadets_2026\lab2_fsm.vhdl:]
WARNING: [filemgmt 56-199] Attempt to get parsing info during refresh. "On-the-fly" syntax checking information may be incorrect. [C:\Users\C27Soren.Herzog\ece383\Herzog_ece383_wksp\lab2\Lab _2.srcs\sources_1\imports\C27Soren.Herzog\OneDrive - afacademy.af.edu\Documents\Schoolwork Sem6 2026 Spring\M1 - ECE 383 CSYS\Lab\Lab 2\lab2_code_for_cadets_2026\lab2_datapath.vhdl:]
WARNING: [filemgmt 56-199] Attempt to get parsing info during refresh. "On-the-fly" syntax checking information may be incorrect. [C:\Users\C27Soren.Herzog\ece383\Herzog_ece383_wksp\lab2\Lab _2.srcs\sources_1\imports\C27Soren.Herzog\OneDrive - afacademy.af.edu\Documents\Schoolwork Sem6 2026 Spring\M1 - ECE 383 CSYS\Lab\Lab 2\lab2_code_for_cadets_2026\lab2.vhd:]
WARNING: [filemgmt 56-199] Attempt to get parsing info during refresh. "On-the-fly" syntax checking information may be incorrect. [C:\Users\C27Soren.Herzog\ece383\Herzog_ece383_wksp\lab2\Lab _2.srcs\sources_1\imports\C27Soren.Herzog\OneDrive - afacademy.af.edu\Documents\Schoolwork Sem6 2026 Spring\M1 - ECE 383 CSYS\Lab\Lab 2\lab2_code_for_cadets_2026\lab2.vhd:]
ERROR: [Common 17-180] Spawn failed: No error
WARNING: [filemgmt 56-199] Attempt to get parsing info during refresh. "On-the-fly" syntax checking information may be incorrect. [C:\Users\C27Soren.Herzog\ece383\Herzog_ece383_wksp\lab2\Lab _2.srcs\sources_1\imports\C27Soren.Herzog\OneDrive - afacademy.af.edu\Documents\Schoolwork Sem6 2026 Spring\M1 - ECE 383 CSYS\Lab\Lab 2\lab2_code_for_cadets_2026\ece383_pkg.vhd:]
WARNING: [filemgmt 56-199] Attempt to get parsing info during refresh. "On-the-fly" syntax checking information may be incorrect. [C:\Users\C27Soren.Herzog\ece383\Herzog_ece383_wksp\lab2\Lab _2.srcs\sources_1\imports\imports\new\counter.vhd:]
WARNING: [filemgmt 56-199] Attempt to get parsing info during refresh. "On-the-fly" syntax checking information may be incorrect. [C:\Users\C27Soren.Herzog\ece383\Herzog_ece383_wksp\lab2\Lab _2.srcs\sources_1\imports\C27Soren.Herzog\OneDrive - afacademy.af.edu\Documents\Schoolwork Sem6 2026 Spring\M1 - ECE 383 CSYS\Lab\Lab 2\lab2_code_for_cadets_2026\lab2.vhd:]
WARNING: [filemgmt 56-199] Attempt to get parsing info during refresh. "On-the-fly" syntax checking information may be incorrect. [C:\Users\C27Soren.Herzog\ece383\Herzog_ece383_wksp\lab2\Lab _2.srcs\sources_1\imports\C27Soren.Herzog\OneDrive - afacademy.af.edu\Documents\Schoolwork Sem6 2026 Spring\M1 - ECE 383 CSYS\Lab\Lab 2\lab2_code_for_cadets_2026\Audio_Codec_Wrapper.vhd:]
WARNING: [filemgmt 56-199] Attempt to get parsing info during refresh. "On-the-fly" syntax checking information may be incorrect. [C:\Users\C27Soren.Herzog\ece383\Herzog_ece383_wksp\lab2\Lab _2.srcs\sources_1\imports\C27Soren.Herzog\OneDrive - afacademy.af.edu\Documents\Schoolwork Sem6 2026 Spring\M1 - ECE 383 CSYS\Lab\Lab 2\lab2_code_for_cadets_2026\lab2_fsm.vhdl:]
WARNING: [filemgmt 56-199] Attempt to get parsing info during refresh. "On-the-fly" syntax checking information may be incorrect. [C:\Users\C27Soren.Herzog\ece383\Herzog_ece383_wksp\lab2\Lab _2.srcs\sources_1\imports\C27Soren.Herzog\OneDrive - afacademy.af.edu\Documents\Schoolwork Sem6 2026 Spring\M1 - ECE 383 CSYS\Lab\Lab 2\lab2_code_for_cadets_2026\lab2_datapath.vhdl:]
WARNING: [filemgmt 56-199] Attempt to get parsing info during refresh. "On-the-fly" syntax checking information may be incorrect. [C:\Users\C27Soren.Herzog\ece383\Herzog_ece383_wksp\lab2\Lab _2.srcs\sources_1\imports\C27Soren.Herzog\OneDrive - afacademy.af.edu\Documents\Schoolwork Sem6 2026 Spring\M1 - ECE 383 CSYS\Lab\Lab 2\lab2_code_for_cadets_2026\Audio_Codec_Wrapper.vhd:]
WARNING: [filemgmt 56-199] Attempt to get parsing info during refresh. "On-the-fly" syntax checking information may be incorrect. [C:\Users\C27Soren.Herzog\ece383\Herzog_ece383_wksp\lab2\Lab _2.srcs\sources_1\imports\C27Soren.Herzog\OneDrive - afacademy.af.edu\Documents\Schoolwork Sem6 2026 Spring\M1 - ECE 383 CSYS\Lab\Lab 2\lab2_code_for_cadets_2026\Audio_Codec_Wrapper.vhd:]
ERROR: [Common 17-180] Spawn failed: No error
WARNING: [filemgmt 56-199] Attempt to get parsing info during refresh. "On-the-fly" syntax checking information may be incorrect. [C:\Users\C27Soren.Herzog\ece383\Herzog_ece383_wksp\lab2\Lab _2.srcs\sources_1\imports\C27Soren.Herzog\OneDrive - afacademy.af.edu\Documents\Schoolwork Sem6 2026 Spring\M1 - ECE 383 CSYS\Lab\Lab 2\lab2_code_for_cadets_2026\ece383_pkg.vhd:]
WARNING: [filemgmt 56-199] Attempt to get parsing info during refresh. "On-the-fly" syntax checking information may be incorrect. [C:\Users\C27Soren.Herzog\ece383\Herzog_ece383_wksp\lab2\Lab _2.srcs\sources_1\imports\imports\new\counter.vhd:]
WARNING: [filemgmt 56-199] Attempt to get parsing info during refresh. "On-the-fly" syntax checking information may be incorrect. [C:\Users\C27Soren.Herzog\ece383\Herzog_ece383_wksp\lab2\Lab _2.srcs\sources_1\imports\C27Soren.Herzog\OneDrive - afacademy.af.edu\Documents\Schoolwork Sem6 2026 Spring\M1 - ECE 383 CSYS\Lab\Lab 2\lab2_code_for_cadets_2026\lab2.vhd:]
WARNING: [filemgmt 56-199] Attempt to get parsing info during refresh. "On-the-fly" syntax checking information may be incorrect. [C:\Users\C27Soren.Herzog\ece383\Herzog_ece383_wksp\lab2\Lab _2.srcs\sources_1\imports\C27Soren.Herzog\OneDrive - afacademy.af.edu\Documents\Schoolwork Sem6 2026 Spring\M1 - ECE 383 CSYS\Lab\Lab 2\lab2_code_for_cadets_2026\Audio_Codec_Wrapper.vhd:]
WARNING: [filemgmt 56-199] Attempt to get parsing info during refresh. "On-the-fly" syntax checking information may be incorrect. [C:\Users\C27Soren.Herzog\ece383\Herzog_ece383_wksp\lab2\Lab _2.srcs\sources_1\imports\C27Soren.Herzog\OneDrive - afacademy.af.edu\Documents\Schoolwork Sem6 2026 Spring\M1 - ECE 383 CSYS\Lab\Lab 2\lab2_code_for_cadets_2026\lab2_fsm.vhdl:]
WARNING: [filemgmt 56-199] Attempt to get parsing info during refresh. "On-the-fly" syntax checking information may be incorrect. [C:\Users\C27Soren.Herzog\ece383\Herzog_ece383_wksp\lab2\Lab _2.srcs\sources_1\imports\C27Soren.Herzog\OneDrive - afacademy.af.edu\Documents\Schoolwork Sem6 2026 Spring\M1 - ECE 383 CSYS\Lab\Lab 2\lab2_code_for_cadets_2026\lab2_datapath.vhdl:]
WARNING: [filemgmt 56-199] Attempt to get parsing info during refresh. "On-the-fly" syntax checking information may be incorrect. [C:\Users\C27Soren.Herzog\ece383\Herzog_ece383_wksp\lab2\Lab _2.srcs\sources_1\imports\C27Soren.Herzog\OneDrive - afacademy.af.edu\Documents\Schoolwork Sem6 2026 Spring\M1 - ECE 383 CSYS\Lab\Lab 2\lab2_code_for_cadets_2026\lab2_fsm.vhdl:]
WARNING: [filemgmt 56-199] Attempt to get parsing info during refresh. "On-the-fly" syntax checking information may be incorrect. [C:\Users\C27Soren.Herzog\ece383\Herzog_ece383_wksp\lab2\Lab _2.srcs\sources_1\imports\C27Soren.Herzog\OneDrive - afacademy.af.edu\Documents\Schoolwork Sem6 2026 Spring\M1 - ECE 383 CSYS\Lab\Lab 2\lab2_code_for_cadets_2026\lab2_fsm.vhdl:]
ERROR: [Common 17-180] Spawn failed: No error
reset_run synth_1
INFO: [Project 1-1161] Replacing file C:/Users/C27Soren.Herzog/ece383/Herzog_ece383_wksp/lab2/Lab _2.srcs/utils_1/imports/synth_1/lab2.dcp with file C:/Users/C27Soren.Herzog/ece383/Herzog_ece383_wksp/lab2/Lab _2.runs/synth_1/lab2.dcp
WARNING: [filemgmt 56-199] Attempt to get parsing info during refresh. "On-the-fly" syntax checking information may be incorrect. [C:\Users\C27Soren.Herzog\ece383\Herzog_ece383_wksp\lab2\Lab _2.srcs\sources_1\imports\C27Soren.Herzog\OneDrive - afacademy.af.edu\Documents\Schoolwork Sem6 2026 Spring\M1 - ECE 383 CSYS\Lab\Lab 2\lab2_code_for_cadets_2026\ece383_pkg.vhd:]
WARNING: [filemgmt 56-199] Attempt to get parsing info during refresh. "On-the-fly" syntax checking information may be incorrect. [C:\Users\C27Soren.Herzog\ece383\Herzog_ece383_wksp\lab2\Lab _2.srcs\sources_1\imports\imports\new\counter.vhd:]
WARNING: [filemgmt 56-199] Attempt to get parsing info during refresh. "On-the-fly" syntax checking information may be incorrect. [C:\Users\C27Soren.Herzog\ece383\Herzog_ece383_wksp\lab2\Lab _2.srcs\sources_1\imports\C27Soren.Herzog\OneDrive - afacademy.af.edu\Documents\Schoolwork Sem6 2026 Spring\M1 - ECE 383 CSYS\Lab\Lab 2\lab2_code_for_cadets_2026\lab2.vhd:]
WARNING: [filemgmt 56-199] Attempt to get parsing info during refresh. "On-the-fly" syntax checking information may be incorrect. [C:\Users\C27Soren.Herzog\ece383\Herzog_ece383_wksp\lab2\Lab _2.srcs\sources_1\imports\C27Soren.Herzog\OneDrive - afacademy.af.edu\Documents\Schoolwork Sem6 2026 Spring\M1 - ECE 383 CSYS\Lab\Lab 2\lab2_code_for_cadets_2026\Audio_Codec_Wrapper.vhd:]
WARNING: [filemgmt 56-199] Attempt to get parsing info during refresh. "On-the-fly" syntax checking information may be incorrect. [C:\Users\C27Soren.Herzog\ece383\Herzog_ece383_wksp\lab2\Lab _2.srcs\sources_1\imports\C27Soren.Herzog\OneDrive - afacademy.af.edu\Documents\Schoolwork Sem6 2026 Spring\M1 - ECE 383 CSYS\Lab\Lab 2\lab2_code_for_cadets_2026\lab2_fsm.vhdl:]
WARNING: [filemgmt 56-199] Attempt to get parsing info during refresh. "On-the-fly" syntax checking information may be incorrect. [C:\Users\C27Soren.Herzog\ece383\Herzog_ece383_wksp\lab2\Lab _2.srcs\sources_1\imports\C27Soren.Herzog\OneDrive - afacademy.af.edu\Documents\Schoolwork Sem6 2026 Spring\M1 - ECE 383 CSYS\Lab\Lab 2\lab2_code_for_cadets_2026\lab2_datapath.vhdl:]
WARNING: [filemgmt 56-199] Attempt to get parsing info during refresh. "On-the-fly" syntax checking information may be incorrect. [C:\Users\C27Soren.Herzog\ece383\Herzog_ece383_wksp\lab2\Lab _2.srcs\sources_1\imports\C27Soren.Herzog\OneDrive - afacademy.af.edu\Documents\Schoolwork Sem6 2026 Spring\M1 - ECE 383 CSYS\Lab\Lab 2\lab2_code_for_cadets_2026\lab2_datapath.vhdl:]
WARNING: [filemgmt 56-199] Attempt to get parsing info during refresh. "On-the-fly" syntax checking information may be incorrect. [C:\Users\C27Soren.Herzog\ece383\Herzog_ece383_wksp\lab2\Lab _2.srcs\sources_1\imports\C27Soren.Herzog\OneDrive - afacademy.af.edu\Documents\Schoolwork Sem6 2026 Spring\M1 - ECE 383 CSYS\Lab\Lab 2\lab2_code_for_cadets_2026\lab2_datapath.vhdl:]
WARNING: [filemgmt 56-199] Attempt to get parsing info during refresh. "On-the-fly" syntax checking information may be incorrect. [C:\Users\C27Soren.Herzog\ece383\Herzog_ece383_wksp\lab2\Lab _2.srcs\sources_1\imports\C27Soren.Herzog\OneDrive - afacademy.af.edu\Documents\Schoolwork Sem6 2026 Spring\M1 - ECE 383 CSYS\Lab\Lab 2\lab2_code_for_cadets_2026\ece383_pkg.vhd:]
WARNING: [filemgmt 56-199] Attempt to get parsing info during refresh. "On-the-fly" syntax checking information may be incorrect. [C:\Users\C27Soren.Herzog\ece383\Herzog_ece383_wksp\lab2\Lab _2.srcs\sources_1\imports\imports\new\counter.vhd:]
WARNING: [filemgmt 56-199] Attempt to get parsing info during refresh. "On-the-fly" syntax checking information may be incorrect. [C:\Users\C27Soren.Herzog\ece383\Herzog_ece383_wksp\lab2\Lab _2.srcs\sources_1\imports\C27Soren.Herzog\OneDrive - afacademy.af.edu\Documents\Schoolwork Sem6 2026 Spring\M1 - ECE 383 CSYS\Lab\Lab 2\lab2_code_for_cadets_2026\lab2.vhd:]
WARNING: [filemgmt 56-199] Attempt to get parsing info during refresh. "On-the-fly" syntax checking information may be incorrect. [C:\Users\C27Soren.Herzog\ece383\Herzog_ece383_wksp\lab2\Lab _2.srcs\sources_1\imports\C27Soren.Herzog\OneDrive - afacademy.af.edu\Documents\Schoolwork Sem6 2026 Spring\M1 - ECE 383 CSYS\Lab\Lab 2\lab2_code_for_cadets_2026\Audio_Codec_Wrapper.vhd:]
WARNING: [filemgmt 56-199] Attempt to get parsing info during refresh. "On-the-fly" syntax checking information may be incorrect. [C:\Users\C27Soren.Herzog\ece383\Herzog_ece383_wksp\lab2\Lab _2.srcs\sources_1\imports\C27Soren.Herzog\OneDrive - afacademy.af.edu\Documents\Schoolwork Sem6 2026 Spring\M1 - ECE 383 CSYS\Lab\Lab 2\lab2_code_for_cadets_2026\lab2_fsm.vhdl:]
WARNING: [filemgmt 56-199] Attempt to get parsing info during refresh. "On-the-fly" syntax checking information may be incorrect. [C:\Users\C27Soren.Herzog\ece383\Herzog_ece383_wksp\lab2\Lab _2.srcs\sources_1\imports\C27Soren.Herzog\OneDrive - afacademy.af.edu\Documents\Schoolwork Sem6 2026 Spring\M1 - ECE 383 CSYS\Lab\Lab 2\lab2_code_for_cadets_2026\lab2_datapath.vhdl:]
WARNING: [filemgmt 56-199] Attempt to get parsing info during refresh. "On-the-fly" syntax checking information may be incorrect. [C:\Users\C27Soren.Herzog\ece383\Herzog_ece383_wksp\lab2\Lab _2.srcs\sources_1\imports\imports\new\counter.vhd:]
WARNING: [filemgmt 56-199] Attempt to get parsing info during refresh. "On-the-fly" syntax checking information may be incorrect. [C:\Users\C27Soren.Herzog\ece383\Herzog_ece383_wksp\lab2\Lab _2.srcs\sources_1\imports\imports\new\counter.vhd:]
WARNING: [filemgmt 56-199] Attempt to get parsing info during refresh. "On-the-fly" syntax checking information may be incorrect. [C:\Users\C27Soren.Herzog\ece383\Herzog_ece383_wksp\lab2\Lab _2.srcs\sources_1\imports\C27Soren.Herzog\OneDrive - afacademy.af.edu\Documents\Schoolwork Sem6 2026 Spring\M1 - ECE 383 CSYS\Lab\Lab 2\lab2_code_for_cadets_2026\ece383_pkg.vhd:]
WARNING: [filemgmt 56-199] Attempt to get parsing info during refresh. "On-the-fly" syntax checking information may be incorrect. [C:\Users\C27Soren.Herzog\ece383\Herzog_ece383_wksp\lab2\Lab _2.srcs\sources_1\imports\imports\new\counter.vhd:]
WARNING: [filemgmt 56-199] Attempt to get parsing info during refresh. "On-the-fly" syntax checking information may be incorrect. [C:\Users\C27Soren.Herzog\ece383\Herzog_ece383_wksp\lab2\Lab _2.srcs\sources_1\imports\C27Soren.Herzog\OneDrive - afacademy.af.edu\Documents\Schoolwork Sem6 2026 Spring\M1 - ECE 383 CSYS\Lab\Lab 2\lab2_code_for_cadets_2026\lab2.vhd:]
WARNING: [filemgmt 56-199] Attempt to get parsing info during refresh. "On-the-fly" syntax checking information may be incorrect. [C:\Users\C27Soren.Herzog\ece383\Herzog_ece383_wksp\lab2\Lab _2.srcs\sources_1\imports\C27Soren.Herzog\OneDrive - afacademy.af.edu\Documents\Schoolwork Sem6 2026 Spring\M1 - ECE 383 CSYS\Lab\Lab 2\lab2_code_for_cadets_2026\Audio_Codec_Wrapper.vhd:]
WARNING: [filemgmt 56-199] Attempt to get parsing info during refresh. "On-the-fly" syntax checking information may be incorrect. [C:\Users\C27Soren.Herzog\ece383\Herzog_ece383_wksp\lab2\Lab _2.srcs\sources_1\imports\C27Soren.Herzog\OneDrive - afacademy.af.edu\Documents\Schoolwork Sem6 2026 Spring\M1 - ECE 383 CSYS\Lab\Lab 2\lab2_code_for_cadets_2026\lab2_fsm.vhdl:]
WARNING: [filemgmt 56-199] Attempt to get parsing info during refresh. "On-the-fly" syntax checking information may be incorrect. [C:\Users\C27Soren.Herzog\ece383\Herzog_ece383_wksp\lab2\Lab _2.srcs\sources_1\imports\C27Soren.Herzog\OneDrive - afacademy.af.edu\Documents\Schoolwork Sem6 2026 Spring\M1 - ECE 383 CSYS\Lab\Lab 2\lab2_code_for_cadets_2026\lab2_datapath.vhdl:]
WARNING: [filemgmt 56-199] Attempt to get parsing info during refresh. "On-the-fly" syntax checking information may be incorrect. [C:\Users\C27Soren.Herzog\ece383\Herzog_ece383_wksp\lab2\Lab _2.srcs\sources_1\imports\C27Soren.Herzog\OneDrive - afacademy.af.edu\Documents\Schoolwork Sem6 2026 Spring\M1 - ECE 383 CSYS\Lab\Lab 2\lab2_code_for_cadets_2026\lab2_fsm.vhdl:]
WARNING: [filemgmt 56-199] Attempt to get parsing info during refresh. "On-the-fly" syntax checking information may be incorrect. [C:\Users\C27Soren.Herzog\ece383\Herzog_ece383_wksp\lab2\Lab _2.srcs\sources_1\imports\C27Soren.Herzog\OneDrive - afacademy.af.edu\Documents\Schoolwork Sem6 2026 Spring\M1 - ECE 383 CSYS\Lab\Lab 2\lab2_code_for_cadets_2026\lab2_fsm.vhdl:]
launch_runs impl_1 -to_step write_bitstream -jobs 8
INFO: [Vivado 12-4149] The synthesis checkpoint for IP 'C:/Users/C27Soren.Herzog/ece383/Herzog_ece383_wksp/lab2/Lab _2.srcs/sources_1/ip/clk_wiz_0/clk_wiz_0.xci' is already up-to-date
[Thu Feb 12 08:02:51 2026] Launched synth_1...
Run output will be captured here: C:/Users/C27Soren.Herzog/ece383/Herzog_ece383_wksp/lab2/Lab _2.runs/synth_1/runme.log
ERROR: [Common 17-180] Spawn failed: No error
[Thu Feb 12 08:02:52 2026] Launched impl_1...
Run output will be captured here: C:/Users/C27Soren.Herzog/ece383/Herzog_ece383_wksp/lab2/Lab _2.runs/impl_1/runme.log
WARNING: [filemgmt 56-199] Attempt to get parsing info during refresh. "On-the-fly" syntax checking information may be incorrect. [C:\Users\C27Soren.Herzog\ece383\Herzog_ece383_wksp\lab2\Lab _2.srcs\sources_1\imports\C27Soren.Herzog\OneDrive - afacademy.af.edu\Documents\Schoolwork Sem6 2026 Spring\M1 - ECE 383 CSYS\Lab\Lab 2\lab2_code_for_cadets_2026\ece383_pkg.vhd:]
WARNING: [filemgmt 56-199] Attempt to get parsing info during refresh. "On-the-fly" syntax checking information may be incorrect. [C:\Users\C27Soren.Herzog\ece383\Herzog_ece383_wksp\lab2\Lab _2.srcs\sources_1\imports\imports\new\counter.vhd:]
WARNING: [filemgmt 56-199] Attempt to get parsing info during refresh. "On-the-fly" syntax checking information may be incorrect. [C:\Users\C27Soren.Herzog\ece383\Herzog_ece383_wksp\lab2\Lab _2.srcs\sources_1\imports\C27Soren.Herzog\OneDrive - afacademy.af.edu\Documents\Schoolwork Sem6 2026 Spring\M1 - ECE 383 CSYS\Lab\Lab 2\lab2_code_for_cadets_2026\lab2.vhd:]
WARNING: [filemgmt 56-199] Attempt to get parsing info during refresh. "On-the-fly" syntax checking information may be incorrect. [C:\Users\C27Soren.Herzog\ece383\Herzog_ece383_wksp\lab2\Lab _2.srcs\sources_1\imports\C27Soren.Herzog\OneDrive - afacademy.af.edu\Documents\Schoolwork Sem6 2026 Spring\M1 - ECE 383 CSYS\Lab\Lab 2\lab2_code_for_cadets_2026\Audio_Codec_Wrapper.vhd:]
WARNING: [filemgmt 56-199] Attempt to get parsing info during refresh. "On-the-fly" syntax checking information may be incorrect. [C:\Users\C27Soren.Herzog\ece383\Herzog_ece383_wksp\lab2\Lab _2.srcs\sources_1\imports\C27Soren.Herzog\OneDrive - afacademy.af.edu\Documents\Schoolwork Sem6 2026 Spring\M1 - ECE 383 CSYS\Lab\Lab 2\lab2_code_for_cadets_2026\lab2_fsm.vhdl:]
WARNING: [filemgmt 56-199] Attempt to get parsing info during refresh. "On-the-fly" syntax checking information may be incorrect. [C:\Users\C27Soren.Herzog\ece383\Herzog_ece383_wksp\lab2\Lab _2.srcs\sources_1\imports\C27Soren.Herzog\OneDrive - afacademy.af.edu\Documents\Schoolwork Sem6 2026 Spring\M1 - ECE 383 CSYS\Lab\Lab 2\lab2_code_for_cadets_2026\lab2_datapath.vhdl:]
WARNING: [filemgmt 56-199] Attempt to get parsing info during refresh. "On-the-fly" syntax checking information may be incorrect. [C:\Users\C27Soren.Herzog\ece383\Herzog_ece383_wksp\lab2\Lab _2.srcs\sources_1\imports\C27Soren.Herzog\OneDrive - afacademy.af.edu\Documents\Schoolwork Sem6 2026 Spring\M1 - ECE 383 CSYS\Lab\Lab 2\lab2_code_for_cadets_2026\ece383_pkg.vhd:]
WARNING: [filemgmt 56-199] Attempt to get parsing info during refresh. "On-the-fly" syntax checking information may be incorrect. [C:\Users\C27Soren.Herzog\ece383\Herzog_ece383_wksp\lab2\Lab _2.srcs\sources_1\imports\C27Soren.Herzog\OneDrive - afacademy.af.edu\Documents\Schoolwork Sem6 2026 Spring\M1 - ECE 383 CSYS\Lab\Lab 2\lab2_code_for_cadets_2026\ece383_pkg.vhd:]
ERROR: [Common 17-180] Spawn failed: No error
ERROR: [Common 17-180] Spawn failed: No error
ERROR: [Common 17-39] 'launch_runs' failed due to earlier errors.
INFO: [Labtoolstcl 44-466] Opening hw_target localhost:3121/xilinx_tcf/Digilent/210276B7D0EDB
INFO: [Labtools 27-1434] Device xc7a200t (JTAG device index = 0) is programmed with a design that has no supported debug core(s) in it.
WARNING: [Labtoolstcl 44-129] No matching hw_ila_data was found.
set_property PROBES.FILE {} [get_hw_devices xc7a200t_0]
set_property FULL_PROBES.FILE {} [get_hw_devices xc7a200t_0]
set_property PROGRAM.FILE {C:/Users/C27Soren.Herzog/ece383/Herzog_ece383_wksp/lab2/Lab _2.runs/impl_1/lab2.bit} [get_hw_devices xc7a200t_0]
program_hw_devices [get_hw_devices xc7a200t_0]
INFO: [Labtools 27-3164] End of startup status: HIGH
program_hw_devices: Time (s): cpu = 00:00:06 ; elapsed = 00:00:06 . Memory (MB): peak = 1272.324 ; gain = 0.000
refresh_hw_device [lindex [get_hw_devices xc7a200t_0] 0]
INFO: [Labtools 27-1434] Device xc7a200t (JTAG device index = 0) is programmed with a design that has no supported debug core(s) in it.
set_property PROBES.FILE {} [get_hw_devices xc7a200t_0]
set_property FULL_PROBES.FILE {} [get_hw_devices xc7a200t_0]
set_property PROGRAM.FILE {C:/Users/C27Soren.Herzog/ece383/Herzog_ece383_wksp/lab2/Lab _2.runs/impl_1/lab2.bit} [get_hw_devices xc7a200t_0]
program_hw_devices [get_hw_devices xc7a200t_0]
INFO: [Labtools 27-3164] End of startup status: HIGH
program_hw_devices: Time (s): cpu = 00:00:05 ; elapsed = 00:00:06 . Memory (MB): peak = 1272.324 ; gain = 0.000
refresh_hw_device [lindex [get_hw_devices xc7a200t_0] 0]
INFO: [Labtools 27-1434] Device xc7a200t (JTAG device index = 0) is programmed with a design that has no supported debug core(s) in it.
ERROR: [Labtoolstcl 44-513] HW Target shutdown. Closing target: localhost:3121/xilinx_tcf/Digilent/210276B7D0EDB
WARNING: [filemgmt 56-199] Attempt to get parsing info during refresh. "On-the-fly" syntax checking information may be incorrect. [C:\Users\C27Soren.Herzog\ece383\Herzog_ece383_wksp\lab2\Lab _2.srcs\sources_1\imports\C27Soren.Herzog\OneDrive - afacademy.af.edu\Documents\Schoolwork Sem6 2026 Spring\M1 - ECE 383 CSYS\Lab\Lab 2\lab2_code_for_cadets_2026\ece383_pkg.vhd:]
WARNING: [filemgmt 56-199] Attempt to get parsing info during refresh. "On-the-fly" syntax checking information may be incorrect. [C:\Users\C27Soren.Herzog\ece383\Herzog_ece383_wksp\lab2\Lab _2.srcs\sources_1\imports\imports\new\counter.vhd:]
WARNING: [filemgmt 56-199] Attempt to get parsing info during refresh. "On-the-fly" syntax checking information may be incorrect. [C:\Users\C27Soren.Herzog\ece383\Herzog_ece383_wksp\lab2\Lab _2.srcs\sources_1\imports\C27Soren.Herzog\OneDrive - afacademy.af.edu\Documents\Schoolwork Sem6 2026 Spring\M1 - ECE 383 CSYS\Lab\Lab 2\lab2_code_for_cadets_2026\lab2.vhd:]
WARNING: [filemgmt 56-199] Attempt to get parsing info during refresh. "On-the-fly" syntax checking information may be incorrect. [C:\Users\C27Soren.Herzog\ece383\Herzog_ece383_wksp\lab2\Lab _2.srcs\sources_1\imports\C27Soren.Herzog\OneDrive - afacademy.af.edu\Documents\Schoolwork Sem6 2026 Spring\M1 - ECE 383 CSYS\Lab\Lab 2\lab2_code_for_cadets_2026\Audio_Codec_Wrapper.vhd:]
WARNING: [filemgmt 56-199] Attempt to get parsing info during refresh. "On-the-fly" syntax checking information may be incorrect. [C:\Users\C27Soren.Herzog\ece383\Herzog_ece383_wksp\lab2\Lab _2.srcs\sources_1\imports\C27Soren.Herzog\OneDrive - afacademy.af.edu\Documents\Schoolwork Sem6 2026 Spring\M1 - ECE 383 CSYS\Lab\Lab 2\lab2_code_for_cadets_2026\lab2_fsm.vhdl:]
WARNING: [filemgmt 56-199] Attempt to get parsing info during refresh. "On-the-fly" syntax checking information may be incorrect. [C:\Users\C27Soren.Herzog\ece383\Herzog_ece383_wksp\lab2\Lab _2.srcs\sources_1\imports\C27Soren.Herzog\OneDrive - afacademy.af.edu\Documents\Schoolwork Sem6 2026 Spring\M1 - ECE 383 CSYS\Lab\Lab 2\lab2_code_for_cadets_2026\lab2_datapath.vhdl:]
WARNING: [filemgmt 56-199] Attempt to get parsing info during refresh. "On-the-fly" syntax checking information may be incorrect. [C:\Users\C27Soren.Herzog\ece383\Herzog_ece383_wksp\lab2\Lab _2.srcs\sources_1\imports\C27Soren.Herzog\OneDrive - afacademy.af.edu\Documents\Schoolwork Sem6 2026 Spring\M1 - ECE 383 CSYS\Lab\Lab 2\lab2_code_for_cadets_2026\lab2_datapath.vhdl:]
WARNING: [filemgmt 56-199] Attempt to get parsing info during refresh. "On-the-fly" syntax checking information may be incorrect. [C:\Users\C27Soren.Herzog\ece383\Herzog_ece383_wksp\lab2\Lab _2.srcs\sources_1\imports\C27Soren.Herzog\OneDrive - afacademy.af.edu\Documents\Schoolwork Sem6 2026 Spring\M1 - ECE 383 CSYS\Lab\Lab 2\lab2_code_for_cadets_2026\lab2_datapath.vhdl:]
WARNING: [filemgmt 56-199] Attempt to get parsing info during refresh. "On-the-fly" syntax checking information may be incorrect. [C:\Users\C27Soren.Herzog\ece383\Herzog_ece383_wksp\lab2\Lab _2.srcs\sources_1\imports\C27Soren.Herzog\OneDrive - afacademy.af.edu\Documents\Schoolwork Sem6 2026 Spring\M1 - ECE 383 CSYS\Lab\Lab 2\lab2_code_for_cadets_2026\ece383_pkg.vhd:]
WARNING: [filemgmt 56-199] Attempt to get parsing info during refresh. "On-the-fly" syntax checking information may be incorrect. [C:\Users\C27Soren.Herzog\ece383\Herzog_ece383_wksp\lab2\Lab _2.srcs\sources_1\imports\imports\new\counter.vhd:]
WARNING: [filemgmt 56-199] Attempt to get parsing info during refresh. "On-the-fly" syntax checking information may be incorrect. [C:\Users\C27Soren.Herzog\ece383\Herzog_ece383_wksp\lab2\Lab _2.srcs\sources_1\imports\C27Soren.Herzog\OneDrive - afacademy.af.edu\Documents\Schoolwork Sem6 2026 Spring\M1 - ECE 383 CSYS\Lab\Lab 2\lab2_code_for_cadets_2026\lab2.vhd:]
WARNING: [filemgmt 56-199] Attempt to get parsing info during refresh. "On-the-fly" syntax checking information may be incorrect. [C:\Users\C27Soren.Herzog\ece383\Herzog_ece383_wksp\lab2\Lab _2.srcs\sources_1\imports\C27Soren.Herzog\OneDrive - afacademy.af.edu\Documents\Schoolwork Sem6 2026 Spring\M1 - ECE 383 CSYS\Lab\Lab 2\lab2_code_for_cadets_2026\Audio_Codec_Wrapper.vhd:]
WARNING: [filemgmt 56-199] Attempt to get parsing info during refresh. "On-the-fly" syntax checking information may be incorrect. [C:\Users\C27Soren.Herzog\ece383\Herzog_ece383_wksp\lab2\Lab _2.srcs\sources_1\imports\C27Soren.Herzog\OneDrive - afacademy.af.edu\Documents\Schoolwork Sem6 2026 Spring\M1 - ECE 383 CSYS\Lab\Lab 2\lab2_code_for_cadets_2026\lab2_fsm.vhdl:]
WARNING: [filemgmt 56-199] Attempt to get parsing info during refresh. "On-the-fly" syntax checking information may be incorrect. [C:\Users\C27Soren.Herzog\ece383\Herzog_ece383_wksp\lab2\Lab _2.srcs\sources_1\imports\C27Soren.Herzog\OneDrive - afacademy.af.edu\Documents\Schoolwork Sem6 2026 Spring\M1 - ECE 383 CSYS\Lab\Lab 2\lab2_code_for_cadets_2026\lab2_datapath.vhdl:]
WARNING: [filemgmt 56-199] Attempt to get parsing info during refresh. "On-the-fly" syntax checking information may be incorrect. [C:\Users\C27Soren.Herzog\ece383\Herzog_ece383_wksp\lab2\Lab _2.srcs\sources_1\imports\imports\new\counter.vhd:]
WARNING: [filemgmt 56-199] Attempt to get parsing info during refresh. "On-the-fly" syntax checking information may be incorrect. [C:\Users\C27Soren.Herzog\ece383\Herzog_ece383_wksp\lab2\Lab _2.srcs\sources_1\imports\imports\new\counter.vhd:]
WARNING: [filemgmt 56-199] Attempt to get parsing info during refresh. "On-the-fly" syntax checking information may be incorrect. [C:\Users\C27Soren.Herzog\ece383\Herzog_ece383_wksp\lab2\Lab _2.srcs\sources_1\imports\C27Soren.Herzog\OneDrive - afacademy.af.edu\Documents\Schoolwork Sem6 2026 Spring\M1 - ECE 383 CSYS\Lab\Lab 2\lab2_code_for_cadets_2026\ece383_pkg.vhd:]
WARNING: [filemgmt 56-199] Attempt to get parsing info during refresh. "On-the-fly" syntax checking information may be incorrect. [C:\Users\C27Soren.Herzog\ece383\Herzog_ece383_wksp\lab2\Lab _2.srcs\sources_1\imports\imports\new\counter.vhd:]
WARNING: [filemgmt 56-199] Attempt to get parsing info during refresh. "On-the-fly" syntax checking information may be incorrect. [C:\Users\C27Soren.Herzog\ece383\Herzog_ece383_wksp\lab2\Lab _2.srcs\sources_1\imports\C27Soren.Herzog\OneDrive - afacademy.af.edu\Documents\Schoolwork Sem6 2026 Spring\M1 - ECE 383 CSYS\Lab\Lab 2\lab2_code_for_cadets_2026\lab2.vhd:]
WARNING: [filemgmt 56-199] Attempt to get parsing info during refresh. "On-the-fly" syntax checking information may be incorrect. [C:\Users\C27Soren.Herzog\ece383\Herzog_ece383_wksp\lab2\Lab _2.srcs\sources_1\imports\C27Soren.Herzog\OneDrive - afacademy.af.edu\Documents\Schoolwork Sem6 2026 Spring\M1 - ECE 383 CSYS\Lab\Lab 2\lab2_code_for_cadets_2026\Audio_Codec_Wrapper.vhd:]
WARNING: [filemgmt 56-199] Attempt to get parsing info during refresh. "On-the-fly" syntax checking information may be incorrect. [C:\Users\C27Soren.Herzog\ece383\Herzog_ece383_wksp\lab2\Lab _2.srcs\sources_1\imports\C27Soren.Herzog\OneDrive - afacademy.af.edu\Documents\Schoolwork Sem6 2026 Spring\M1 - ECE 383 CSYS\Lab\Lab 2\lab2_code_for_cadets_2026\lab2_fsm.vhdl:]
WARNING: [filemgmt 56-199] Attempt to get parsing info during refresh. "On-the-fly" syntax checking information may be incorrect. [C:\Users\C27Soren.Herzog\ece383\Herzog_ece383_wksp\lab2\Lab _2.srcs\sources_1\imports\C27Soren.Herzog\OneDrive - afacademy.af.edu\Documents\Schoolwork Sem6 2026 Spring\M1 - ECE 383 CSYS\Lab\Lab 2\lab2_code_for_cadets_2026\lab2_datapath.vhdl:]
WARNING: [filemgmt 56-199] Attempt to get parsing info during refresh. "On-the-fly" syntax checking information may be incorrect. [C:\Users\C27Soren.Herzog\ece383\Herzog_ece383_wksp\lab2\Lab _2.srcs\sources_1\imports\C27Soren.Herzog\OneDrive - afacademy.af.edu\Documents\Schoolwork Sem6 2026 Spring\M1 - ECE 383 CSYS\Lab\Lab 2\lab2_code_for_cadets_2026\lab2_fsm.vhdl:]
WARNING: [filemgmt 56-199] Attempt to get parsing info during refresh. "On-the-fly" syntax checking information may be incorrect. [C:\Users\C27Soren.Herzog\ece383\Herzog_ece383_wksp\lab2\Lab _2.srcs\sources_1\imports\C27Soren.Herzog\OneDrive - afacademy.af.edu\Documents\Schoolwork Sem6 2026 Spring\M1 - ECE 383 CSYS\Lab\Lab 2\lab2_code_for_cadets_2026\lab2_fsm.vhdl:]
ERROR: [Common 17-180] Spawn failed: No error
WARNING: [filemgmt 56-199] Attempt to get parsing info during refresh. "On-the-fly" syntax checking information may be incorrect. [C:\Users\C27Soren.Herzog\ece383\Herzog_ece383_wksp\lab2\Lab _2.srcs\sources_1\imports\C27Soren.Herzog\OneDrive - afacademy.af.edu\Documents\Schoolwork Sem6 2026 Spring\M1 - ECE 383 CSYS\Lab\Lab 2\lab2_code_for_cadets_2026\ece383_pkg.vhd:]
WARNING: [filemgmt 56-199] Attempt to get parsing info during refresh. "On-the-fly" syntax checking information may be incorrect. [C:\Users\C27Soren.Herzog\ece383\Herzog_ece383_wksp\lab2\Lab _2.srcs\sources_1\imports\imports\new\counter.vhd:]
WARNING: [filemgmt 56-199] Attempt to get parsing info during refresh. "On-the-fly" syntax checking information may be incorrect. [C:\Users\C27Soren.Herzog\ece383\Herzog_ece383_wksp\lab2\Lab _2.srcs\sources_1\imports\C27Soren.Herzog\OneDrive - afacademy.af.edu\Documents\Schoolwork Sem6 2026 Spring\M1 - ECE 383 CSYS\Lab\Lab 2\lab2_code_for_cadets_2026\lab2.vhd:]
WARNING: [filemgmt 56-199] Attempt to get parsing info during refresh. "On-the-fly" syntax checking information may be incorrect. [C:\Users\C27Soren.Herzog\ece383\Herzog_ece383_wksp\lab2\Lab _2.srcs\sources_1\imports\C27Soren.Herzog\OneDrive - afacademy.af.edu\Documents\Schoolwork Sem6 2026 Spring\M1 - ECE 383 CSYS\Lab\Lab 2\lab2_code_for_cadets_2026\Audio_Codec_Wrapper.vhd:]
WARNING: [filemgmt 56-199] Attempt to get parsing info during refresh. "On-the-fly" syntax checking information may be incorrect. [C:\Users\C27Soren.Herzog\ece383\Herzog_ece383_wksp\lab2\Lab _2.srcs\sources_1\imports\C27Soren.Herzog\OneDrive - afacademy.af.edu\Documents\Schoolwork Sem6 2026 Spring\M1 - ECE 383 CSYS\Lab\Lab 2\lab2_code_for_cadets_2026\lab2_fsm.vhdl:]
WARNING: [filemgmt 56-199] Attempt to get parsing info during refresh. "On-the-fly" syntax checking information may be incorrect. [C:\Users\C27Soren.Herzog\ece383\Herzog_ece383_wksp\lab2\Lab _2.srcs\sources_1\imports\C27Soren.Herzog\OneDrive - afacademy.af.edu\Documents\Schoolwork Sem6 2026 Spring\M1 - ECE 383 CSYS\Lab\Lab 2\lab2_code_for_cadets_2026\lab2_datapath.vhdl:]
WARNING: [filemgmt 56-199] Attempt to get parsing info during refresh. "On-the-fly" syntax checking information may be incorrect. [C:\Users\C27Soren.Herzog\ece383\Herzog_ece383_wksp\lab2\Lab _2.srcs\sources_1\imports\C27Soren.Herzog\OneDrive - afacademy.af.edu\Documents\Schoolwork Sem6 2026 Spring\M1 - ECE 383 CSYS\Lab\Lab 2\lab2_code_for_cadets_2026\Audio_Codec_Wrapper.vhd:]
WARNING: [filemgmt 56-199] Attempt to get parsing info during refresh. "On-the-fly" syntax checking information may be incorrect. [C:\Users\C27Soren.Herzog\ece383\Herzog_ece383_wksp\lab2\Lab _2.srcs\sources_1\imports\C27Soren.Herzog\OneDrive - afacademy.af.edu\Documents\Schoolwork Sem6 2026 Spring\M1 - ECE 383 CSYS\Lab\Lab 2\lab2_code_for_cadets_2026\Audio_Codec_Wrapper.vhd:]
ERROR: [Common 17-180] Spawn failed: No error
ERROR: [Common 17-180] Spawn failed: No error
WARNING: [filemgmt 56-199] Attempt to get parsing info during refresh. "On-the-fly" syntax checking information may be incorrect. [C:\Users\C27Soren.Herzog\ece383\Herzog_ece383_wksp\lab2\Lab _2.srcs\sources_1\imports\C27Soren.Herzog\OneDrive - afacademy.af.edu\Documents\Schoolwork Sem6 2026 Spring\M1 - ECE 383 CSYS\Lab\Lab 2\lab2_code_for_cadets_2026\ece383_pkg.vhd:]
WARNING: [filemgmt 56-199] Attempt to get parsing info during refresh. "On-the-fly" syntax checking information may be incorrect. [C:\Users\C27Soren.Herzog\ece383\Herzog_ece383_wksp\lab2\Lab _2.srcs\sources_1\imports\imports\new\counter.vhd:]
WARNING: [filemgmt 56-199] Attempt to get parsing info during refresh. "On-the-fly" syntax checking information may be incorrect. [C:\Users\C27Soren.Herzog\ece383\Herzog_ece383_wksp\lab2\Lab _2.srcs\sources_1\imports\C27Soren.Herzog\OneDrive - afacademy.af.edu\Documents\Schoolwork Sem6 2026 Spring\M1 - ECE 383 CSYS\Lab\Lab 2\lab2_code_for_cadets_2026\lab2.vhd:]
WARNING: [filemgmt 56-199] Attempt to get parsing info during refresh. "On-the-fly" syntax checking information may be incorrect. [C:\Users\C27Soren.Herzog\ece383\Herzog_ece383_wksp\lab2\Lab _2.srcs\sources_1\imports\C27Soren.Herzog\OneDrive - afacademy.af.edu\Documents\Schoolwork Sem6 2026 Spring\M1 - ECE 383 CSYS\Lab\Lab 2\lab2_code_for_cadets_2026\Audio_Codec_Wrapper.vhd:]
WARNING: [filemgmt 56-199] Attempt to get parsing info during refresh. "On-the-fly" syntax checking information may be incorrect. [C:\Users\C27Soren.Herzog\ece383\Herzog_ece383_wksp\lab2\Lab _2.srcs\sources_1\imports\C27Soren.Herzog\OneDrive - afacademy.af.edu\Documents\Schoolwork Sem6 2026 Spring\M1 - ECE 383 CSYS\Lab\Lab 2\lab2_code_for_cadets_2026\lab2_fsm.vhdl:]
WARNING: [filemgmt 56-199] Attempt to get parsing info during refresh. "On-the-fly" syntax checking information may be incorrect. [C:\Users\C27Soren.Herzog\ece383\Herzog_ece383_wksp\lab2\Lab _2.srcs\sources_1\imports\C27Soren.Herzog\OneDrive - afacademy.af.edu\Documents\Schoolwork Sem6 2026 Spring\M1 - ECE 383 CSYS\Lab\Lab 2\lab2_code_for_cadets_2026\lab2_datapath.vhdl:]
WARNING: [filemgmt 56-199] Attempt to get parsing info during refresh. "On-the-fly" syntax checking information may be incorrect. [C:\Users\C27Soren.Herzog\ece383\Herzog_ece383_wksp\lab2\Lab _2.srcs\sources_1\imports\C27Soren.Herzog\OneDrive - afacademy.af.edu\Documents\Schoolwork Sem6 2026 Spring\M1 - ECE 383 CSYS\Lab\Lab 2\lab2_code_for_cadets_2026\ece383_pkg.vhd:]
WARNING: [filemgmt 56-199] Attempt to get parsing info during refresh. "On-the-fly" syntax checking information may be incorrect. [C:\Users\C27Soren.Herzog\ece383\Herzog_ece383_wksp\lab2\Lab _2.srcs\sources_1\imports\imports\new\counter.vhd:]
WARNING: [filemgmt 56-199] Attempt to get parsing info during refresh. "On-the-fly" syntax checking information may be incorrect. [C:\Users\C27Soren.Herzog\ece383\Herzog_ece383_wksp\lab2\Lab _2.srcs\sources_1\imports\C27Soren.Herzog\OneDrive - afacademy.af.edu\Documents\Schoolwork Sem6 2026 Spring\M1 - ECE 383 CSYS\Lab\Lab 2\lab2_code_for_cadets_2026\lab2.vhd:]
WARNING: [filemgmt 56-199] Attempt to get parsing info during refresh. "On-the-fly" syntax checking information may be incorrect. [C:\Users\C27Soren.Herzog\ece383\Herzog_ece383_wksp\lab2\Lab _2.srcs\sources_1\imports\C27Soren.Herzog\OneDrive - afacademy.af.edu\Documents\Schoolwork Sem6 2026 Spring\M1 - ECE 383 CSYS\Lab\Lab 2\lab2_code_for_cadets_2026\Audio_Codec_Wrapper.vhd:]
WARNING: [filemgmt 56-199] Attempt to get parsing info during refresh. "On-the-fly" syntax checking information may be incorrect. [C:\Users\C27Soren.Herzog\ece383\Herzog_ece383_wksp\lab2\Lab _2.srcs\sources_1\imports\C27Soren.Herzog\OneDrive - afacademy.af.edu\Documents\Schoolwork Sem6 2026 Spring\M1 - ECE 383 CSYS\Lab\Lab 2\lab2_code_for_cadets_2026\lab2_fsm.vhdl:]
WARNING: [filemgmt 56-199] Attempt to get parsing info during refresh. "On-the-fly" syntax checking information may be incorrect. [C:\Users\C27Soren.Herzog\ece383\Herzog_ece383_wksp\lab2\Lab _2.srcs\sources_1\imports\C27Soren.Herzog\OneDrive - afacademy.af.edu\Documents\Schoolwork Sem6 2026 Spring\M1 - ECE 383 CSYS\Lab\Lab 2\lab2_code_for_cadets_2026\lab2_datapath.vhdl:]
WARNING: [filemgmt 56-199] Attempt to get parsing info during refresh. "On-the-fly" syntax checking information may be incorrect. [C:\Users\C27Soren.Herzog\ece383\Herzog_ece383_wksp\lab2\Lab _2.srcs\sources_1\imports\C27Soren.Herzog\OneDrive - afacademy.af.edu\Documents\Schoolwork Sem6 2026 Spring\M1 - ECE 383 CSYS\Lab\Lab 2\lab2_code_for_cadets_2026\lab2_datapath.vhdl:]
WARNING: [filemgmt 56-199] Attempt to get parsing info during refresh. "On-the-fly" syntax checking information may be incorrect. [C:\Users\C27Soren.Herzog\ece383\Herzog_ece383_wksp\lab2\Lab _2.srcs\sources_1\imports\C27Soren.Herzog\OneDrive - afacademy.af.edu\Documents\Schoolwork Sem6 2026 Spring\M1 - ECE 383 CSYS\Lab\Lab 2\lab2_code_for_cadets_2026\lab2_datapath.vhdl:]
WARNING: [filemgmt 56-199] Attempt to get parsing info during refresh. "On-the-fly" syntax checking information may be incorrect. [C:\Users\C27Soren.Herzog\ece383\Herzog_ece383_wksp\lab2\Lab _2.srcs\sources_1\imports\C27Soren.Herzog\OneDrive - afacademy.af.edu\Documents\Schoolwork Sem6 2026 Spring\M1 - ECE 383 CSYS\Lab\Lab 2\lab2_code_for_cadets_2026\ece383_pkg.vhd:]
WARNING: [filemgmt 56-199] Attempt to get parsing info during refresh. "On-the-fly" syntax checking information may be incorrect. [C:\Users\C27Soren.Herzog\ece383\Herzog_ece383_wksp\lab2\Lab _2.srcs\sources_1\imports\imports\new\counter.vhd:]
WARNING: [filemgmt 56-199] Attempt to get parsing info during refresh. "On-the-fly" syntax checking information may be incorrect. [C:\Users\C27Soren.Herzog\ece383\Herzog_ece383_wksp\lab2\Lab _2.srcs\sources_1\imports\C27Soren.Herzog\OneDrive - afacademy.af.edu\Documents\Schoolwork Sem6 2026 Spring\M1 - ECE 383 CSYS\Lab\Lab 2\lab2_code_for_cadets_2026\lab2.vhd:]
WARNING: [filemgmt 56-199] Attempt to get parsing info during refresh. "On-the-fly" syntax checking information may be incorrect. [C:\Users\C27Soren.Herzog\ece383\Herzog_ece383_wksp\lab2\Lab _2.srcs\sources_1\imports\C27Soren.Herzog\OneDrive - afacademy.af.edu\Documents\Schoolwork Sem6 2026 Spring\M1 - ECE 383 CSYS\Lab\Lab 2\lab2_code_for_cadets_2026\Audio_Codec_Wrapper.vhd:]
WARNING: [filemgmt 56-199] Attempt to get parsing info during refresh. "On-the-fly" syntax checking information may be incorrect. [C:\Users\C27Soren.Herzog\ece383\Herzog_ece383_wksp\lab2\Lab _2.srcs\sources_1\imports\C27Soren.Herzog\OneDrive - afacademy.af.edu\Documents\Schoolwork Sem6 2026 Spring\M1 - ECE 383 CSYS\Lab\Lab 2\lab2_code_for_cadets_2026\lab2_fsm.vhdl:]
WARNING: [filemgmt 56-199] Attempt to get parsing info during refresh. "On-the-fly" syntax checking information may be incorrect. [C:\Users\C27Soren.Herzog\ece383\Herzog_ece383_wksp\lab2\Lab _2.srcs\sources_1\imports\C27Soren.Herzog\OneDrive - afacademy.af.edu\Documents\Schoolwork Sem6 2026 Spring\M1 - ECE 383 CSYS\Lab\Lab 2\lab2_code_for_cadets_2026\lab2_datapath.vhdl:]
WARNING: [filemgmt 56-199] Attempt to get parsing info during refresh. "On-the-fly" syntax checking information may be incorrect. [C:\Users\C27Soren.Herzog\ece383\Herzog_ece383_wksp\lab2\Lab _2.srcs\sources_1\imports\imports\new\counter.vhd:]
WARNING: [filemgmt 56-199] Attempt to get parsing info during refresh. "On-the-fly" syntax checking information may be incorrect. [C:\Users\C27Soren.Herzog\ece383\Herzog_ece383_wksp\lab2\Lab _2.srcs\sources_1\imports\imports\new\counter.vhd:]
reset_run synth_1
WARNING: [filemgmt 56-199] Attempt to get parsing info during refresh. "On-the-fly" syntax checking information may be incorrect. [C:\Users\C27Soren.Herzog\ece383\Herzog_ece383_wksp\lab2\Lab _2.srcs\sources_1\imports\C27Soren.Herzog\OneDrive - afacademy.af.edu\Documents\Schoolwork Sem6 2026 Spring\M1 - ECE 383 CSYS\Lab\Lab 2\lab2_code_for_cadets_2026\ece383_pkg.vhd:]
WARNING: [filemgmt 56-199] Attempt to get parsing info during refresh. "On-the-fly" syntax checking information may be incorrect. [C:\Users\C27Soren.Herzog\ece383\Herzog_ece383_wksp\lab2\Lab _2.srcs\sources_1\imports\imports\new\counter.vhd:]
WARNING: [filemgmt 56-199] Attempt to get parsing info during refresh. "On-the-fly" syntax checking information may be incorrect. [C:\Users\C27Soren.Herzog\ece383\Herzog_ece383_wksp\lab2\Lab _2.srcs\sources_1\imports\C27Soren.Herzog\OneDrive - afacademy.af.edu\Documents\Schoolwork Sem6 2026 Spring\M1 - ECE 383 CSYS\Lab\Lab 2\lab2_code_for_cadets_2026\lab2.vhd:]
WARNING: [filemgmt 56-199] Attempt to get parsing info during refresh. "On-the-fly" syntax checking information may be incorrect. [C:\Users\C27Soren.Herzog\ece383\Herzog_ece383_wksp\lab2\Lab _2.srcs\sources_1\imports\C27Soren.Herzog\OneDrive - afacademy.af.edu\Documents\Schoolwork Sem6 2026 Spring\M1 - ECE 383 CSYS\Lab\Lab 2\lab2_code_for_cadets_2026\Audio_Codec_Wrapper.vhd:]
WARNING: [filemgmt 56-199] Attempt to get parsing info during refresh. "On-the-fly" syntax checking information may be incorrect. [C:\Users\C27Soren.Herzog\ece383\Herzog_ece383_wksp\lab2\Lab _2.srcs\sources_1\imports\C27Soren.Herzog\OneDrive - afacademy.af.edu\Documents\Schoolwork Sem6 2026 Spring\M1 - ECE 383 CSYS\Lab\Lab 2\lab2_code_for_cadets_2026\lab2_fsm.vhdl:]
WARNING: [filemgmt 56-199] Attempt to get parsing info during refresh. "On-the-fly" syntax checking information may be incorrect. [C:\Users\C27Soren.Herzog\ece383\Herzog_ece383_wksp\lab2\Lab _2.srcs\sources_1\imports\C27Soren.Herzog\OneDrive - afacademy.af.edu\Documents\Schoolwork Sem6 2026 Spring\M1 - ECE 383 CSYS\Lab\Lab 2\lab2_code_for_cadets_2026\lab2_datapath.vhdl:]
WARNING: [filemgmt 56-199] Attempt to get parsing info during refresh. "On-the-fly" syntax checking information may be incorrect. [C:\Users\C27Soren.Herzog\ece383\Herzog_ece383_wksp\lab2\Lab _2.srcs\sources_1\imports\C27Soren.Herzog\OneDrive - afacademy.af.edu\Documents\Schoolwork Sem6 2026 Spring\M1 - ECE 383 CSYS\Lab\Lab 2\lab2_code_for_cadets_2026\lab2_fsm.vhdl:]
WARNING: [filemgmt 56-199] Attempt to get parsing info during refresh. "On-the-fly" syntax checking information may be incorrect. [C:\Users\C27Soren.Herzog\ece383\Herzog_ece383_wksp\lab2\Lab _2.srcs\sources_1\imports\C27Soren.Herzog\OneDrive - afacademy.af.edu\Documents\Schoolwork Sem6 2026 Spring\M1 - ECE 383 CSYS\Lab\Lab 2\lab2_code_for_cadets_2026\lab2_fsm.vhdl:]
INFO: [Project 1-1161] Replacing file C:/Users/C27Soren.Herzog/ece383/Herzog_ece383_wksp/lab2/Lab _2.srcs/utils_1/imports/synth_1/lab2.dcp with file C:/Users/C27Soren.Herzog/ece383/Herzog_ece383_wksp/lab2/Lab _2.runs/synth_1/lab2.dcp
WARNING: [filemgmt 56-199] Attempt to get parsing info during refresh. "On-the-fly" syntax checking information may be incorrect. [C:\Users\C27Soren.Herzog\ece383\Herzog_ece383_wksp\lab2\Lab _2.srcs\sources_1\imports\C27Soren.Herzog\OneDrive - afacademy.af.edu\Documents\Schoolwork Sem6 2026 Spring\M1 - ECE 383 CSYS\Lab\Lab 2\lab2_code_for_cadets_2026\ece383_pkg.vhd:]
WARNING: [filemgmt 56-199] Attempt to get parsing info during refresh. "On-the-fly" syntax checking information may be incorrect. [C:\Users\C27Soren.Herzog\ece383\Herzog_ece383_wksp\lab2\Lab _2.srcs\sources_1\imports\imports\new\counter.vhd:]
WARNING: [filemgmt 56-199] Attempt to get parsing info during refresh. "On-the-fly" syntax checking information may be incorrect. [C:\Users\C27Soren.Herzog\ece383\Herzog_ece383_wksp\lab2\Lab _2.srcs\sources_1\imports\C27Soren.Herzog\OneDrive - afacademy.af.edu\Documents\Schoolwork Sem6 2026 Spring\M1 - ECE 383 CSYS\Lab\Lab 2\lab2_code_for_cadets_2026\lab2.vhd:]
WARNING: [filemgmt 56-199] Attempt to get parsing info during refresh. "On-the-fly" syntax checking information may be incorrect. [C:\Users\C27Soren.Herzog\ece383\Herzog_ece383_wksp\lab2\Lab _2.srcs\sources_1\imports\C27Soren.Herzog\OneDrive - afacademy.af.edu\Documents\Schoolwork Sem6 2026 Spring\M1 - ECE 383 CSYS\Lab\Lab 2\lab2_code_for_cadets_2026\Audio_Codec_Wrapper.vhd:]
WARNING: [filemgmt 56-199] Attempt to get parsing info during refresh. "On-the-fly" syntax checking information may be incorrect. [C:\Users\C27Soren.Herzog\ece383\Herzog_ece383_wksp\lab2\Lab _2.srcs\sources_1\imports\C27Soren.Herzog\OneDrive - afacademy.af.edu\Documents\Schoolwork Sem6 2026 Spring\M1 - ECE 383 CSYS\Lab\Lab 2\lab2_code_for_cadets_2026\lab2_fsm.vhdl:]
WARNING: [filemgmt 56-199] Attempt to get parsing info during refresh. "On-the-fly" syntax checking information may be incorrect. [C:\Users\C27Soren.Herzog\ece383\Herzog_ece383_wksp\lab2\Lab _2.srcs\sources_1\imports\C27Soren.Herzog\OneDrive - afacademy.af.edu\Documents\Schoolwork Sem6 2026 Spring\M1 - ECE 383 CSYS\Lab\Lab 2\lab2_code_for_cadets_2026\lab2_datapath.vhdl:]
WARNING: [filemgmt 56-199] Attempt to get parsing info during refresh. "On-the-fly" syntax checking information may be incorrect. [C:\Users\C27Soren.Herzog\ece383\Herzog_ece383_wksp\lab2\Lab _2.srcs\sources_1\imports\C27Soren.Herzog\OneDrive - afacademy.af.edu\Documents\Schoolwork Sem6 2026 Spring\M1 - ECE 383 CSYS\Lab\Lab 2\lab2_code_for_cadets_2026\lab2_datapath.vhdl:]
WARNING: [filemgmt 56-199] Attempt to get parsing info during refresh. "On-the-fly" syntax checking information may be incorrect. [C:\Users\C27Soren.Herzog\ece383\Herzog_ece383_wksp\lab2\Lab _2.srcs\sources_1\imports\C27Soren.Herzog\OneDrive - afacademy.af.edu\Documents\Schoolwork Sem6 2026 Spring\M1 - ECE 383 CSYS\Lab\Lab 2\lab2_code_for_cadets_2026\lab2_datapath.vhdl:]
WARNING: [filemgmt 56-199] Attempt to get parsing info during refresh. "On-the-fly" syntax checking information may be incorrect. [C:\Users\C27Soren.Herzog\ece383\Herzog_ece383_wksp\lab2\Lab _2.srcs\sources_1\imports\C27Soren.Herzog\OneDrive - afacademy.af.edu\Documents\Schoolwork Sem6 2026 Spring\M1 - ECE 383 CSYS\Lab\Lab 2\lab2_code_for_cadets_2026\ece383_pkg.vhd:]
WARNING: [filemgmt 56-199] Attempt to get parsing info during refresh. "On-the-fly" syntax checking information may be incorrect. [C:\Users\C27Soren.Herzog\ece383\Herzog_ece383_wksp\lab2\Lab _2.srcs\sources_1\imports\imports\new\counter.vhd:]
WARNING: [filemgmt 56-199] Attempt to get parsing info during refresh. "On-the-fly" syntax checking information may be incorrect. [C:\Users\C27Soren.Herzog\ece383\Herzog_ece383_wksp\lab2\Lab _2.srcs\sources_1\imports\C27Soren.Herzog\OneDrive - afacademy.af.edu\Documents\Schoolwork Sem6 2026 Spring\M1 - ECE 383 CSYS\Lab\Lab 2\lab2_code_for_cadets_2026\lab2.vhd:]
WARNING: [filemgmt 56-199] Attempt to get parsing info during refresh. "On-the-fly" syntax checking information may be incorrect. [C:\Users\C27Soren.Herzog\ece383\Herzog_ece383_wksp\lab2\Lab _2.srcs\sources_1\imports\C27Soren.Herzog\OneDrive - afacademy.af.edu\Documents\Schoolwork Sem6 2026 Spring\M1 - ECE 383 CSYS\Lab\Lab 2\lab2_code_for_cadets_2026\Audio_Codec_Wrapper.vhd:]
WARNING: [filemgmt 56-199] Attempt to get parsing info during refresh. "On-the-fly" syntax checking information may be incorrect. [C:\Users\C27Soren.Herzog\ece383\Herzog_ece383_wksp\lab2\Lab _2.srcs\sources_1\imports\C27Soren.Herzog\OneDrive - afacademy.af.edu\Documents\Schoolwork Sem6 2026 Spring\M1 - ECE 383 CSYS\Lab\Lab 2\lab2_code_for_cadets_2026\lab2_fsm.vhdl:]
WARNING: [filemgmt 56-199] Attempt to get parsing info during refresh. "On-the-fly" syntax checking information may be incorrect. [C:\Users\C27Soren.Herzog\ece383\Herzog_ece383_wksp\lab2\Lab _2.srcs\sources_1\imports\C27Soren.Herzog\OneDrive - afacademy.af.edu\Documents\Schoolwork Sem6 2026 Spring\M1 - ECE 383 CSYS\Lab\Lab 2\lab2_code_for_cadets_2026\lab2_datapath.vhdl:]
WARNING: [filemgmt 56-199] Attempt to get parsing info during refresh. "On-the-fly" syntax checking information may be incorrect. [C:\Users\C27Soren.Herzog\ece383\Herzog_ece383_wksp\lab2\Lab _2.srcs\sources_1\imports\imports\new\counter.vhd:]
WARNING: [filemgmt 56-199] Attempt to get parsing info during refresh. "On-the-fly" syntax checking information may be incorrect. [C:\Users\C27Soren.Herzog\ece383\Herzog_ece383_wksp\lab2\Lab _2.srcs\sources_1\imports\imports\new\counter.vhd:]
WARNING: [filemgmt 56-199] Attempt to get parsing info during refresh. "On-the-fly" syntax checking information may be incorrect. [C:\Users\C27Soren.Herzog\ece383\Herzog_ece383_wksp\lab2\Lab _2.srcs\sources_1\imports\C27Soren.Herzog\OneDrive - afacademy.af.edu\Documents\Schoolwork Sem6 2026 Spring\M1 - ECE 383 CSYS\Lab\Lab 2\lab2_code_for_cadets_2026\ece383_pkg.vhd:]
WARNING: [filemgmt 56-199] Attempt to get parsing info during refresh. "On-the-fly" syntax checking information may be incorrect. [C:\Users\C27Soren.Herzog\ece383\Herzog_ece383_wksp\lab2\Lab _2.srcs\sources_1\imports\imports\new\counter.vhd:]
WARNING: [filemgmt 56-199] Attempt to get parsing info during refresh. "On-the-fly" syntax checking information may be incorrect. [C:\Users\C27Soren.Herzog\ece383\Herzog_ece383_wksp\lab2\Lab _2.srcs\sources_1\imports\C27Soren.Herzog\OneDrive - afacademy.af.edu\Documents\Schoolwork Sem6 2026 Spring\M1 - ECE 383 CSYS\Lab\Lab 2\lab2_code_for_cadets_2026\lab2.vhd:]
WARNING: [filemgmt 56-199] Attempt to get parsing info during refresh. "On-the-fly" syntax checking information may be incorrect. [C:\Users\C27Soren.Herzog\ece383\Herzog_ece383_wksp\lab2\Lab _2.srcs\sources_1\imports\C27Soren.Herzog\OneDrive - afacademy.af.edu\Documents\Schoolwork Sem6 2026 Spring\M1 - ECE 383 CSYS\Lab\Lab 2\lab2_code_for_cadets_2026\Audio_Codec_Wrapper.vhd:]
WARNING: [filemgmt 56-199] Attempt to get parsing info during refresh. "On-the-fly" syntax checking information may be incorrect. [C:\Users\C27Soren.Herzog\ece383\Herzog_ece383_wksp\lab2\Lab _2.srcs\sources_1\imports\C27Soren.Herzog\OneDrive - afacademy.af.edu\Documents\Schoolwork Sem6 2026 Spring\M1 - ECE 383 CSYS\Lab\Lab 2\lab2_code_for_cadets_2026\lab2_fsm.vhdl:]
WARNING: [filemgmt 56-199] Attempt to get parsing info during refresh. "On-the-fly" syntax checking information may be incorrect. [C:\Users\C27Soren.Herzog\ece383\Herzog_ece383_wksp\lab2\Lab _2.srcs\sources_1\imports\C27Soren.Herzog\OneDrive - afacademy.af.edu\Documents\Schoolwork Sem6 2026 Spring\M1 - ECE 383 CSYS\Lab\Lab 2\lab2_code_for_cadets_2026\lab2_datapath.vhdl:]
WARNING: [filemgmt 56-199] Attempt to get parsing info during refresh. "On-the-fly" syntax checking information may be incorrect. [C:\Users\C27Soren.Herzog\ece383\Herzog_ece383_wksp\lab2\Lab _2.srcs\sources_1\imports\C27Soren.Herzog\OneDrive - afacademy.af.edu\Documents\Schoolwork Sem6 2026 Spring\M1 - ECE 383 CSYS\Lab\Lab 2\lab2_code_for_cadets_2026\lab2_fsm.vhdl:]
WARNING: [filemgmt 56-199] Attempt to get parsing info during refresh. "On-the-fly" syntax checking information may be incorrect. [C:\Users\C27Soren.Herzog\ece383\Herzog_ece383_wksp\lab2\Lab _2.srcs\sources_1\imports\C27Soren.Herzog\OneDrive - afacademy.af.edu\Documents\Schoolwork Sem6 2026 Spring\M1 - ECE 383 CSYS\Lab\Lab 2\lab2_code_for_cadets_2026\lab2_fsm.vhdl:]
ERROR: [Common 17-180] Spawn failed: No error
WARNING: [filemgmt 56-199] Attempt to get parsing info during refresh. "On-the-fly" syntax checking information may be incorrect. [C:\Users\C27Soren.Herzog\ece383\Herzog_ece383_wksp\lab2\Lab _2.srcs\sources_1\imports\C27Soren.Herzog\OneDrive - afacademy.af.edu\Documents\Schoolwork Sem6 2026 Spring\M1 - ECE 383 CSYS\Lab\Lab 2\lab2_code_for_cadets_2026\ece383_pkg.vhd:]
WARNING: [filemgmt 56-199] Attempt to get parsing info during refresh. "On-the-fly" syntax checking information may be incorrect. [C:\Users\C27Soren.Herzog\ece383\Herzog_ece383_wksp\lab2\Lab _2.srcs\sources_1\imports\imports\new\counter.vhd:]
WARNING: [filemgmt 56-199] Attempt to get parsing info during refresh. "On-the-fly" syntax checking information may be incorrect. [C:\Users\C27Soren.Herzog\ece383\Herzog_ece383_wksp\lab2\Lab _2.srcs\sources_1\imports\C27Soren.Herzog\OneDrive - afacademy.af.edu\Documents\Schoolwork Sem6 2026 Spring\M1 - ECE 383 CSYS\Lab\Lab 2\lab2_code_for_cadets_2026\lab2.vhd:]
WARNING: [filemgmt 56-199] Attempt to get parsing info during refresh. "On-the-fly" syntax checking information may be incorrect. [C:\Users\C27Soren.Herzog\ece383\Herzog_ece383_wksp\lab2\Lab _2.srcs\sources_1\imports\C27Soren.Herzog\OneDrive - afacademy.af.edu\Documents\Schoolwork Sem6 2026 Spring\M1 - ECE 383 CSYS\Lab\Lab 2\lab2_code_for_cadets_2026\Audio_Codec_Wrapper.vhd:]
WARNING: [filemgmt 56-199] Attempt to get parsing info during refresh. "On-the-fly" syntax checking information may be incorrect. [C:\Users\C27Soren.Herzog\ece383\Herzog_ece383_wksp\lab2\Lab _2.srcs\sources_1\imports\C27Soren.Herzog\OneDrive - afacademy.af.edu\Documents\Schoolwork Sem6 2026 Spring\M1 - ECE 383 CSYS\Lab\Lab 2\lab2_code_for_cadets_2026\lab2_fsm.vhdl:]
WARNING: [filemgmt 56-199] Attempt to get parsing info during refresh. "On-the-fly" syntax checking information may be incorrect. [C:\Users\C27Soren.Herzog\ece383\Herzog_ece383_wksp\lab2\Lab _2.srcs\sources_1\imports\C27Soren.Herzog\OneDrive - afacademy.af.edu\Documents\Schoolwork Sem6 2026 Spring\M1 - ECE 383 CSYS\Lab\Lab 2\lab2_code_for_cadets_2026\lab2_datapath.vhdl:]
WARNING: [filemgmt 56-199] Attempt to get parsing info during refresh. "On-the-fly" syntax checking information may be incorrect. [C:\Users\C27Soren.Herzog\ece383\Herzog_ece383_wksp\lab2\Lab _2.srcs\sources_1\imports\C27Soren.Herzog\OneDrive - afacademy.af.edu\Documents\Schoolwork Sem6 2026 Spring\M1 - ECE 383 CSYS\Lab\Lab 2\lab2_code_for_cadets_2026\ece383_pkg.vhd:]
WARNING: [filemgmt 56-199] Attempt to get parsing info during refresh. "On-the-fly" syntax checking information may be incorrect. [C:\Users\C27Soren.Herzog\ece383\Herzog_ece383_wksp\lab2\Lab _2.srcs\sources_1\imports\C27Soren.Herzog\OneDrive - afacademy.af.edu\Documents\Schoolwork Sem6 2026 Spring\M1 - ECE 383 CSYS\Lab\Lab 2\lab2_code_for_cadets_2026\ece383_pkg.vhd:]
ERROR: [Common 17-180] Spawn failed: No error
WARNING: [filemgmt 56-199] Attempt to get parsing info during refresh. "On-the-fly" syntax checking information may be incorrect. [C:\Users\C27Soren.Herzog\ece383\Herzog_ece383_wksp\lab2\Lab _2.srcs\sources_1\imports\C27Soren.Herzog\OneDrive - afacademy.af.edu\Documents\Schoolwork Sem6 2026 Spring\M1 - ECE 383 CSYS\Lab\Lab 2\lab2_code_for_cadets_2026\ece383_pkg.vhd:]
WARNING: [filemgmt 56-199] Attempt to get parsing info during refresh. "On-the-fly" syntax checking information may be incorrect. [C:\Users\C27Soren.Herzog\ece383\Herzog_ece383_wksp\lab2\Lab _2.srcs\sources_1\imports\imports\new\counter.vhd:]
WARNING: [filemgmt 56-199] Attempt to get parsing info during refresh. "On-the-fly" syntax checking information may be incorrect. [C:\Users\C27Soren.Herzog\ece383\Herzog_ece383_wksp\lab2\Lab _2.srcs\sources_1\imports\C27Soren.Herzog\OneDrive - afacademy.af.edu\Documents\Schoolwork Sem6 2026 Spring\M1 - ECE 383 CSYS\Lab\Lab 2\lab2_code_for_cadets_2026\lab2.vhd:]
WARNING: [filemgmt 56-199] Attempt to get parsing info during refresh. "On-the-fly" syntax checking information may be incorrect. [C:\Users\C27Soren.Herzog\ece383\Herzog_ece383_wksp\lab2\Lab _2.srcs\sources_1\imports\C27Soren.Herzog\OneDrive - afacademy.af.edu\Documents\Schoolwork Sem6 2026 Spring\M1 - ECE 383 CSYS\Lab\Lab 2\lab2_code_for_cadets_2026\Audio_Codec_Wrapper.vhd:]
WARNING: [filemgmt 56-199] Attempt to get parsing info during refresh. "On-the-fly" syntax checking information may be incorrect. [C:\Users\C27Soren.Herzog\ece383\Herzog_ece383_wksp\lab2\Lab _2.srcs\sources_1\imports\C27Soren.Herzog\OneDrive - afacademy.af.edu\Documents\Schoolwork Sem6 2026 Spring\M1 - ECE 383 CSYS\Lab\Lab 2\lab2_code_for_cadets_2026\lab2_fsm.vhdl:]
WARNING: [filemgmt 56-199] Attempt to get parsing info during refresh. "On-the-fly" syntax checking information may be incorrect. [C:\Users\C27Soren.Herzog\ece383\Herzog_ece383_wksp\lab2\Lab _2.srcs\sources_1\imports\C27Soren.Herzog\OneDrive - afacademy.af.edu\Documents\Schoolwork Sem6 2026 Spring\M1 - ECE 383 CSYS\Lab\Lab 2\lab2_code_for_cadets_2026\lab2_datapath.vhdl:]
WARNING: [filemgmt 56-199] Attempt to get parsing info during refresh. "On-the-fly" syntax checking information may be incorrect. [C:\Users\C27Soren.Herzog\ece383\Herzog_ece383_wksp\lab2\Lab _2.srcs\sources_1\imports\C27Soren.Herzog\OneDrive - afacademy.af.edu\Documents\Schoolwork Sem6 2026 Spring\M1 - ECE 383 CSYS\Lab\Lab 2\lab2_code_for_cadets_2026\lab2.vhd:]
WARNING: [filemgmt 56-199] Attempt to get parsing info during refresh. "On-the-fly" syntax checking information may be incorrect. [C:\Users\C27Soren.Herzog\ece383\Herzog_ece383_wksp\lab2\Lab _2.srcs\sources_1\imports\C27Soren.Herzog\OneDrive - afacademy.af.edu\Documents\Schoolwork Sem6 2026 Spring\M1 - ECE 383 CSYS\Lab\Lab 2\lab2_code_for_cadets_2026\lab2.vhd:]
ERROR: [Common 17-180] Spawn failed: No error
WARNING: [filemgmt 56-199] Attempt to get parsing info during refresh. "On-the-fly" syntax checking information may be incorrect. [C:\Users\C27Soren.Herzog\ece383\Herzog_ece383_wksp\lab2\Lab _2.srcs\sources_1\imports\C27Soren.Herzog\OneDrive - afacademy.af.edu\Documents\Schoolwork Sem6 2026 Spring\M1 - ECE 383 CSYS\Lab\Lab 2\lab2_code_for_cadets_2026\ece383_pkg.vhd:]
WARNING: [filemgmt 56-199] Attempt to get parsing info during refresh. "On-the-fly" syntax checking information may be incorrect. [C:\Users\C27Soren.Herzog\ece383\Herzog_ece383_wksp\lab2\Lab _2.srcs\sources_1\imports\imports\new\counter.vhd:]
WARNING: [filemgmt 56-199] Attempt to get parsing info during refresh. "On-the-fly" syntax checking information may be incorrect. [C:\Users\C27Soren.Herzog\ece383\Herzog_ece383_wksp\lab2\Lab _2.srcs\sources_1\imports\C27Soren.Herzog\OneDrive - afacademy.af.edu\Documents\Schoolwork Sem6 2026 Spring\M1 - ECE 383 CSYS\Lab\Lab 2\lab2_code_for_cadets_2026\lab2.vhd:]
WARNING: [filemgmt 56-199] Attempt to get parsing info during refresh. "On-the-fly" syntax checking information may be incorrect. [C:\Users\C27Soren.Herzog\ece383\Herzog_ece383_wksp\lab2\Lab _2.srcs\sources_1\imports\C27Soren.Herzog\OneDrive - afacademy.af.edu\Documents\Schoolwork Sem6 2026 Spring\M1 - ECE 383 CSYS\Lab\Lab 2\lab2_code_for_cadets_2026\Audio_Codec_Wrapper.vhd:]
WARNING: [filemgmt 56-199] Attempt to get parsing info during refresh. "On-the-fly" syntax checking information may be incorrect. [C:\Users\C27Soren.Herzog\ece383\Herzog_ece383_wksp\lab2\Lab _2.srcs\sources_1\imports\C27Soren.Herzog\OneDrive - afacademy.af.edu\Documents\Schoolwork Sem6 2026 Spring\M1 - ECE 383 CSYS\Lab\Lab 2\lab2_code_for_cadets_2026\lab2_fsm.vhdl:]
WARNING: [filemgmt 56-199] Attempt to get parsing info during refresh. "On-the-fly" syntax checking information may be incorrect. [C:\Users\C27Soren.Herzog\ece383\Herzog_ece383_wksp\lab2\Lab _2.srcs\sources_1\imports\C27Soren.Herzog\OneDrive - afacademy.af.edu\Documents\Schoolwork Sem6 2026 Spring\M1 - ECE 383 CSYS\Lab\Lab 2\lab2_code_for_cadets_2026\lab2_datapath.vhdl:]
WARNING: [filemgmt 56-199] Attempt to get parsing info during refresh. "On-the-fly" syntax checking information may be incorrect. [C:\Users\C27Soren.Herzog\ece383\Herzog_ece383_wksp\lab2\Lab _2.srcs\sources_1\imports\C27Soren.Herzog\OneDrive - afacademy.af.edu\Documents\Schoolwork Sem6 2026 Spring\M1 - ECE 383 CSYS\Lab\Lab 2\lab2_code_for_cadets_2026\Audio_Codec_Wrapper.vhd:]
WARNING: [filemgmt 56-199] Attempt to get parsing info during refresh. "On-the-fly" syntax checking information may be incorrect. [C:\Users\C27Soren.Herzog\ece383\Herzog_ece383_wksp\lab2\Lab _2.srcs\sources_1\imports\C27Soren.Herzog\OneDrive - afacademy.af.edu\Documents\Schoolwork Sem6 2026 Spring\M1 - ECE 383 CSYS\Lab\Lab 2\lab2_code_for_cadets_2026\Audio_Codec_Wrapper.vhd:]
launch_runs impl_1 -to_step write_bitstream -jobs 8
ERROR: [Common 17-180] Spawn failed: No error
WARNING: [filemgmt 56-199] Attempt to get parsing info during refresh. "On-the-fly" syntax checking information may be incorrect. [C:\Users\C27Soren.Herzog\ece383\Herzog_ece383_wksp\lab2\Lab _2.srcs\sources_1\imports\C27Soren.Herzog\OneDrive - afacademy.af.edu\Documents\Schoolwork Sem6 2026 Spring\M1 - ECE 383 CSYS\Lab\Lab 2\lab2_code_for_cadets_2026\ece383_pkg.vhd:]
WARNING: [filemgmt 56-199] Attempt to get parsing info during refresh. "On-the-fly" syntax checking information may be incorrect. [C:\Users\C27Soren.Herzog\ece383\Herzog_ece383_wksp\lab2\Lab _2.srcs\sources_1\imports\imports\new\counter.vhd:]
WARNING: [filemgmt 56-199] Attempt to get parsing info during refresh. "On-the-fly" syntax checking information may be incorrect. [C:\Users\C27Soren.Herzog\ece383\Herzog_ece383_wksp\lab2\Lab _2.srcs\sources_1\imports\C27Soren.Herzog\OneDrive - afacademy.af.edu\Documents\Schoolwork Sem6 2026 Spring\M1 - ECE 383 CSYS\Lab\Lab 2\lab2_code_for_cadets_2026\lab2.vhd:]
WARNING: [filemgmt 56-199] Attempt to get parsing info during refresh. "On-the-fly" syntax checking information may be incorrect. [C:\Users\C27Soren.Herzog\ece383\Herzog_ece383_wksp\lab2\Lab _2.srcs\sources_1\imports\C27Soren.Herzog\OneDrive - afacademy.af.edu\Documents\Schoolwork Sem6 2026 Spring\M1 - ECE 383 CSYS\Lab\Lab 2\lab2_code_for_cadets_2026\Audio_Codec_Wrapper.vhd:]
WARNING: [filemgmt 56-199] Attempt to get parsing info during refresh. "On-the-fly" syntax checking information may be incorrect. [C:\Users\C27Soren.Herzog\ece383\Herzog_ece383_wksp\lab2\Lab _2.srcs\sources_1\imports\C27Soren.Herzog\OneDrive - afacademy.af.edu\Documents\Schoolwork Sem6 2026 Spring\M1 - ECE 383 CSYS\Lab\Lab 2\lab2_code_for_cadets_2026\lab2_fsm.vhdl:]
WARNING: [filemgmt 56-199] Attempt to get parsing info during refresh. "On-the-fly" syntax checking information may be incorrect. [C:\Users\C27Soren.Herzog\ece383\Herzog_ece383_wksp\lab2\Lab _2.srcs\sources_1\imports\C27Soren.Herzog\OneDrive - afacademy.af.edu\Documents\Schoolwork Sem6 2026 Spring\M1 - ECE 383 CSYS\Lab\Lab 2\lab2_code_for_cadets_2026\lab2_datapath.vhdl:]
WARNING: [filemgmt 56-199] Attempt to get parsing info during refresh. "On-the-fly" syntax checking information may be incorrect. [C:\Users\C27Soren.Herzog\ece383\Herzog_ece383_wksp\lab2\Lab _2.srcs\sources_1\imports\C27Soren.Herzog\OneDrive - afacademy.af.edu\Documents\Schoolwork Sem6 2026 Spring\M1 - ECE 383 CSYS\Lab\Lab 2\lab2_code_for_cadets_2026\Audio_Codec_Wrapper.vhd:]
WARNING: [filemgmt 56-199] Attempt to get parsing info during refresh. "On-the-fly" syntax checking information may be incorrect. [C:\Users\C27Soren.Herzog\ece383\Herzog_ece383_wksp\lab2\Lab _2.srcs\sources_1\imports\C27Soren.Herzog\OneDrive - afacademy.af.edu\Documents\Schoolwork Sem6 2026 Spring\M1 - ECE 383 CSYS\Lab\Lab 2\lab2_code_for_cadets_2026\Audio_Codec_Wrapper.vhd:]
ERROR: [Common 17-180] Spawn failed: No error
WARNING: [filemgmt 56-199] Attempt to get parsing info during refresh. "On-the-fly" syntax checking information may be incorrect. [C:\Users\C27Soren.Herzog\ece383\Herzog_ece383_wksp\lab2\Lab _2.srcs\sources_1\imports\C27Soren.Herzog\OneDrive - afacademy.af.edu\Documents\Schoolwork Sem6 2026 Spring\M1 - ECE 383 CSYS\Lab\Lab 2\lab2_code_for_cadets_2026\ece383_pkg.vhd:]
WARNING: [filemgmt 56-199] Attempt to get parsing info during refresh. "On-the-fly" syntax checking information may be incorrect. [C:\Users\C27Soren.Herzog\ece383\Herzog_ece383_wksp\lab2\Lab _2.srcs\sources_1\imports\imports\new\counter.vhd:]
WARNING: [filemgmt 56-199] Attempt to get parsing info during refresh. "On-the-fly" syntax checking information may be incorrect. [C:\Users\C27Soren.Herzog\ece383\Herzog_ece383_wksp\lab2\Lab _2.srcs\sources_1\imports\C27Soren.Herzog\OneDrive - afacademy.af.edu\Documents\Schoolwork Sem6 2026 Spring\M1 - ECE 383 CSYS\Lab\Lab 2\lab2_code_for_cadets_2026\lab2.vhd:]
WARNING: [filemgmt 56-199] Attempt to get parsing info during refresh. "On-the-fly" syntax checking information may be incorrect. [C:\Users\C27Soren.Herzog\ece383\Herzog_ece383_wksp\lab2\Lab _2.srcs\sources_1\imports\C27Soren.Herzog\OneDrive - afacademy.af.edu\Documents\Schoolwork Sem6 2026 Spring\M1 - ECE 383 CSYS\Lab\Lab 2\lab2_code_for_cadets_2026\Audio_Codec_Wrapper.vhd:]
WARNING: [filemgmt 56-199] Attempt to get parsing info during refresh. "On-the-fly" syntax checking information may be incorrect. [C:\Users\C27Soren.Herzog\ece383\Herzog_ece383_wksp\lab2\Lab _2.srcs\sources_1\imports\C27Soren.Herzog\OneDrive - afacademy.af.edu\Documents\Schoolwork Sem6 2026 Spring\M1 - ECE 383 CSYS\Lab\Lab 2\lab2_code_for_cadets_2026\lab2_fsm.vhdl:]
WARNING: [filemgmt 56-199] Attempt to get parsing info during refresh. "On-the-fly" syntax checking information may be incorrect. [C:\Users\C27Soren.Herzog\ece383\Herzog_ece383_wksp\lab2\Lab _2.srcs\sources_1\imports\C27Soren.Herzog\OneDrive - afacademy.af.edu\Documents\Schoolwork Sem6 2026 Spring\M1 - ECE 383 CSYS\Lab\Lab 2\lab2_code_for_cadets_2026\lab2_datapath.vhdl:]
WARNING: [filemgmt 56-199] Attempt to get parsing info during refresh. "On-the-fly" syntax checking information may be incorrect. [C:\Users\C27Soren.Herzog\ece383\Herzog_ece383_wksp\lab2\Lab _2.srcs\sources_1\imports\C27Soren.Herzog\OneDrive - afacademy.af.edu\Documents\Schoolwork Sem6 2026 Spring\M1 - ECE 383 CSYS\Lab\Lab 2\lab2_code_for_cadets_2026\ece383_pkg.vhd:]
WARNING: [filemgmt 56-199] Attempt to get parsing info during refresh. "On-the-fly" syntax checking information may be incorrect. [C:\Users\C27Soren.Herzog\ece383\Herzog_ece383_wksp\lab2\Lab _2.srcs\sources_1\imports\C27Soren.Herzog\OneDrive - afacademy.af.edu\Documents\Schoolwork Sem6 2026 Spring\M1 - ECE 383 CSYS\Lab\Lab 2\lab2_code_for_cadets_2026\ece383_pkg.vhd:]
ERROR: [Common 17-180] Spawn failed: No error
INFO: [Vivado 12-4149] The synthesis checkpoint for IP 'C:/Users/C27Soren.Herzog/ece383/Herzog_ece383_wksp/lab2/Lab _2.srcs/sources_1/ip/clk_wiz_0/clk_wiz_0.xci' is already up-to-date
ERROR: [Vivado 12-4756] Launch of runs aborted due to earlier errors while preparing sub-designs for run execution.
launch_runs impl_1 -to_step write_bitstream -jobs 8
INFO: [Vivado 12-4149] The synthesis checkpoint for IP 'C:/Users/C27Soren.Herzog/ece383/Herzog_ece383_wksp/lab2/Lab _2.srcs/sources_1/ip/clk_wiz_0/clk_wiz_0.xci' is already up-to-date
[Thu Feb 12 08:24:37 2026] Launched synth_1...
Run output will be captured here: C:/Users/C27Soren.Herzog/ece383/Herzog_ece383_wksp/lab2/Lab _2.runs/synth_1/runme.log
[Thu Feb 12 08:24:37 2026] Launched impl_1...
Run output will be captured here: C:/Users/C27Soren.Herzog/ece383/Herzog_ece383_wksp/lab2/Lab _2.runs/impl_1/runme.log
INFO: [Labtoolstcl 44-466] Opening hw_target localhost:3121/xilinx_tcf/Digilent/210276B7D0EDB
INFO: [Labtools 27-1434] Device xc7a200t (JTAG device index = 0) is programmed with a design that has no supported debug core(s) in it.
WARNING: [Labtoolstcl 44-129] No matching hw_ila_data was found.
set_property PROBES.FILE {} [get_hw_devices xc7a200t_0]
set_property FULL_PROBES.FILE {} [get_hw_devices xc7a200t_0]
set_property PROGRAM.FILE {C:/Users/C27Soren.Herzog/ece383/Herzog_ece383_wksp/lab2/Lab _2.runs/impl_1/lab2.bit} [get_hw_devices xc7a200t_0]
program_hw_devices [get_hw_devices xc7a200t_0]
INFO: [Labtools 27-3164] End of startup status: HIGH
program_hw_devices: Time (s): cpu = 00:00:04 ; elapsed = 00:00:07 . Memory (MB): peak = 1276.730 ; gain = 0.000
refresh_hw_device [lindex [get_hw_devices xc7a200t_0] 0]
INFO: [Labtools 27-1434] Device xc7a200t (JTAG device index = 0) is programmed with a design that has no supported debug core(s) in it.
set_property PROBES.FILE {} [get_hw_devices xc7a200t_0]
set_property FULL_PROBES.FILE {} [get_hw_devices xc7a200t_0]
set_property PROGRAM.FILE {C:/Users/C27Soren.Herzog/ece383/Herzog_ece383_wksp/lab2/Lab _2.runs/impl_1/lab2.bit} [get_hw_devices xc7a200t_0]
program_hw_devices [get_hw_devices xc7a200t_0]
ERROR: [Labtools 27-3165] End of startup status: LOW
ERROR: [Common 17-39] 'program_hw_devices' failed due to earlier errors.
ERROR: [Labtoolstcl 44-513] HW Target shutdown. Closing target: localhost:3121/xilinx_tcf/Digilent/210276B7D0EDB
INFO: [Labtoolstcl 44-466] Opening hw_target localhost:3121/xilinx_tcf/Digilent/210276B7D0EDB
INFO: [Labtools 27-1435] Device xc7a200t (JTAG device index = 0) is not programmed (DONE status = 0).
WARNING: [Labtoolstcl 44-129] No matching hw_ila_data was found.
set_property PROBES.FILE {} [get_hw_devices xc7a200t_0]
set_property FULL_PROBES.FILE {} [get_hw_devices xc7a200t_0]
set_property PROGRAM.FILE {C:/Users/C27Soren.Herzog/ece383/Herzog_ece383_wksp/lab2/Lab _2.runs/impl_1/lab2.bit} [get_hw_devices xc7a200t_0]
program_hw_devices [get_hw_devices xc7a200t_0]
INFO: [Labtools 27-3164] End of startup status: HIGH
program_hw_devices: Time (s): cpu = 00:00:05 ; elapsed = 00:00:06 . Memory (MB): peak = 1276.848 ; gain = 0.000
refresh_hw_device [lindex [get_hw_devices xc7a200t_0] 0]
INFO: [Labtools 27-1434] Device xc7a200t (JTAG device index = 0) is programmed with a design that has no supported debug core(s) in it.
ERROR: [Labtoolstcl 44-513] HW Target shutdown. Closing target: localhost:3121/xilinx_tcf/Digilent/210276B7D0EDB
import_files -norecurse {{C:/Users/C27Soren.Herzog/OneDrive - afacademy.af.edu/Documents/Schoolwork Sem6 2026 Spring/M1 - ECE 383 CSYS/Lab/Lab 2/Lab2_OLED/ascii_rom.vhd} {C:/Users/C27Soren.Herzog/OneDrive - afacademy.af.edu/Documents/Schoolwork Sem6 2026 Spring/M1 - ECE 383 CSYS/Lab/Lab 2/Lab2_OLED/oled_ex.vhd} {C:/Users/C27Soren.Herzog/OneDrive - afacademy.af.edu/Documents/Schoolwork Sem6 2026 Spring/M1 - ECE 383 CSYS/Lab/Lab 2/Lab2_OLED/spi_ctrl.vhd} {C:/Users/C27Soren.Herzog/OneDrive - afacademy.af.edu/Documents/Schoolwork Sem6 2026 Spring/M1 - ECE 383 CSYS/Lab/Lab 2/Lab2_OLED/delay.vhd} {C:/Users/C27Soren.Herzog/OneDrive - afacademy.af.edu/Documents/Schoolwork Sem6 2026 Spring/M1 - ECE 383 CSYS/Lab/Lab 2/Lab2_OLED/Lab2_OLED.vhd} {C:/Users/C27Soren.Herzog/OneDrive - afacademy.af.edu/Documents/Schoolwork Sem6 2026 Spring/M1 - ECE 383 CSYS/Lab/Lab 2/Lab2_OLED/oled_init.vhd}}
WARNING: [filemgmt 56-199] Attempt to get parsing info during refresh. "On-the-fly" syntax checking information may be incorrect. [C:\Users\C27Soren.Herzog\ece383\Herzog_ece383_wksp\lab2\Lab _2.srcs\sources_1\imports\C27Soren.Herzog\OneDrive - afacademy.af.edu\Documents\Schoolwork Sem6 2026 Spring\M1 - ECE 383 CSYS\Lab\Lab 2\lab2_code_for_cadets_2026\ece383_pkg.vhd:]
WARNING: [filemgmt 56-199] Attempt to get parsing info during refresh. "On-the-fly" syntax checking information may be incorrect. [C:\Users\C27Soren.Herzog\ece383\Herzog_ece383_wksp\lab2\Lab _2.srcs\sources_1\imports\imports\new\counter.vhd:]
WARNING: [filemgmt 56-199] Attempt to get parsing info during refresh. "On-the-fly" syntax checking information may be incorrect. [C:\Users\C27Soren.Herzog\ece383\Herzog_ece383_wksp\lab2\Lab _2.srcs\sources_1\imports\C27Soren.Herzog\OneDrive - afacademy.af.edu\Documents\Schoolwork Sem6 2026 Spring\M1 - ECE 383 CSYS\Lab\Lab 2\lab2_code_for_cadets_2026\lab2.vhd:]
WARNING: [filemgmt 56-199] Attempt to get parsing info during refresh. "On-the-fly" syntax checking information may be incorrect. [C:\Users\C27Soren.Herzog\ece383\Herzog_ece383_wksp\lab2\Lab _2.srcs\sources_1\imports\C27Soren.Herzog\OneDrive - afacademy.af.edu\Documents\Schoolwork Sem6 2026 Spring\M1 - ECE 383 CSYS\Lab\Lab 2\lab2_code_for_cadets_2026\Audio_Codec_Wrapper.vhd:]
WARNING: [filemgmt 56-199] Attempt to get parsing info during refresh. "On-the-fly" syntax checking information may be incorrect. [C:\Users\C27Soren.Herzog\ece383\Herzog_ece383_wksp\lab2\Lab _2.srcs\sources_1\imports\C27Soren.Herzog\OneDrive - afacademy.af.edu\Documents\Schoolwork Sem6 2026 Spring\M1 - ECE 383 CSYS\Lab\Lab 2\lab2_code_for_cadets_2026\lab2_fsm.vhdl:]
WARNING: [filemgmt 56-199] Attempt to get parsing info during refresh. "On-the-fly" syntax checking information may be incorrect. [C:\Users\C27Soren.Herzog\ece383\Herzog_ece383_wksp\lab2\Lab _2.srcs\sources_1\imports\C27Soren.Herzog\OneDrive - afacademy.af.edu\Documents\Schoolwork Sem6 2026 Spring\M1 - ECE 383 CSYS\Lab\Lab 2\lab2_code_for_cadets_2026\lab2_datapath.vhdl:]
WARNING: [filemgmt 56-199] Attempt to get parsing info during refresh. "On-the-fly" syntax checking information may be incorrect. [C:\Users\C27Soren.Herzog\ece383\Herzog_ece383_wksp\lab2\Lab _2.srcs\sources_1\imports\imports\new\counter.vhd:]
WARNING: [filemgmt 56-199] Attempt to get parsing info during refresh. "On-the-fly" syntax checking information may be incorrect. [C:\Users\C27Soren.Herzog\ece383\Herzog_ece383_wksp\lab2\Lab _2.srcs\sources_1\imports\imports\new\counter.vhd:]
WARNING: [filemgmt 56-199] Attempt to get parsing info during refresh. "On-the-fly" syntax checking information may be incorrect. [C:\Users\C27Soren.Herzog\ece383\Herzog_ece383_wksp\lab2\Lab _2.srcs\sources_1\imports\C27Soren.Herzog\OneDrive - afacademy.af.edu\Documents\Schoolwork Sem6 2026 Spring\M1 - ECE 383 CSYS\Lab\Lab 2\lab2_code_for_cadets_2026\ece383_pkg.vhd:]
WARNING: [filemgmt 56-199] Attempt to get parsing info during refresh. "On-the-fly" syntax checking information may be incorrect. [C:\Users\C27Soren.Herzog\ece383\Herzog_ece383_wksp\lab2\Lab _2.srcs\sources_1\imports\imports\new\counter.vhd:]
WARNING: [filemgmt 56-199] Attempt to get parsing info during refresh. "On-the-fly" syntax checking information may be incorrect. [C:\Users\C27Soren.Herzog\ece383\Herzog_ece383_wksp\lab2\Lab _2.srcs\sources_1\imports\C27Soren.Herzog\OneDrive - afacademy.af.edu\Documents\Schoolwork Sem6 2026 Spring\M1 - ECE 383 CSYS\Lab\Lab 2\lab2_code_for_cadets_2026\lab2.vhd:]
WARNING: [filemgmt 56-199] Attempt to get parsing info during refresh. "On-the-fly" syntax checking information may be incorrect. [C:\Users\C27Soren.Herzog\ece383\Herzog_ece383_wksp\lab2\Lab _2.srcs\sources_1\imports\C27Soren.Herzog\OneDrive - afacademy.af.edu\Documents\Schoolwork Sem6 2026 Spring\M1 - ECE 383 CSYS\Lab\Lab 2\lab2_code_for_cadets_2026\Audio_Codec_Wrapper.vhd:]
WARNING: [filemgmt 56-199] Attempt to get parsing info during refresh. "On-the-fly" syntax checking information may be incorrect. [C:\Users\C27Soren.Herzog\ece383\Herzog_ece383_wksp\lab2\Lab _2.srcs\sources_1\imports\C27Soren.Herzog\OneDrive - afacademy.af.edu\Documents\Schoolwork Sem6 2026 Spring\M1 - ECE 383 CSYS\Lab\Lab 2\lab2_code_for_cadets_2026\lab2_fsm.vhdl:]
WARNING: [filemgmt 56-199] Attempt to get parsing info during refresh. "On-the-fly" syntax checking information may be incorrect. [C:\Users\C27Soren.Herzog\ece383\Herzog_ece383_wksp\lab2\Lab _2.srcs\sources_1\imports\C27Soren.Herzog\OneDrive - afacademy.af.edu\Documents\Schoolwork Sem6 2026 Spring\M1 - ECE 383 CSYS\Lab\Lab 2\lab2_code_for_cadets_2026\lab2_datapath.vhdl:]
WARNING: [filemgmt 56-199] Attempt to get parsing info during refresh. "On-the-fly" syntax checking information may be incorrect. [C:\Users\C27Soren.Herzog\ece383\Herzog_ece383_wksp\lab2\Lab _2.srcs\sources_1\imports\C27Soren.Herzog\OneDrive - afacademy.af.edu\Documents\Schoolwork Sem6 2026 Spring\M1 - ECE 383 CSYS\Lab\Lab 2\lab2_code_for_cadets_2026\ece383_pkg.vhd:]
WARNING: [filemgmt 56-199] Attempt to get parsing info during refresh. "On-the-fly" syntax checking information may be incorrect. [C:\Users\C27Soren.Herzog\ece383\Herzog_ece383_wksp\lab2\Lab _2.srcs\sources_1\imports\C27Soren.Herzog\OneDrive - afacademy.af.edu\Documents\Schoolwork Sem6 2026 Spring\M1 - ECE 383 CSYS\Lab\Lab 2\lab2_code_for_cadets_2026\ece383_pkg.vhd:]
WARNING: [filemgmt 56-199] Attempt to get parsing info during refresh. "On-the-fly" syntax checking information may be incorrect. [C:\Users\C27Soren.Herzog\ece383\Herzog_ece383_wksp\lab2\Lab _2.srcs\sources_1\imports\C27Soren.Herzog\OneDrive - afacademy.af.edu\Documents\Schoolwork Sem6 2026 Spring\M1 - ECE 383 CSYS\Lab\Lab 2\lab2_code_for_cadets_2026\ece383_pkg.vhd:]
WARNING: [filemgmt 56-199] Attempt to get parsing info during refresh. "On-the-fly" syntax checking information may be incorrect. [C:\Users\C27Soren.Herzog\ece383\Herzog_ece383_wksp\lab2\Lab _2.srcs\sources_1\imports\imports\new\counter.vhd:]
WARNING: [filemgmt 56-199] Attempt to get parsing info during refresh. "On-the-fly" syntax checking information may be incorrect. [C:\Users\C27Soren.Herzog\ece383\Herzog_ece383_wksp\lab2\Lab _2.srcs\sources_1\imports\C27Soren.Herzog\OneDrive - afacademy.af.edu\Documents\Schoolwork Sem6 2026 Spring\M1 - ECE 383 CSYS\Lab\Lab 2\lab2_code_for_cadets_2026\lab2.vhd:]
WARNING: [filemgmt 56-199] Attempt to get parsing info during refresh. "On-the-fly" syntax checking information may be incorrect. [C:\Users\C27Soren.Herzog\ece383\Herzog_ece383_wksp\lab2\Lab _2.srcs\sources_1\imports\C27Soren.Herzog\OneDrive - afacademy.af.edu\Documents\Schoolwork Sem6 2026 Spring\M1 - ECE 383 CSYS\Lab\Lab 2\lab2_code_for_cadets_2026\Audio_Codec_Wrapper.vhd:]
WARNING: [filemgmt 56-199] Attempt to get parsing info during refresh. "On-the-fly" syntax checking information may be incorrect. [C:\Users\C27Soren.Herzog\ece383\Herzog_ece383_wksp\lab2\Lab _2.srcs\sources_1\imports\C27Soren.Herzog\OneDrive - afacademy.af.edu\Documents\Schoolwork Sem6 2026 Spring\M1 - ECE 383 CSYS\Lab\Lab 2\lab2_code_for_cadets_2026\lab2_fsm.vhdl:]
WARNING: [filemgmt 56-199] Attempt to get parsing info during refresh. "On-the-fly" syntax checking information may be incorrect. [C:\Users\C27Soren.Herzog\ece383\Herzog_ece383_wksp\lab2\Lab _2.srcs\sources_1\imports\C27Soren.Herzog\OneDrive - afacademy.af.edu\Documents\Schoolwork Sem6 2026 Spring\M1 - ECE 383 CSYS\Lab\Lab 2\lab2_code_for_cadets_2026\lab2_datapath.vhdl:]
WARNING: [filemgmt 56-199] Attempt to get parsing info during refresh. "On-the-fly" syntax checking information may be incorrect. [C:\Users\C27Soren.Herzog\ece383\Herzog_ece383_wksp\lab2\Lab _2.srcs\sources_1\imports\C27Soren.Herzog\OneDrive - afacademy.af.edu\Documents\Schoolwork Sem6 2026 Spring\M1 - ECE 383 CSYS\Lab\Lab 2\lab2_code_for_cadets_2026\lab2.vhd:]
WARNING: [filemgmt 56-199] Attempt to get parsing info during refresh. "On-the-fly" syntax checking information may be incorrect. [C:\Users\C27Soren.Herzog\ece383\Herzog_ece383_wksp\lab2\Lab _2.srcs\sources_1\imports\C27Soren.Herzog\OneDrive - afacademy.af.edu\Documents\Schoolwork Sem6 2026 Spring\M1 - ECE 383 CSYS\Lab\Lab 2\lab2_code_for_cadets_2026\lab2.vhd:]
WARNING: [filemgmt 56-199] Attempt to get parsing info during refresh. "On-the-fly" syntax checking information may be incorrect. [C:\Users\C27Soren.Herzog\ece383\Herzog_ece383_wksp\lab2\Lab _2.srcs\sources_1\imports\C27Soren.Herzog\OneDrive - afacademy.af.edu\Documents\Schoolwork Sem6 2026 Spring\M1 - ECE 383 CSYS\Lab\Lab 2\lab2_code_for_cadets_2026\ece383_pkg.vhd:]
WARNING: [filemgmt 56-199] Attempt to get parsing info during refresh. "On-the-fly" syntax checking information may be incorrect. [C:\Users\C27Soren.Herzog\ece383\Herzog_ece383_wksp\lab2\Lab _2.srcs\sources_1\imports\imports\new\counter.vhd:]
WARNING: [filemgmt 56-199] Attempt to get parsing info during refresh. "On-the-fly" syntax checking information may be incorrect. [C:\Users\C27Soren.Herzog\ece383\Herzog_ece383_wksp\lab2\Lab _2.srcs\sources_1\imports\C27Soren.Herzog\OneDrive - afacademy.af.edu\Documents\Schoolwork Sem6 2026 Spring\M1 - ECE 383 CSYS\Lab\Lab 2\lab2_code_for_cadets_2026\lab2.vhd:]
WARNING: [filemgmt 56-199] Attempt to get parsing info during refresh. "On-the-fly" syntax checking information may be incorrect. [C:\Users\C27Soren.Herzog\ece383\Herzog_ece383_wksp\lab2\Lab _2.srcs\sources_1\imports\C27Soren.Herzog\OneDrive - afacademy.af.edu\Documents\Schoolwork Sem6 2026 Spring\M1 - ECE 383 CSYS\Lab\Lab 2\lab2_code_for_cadets_2026\Audio_Codec_Wrapper.vhd:]
WARNING: [filemgmt 56-199] Attempt to get parsing info during refresh. "On-the-fly" syntax checking information may be incorrect. [C:\Users\C27Soren.Herzog\ece383\Herzog_ece383_wksp\lab2\Lab _2.srcs\sources_1\imports\C27Soren.Herzog\OneDrive - afacademy.af.edu\Documents\Schoolwork Sem6 2026 Spring\M1 - ECE 383 CSYS\Lab\Lab 2\lab2_code_for_cadets_2026\lab2_fsm.vhdl:]
WARNING: [filemgmt 56-199] Attempt to get parsing info during refresh. "On-the-fly" syntax checking information may be incorrect. [C:\Users\C27Soren.Herzog\ece383\Herzog_ece383_wksp\lab2\Lab _2.srcs\sources_1\imports\C27Soren.Herzog\OneDrive - afacademy.af.edu\Documents\Schoolwork Sem6 2026 Spring\M1 - ECE 383 CSYS\Lab\Lab 2\lab2_code_for_cadets_2026\lab2_datapath.vhdl:]
WARNING: [filemgmt 56-199] Attempt to get parsing info during refresh. "On-the-fly" syntax checking information may be incorrect. [C:\Users\C27Soren.Herzog\ece383\Herzog_ece383_wksp\lab2\Lab _2.srcs\sources_1\imports\C27Soren.Herzog\OneDrive - afacademy.af.edu\Documents\Schoolwork Sem6 2026 Spring\M1 - ECE 383 CSYS\Lab\Lab 2\lab2_code_for_cadets_2026\Audio_Codec_Wrapper.vhd:]
WARNING: [filemgmt 56-199] Attempt to get parsing info during refresh. "On-the-fly" syntax checking information may be incorrect. [C:\Users\C27Soren.Herzog\ece383\Herzog_ece383_wksp\lab2\Lab _2.srcs\sources_1\imports\C27Soren.Herzog\OneDrive - afacademy.af.edu\Documents\Schoolwork Sem6 2026 Spring\M1 - ECE 383 CSYS\Lab\Lab 2\lab2_code_for_cadets_2026\Audio_Codec_Wrapper.vhd:]
WARNING: [filemgmt 56-199] Attempt to get parsing info during refresh. "On-the-fly" syntax checking information may be incorrect. [C:\Users\C27Soren.Herzog\ece383\Herzog_ece383_wksp\lab2\Lab _2.srcs\sources_1\imports\C27Soren.Herzog\OneDrive - afacademy.af.edu\Documents\Schoolwork Sem6 2026 Spring\M1 - ECE 383 CSYS\Lab\Lab 2\lab2_code_for_cadets_2026\ece383_pkg.vhd:]
WARNING: [filemgmt 56-199] Attempt to get parsing info during refresh. "On-the-fly" syntax checking information may be incorrect. [C:\Users\C27Soren.Herzog\ece383\Herzog_ece383_wksp\lab2\Lab _2.srcs\sources_1\imports\imports\new\counter.vhd:]
WARNING: [filemgmt 56-199] Attempt to get parsing info during refresh. "On-the-fly" syntax checking information may be incorrect. [C:\Users\C27Soren.Herzog\ece383\Herzog_ece383_wksp\lab2\Lab _2.srcs\sources_1\imports\C27Soren.Herzog\OneDrive - afacademy.af.edu\Documents\Schoolwork Sem6 2026 Spring\M1 - ECE 383 CSYS\Lab\Lab 2\lab2_code_for_cadets_2026\lab2.vhd:]
WARNING: [filemgmt 56-199] Attempt to get parsing info during refresh. "On-the-fly" syntax checking information may be incorrect. [C:\Users\C27Soren.Herzog\ece383\Herzog_ece383_wksp\lab2\Lab _2.srcs\sources_1\imports\C27Soren.Herzog\OneDrive - afacademy.af.edu\Documents\Schoolwork Sem6 2026 Spring\M1 - ECE 383 CSYS\Lab\Lab 2\lab2_code_for_cadets_2026\Audio_Codec_Wrapper.vhd:]
WARNING: [filemgmt 56-199] Attempt to get parsing info during refresh. "On-the-fly" syntax checking information may be incorrect. [C:\Users\C27Soren.Herzog\ece383\Herzog_ece383_wksp\lab2\Lab _2.srcs\sources_1\imports\C27Soren.Herzog\OneDrive - afacademy.af.edu\Documents\Schoolwork Sem6 2026 Spring\M1 - ECE 383 CSYS\Lab\Lab 2\lab2_code_for_cadets_2026\lab2_fsm.vhdl:]
WARNING: [filemgmt 56-199] Attempt to get parsing info during refresh. "On-the-fly" syntax checking information may be incorrect. [C:\Users\C27Soren.Herzog\ece383\Herzog_ece383_wksp\lab2\Lab _2.srcs\sources_1\imports\C27Soren.Herzog\OneDrive - afacademy.af.edu\Documents\Schoolwork Sem6 2026 Spring\M1 - ECE 383 CSYS\Lab\Lab 2\lab2_code_for_cadets_2026\lab2_datapath.vhdl:]
WARNING: [filemgmt 56-199] Attempt to get parsing info during refresh. "On-the-fly" syntax checking information may be incorrect. [C:\Users\C27Soren.Herzog\ece383\Herzog_ece383_wksp\lab2\Lab _2.srcs\sources_1\imports\C27Soren.Herzog\OneDrive - afacademy.af.edu\Documents\Schoolwork Sem6 2026 Spring\M1 - ECE 383 CSYS\Lab\Lab 2\lab2_code_for_cadets_2026\lab2_fsm.vhdl:]
WARNING: [filemgmt 56-199] Attempt to get parsing info during refresh. "On-the-fly" syntax checking information may be incorrect. [C:\Users\C27Soren.Herzog\ece383\Herzog_ece383_wksp\lab2\Lab _2.srcs\sources_1\imports\C27Soren.Herzog\OneDrive - afacademy.af.edu\Documents\Schoolwork Sem6 2026 Spring\M1 - ECE 383 CSYS\Lab\Lab 2\lab2_code_for_cadets_2026\lab2_fsm.vhdl:]
ERROR: [Common 17-180] Spawn failed: No error
update_compile_order -fileset sources_1
WARNING: [filemgmt 56-199] Attempt to get parsing info during refresh. "On-the-fly" syntax checking information may be incorrect. [C:\Users\C27Soren.Herzog\ece383\Herzog_ece383_wksp\lab2\Lab _2.srcs\sources_1\imports\C27Soren.Herzog\OneDrive - afacademy.af.edu\Documents\Schoolwork Sem6 2026 Spring\M1 - ECE 383 CSYS\Lab\Lab 2\lab2_code_for_cadets_2026\ece383_pkg.vhd:]
WARNING: [filemgmt 56-199] Attempt to get parsing info during refresh. "On-the-fly" syntax checking information may be incorrect. [C:\Users\C27Soren.Herzog\ece383\Herzog_ece383_wksp\lab2\Lab _2.srcs\sources_1\imports\imports\new\counter.vhd:]
WARNING: [filemgmt 56-199] Attempt to get parsing info during refresh. "On-the-fly" syntax checking information may be incorrect. [C:\Users\C27Soren.Herzog\ece383\Herzog_ece383_wksp\lab2\Lab _2.srcs\sources_1\imports\C27Soren.Herzog\OneDrive - afacademy.af.edu\Documents\Schoolwork Sem6 2026 Spring\M1 - ECE 383 CSYS\Lab\Lab 2\lab2_code_for_cadets_2026\lab2.vhd:]
WARNING: [filemgmt 56-199] Attempt to get parsing info during refresh. "On-the-fly" syntax checking information may be incorrect. [C:\Users\C27Soren.Herzog\ece383\Herzog_ece383_wksp\lab2\Lab _2.srcs\sources_1\imports\C27Soren.Herzog\OneDrive - afacademy.af.edu\Documents\Schoolwork Sem6 2026 Spring\M1 - ECE 383 CSYS\Lab\Lab 2\lab2_code_for_cadets_2026\Audio_Codec_Wrapper.vhd:]
WARNING: [filemgmt 56-199] Attempt to get parsing info during refresh. "On-the-fly" syntax checking information may be incorrect. [C:\Users\C27Soren.Herzog\ece383\Herzog_ece383_wksp\lab2\Lab _2.srcs\sources_1\imports\C27Soren.Herzog\OneDrive - afacademy.af.edu\Documents\Schoolwork Sem6 2026 Spring\M1 - ECE 383 CSYS\Lab\Lab 2\lab2_code_for_cadets_2026\lab2_fsm.vhdl:]
WARNING: [filemgmt 56-199] Attempt to get parsing info during refresh. "On-the-fly" syntax checking information may be incorrect. [C:\Users\C27Soren.Herzog\ece383\Herzog_ece383_wksp\lab2\Lab _2.srcs\sources_1\imports\C27Soren.Herzog\OneDrive - afacademy.af.edu\Documents\Schoolwork Sem6 2026 Spring\M1 - ECE 383 CSYS\Lab\Lab 2\lab2_code_for_cadets_2026\lab2_datapath.vhdl:]
WARNING: [filemgmt 56-199] Attempt to get parsing info during refresh. "On-the-fly" syntax checking information may be incorrect. [C:\Users\C27Soren.Herzog\ece383\Herzog_ece383_wksp\lab2\Lab _2.srcs\sources_1\imports\C27Soren.Herzog\OneDrive - afacademy.af.edu\Documents\Schoolwork Sem6 2026 Spring\M1 - ECE 383 CSYS\Lab\Lab 2\lab2_code_for_cadets_2026\lab2_datapath.vhdl:]
WARNING: [filemgmt 56-199] Attempt to get parsing info during refresh. "On-the-fly" syntax checking information may be incorrect. [C:\Users\C27Soren.Herzog\ece383\Herzog_ece383_wksp\lab2\Lab _2.srcs\sources_1\imports\C27Soren.Herzog\OneDrive - afacademy.af.edu\Documents\Schoolwork Sem6 2026 Spring\M1 - ECE 383 CSYS\Lab\Lab 2\lab2_code_for_cadets_2026\lab2_datapath.vhdl:]
WARNING: [filemgmt 56-199] Attempt to get parsing info during refresh. "On-the-fly" syntax checking information may be incorrect. [C:\Users\C27Soren.Herzog\ece383\Herzog_ece383_wksp\lab2\Lab _2.srcs\sources_1\imports\C27Soren.Herzog\OneDrive - afacademy.af.edu\Documents\Schoolwork Sem6 2026 Spring\M1 - ECE 383 CSYS\Lab\Lab 2\lab2_code_for_cadets_2026\ece383_pkg.vhd:]
WARNING: [filemgmt 56-199] Attempt to get parsing info during refresh. "On-the-fly" syntax checking information may be incorrect. [C:\Users\C27Soren.Herzog\ece383\Herzog_ece383_wksp\lab2\Lab _2.srcs\sources_1\imports\imports\new\counter.vhd:]
WARNING: [filemgmt 56-199] Attempt to get parsing info during refresh. "On-the-fly" syntax checking information may be incorrect. [C:\Users\C27Soren.Herzog\ece383\Herzog_ece383_wksp\lab2\Lab _2.srcs\sources_1\imports\C27Soren.Herzog\OneDrive - afacademy.af.edu\Documents\Schoolwork Sem6 2026 Spring\M1 - ECE 383 CSYS\Lab\Lab 2\lab2_code_for_cadets_2026\lab2.vhd:]
WARNING: [filemgmt 56-199] Attempt to get parsing info during refresh. "On-the-fly" syntax checking information may be incorrect. [C:\Users\C27Soren.Herzog\ece383\Herzog_ece383_wksp\lab2\Lab _2.srcs\sources_1\imports\C27Soren.Herzog\OneDrive - afacademy.af.edu\Documents\Schoolwork Sem6 2026 Spring\M1 - ECE 383 CSYS\Lab\Lab 2\lab2_code_for_cadets_2026\Audio_Codec_Wrapper.vhd:]
WARNING: [filemgmt 56-199] Attempt to get parsing info during refresh. "On-the-fly" syntax checking information may be incorrect. [C:\Users\C27Soren.Herzog\ece383\Herzog_ece383_wksp\lab2\Lab _2.srcs\sources_1\imports\C27Soren.Herzog\OneDrive - afacademy.af.edu\Documents\Schoolwork Sem6 2026 Spring\M1 - ECE 383 CSYS\Lab\Lab 2\lab2_code_for_cadets_2026\lab2_fsm.vhdl:]
WARNING: [filemgmt 56-199] Attempt to get parsing info during refresh. "On-the-fly" syntax checking information may be incorrect. [C:\Users\C27Soren.Herzog\ece383\Herzog_ece383_wksp\lab2\Lab _2.srcs\sources_1\imports\C27Soren.Herzog\OneDrive - afacademy.af.edu\Documents\Schoolwork Sem6 2026 Spring\M1 - ECE 383 CSYS\Lab\Lab 2\lab2_code_for_cadets_2026\lab2_datapath.vhdl:]
WARNING: [filemgmt 56-199] Attempt to get parsing info during refresh. "On-the-fly" syntax checking information may be incorrect. [C:\Users\C27Soren.Herzog\ece383\Herzog_ece383_wksp\lab2\Lab _2.srcs\sources_1\imports\imports\new\counter.vhd:]
WARNING: [filemgmt 56-199] Attempt to get parsing info during refresh. "On-the-fly" syntax checking information may be incorrect. [C:\Users\C27Soren.Herzog\ece383\Herzog_ece383_wksp\lab2\Lab _2.srcs\sources_1\imports\imports\new\counter.vhd:]
WARNING: [filemgmt 56-199] Attempt to get parsing info during refresh. "On-the-fly" syntax checking information may be incorrect. [C:\Users\C27Soren.Herzog\ece383\Herzog_ece383_wksp\lab2\Lab _2.srcs\sources_1\imports\C27Soren.Herzog\OneDrive - afacademy.af.edu\Documents\Schoolwork Sem6 2026 Spring\M1 - ECE 383 CSYS\Lab\Lab 2\lab2_code_for_cadets_2026\ece383_pkg.vhd:]
WARNING: [filemgmt 56-199] Attempt to get parsing info during refresh. "On-the-fly" syntax checking information may be incorrect. [C:\Users\C27Soren.Herzog\ece383\Herzog_ece383_wksp\lab2\Lab _2.srcs\sources_1\imports\imports\new\counter.vhd:]
WARNING: [filemgmt 56-199] Attempt to get parsing info during refresh. "On-the-fly" syntax checking information may be incorrect. [C:\Users\C27Soren.Herzog\ece383\Herzog_ece383_wksp\lab2\Lab _2.srcs\sources_1\imports\C27Soren.Herzog\OneDrive - afacademy.af.edu\Documents\Schoolwork Sem6 2026 Spring\M1 - ECE 383 CSYS\Lab\Lab 2\lab2_code_for_cadets_2026\lab2.vhd:]
WARNING: [filemgmt 56-199] Attempt to get parsing info during refresh. "On-the-fly" syntax checking information may be incorrect. [C:\Users\C27Soren.Herzog\ece383\Herzog_ece383_wksp\lab2\Lab _2.srcs\sources_1\imports\C27Soren.Herzog\OneDrive - afacademy.af.edu\Documents\Schoolwork Sem6 2026 Spring\M1 - ECE 383 CSYS\Lab\Lab 2\lab2_code_for_cadets_2026\Audio_Codec_Wrapper.vhd:]
WARNING: [filemgmt 56-199] Attempt to get parsing info during refresh. "On-the-fly" syntax checking information may be incorrect. [C:\Users\C27Soren.Herzog\ece383\Herzog_ece383_wksp\lab2\Lab _2.srcs\sources_1\imports\C27Soren.Herzog\OneDrive - afacademy.af.edu\Documents\Schoolwork Sem6 2026 Spring\M1 - ECE 383 CSYS\Lab\Lab 2\lab2_code_for_cadets_2026\lab2_fsm.vhdl:]
WARNING: [filemgmt 56-199] Attempt to get parsing info during refresh. "On-the-fly" syntax checking information may be incorrect. [C:\Users\C27Soren.Herzog\ece383\Herzog_ece383_wksp\lab2\Lab _2.srcs\sources_1\imports\C27Soren.Herzog\OneDrive - afacademy.af.edu\Documents\Schoolwork Sem6 2026 Spring\M1 - ECE 383 CSYS\Lab\Lab 2\lab2_code_for_cadets_2026\lab2_datapath.vhdl:]
WARNING: [filemgmt 56-199] Attempt to get parsing info during refresh. "On-the-fly" syntax checking information may be incorrect. [C:\Users\C27Soren.Herzog\ece383\Herzog_ece383_wksp\lab2\Lab _2.srcs\sources_1\imports\C27Soren.Herzog\OneDrive - afacademy.af.edu\Documents\Schoolwork Sem6 2026 Spring\M1 - ECE 383 CSYS\Lab\Lab 2\lab2_code_for_cadets_2026\lab2_fsm.vhdl:]
WARNING: [filemgmt 56-199] Attempt to get parsing info during refresh. "On-the-fly" syntax checking information may be incorrect. [C:\Users\C27Soren.Herzog\ece383\Herzog_ece383_wksp\lab2\Lab _2.srcs\sources_1\imports\C27Soren.Herzog\OneDrive - afacademy.af.edu\Documents\Schoolwork Sem6 2026 Spring\M1 - ECE 383 CSYS\Lab\Lab 2\lab2_code_for_cadets_2026\lab2_fsm.vhdl:]
ERROR: [Common 17-180] Spawn failed: No error
WARNING: [filemgmt 56-199] Attempt to get parsing info during refresh. "On-the-fly" syntax checking information may be incorrect. [C:\Users\C27Soren.Herzog\ece383\Herzog_ece383_wksp\lab2\Lab _2.srcs\sources_1\imports\C27Soren.Herzog\OneDrive - afacademy.af.edu\Documents\Schoolwork Sem6 2026 Spring\M1 - ECE 383 CSYS\Lab\Lab 2\lab2_code_for_cadets_2026\ece383_pkg.vhd:]
WARNING: [filemgmt 56-199] Attempt to get parsing info during refresh. "On-the-fly" syntax checking information may be incorrect. [C:\Users\C27Soren.Herzog\ece383\Herzog_ece383_wksp\lab2\Lab _2.srcs\sources_1\imports\imports\new\counter.vhd:]
WARNING: [filemgmt 56-199] Attempt to get parsing info during refresh. "On-the-fly" syntax checking information may be incorrect. [C:\Users\C27Soren.Herzog\ece383\Herzog_ece383_wksp\lab2\Lab _2.srcs\sources_1\imports\C27Soren.Herzog\OneDrive - afacademy.af.edu\Documents\Schoolwork Sem6 2026 Spring\M1 - ECE 383 CSYS\Lab\Lab 2\lab2_code_for_cadets_2026\lab2.vhd:]
WARNING: [filemgmt 56-199] Attempt to get parsing info during refresh. "On-the-fly" syntax checking information may be incorrect. [C:\Users\C27Soren.Herzog\ece383\Herzog_ece383_wksp\lab2\Lab _2.srcs\sources_1\imports\C27Soren.Herzog\OneDrive - afacademy.af.edu\Documents\Schoolwork Sem6 2026 Spring\M1 - ECE 383 CSYS\Lab\Lab 2\lab2_code_for_cadets_2026\Audio_Codec_Wrapper.vhd:]
WARNING: [filemgmt 56-199] Attempt to get parsing info during refresh. "On-the-fly" syntax checking information may be incorrect. [C:\Users\C27Soren.Herzog\ece383\Herzog_ece383_wksp\lab2\Lab _2.srcs\sources_1\imports\C27Soren.Herzog\OneDrive - afacademy.af.edu\Documents\Schoolwork Sem6 2026 Spring\M1 - ECE 383 CSYS\Lab\Lab 2\lab2_code_for_cadets_2026\lab2_fsm.vhdl:]
WARNING: [filemgmt 56-199] Attempt to get parsing info during refresh. "On-the-fly" syntax checking information may be incorrect. [C:\Users\C27Soren.Herzog\ece383\Herzog_ece383_wksp\lab2\Lab _2.srcs\sources_1\imports\C27Soren.Herzog\OneDrive - afacademy.af.edu\Documents\Schoolwork Sem6 2026 Spring\M1 - ECE 383 CSYS\Lab\Lab 2\lab2_code_for_cadets_2026\lab2_datapath.vhdl:]
WARNING: [filemgmt 56-199] Attempt to get parsing info during refresh. "On-the-fly" syntax checking information may be incorrect. [C:\Users\C27Soren.Herzog\ece383\Herzog_ece383_wksp\lab2\Lab _2.srcs\sources_1\imports\C27Soren.Herzog\OneDrive - afacademy.af.edu\Documents\Schoolwork Sem6 2026 Spring\M1 - ECE 383 CSYS\Lab\Lab 2\lab2_code_for_cadets_2026\Audio_Codec_Wrapper.vhd:]
WARNING: [filemgmt 56-199] Attempt to get parsing info during refresh. "On-the-fly" syntax checking information may be incorrect. [C:\Users\C27Soren.Herzog\ece383\Herzog_ece383_wksp\lab2\Lab _2.srcs\sources_1\imports\C27Soren.Herzog\OneDrive - afacademy.af.edu\Documents\Schoolwork Sem6 2026 Spring\M1 - ECE 383 CSYS\Lab\Lab 2\lab2_code_for_cadets_2026\Audio_Codec_Wrapper.vhd:]
ERROR: [Common 17-180] Spawn failed: No error
WARNING: [filemgmt 56-199] Attempt to get parsing info during refresh. "On-the-fly" syntax checking information may be incorrect. [C:\Users\C27Soren.Herzog\ece383\Herzog_ece383_wksp\lab2\Lab _2.srcs\sources_1\imports\C27Soren.Herzog\OneDrive - afacademy.af.edu\Documents\Schoolwork Sem6 2026 Spring\M1 - ECE 383 CSYS\Lab\Lab 2\lab2_code_for_cadets_2026\ece383_pkg.vhd:]
WARNING: [filemgmt 56-199] Attempt to get parsing info during refresh. "On-the-fly" syntax checking information may be incorrect. [C:\Users\C27Soren.Herzog\ece383\Herzog_ece383_wksp\lab2\Lab _2.srcs\sources_1\imports\imports\new\counter.vhd:]
WARNING: [filemgmt 56-199] Attempt to get parsing info during refresh. "On-the-fly" syntax checking information may be incorrect. [C:\Users\C27Soren.Herzog\ece383\Herzog_ece383_wksp\lab2\Lab _2.srcs\sources_1\imports\C27Soren.Herzog\OneDrive - afacademy.af.edu\Documents\Schoolwork Sem6 2026 Spring\M1 - ECE 383 CSYS\Lab\Lab 2\lab2_code_for_cadets_2026\lab2.vhd:]
WARNING: [filemgmt 56-199] Attempt to get parsing info during refresh. "On-the-fly" syntax checking information may be incorrect. [C:\Users\C27Soren.Herzog\ece383\Herzog_ece383_wksp\lab2\Lab _2.srcs\sources_1\imports\C27Soren.Herzog\OneDrive - afacademy.af.edu\Documents\Schoolwork Sem6 2026 Spring\M1 - ECE 383 CSYS\Lab\Lab 2\lab2_code_for_cadets_2026\Audio_Codec_Wrapper.vhd:]
WARNING: [filemgmt 56-199] Attempt to get parsing info during refresh. "On-the-fly" syntax checking information may be incorrect. [C:\Users\C27Soren.Herzog\ece383\Herzog_ece383_wksp\lab2\Lab _2.srcs\sources_1\imports\C27Soren.Herzog\OneDrive - afacademy.af.edu\Documents\Schoolwork Sem6 2026 Spring\M1 - ECE 383 CSYS\Lab\Lab 2\lab2_code_for_cadets_2026\lab2_fsm.vhdl:]
WARNING: [filemgmt 56-199] Attempt to get parsing info during refresh. "On-the-fly" syntax checking information may be incorrect. [C:\Users\C27Soren.Herzog\ece383\Herzog_ece383_wksp\lab2\Lab _2.srcs\sources_1\imports\C27Soren.Herzog\OneDrive - afacademy.af.edu\Documents\Schoolwork Sem6 2026 Spring\M1 - ECE 383 CSYS\Lab\Lab 2\lab2_code_for_cadets_2026\lab2_datapath.vhdl:]
WARNING: [filemgmt 56-199] Attempt to get parsing info during refresh. "On-the-fly" syntax checking information may be incorrect. [C:\Users\C27Soren.Herzog\ece383\Herzog_ece383_wksp\lab2\Lab _2.srcs\sources_1\imports\C27Soren.Herzog\OneDrive - afacademy.af.edu\Documents\Schoolwork Sem6 2026 Spring\M1 - ECE 383 CSYS\Lab\Lab 2\lab2_code_for_cadets_2026\ece383_pkg.vhd:]
WARNING: [filemgmt 56-199] Attempt to get parsing info during refresh. "On-the-fly" syntax checking information may be incorrect. [C:\Users\C27Soren.Herzog\ece383\Herzog_ece383_wksp\lab2\Lab _2.srcs\sources_1\imports\C27Soren.Herzog\OneDrive - afacademy.af.edu\Documents\Schoolwork Sem6 2026 Spring\M1 - ECE 383 CSYS\Lab\Lab 2\lab2_code_for_cadets_2026\ece383_pkg.vhd:]
ERROR: [Common 17-180] Spawn failed: No error
WARNING: [filemgmt 56-199] Attempt to get parsing info during refresh. "On-the-fly" syntax checking information may be incorrect. [C:\Users\C27Soren.Herzog\ece383\Herzog_ece383_wksp\lab2\Lab _2.srcs\sources_1\imports\C27Soren.Herzog\OneDrive - afacademy.af.edu\Documents\Schoolwork Sem6 2026 Spring\M1 - ECE 383 CSYS\Lab\Lab 2\lab2_code_for_cadets_2026\ece383_pkg.vhd:]
WARNING: [filemgmt 56-199] Attempt to get parsing info during refresh. "On-the-fly" syntax checking information may be incorrect. [C:\Users\C27Soren.Herzog\ece383\Herzog_ece383_wksp\lab2\Lab _2.srcs\sources_1\imports\Lab2_OLED\oled_init.vhd:]
WARNING: [filemgmt 56-199] Attempt to get parsing info during refresh. "On-the-fly" syntax checking information may be incorrect. [C:\Users\C27Soren.Herzog\ece383\Herzog_ece383_wksp\lab2\Lab _2.srcs\sources_1\imports\Lab2_OLED\spi_ctrl.vhd:]
WARNING: [filemgmt 56-199] Attempt to get parsing info during refresh. "On-the-fly" syntax checking information may be incorrect. [C:\Users\C27Soren.Herzog\ece383\Herzog_ece383_wksp\lab2\Lab _2.srcs\sources_1\imports\imports\new\counter.vhd:]
WARNING: [filemgmt 56-199] Attempt to get parsing info during refresh. "On-the-fly" syntax checking information may be incorrect. [C:\Users\C27Soren.Herzog\ece383\Herzog_ece383_wksp\lab2\Lab _2.srcs\sources_1\imports\C27Soren.Herzog\OneDrive - afacademy.af.edu\Documents\Schoolwork Sem6 2026 Spring\M1 - ECE 383 CSYS\Lab\Lab 2\lab2_code_for_cadets_2026\lab2.vhd:]
WARNING: [filemgmt 56-199] Attempt to get parsing info during refresh. "On-the-fly" syntax checking information may be incorrect. [C:\Users\C27Soren.Herzog\ece383\Herzog_ece383_wksp\lab2\Lab _2.srcs\sources_1\imports\C27Soren.Herzog\OneDrive - afacademy.af.edu\Documents\Schoolwork Sem6 2026 Spring\M1 - ECE 383 CSYS\Lab\Lab 2\lab2_code_for_cadets_2026\Audio_Codec_Wrapper.vhd:]
WARNING: [filemgmt 56-199] Attempt to get parsing info during refresh. "On-the-fly" syntax checking information may be incorrect. [C:\Users\C27Soren.Herzog\ece383\Herzog_ece383_wksp\lab2\Lab _2.srcs\sources_1\imports\C27Soren.Herzog\OneDrive - afacademy.af.edu\Documents\Schoolwork Sem6 2026 Spring\M1 - ECE 383 CSYS\Lab\Lab 2\lab2_code_for_cadets_2026\lab2_fsm.vhdl:]
WARNING: [filemgmt 56-199] Attempt to get parsing info during refresh. "On-the-fly" syntax checking information may be incorrect. [C:\Users\C27Soren.Herzog\ece383\Herzog_ece383_wksp\lab2\Lab _2.srcs\sources_1\imports\C27Soren.Herzog\OneDrive - afacademy.af.edu\Documents\Schoolwork Sem6 2026 Spring\M1 - ECE 383 CSYS\Lab\Lab 2\lab2_code_for_cadets_2026\lab2_datapath.vhdl:]
WARNING: [filemgmt 56-199] Attempt to get parsing info during refresh. "On-the-fly" syntax checking information may be incorrect. [C:\Users\C27Soren.Herzog\ece383\Herzog_ece383_wksp\lab2\Lab _2.srcs\sources_1\imports\C27Soren.Herzog\OneDrive - afacademy.af.edu\Documents\Schoolwork Sem6 2026 Spring\M1 - ECE 383 CSYS\Lab\Lab 2\lab2_code_for_cadets_2026\ece383_pkg.vhd:]
WARNING: [filemgmt 56-199] Attempt to get parsing info during refresh. "On-the-fly" syntax checking information may be incorrect. [C:\Users\C27Soren.Herzog\ece383\Herzog_ece383_wksp\lab2\Lab _2.srcs\sources_1\imports\C27Soren.Herzog\OneDrive - afacademy.af.edu\Documents\Schoolwork Sem6 2026 Spring\M1 - ECE 383 CSYS\Lab\Lab 2\lab2_code_for_cadets_2026\ece383_pkg.vhd:]
WARNING: [filemgmt 56-199] Attempt to get parsing info during refresh. "On-the-fly" syntax checking information may be incorrect. [C:\Users\C27Soren.Herzog\ece383\Herzog_ece383_wksp\lab2\Lab _2.srcs\sources_1\imports\C27Soren.Herzog\OneDrive - afacademy.af.edu\Documents\Schoolwork Sem6 2026 Spring\M1 - ECE 383 CSYS\Lab\Lab 2\lab2_code_for_cadets_2026\ece383_pkg.vhd:]
WARNING: [filemgmt 56-199] Attempt to get parsing info during refresh. "On-the-fly" syntax checking information may be incorrect. [C:\Users\C27Soren.Herzog\ece383\Herzog_ece383_wksp\lab2\Lab _2.srcs\sources_1\imports\Lab2_OLED\oled_init.vhd:]
WARNING: [filemgmt 56-199] Attempt to get parsing info during refresh. "On-the-fly" syntax checking information may be incorrect. [C:\Users\C27Soren.Herzog\ece383\Herzog_ece383_wksp\lab2\Lab _2.srcs\sources_1\imports\Lab2_OLED\spi_ctrl.vhd:]
WARNING: [filemgmt 56-199] Attempt to get parsing info during refresh. "On-the-fly" syntax checking information may be incorrect. [C:\Users\C27Soren.Herzog\ece383\Herzog_ece383_wksp\lab2\Lab _2.srcs\sources_1\imports\imports\new\counter.vhd:]
WARNING: [filemgmt 56-199] Attempt to get parsing info during refresh. "On-the-fly" syntax checking information may be incorrect. [C:\Users\C27Soren.Herzog\ece383\Herzog_ece383_wksp\lab2\Lab _2.srcs\sources_1\imports\C27Soren.Herzog\OneDrive - afacademy.af.edu\Documents\Schoolwork Sem6 2026 Spring\M1 - ECE 383 CSYS\Lab\Lab 2\lab2_code_for_cadets_2026\lab2.vhd:]
WARNING: [filemgmt 56-199] Attempt to get parsing info during refresh. "On-the-fly" syntax checking information may be incorrect. [C:\Users\C27Soren.Herzog\ece383\Herzog_ece383_wksp\lab2\Lab _2.srcs\sources_1\imports\C27Soren.Herzog\OneDrive - afacademy.af.edu\Documents\Schoolwork Sem6 2026 Spring\M1 - ECE 383 CSYS\Lab\Lab 2\lab2_code_for_cadets_2026\Audio_Codec_Wrapper.vhd:]
WARNING: [filemgmt 56-199] Attempt to get parsing info during refresh. "On-the-fly" syntax checking information may be incorrect. [C:\Users\C27Soren.Herzog\ece383\Herzog_ece383_wksp\lab2\Lab _2.srcs\sources_1\imports\C27Soren.Herzog\OneDrive - afacademy.af.edu\Documents\Schoolwork Sem6 2026 Spring\M1 - ECE 383 CSYS\Lab\Lab 2\lab2_code_for_cadets_2026\lab2_fsm.vhdl:]
WARNING: [filemgmt 56-199] Attempt to get parsing info during refresh. "On-the-fly" syntax checking information may be incorrect. [C:\Users\C27Soren.Herzog\ece383\Herzog_ece383_wksp\lab2\Lab _2.srcs\sources_1\imports\C27Soren.Herzog\OneDrive - afacademy.af.edu\Documents\Schoolwork Sem6 2026 Spring\M1 - ECE 383 CSYS\Lab\Lab 2\lab2_code_for_cadets_2026\lab2_datapath.vhdl:]
WARNING: [filemgmt 56-199] Attempt to get parsing info during refresh. "On-the-fly" syntax checking information may be incorrect. [C:\Users\C27Soren.Herzog\ece383\Herzog_ece383_wksp\lab2\Lab _2.srcs\sources_1\imports\C27Soren.Herzog\OneDrive - afacademy.af.edu\Documents\Schoolwork Sem6 2026 Spring\M1 - ECE 383 CSYS\Lab\Lab 2\lab2_code_for_cadets_2026\lab2.vhd:]
WARNING: [filemgmt 56-199] Attempt to get parsing info during refresh. "On-the-fly" syntax checking information may be incorrect. [C:\Users\C27Soren.Herzog\ece383\Herzog_ece383_wksp\lab2\Lab _2.srcs\sources_1\imports\C27Soren.Herzog\OneDrive - afacademy.af.edu\Documents\Schoolwork Sem6 2026 Spring\M1 - ECE 383 CSYS\Lab\Lab 2\lab2_code_for_cadets_2026\lab2.vhd:]
WARNING: [filemgmt 56-199] Attempt to get parsing info during refresh. "On-the-fly" syntax checking information may be incorrect. [C:\Users\C27Soren.Herzog\ece383\Herzog_ece383_wksp\lab2\Lab _2.srcs\sources_1\imports\C27Soren.Herzog\OneDrive - afacademy.af.edu\Documents\Schoolwork Sem6 2026 Spring\M1 - ECE 383 CSYS\Lab\Lab 2\lab2_code_for_cadets_2026\ece383_pkg.vhd:]
WARNING: [filemgmt 56-199] Attempt to get parsing info during refresh. "On-the-fly" syntax checking information may be incorrect. [C:\Users\C27Soren.Herzog\ece383\Herzog_ece383_wksp\lab2\Lab _2.srcs\sources_1\imports\Lab2_OLED\oled_init.vhd:]
WARNING: [filemgmt 56-199] Attempt to get parsing info during refresh. "On-the-fly" syntax checking information may be incorrect. [C:\Users\C27Soren.Herzog\ece383\Herzog_ece383_wksp\lab2\Lab _2.srcs\sources_1\imports\Lab2_OLED\spi_ctrl.vhd:]
WARNING: [filemgmt 56-199] Attempt to get parsing info during refresh. "On-the-fly" syntax checking information may be incorrect. [C:\Users\C27Soren.Herzog\ece383\Herzog_ece383_wksp\lab2\Lab _2.srcs\sources_1\imports\imports\new\counter.vhd:]
WARNING: [filemgmt 56-199] Attempt to get parsing info during refresh. "On-the-fly" syntax checking information may be incorrect. [C:\Users\C27Soren.Herzog\ece383\Herzog_ece383_wksp\lab2\Lab _2.srcs\sources_1\imports\C27Soren.Herzog\OneDrive - afacademy.af.edu\Documents\Schoolwork Sem6 2026 Spring\M1 - ECE 383 CSYS\Lab\Lab 2\lab2_code_for_cadets_2026\lab2.vhd:]
WARNING: [filemgmt 56-199] Attempt to get parsing info during refresh. "On-the-fly" syntax checking information may be incorrect. [C:\Users\C27Soren.Herzog\ece383\Herzog_ece383_wksp\lab2\Lab _2.srcs\sources_1\imports\C27Soren.Herzog\OneDrive - afacademy.af.edu\Documents\Schoolwork Sem6 2026 Spring\M1 - ECE 383 CSYS\Lab\Lab 2\lab2_code_for_cadets_2026\Audio_Codec_Wrapper.vhd:]
WARNING: [filemgmt 56-199] Attempt to get parsing info during refresh. "On-the-fly" syntax checking information may be incorrect. [C:\Users\C27Soren.Herzog\ece383\Herzog_ece383_wksp\lab2\Lab _2.srcs\sources_1\imports\C27Soren.Herzog\OneDrive - afacademy.af.edu\Documents\Schoolwork Sem6 2026 Spring\M1 - ECE 383 CSYS\Lab\Lab 2\lab2_code_for_cadets_2026\lab2_fsm.vhdl:]
WARNING: [filemgmt 56-199] Attempt to get parsing info during refresh. "On-the-fly" syntax checking information may be incorrect. [C:\Users\C27Soren.Herzog\ece383\Herzog_ece383_wksp\lab2\Lab _2.srcs\sources_1\imports\C27Soren.Herzog\OneDrive - afacademy.af.edu\Documents\Schoolwork Sem6 2026 Spring\M1 - ECE 383 CSYS\Lab\Lab 2\lab2_code_for_cadets_2026\lab2_datapath.vhdl:]
WARNING: [filemgmt 56-199] Attempt to get parsing info during refresh. "On-the-fly" syntax checking information may be incorrect. [C:\Users\C27Soren.Herzog\ece383\Herzog_ece383_wksp\lab2\Lab _2.srcs\sources_1\imports\Lab2_OLED\oled_init.vhd:]
WARNING: [filemgmt 56-199] Attempt to get parsing info during refresh. "On-the-fly" syntax checking information may be incorrect. [C:\Users\C27Soren.Herzog\ece383\Herzog_ece383_wksp\lab2\Lab _2.srcs\sources_1\imports\Lab2_OLED\oled_init.vhd:]
update_compile_order -fileset sources_1
WARNING: [filemgmt 56-199] Attempt to get parsing info during refresh. "On-the-fly" syntax checking information may be incorrect. [C:\Users\C27Soren.Herzog\ece383\Herzog_ece383_wksp\lab2\Lab _2.srcs\sources_1\imports\C27Soren.Herzog\OneDrive - afacademy.af.edu\Documents\Schoolwork Sem6 2026 Spring\M1 - ECE 383 CSYS\Lab\Lab 2\lab2_code_for_cadets_2026\ece383_pkg.vhd:]
WARNING: [filemgmt 56-199] Attempt to get parsing info during refresh. "On-the-fly" syntax checking information may be incorrect. [C:\Users\C27Soren.Herzog\ece383\Herzog_ece383_wksp\lab2\Lab _2.srcs\sources_1\imports\Lab2_OLED\oled_init.vhd:]
WARNING: [filemgmt 56-199] Attempt to get parsing info during refresh. "On-the-fly" syntax checking information may be incorrect. [C:\Users\C27Soren.Herzog\ece383\Herzog_ece383_wksp\lab2\Lab _2.srcs\sources_1\imports\Lab2_OLED\spi_ctrl.vhd:]
WARNING: [filemgmt 56-199] Attempt to get parsing info during refresh. "On-the-fly" syntax checking information may be incorrect. [C:\Users\C27Soren.Herzog\ece383\Herzog_ece383_wksp\lab2\Lab _2.srcs\sources_1\imports\imports\new\counter.vhd:]
WARNING: [filemgmt 56-199] Attempt to get parsing info during refresh. "On-the-fly" syntax checking information may be incorrect. [C:\Users\C27Soren.Herzog\ece383\Herzog_ece383_wksp\lab2\Lab _2.srcs\sources_1\imports\C27Soren.Herzog\OneDrive - afacademy.af.edu\Documents\Schoolwork Sem6 2026 Spring\M1 - ECE 383 CSYS\Lab\Lab 2\lab2_code_for_cadets_2026\lab2.vhd:]
WARNING: [filemgmt 56-199] Attempt to get parsing info during refresh. "On-the-fly" syntax checking information may be incorrect. [C:\Users\C27Soren.Herzog\ece383\Herzog_ece383_wksp\lab2\Lab _2.srcs\sources_1\imports\C27Soren.Herzog\OneDrive - afacademy.af.edu\Documents\Schoolwork Sem6 2026 Spring\M1 - ECE 383 CSYS\Lab\Lab 2\lab2_code_for_cadets_2026\Audio_Codec_Wrapper.vhd:]
WARNING: [filemgmt 56-199] Attempt to get parsing info during refresh. "On-the-fly" syntax checking information may be incorrect. [C:\Users\C27Soren.Herzog\ece383\Herzog_ece383_wksp\lab2\Lab _2.srcs\sources_1\imports\C27Soren.Herzog\OneDrive - afacademy.af.edu\Documents\Schoolwork Sem6 2026 Spring\M1 - ECE 383 CSYS\Lab\Lab 2\lab2_code_for_cadets_2026\lab2_fsm.vhdl:]
WARNING: [filemgmt 56-199] Attempt to get parsing info during refresh. "On-the-fly" syntax checking information may be incorrect. [C:\Users\C27Soren.Herzog\ece383\Herzog_ece383_wksp\lab2\Lab _2.srcs\sources_1\imports\C27Soren.Herzog\OneDrive - afacademy.af.edu\Documents\Schoolwork Sem6 2026 Spring\M1 - ECE 383 CSYS\Lab\Lab 2\lab2_code_for_cadets_2026\lab2_datapath.vhdl:]
WARNING: [filemgmt 56-199] Attempt to get parsing info during refresh. "On-the-fly" syntax checking information may be incorrect. [C:\Users\C27Soren.Herzog\ece383\Herzog_ece383_wksp\lab2\Lab _2.srcs\sources_1\imports\C27Soren.Herzog\OneDrive - afacademy.af.edu\Documents\Schoolwork Sem6 2026 Spring\M1 - ECE 383 CSYS\Lab\Lab 2\lab2_code_for_cadets_2026\lab2_fsm.vhdl:]
WARNING: [filemgmt 56-199] Attempt to get parsing info during refresh. "On-the-fly" syntax checking information may be incorrect. [C:\Users\C27Soren.Herzog\ece383\Herzog_ece383_wksp\lab2\Lab _2.srcs\sources_1\imports\C27Soren.Herzog\OneDrive - afacademy.af.edu\Documents\Schoolwork Sem6 2026 Spring\M1 - ECE 383 CSYS\Lab\Lab 2\lab2_code_for_cadets_2026\lab2_fsm.vhdl:]
WARNING: [filemgmt 56-199] Attempt to get parsing info during refresh. "On-the-fly" syntax checking information may be incorrect. [C:\Users\C27Soren.Herzog\ece383\Herzog_ece383_wksp\lab2\Lab _2.srcs\sources_1\imports\C27Soren.Herzog\OneDrive - afacademy.af.edu\Documents\Schoolwork Sem6 2026 Spring\M1 - ECE 383 CSYS\Lab\Lab 2\lab2_code_for_cadets_2026\ece383_pkg.vhd:]
WARNING: [filemgmt 56-199] Attempt to get parsing info during refresh. "On-the-fly" syntax checking information may be incorrect. [C:\Users\C27Soren.Herzog\ece383\Herzog_ece383_wksp\lab2\Lab _2.srcs\sources_1\imports\Lab2_OLED\oled_init.vhd:]
WARNING: [filemgmt 56-199] Attempt to get parsing info during refresh. "On-the-fly" syntax checking information may be incorrect. [C:\Users\C27Soren.Herzog\ece383\Herzog_ece383_wksp\lab2\Lab _2.srcs\sources_1\imports\Lab2_OLED\spi_ctrl.vhd:]
WARNING: [filemgmt 56-199] Attempt to get parsing info during refresh. "On-the-fly" syntax checking information may be incorrect. [C:\Users\C27Soren.Herzog\ece383\Herzog_ece383_wksp\lab2\Lab _2.srcs\sources_1\imports\imports\new\counter.vhd:]
WARNING: [filemgmt 56-199] Attempt to get parsing info during refresh. "On-the-fly" syntax checking information may be incorrect. [C:\Users\C27Soren.Herzog\ece383\Herzog_ece383_wksp\lab2\Lab _2.srcs\sources_1\imports\C27Soren.Herzog\OneDrive - afacademy.af.edu\Documents\Schoolwork Sem6 2026 Spring\M1 - ECE 383 CSYS\Lab\Lab 2\lab2_code_for_cadets_2026\lab2.vhd:]
WARNING: [filemgmt 56-199] Attempt to get parsing info during refresh. "On-the-fly" syntax checking information may be incorrect. [C:\Users\C27Soren.Herzog\ece383\Herzog_ece383_wksp\lab2\Lab _2.srcs\sources_1\imports\C27Soren.Herzog\OneDrive - afacademy.af.edu\Documents\Schoolwork Sem6 2026 Spring\M1 - ECE 383 CSYS\Lab\Lab 2\lab2_code_for_cadets_2026\Audio_Codec_Wrapper.vhd:]
WARNING: [filemgmt 56-199] Attempt to get parsing info during refresh. "On-the-fly" syntax checking information may be incorrect. [C:\Users\C27Soren.Herzog\ece383\Herzog_ece383_wksp\lab2\Lab _2.srcs\sources_1\imports\C27Soren.Herzog\OneDrive - afacademy.af.edu\Documents\Schoolwork Sem6 2026 Spring\M1 - ECE 383 CSYS\Lab\Lab 2\lab2_code_for_cadets_2026\lab2_fsm.vhdl:]
WARNING: [filemgmt 56-199] Attempt to get parsing info during refresh. "On-the-fly" syntax checking information may be incorrect. [C:\Users\C27Soren.Herzog\ece383\Herzog_ece383_wksp\lab2\Lab _2.srcs\sources_1\imports\C27Soren.Herzog\OneDrive - afacademy.af.edu\Documents\Schoolwork Sem6 2026 Spring\M1 - ECE 383 CSYS\Lab\Lab 2\lab2_code_for_cadets_2026\lab2_datapath.vhdl:]
WARNING: [filemgmt 56-199] Attempt to get parsing info during refresh. "On-the-fly" syntax checking information may be incorrect. [C:\Users\C27Soren.Herzog\ece383\Herzog_ece383_wksp\lab2\Lab _2.srcs\sources_1\imports\imports\new\counter.vhd:]
WARNING: [filemgmt 56-199] Attempt to get parsing info during refresh. "On-the-fly" syntax checking information may be incorrect. [C:\Users\C27Soren.Herzog\ece383\Herzog_ece383_wksp\lab2\Lab _2.srcs\sources_1\imports\imports\new\counter.vhd:]
WARNING: [filemgmt 56-199] Attempt to get parsing info during refresh. "On-the-fly" syntax checking information may be incorrect. [C:\Users\C27Soren.Herzog\ece383\Herzog_ece383_wksp\lab2\Lab _2.srcs\sources_1\imports\C27Soren.Herzog\OneDrive - afacademy.af.edu\Documents\Schoolwork Sem6 2026 Spring\M1 - ECE 383 CSYS\Lab\Lab 2\lab2_code_for_cadets_2026\ece383_pkg.vhd:]
WARNING: [filemgmt 56-199] Attempt to get parsing info during refresh. "On-the-fly" syntax checking information may be incorrect. [C:\Users\C27Soren.Herzog\ece383\Herzog_ece383_wksp\lab2\Lab _2.srcs\sources_1\imports\Lab2_OLED\oled_init.vhd:]
WARNING: [filemgmt 56-199] Attempt to get parsing info during refresh. "On-the-fly" syntax checking information may be incorrect. [C:\Users\C27Soren.Herzog\ece383\Herzog_ece383_wksp\lab2\Lab _2.srcs\sources_1\imports\Lab2_OLED\spi_ctrl.vhd:]
WARNING: [filemgmt 56-199] Attempt to get parsing info during refresh. "On-the-fly" syntax checking information may be incorrect. [C:\Users\C27Soren.Herzog\ece383\Herzog_ece383_wksp\lab2\Lab _2.srcs\sources_1\imports\imports\new\counter.vhd:]
WARNING: [filemgmt 56-199] Attempt to get parsing info during refresh. "On-the-fly" syntax checking information may be incorrect. [C:\Users\C27Soren.Herzog\ece383\Herzog_ece383_wksp\lab2\Lab _2.srcs\sources_1\imports\C27Soren.Herzog\OneDrive - afacademy.af.edu\Documents\Schoolwork Sem6 2026 Spring\M1 - ECE 383 CSYS\Lab\Lab 2\lab2_code_for_cadets_2026\lab2.vhd:]
WARNING: [filemgmt 56-199] Attempt to get parsing info during refresh. "On-the-fly" syntax checking information may be incorrect. [C:\Users\C27Soren.Herzog\ece383\Herzog_ece383_wksp\lab2\Lab _2.srcs\sources_1\imports\C27Soren.Herzog\OneDrive - afacademy.af.edu\Documents\Schoolwork Sem6 2026 Spring\M1 - ECE 383 CSYS\Lab\Lab 2\lab2_code_for_cadets_2026\Audio_Codec_Wrapper.vhd:]
WARNING: [filemgmt 56-199] Attempt to get parsing info during refresh. "On-the-fly" syntax checking information may be incorrect. [C:\Users\C27Soren.Herzog\ece383\Herzog_ece383_wksp\lab2\Lab _2.srcs\sources_1\imports\C27Soren.Herzog\OneDrive - afacademy.af.edu\Documents\Schoolwork Sem6 2026 Spring\M1 - ECE 383 CSYS\Lab\Lab 2\lab2_code_for_cadets_2026\lab2_fsm.vhdl:]
WARNING: [filemgmt 56-199] Attempt to get parsing info during refresh. "On-the-fly" syntax checking information may be incorrect. [C:\Users\C27Soren.Herzog\ece383\Herzog_ece383_wksp\lab2\Lab _2.srcs\sources_1\imports\C27Soren.Herzog\OneDrive - afacademy.af.edu\Documents\Schoolwork Sem6 2026 Spring\M1 - ECE 383 CSYS\Lab\Lab 2\lab2_code_for_cadets_2026\lab2_datapath.vhdl:]
WARNING: [filemgmt 56-199] Attempt to get parsing info during refresh. "On-the-fly" syntax checking information may be incorrect. [C:\Users\C27Soren.Herzog\ece383\Herzog_ece383_wksp\lab2\Lab _2.srcs\sources_1\imports\C27Soren.Herzog\OneDrive - afacademy.af.edu\Documents\Schoolwork Sem6 2026 Spring\M1 - ECE 383 CSYS\Lab\Lab 2\lab2_code_for_cadets_2026\lab2_datapath.vhdl:]
WARNING: [filemgmt 56-199] Attempt to get parsing info during refresh. "On-the-fly" syntax checking information may be incorrect. [C:\Users\C27Soren.Herzog\ece383\Herzog_ece383_wksp\lab2\Lab _2.srcs\sources_1\imports\C27Soren.Herzog\OneDrive - afacademy.af.edu\Documents\Schoolwork Sem6 2026 Spring\M1 - ECE 383 CSYS\Lab\Lab 2\lab2_code_for_cadets_2026\lab2_datapath.vhdl:]
ERROR: [Common 17-180] Spawn failed: No error
WARNING: [filemgmt 56-199] Attempt to get parsing info during refresh. "On-the-fly" syntax checking information may be incorrect. [C:\Users\C27Soren.Herzog\ece383\Herzog_ece383_wksp\lab2\Lab _2.srcs\sources_1\imports\C27Soren.Herzog\OneDrive - afacademy.af.edu\Documents\Schoolwork Sem6 2026 Spring\M1 - ECE 383 CSYS\Lab\Lab 2\lab2_code_for_cadets_2026\ece383_pkg.vhd:]
WARNING: [filemgmt 56-199] Attempt to get parsing info during refresh. "On-the-fly" syntax checking information may be incorrect. [C:\Users\C27Soren.Herzog\ece383\Herzog_ece383_wksp\lab2\Lab _2.srcs\sources_1\imports\Lab2_OLED\oled_init.vhd:]
WARNING: [filemgmt 56-199] Attempt to get parsing info during refresh. "On-the-fly" syntax checking information may be incorrect. [C:\Users\C27Soren.Herzog\ece383\Herzog_ece383_wksp\lab2\Lab _2.srcs\sources_1\imports\Lab2_OLED\spi_ctrl.vhd:]
WARNING: [filemgmt 56-199] Attempt to get parsing info during refresh. "On-the-fly" syntax checking information may be incorrect. [C:\Users\C27Soren.Herzog\ece383\Herzog_ece383_wksp\lab2\Lab _2.srcs\sources_1\imports\imports\new\counter.vhd:]
WARNING: [filemgmt 56-199] Attempt to get parsing info during refresh. "On-the-fly" syntax checking information may be incorrect. [C:\Users\C27Soren.Herzog\ece383\Herzog_ece383_wksp\lab2\Lab _2.srcs\sources_1\imports\C27Soren.Herzog\OneDrive - afacademy.af.edu\Documents\Schoolwork Sem6 2026 Spring\M1 - ECE 383 CSYS\Lab\Lab 2\lab2_code_for_cadets_2026\lab2.vhd:]
WARNING: [filemgmt 56-199] Attempt to get parsing info during refresh. "On-the-fly" syntax checking information may be incorrect. [C:\Users\C27Soren.Herzog\ece383\Herzog_ece383_wksp\lab2\Lab _2.srcs\sources_1\imports\C27Soren.Herzog\OneDrive - afacademy.af.edu\Documents\Schoolwork Sem6 2026 Spring\M1 - ECE 383 CSYS\Lab\Lab 2\lab2_code_for_cadets_2026\Audio_Codec_Wrapper.vhd:]
WARNING: [filemgmt 56-199] Attempt to get parsing info during refresh. "On-the-fly" syntax checking information may be incorrect. [C:\Users\C27Soren.Herzog\ece383\Herzog_ece383_wksp\lab2\Lab _2.srcs\sources_1\imports\C27Soren.Herzog\OneDrive - afacademy.af.edu\Documents\Schoolwork Sem6 2026 Spring\M1 - ECE 383 CSYS\Lab\Lab 2\lab2_code_for_cadets_2026\lab2_fsm.vhdl:]
WARNING: [filemgmt 56-199] Attempt to get parsing info during refresh. "On-the-fly" syntax checking information may be incorrect. [C:\Users\C27Soren.Herzog\ece383\Herzog_ece383_wksp\lab2\Lab _2.srcs\sources_1\imports\C27Soren.Herzog\OneDrive - afacademy.af.edu\Documents\Schoolwork Sem6 2026 Spring\M1 - ECE 383 CSYS\Lab\Lab 2\lab2_code_for_cadets_2026\lab2_datapath.vhdl:]
WARNING: [filemgmt 56-199] Attempt to get parsing info during refresh. "On-the-fly" syntax checking information may be incorrect. [C:\Users\C27Soren.Herzog\ece383\Herzog_ece383_wksp\lab2\Lab _2.srcs\sources_1\imports\C27Soren.Herzog\OneDrive - afacademy.af.edu\Documents\Schoolwork Sem6 2026 Spring\M1 - ECE 383 CSYS\Lab\Lab 2\lab2_code_for_cadets_2026\lab2.vhd:]
WARNING: [filemgmt 56-199] Attempt to get parsing info during refresh. "On-the-fly" syntax checking information may be incorrect. [C:\Users\C27Soren.Herzog\ece383\Herzog_ece383_wksp\lab2\Lab _2.srcs\sources_1\imports\C27Soren.Herzog\OneDrive - afacademy.af.edu\Documents\Schoolwork Sem6 2026 Spring\M1 - ECE 383 CSYS\Lab\Lab 2\lab2_code_for_cadets_2026\lab2.vhd:]
WARNING: [filemgmt 56-199] Attempt to get parsing info during refresh. "On-the-fly" syntax checking information may be incorrect. [C:\Users\C27Soren.Herzog\ece383\Herzog_ece383_wksp\lab2\Lab _2.srcs\sources_1\imports\C27Soren.Herzog\OneDrive - afacademy.af.edu\Documents\Schoolwork Sem6 2026 Spring\M1 - ECE 383 CSYS\Lab\Lab 2\lab2_code_for_cadets_2026\ece383_pkg.vhd:]
WARNING: [filemgmt 56-199] Attempt to get parsing info during refresh. "On-the-fly" syntax checking information may be incorrect. [C:\Users\C27Soren.Herzog\ece383\Herzog_ece383_wksp\lab2\Lab _2.srcs\sources_1\imports\Lab2_OLED\oled_init.vhd:]
WARNING: [filemgmt 56-199] Attempt to get parsing info during refresh. "On-the-fly" syntax checking information may be incorrect. [C:\Users\C27Soren.Herzog\ece383\Herzog_ece383_wksp\lab2\Lab _2.srcs\sources_1\imports\Lab2_OLED\spi_ctrl.vhd:]
WARNING: [filemgmt 56-199] Attempt to get parsing info during refresh. "On-the-fly" syntax checking information may be incorrect. [C:\Users\C27Soren.Herzog\ece383\Herzog_ece383_wksp\lab2\Lab _2.srcs\sources_1\imports\imports\new\counter.vhd:]
WARNING: [filemgmt 56-199] Attempt to get parsing info during refresh. "On-the-fly" syntax checking information may be incorrect. [C:\Users\C27Soren.Herzog\ece383\Herzog_ece383_wksp\lab2\Lab _2.srcs\sources_1\imports\C27Soren.Herzog\OneDrive - afacademy.af.edu\Documents\Schoolwork Sem6 2026 Spring\M1 - ECE 383 CSYS\Lab\Lab 2\lab2_code_for_cadets_2026\lab2.vhd:]
WARNING: [filemgmt 56-199] Attempt to get parsing info during refresh. "On-the-fly" syntax checking information may be incorrect. [C:\Users\C27Soren.Herzog\ece383\Herzog_ece383_wksp\lab2\Lab _2.srcs\sources_1\imports\C27Soren.Herzog\OneDrive - afacademy.af.edu\Documents\Schoolwork Sem6 2026 Spring\M1 - ECE 383 CSYS\Lab\Lab 2\lab2_code_for_cadets_2026\Audio_Codec_Wrapper.vhd:]
WARNING: [filemgmt 56-199] Attempt to get parsing info during refresh. "On-the-fly" syntax checking information may be incorrect. [C:\Users\C27Soren.Herzog\ece383\Herzog_ece383_wksp\lab2\Lab _2.srcs\sources_1\imports\C27Soren.Herzog\OneDrive - afacademy.af.edu\Documents\Schoolwork Sem6 2026 Spring\M1 - ECE 383 CSYS\Lab\Lab 2\lab2_code_for_cadets_2026\lab2_fsm.vhdl:]
WARNING: [filemgmt 56-199] Attempt to get parsing info during refresh. "On-the-fly" syntax checking information may be incorrect. [C:\Users\C27Soren.Herzog\ece383\Herzog_ece383_wksp\lab2\Lab _2.srcs\sources_1\imports\C27Soren.Herzog\OneDrive - afacademy.af.edu\Documents\Schoolwork Sem6 2026 Spring\M1 - ECE 383 CSYS\Lab\Lab 2\lab2_code_for_cadets_2026\lab2_datapath.vhdl:]
WARNING: [filemgmt 56-199] Attempt to get parsing info during refresh. "On-the-fly" syntax checking information may be incorrect. [C:\Users\C27Soren.Herzog\ece383\Herzog_ece383_wksp\lab2\Lab _2.srcs\sources_1\imports\imports\new\counter.vhd:]
WARNING: [filemgmt 56-199] Attempt to get parsing info during refresh. "On-the-fly" syntax checking information may be incorrect. [C:\Users\C27Soren.Herzog\ece383\Herzog_ece383_wksp\lab2\Lab _2.srcs\sources_1\imports\imports\new\counter.vhd:]
WARNING: [filemgmt 56-199] Attempt to get parsing info during refresh. "On-the-fly" syntax checking information may be incorrect. [C:\Users\C27Soren.Herzog\ece383\Herzog_ece383_wksp\lab2\Lab _2.srcs\sources_1\imports\C27Soren.Herzog\OneDrive - afacademy.af.edu\Documents\Schoolwork Sem6 2026 Spring\M1 - ECE 383 CSYS\Lab\Lab 2\lab2_code_for_cadets_2026\ece383_pkg.vhd:]
WARNING: [filemgmt 56-199] Attempt to get parsing info during refresh. "On-the-fly" syntax checking information may be incorrect. [C:\Users\C27Soren.Herzog\ece383\Herzog_ece383_wksp\lab2\Lab _2.srcs\sources_1\imports\Lab2_OLED\oled_init.vhd:]
WARNING: [filemgmt 56-199] Attempt to get parsing info during refresh. "On-the-fly" syntax checking information may be incorrect. [C:\Users\C27Soren.Herzog\ece383\Herzog_ece383_wksp\lab2\Lab _2.srcs\sources_1\imports\Lab2_OLED\spi_ctrl.vhd:]
WARNING: [filemgmt 56-199] Attempt to get parsing info during refresh. "On-the-fly" syntax checking information may be incorrect. [C:\Users\C27Soren.Herzog\ece383\Herzog_ece383_wksp\lab2\Lab _2.srcs\sources_1\imports\imports\new\counter.vhd:]
WARNING: [filemgmt 56-199] Attempt to get parsing info during refresh. "On-the-fly" syntax checking information may be incorrect. [C:\Users\C27Soren.Herzog\ece383\Herzog_ece383_wksp\lab2\Lab _2.srcs\sources_1\imports\C27Soren.Herzog\OneDrive - afacademy.af.edu\Documents\Schoolwork Sem6 2026 Spring\M1 - ECE 383 CSYS\Lab\Lab 2\lab2_code_for_cadets_2026\lab2.vhd:]
WARNING: [filemgmt 56-199] Attempt to get parsing info during refresh. "On-the-fly" syntax checking information may be incorrect. [C:\Users\C27Soren.Herzog\ece383\Herzog_ece383_wksp\lab2\Lab _2.srcs\sources_1\imports\C27Soren.Herzog\OneDrive - afacademy.af.edu\Documents\Schoolwork Sem6 2026 Spring\M1 - ECE 383 CSYS\Lab\Lab 2\lab2_code_for_cadets_2026\Audio_Codec_Wrapper.vhd:]
WARNING: [filemgmt 56-199] Attempt to get parsing info during refresh. "On-the-fly" syntax checking information may be incorrect. [C:\Users\C27Soren.Herzog\ece383\Herzog_ece383_wksp\lab2\Lab _2.srcs\sources_1\imports\C27Soren.Herzog\OneDrive - afacademy.af.edu\Documents\Schoolwork Sem6 2026 Spring\M1 - ECE 383 CSYS\Lab\Lab 2\lab2_code_for_cadets_2026\lab2_fsm.vhdl:]
WARNING: [filemgmt 56-199] Attempt to get parsing info during refresh. "On-the-fly" syntax checking information may be incorrect. [C:\Users\C27Soren.Herzog\ece383\Herzog_ece383_wksp\lab2\Lab _2.srcs\sources_1\imports\C27Soren.Herzog\OneDrive - afacademy.af.edu\Documents\Schoolwork Sem6 2026 Spring\M1 - ECE 383 CSYS\Lab\Lab 2\lab2_code_for_cadets_2026\lab2_datapath.vhdl:]
WARNING: [filemgmt 56-199] Attempt to get parsing info during refresh. "On-the-fly" syntax checking information may be incorrect. [C:\Users\C27Soren.Herzog\ece383\Herzog_ece383_wksp\lab2\Lab _2.srcs\sources_1\imports\Lab2_OLED\spi_ctrl.vhd:]
WARNING: [filemgmt 56-199] Attempt to get parsing info during refresh. "On-the-fly" syntax checking information may be incorrect. [C:\Users\C27Soren.Herzog\ece383\Herzog_ece383_wksp\lab2\Lab _2.srcs\sources_1\imports\Lab2_OLED\spi_ctrl.vhd:]
WARNING: [filemgmt 56-199] Attempt to get parsing info during refresh. "On-the-fly" syntax checking information may be incorrect. [C:\Users\C27Soren.Herzog\ece383\Herzog_ece383_wksp\lab2\Lab _2.srcs\sources_1\imports\C27Soren.Herzog\OneDrive - afacademy.af.edu\Documents\Schoolwork Sem6 2026 Spring\M1 - ECE 383 CSYS\Lab\Lab 2\lab2_code_for_cadets_2026\ece383_pkg.vhd:]
WARNING: [filemgmt 56-199] Attempt to get parsing info during refresh. "On-the-fly" syntax checking information may be incorrect. [C:\Users\C27Soren.Herzog\ece383\Herzog_ece383_wksp\lab2\Lab _2.srcs\sources_1\imports\Lab2_OLED\oled_init.vhd:]
WARNING: [filemgmt 56-199] Attempt to get parsing info during refresh. "On-the-fly" syntax checking information may be incorrect. [C:\Users\C27Soren.Herzog\ece383\Herzog_ece383_wksp\lab2\Lab _2.srcs\sources_1\imports\Lab2_OLED\spi_ctrl.vhd:]
WARNING: [filemgmt 56-199] Attempt to get parsing info during refresh. "On-the-fly" syntax checking information may be incorrect. [C:\Users\C27Soren.Herzog\ece383\Herzog_ece383_wksp\lab2\Lab _2.srcs\sources_1\imports\imports\new\counter.vhd:]
WARNING: [filemgmt 56-199] Attempt to get parsing info during refresh. "On-the-fly" syntax checking information may be incorrect. [C:\Users\C27Soren.Herzog\ece383\Herzog_ece383_wksp\lab2\Lab _2.srcs\sources_1\imports\C27Soren.Herzog\OneDrive - afacademy.af.edu\Documents\Schoolwork Sem6 2026 Spring\M1 - ECE 383 CSYS\Lab\Lab 2\lab2_code_for_cadets_2026\lab2.vhd:]
WARNING: [filemgmt 56-199] Attempt to get parsing info during refresh. "On-the-fly" syntax checking information may be incorrect. [C:\Users\C27Soren.Herzog\ece383\Herzog_ece383_wksp\lab2\Lab _2.srcs\sources_1\imports\C27Soren.Herzog\OneDrive - afacademy.af.edu\Documents\Schoolwork Sem6 2026 Spring\M1 - ECE 383 CSYS\Lab\Lab 2\lab2_code_for_cadets_2026\Audio_Codec_Wrapper.vhd:]
WARNING: [filemgmt 56-199] Attempt to get parsing info during refresh. "On-the-fly" syntax checking information may be incorrect. [C:\Users\C27Soren.Herzog\ece383\Herzog_ece383_wksp\lab2\Lab _2.srcs\sources_1\imports\C27Soren.Herzog\OneDrive - afacademy.af.edu\Documents\Schoolwork Sem6 2026 Spring\M1 - ECE 383 CSYS\Lab\Lab 2\lab2_code_for_cadets_2026\lab2_fsm.vhdl:]
WARNING: [filemgmt 56-199] Attempt to get parsing info during refresh. "On-the-fly" syntax checking information may be incorrect. [C:\Users\C27Soren.Herzog\ece383\Herzog_ece383_wksp\lab2\Lab _2.srcs\sources_1\imports\C27Soren.Herzog\OneDrive - afacademy.af.edu\Documents\Schoolwork Sem6 2026 Spring\M1 - ECE 383 CSYS\Lab\Lab 2\lab2_code_for_cadets_2026\lab2_datapath.vhdl:]
WARNING: [filemgmt 56-199] Attempt to get parsing info during refresh. "On-the-fly" syntax checking information may be incorrect. [C:\Users\C27Soren.Herzog\ece383\Herzog_ece383_wksp\lab2\Lab _2.srcs\sources_1\imports\C27Soren.Herzog\OneDrive - afacademy.af.edu\Documents\Schoolwork Sem6 2026 Spring\M1 - ECE 383 CSYS\Lab\Lab 2\lab2_code_for_cadets_2026\lab2_fsm.vhdl:]
WARNING: [filemgmt 56-199] Attempt to get parsing info during refresh. "On-the-fly" syntax checking information may be incorrect. [C:\Users\C27Soren.Herzog\ece383\Herzog_ece383_wksp\lab2\Lab _2.srcs\sources_1\imports\C27Soren.Herzog\OneDrive - afacademy.af.edu\Documents\Schoolwork Sem6 2026 Spring\M1 - ECE 383 CSYS\Lab\Lab 2\lab2_code_for_cadets_2026\lab2_fsm.vhdl:]
WARNING: [filemgmt 56-199] Attempt to get parsing info during refresh. "On-the-fly" syntax checking information may be incorrect. [C:\Users\C27Soren.Herzog\ece383\Herzog_ece383_wksp\lab2\Lab _2.srcs\sources_1\imports\C27Soren.Herzog\OneDrive - afacademy.af.edu\Documents\Schoolwork Sem6 2026 Spring\M1 - ECE 383 CSYS\Lab\Lab 2\lab2_code_for_cadets_2026\ece383_pkg.vhd:]
WARNING: [filemgmt 56-199] Attempt to get parsing info during refresh. "On-the-fly" syntax checking information may be incorrect. [C:\Users\C27Soren.Herzog\ece383\Herzog_ece383_wksp\lab2\Lab _2.srcs\sources_1\imports\Lab2_OLED\oled_init.vhd:]
WARNING: [filemgmt 56-199] Attempt to get parsing info during refresh. "On-the-fly" syntax checking information may be incorrect. [C:\Users\C27Soren.Herzog\ece383\Herzog_ece383_wksp\lab2\Lab _2.srcs\sources_1\imports\Lab2_OLED\spi_ctrl.vhd:]
WARNING: [filemgmt 56-199] Attempt to get parsing info during refresh. "On-the-fly" syntax checking information may be incorrect. [C:\Users\C27Soren.Herzog\ece383\Herzog_ece383_wksp\lab2\Lab _2.srcs\sources_1\imports\imports\new\counter.vhd:]
WARNING: [filemgmt 56-199] Attempt to get parsing info during refresh. "On-the-fly" syntax checking information may be incorrect. [C:\Users\C27Soren.Herzog\ece383\Herzog_ece383_wksp\lab2\Lab _2.srcs\sources_1\imports\C27Soren.Herzog\OneDrive - afacademy.af.edu\Documents\Schoolwork Sem6 2026 Spring\M1 - ECE 383 CSYS\Lab\Lab 2\lab2_code_for_cadets_2026\lab2.vhd:]
WARNING: [filemgmt 56-199] Attempt to get parsing info during refresh. "On-the-fly" syntax checking information may be incorrect. [C:\Users\C27Soren.Herzog\ece383\Herzog_ece383_wksp\lab2\Lab _2.srcs\sources_1\imports\C27Soren.Herzog\OneDrive - afacademy.af.edu\Documents\Schoolwork Sem6 2026 Spring\M1 - ECE 383 CSYS\Lab\Lab 2\lab2_code_for_cadets_2026\Audio_Codec_Wrapper.vhd:]
WARNING: [filemgmt 56-199] Attempt to get parsing info during refresh. "On-the-fly" syntax checking information may be incorrect. [C:\Users\C27Soren.Herzog\ece383\Herzog_ece383_wksp\lab2\Lab _2.srcs\sources_1\imports\C27Soren.Herzog\OneDrive - afacademy.af.edu\Documents\Schoolwork Sem6 2026 Spring\M1 - ECE 383 CSYS\Lab\Lab 2\lab2_code_for_cadets_2026\lab2_fsm.vhdl:]
WARNING: [filemgmt 56-199] Attempt to get parsing info during refresh. "On-the-fly" syntax checking information may be incorrect. [C:\Users\C27Soren.Herzog\ece383\Herzog_ece383_wksp\lab2\Lab _2.srcs\sources_1\imports\C27Soren.Herzog\OneDrive - afacademy.af.edu\Documents\Schoolwork Sem6 2026 Spring\M1 - ECE 383 CSYS\Lab\Lab 2\lab2_code_for_cadets_2026\lab2_datapath.vhdl:]
WARNING: [filemgmt 56-199] Attempt to get parsing info during refresh. "On-the-fly" syntax checking information may be incorrect. [C:\Users\C27Soren.Herzog\ece383\Herzog_ece383_wksp\lab2\Lab _2.srcs\sources_1\imports\Lab2_OLED\spi_ctrl.vhd:]
WARNING: [filemgmt 56-199] Attempt to get parsing info during refresh. "On-the-fly" syntax checking information may be incorrect. [C:\Users\C27Soren.Herzog\ece383\Herzog_ece383_wksp\lab2\Lab _2.srcs\sources_1\imports\Lab2_OLED\spi_ctrl.vhd:]
WARNING: [filemgmt 56-199] Attempt to get parsing info during refresh. "On-the-fly" syntax checking information may be incorrect. [C:\Users\C27Soren.Herzog\ece383\Herzog_ece383_wksp\lab2\Lab _2.srcs\sources_1\imports\C27Soren.Herzog\OneDrive - afacademy.af.edu\Documents\Schoolwork Sem6 2026 Spring\M1 - ECE 383 CSYS\Lab\Lab 2\lab2_code_for_cadets_2026\ece383_pkg.vhd:]
WARNING: [filemgmt 56-199] Attempt to get parsing info during refresh. "On-the-fly" syntax checking information may be incorrect. [C:\Users\C27Soren.Herzog\ece383\Herzog_ece383_wksp\lab2\Lab _2.srcs\sources_1\imports\Lab2_OLED\oled_init.vhd:]
WARNING: [filemgmt 56-199] Attempt to get parsing info during refresh. "On-the-fly" syntax checking information may be incorrect. [C:\Users\C27Soren.Herzog\ece383\Herzog_ece383_wksp\lab2\Lab _2.srcs\sources_1\imports\Lab2_OLED\spi_ctrl.vhd:]
WARNING: [filemgmt 56-199] Attempt to get parsing info during refresh. "On-the-fly" syntax checking information may be incorrect. [C:\Users\C27Soren.Herzog\ece383\Herzog_ece383_wksp\lab2\Lab _2.srcs\sources_1\imports\imports\new\counter.vhd:]
WARNING: [filemgmt 56-199] Attempt to get parsing info during refresh. "On-the-fly" syntax checking information may be incorrect. [C:\Users\C27Soren.Herzog\ece383\Herzog_ece383_wksp\lab2\Lab _2.srcs\sources_1\imports\C27Soren.Herzog\OneDrive - afacademy.af.edu\Documents\Schoolwork Sem6 2026 Spring\M1 - ECE 383 CSYS\Lab\Lab 2\lab2_code_for_cadets_2026\lab2.vhd:]
WARNING: [filemgmt 56-199] Attempt to get parsing info during refresh. "On-the-fly" syntax checking information may be incorrect. [C:\Users\C27Soren.Herzog\ece383\Herzog_ece383_wksp\lab2\Lab _2.srcs\sources_1\imports\C27Soren.Herzog\OneDrive - afacademy.af.edu\Documents\Schoolwork Sem6 2026 Spring\M1 - ECE 383 CSYS\Lab\Lab 2\lab2_code_for_cadets_2026\Audio_Codec_Wrapper.vhd:]
WARNING: [filemgmt 56-199] Attempt to get parsing info during refresh. "On-the-fly" syntax checking information may be incorrect. [C:\Users\C27Soren.Herzog\ece383\Herzog_ece383_wksp\lab2\Lab _2.srcs\sources_1\imports\C27Soren.Herzog\OneDrive - afacademy.af.edu\Documents\Schoolwork Sem6 2026 Spring\M1 - ECE 383 CSYS\Lab\Lab 2\lab2_code_for_cadets_2026\lab2_fsm.vhdl:]
WARNING: [filemgmt 56-199] Attempt to get parsing info during refresh. "On-the-fly" syntax checking information may be incorrect. [C:\Users\C27Soren.Herzog\ece383\Herzog_ece383_wksp\lab2\Lab _2.srcs\sources_1\imports\C27Soren.Herzog\OneDrive - afacademy.af.edu\Documents\Schoolwork Sem6 2026 Spring\M1 - ECE 383 CSYS\Lab\Lab 2\lab2_code_for_cadets_2026\lab2_datapath.vhdl:]
WARNING: [filemgmt 56-199] Attempt to get parsing info during refresh. "On-the-fly" syntax checking information may be incorrect. [C:\Users\C27Soren.Herzog\ece383\Herzog_ece383_wksp\lab2\Lab _2.srcs\sources_1\imports\C27Soren.Herzog\OneDrive - afacademy.af.edu\Documents\Schoolwork Sem6 2026 Spring\M1 - ECE 383 CSYS\Lab\Lab 2\lab2_code_for_cadets_2026\lab2_datapath.vhdl:]
WARNING: [filemgmt 56-199] Attempt to get parsing info during refresh. "On-the-fly" syntax checking information may be incorrect. [C:\Users\C27Soren.Herzog\ece383\Herzog_ece383_wksp\lab2\Lab _2.srcs\sources_1\imports\C27Soren.Herzog\OneDrive - afacademy.af.edu\Documents\Schoolwork Sem6 2026 Spring\M1 - ECE 383 CSYS\Lab\Lab 2\lab2_code_for_cadets_2026\lab2_datapath.vhdl:]
ERROR: [Common 17-180] Spawn failed: No error
WARNING: [filemgmt 56-199] Attempt to get parsing info during refresh. "On-the-fly" syntax checking information may be incorrect. [C:\Users\C27Soren.Herzog\ece383\Herzog_ece383_wksp\lab2\Lab _2.srcs\sources_1\imports\C27Soren.Herzog\OneDrive - afacademy.af.edu\Documents\Schoolwork Sem6 2026 Spring\M1 - ECE 383 CSYS\Lab\Lab 2\lab2_code_for_cadets_2026\ece383_pkg.vhd:]
WARNING: [filemgmt 56-199] Attempt to get parsing info during refresh. "On-the-fly" syntax checking information may be incorrect. [C:\Users\C27Soren.Herzog\ece383\Herzog_ece383_wksp\lab2\Lab _2.srcs\sources_1\imports\Lab2_OLED\oled_init.vhd:]
WARNING: [filemgmt 56-199] Attempt to get parsing info during refresh. "On-the-fly" syntax checking information may be incorrect. [C:\Users\C27Soren.Herzog\ece383\Herzog_ece383_wksp\lab2\Lab _2.srcs\sources_1\imports\Lab2_OLED\spi_ctrl.vhd:]
WARNING: [filemgmt 56-199] Attempt to get parsing info during refresh. "On-the-fly" syntax checking information may be incorrect. [C:\Users\C27Soren.Herzog\ece383\Herzog_ece383_wksp\lab2\Lab _2.srcs\sources_1\imports\imports\new\counter.vhd:]
WARNING: [filemgmt 56-199] Attempt to get parsing info during refresh. "On-the-fly" syntax checking information may be incorrect. [C:\Users\C27Soren.Herzog\ece383\Herzog_ece383_wksp\lab2\Lab _2.srcs\sources_1\imports\C27Soren.Herzog\OneDrive - afacademy.af.edu\Documents\Schoolwork Sem6 2026 Spring\M1 - ECE 383 CSYS\Lab\Lab 2\lab2_code_for_cadets_2026\lab2.vhd:]
WARNING: [filemgmt 56-199] Attempt to get parsing info during refresh. "On-the-fly" syntax checking information may be incorrect. [C:\Users\C27Soren.Herzog\ece383\Herzog_ece383_wksp\lab2\Lab _2.srcs\sources_1\imports\C27Soren.Herzog\OneDrive - afacademy.af.edu\Documents\Schoolwork Sem6 2026 Spring\M1 - ECE 383 CSYS\Lab\Lab 2\lab2_code_for_cadets_2026\Audio_Codec_Wrapper.vhd:]
WARNING: [filemgmt 56-199] Attempt to get parsing info during refresh. "On-the-fly" syntax checking information may be incorrect. [C:\Users\C27Soren.Herzog\ece383\Herzog_ece383_wksp\lab2\Lab _2.srcs\sources_1\imports\C27Soren.Herzog\OneDrive - afacademy.af.edu\Documents\Schoolwork Sem6 2026 Spring\M1 - ECE 383 CSYS\Lab\Lab 2\lab2_code_for_cadets_2026\lab2_fsm.vhdl:]
WARNING: [filemgmt 56-199] Attempt to get parsing info during refresh. "On-the-fly" syntax checking information may be incorrect. [C:\Users\C27Soren.Herzog\ece383\Herzog_ece383_wksp\lab2\Lab _2.srcs\sources_1\imports\C27Soren.Herzog\OneDrive - afacademy.af.edu\Documents\Schoolwork Sem6 2026 Spring\M1 - ECE 383 CSYS\Lab\Lab 2\lab2_code_for_cadets_2026\lab2_datapath.vhdl:]
WARNING: [filemgmt 56-199] Attempt to get parsing info during refresh. "On-the-fly" syntax checking information may be incorrect. [C:\Users\C27Soren.Herzog\ece383\Herzog_ece383_wksp\lab2\Lab _2.srcs\sources_1\imports\C27Soren.Herzog\OneDrive - afacademy.af.edu\Documents\Schoolwork Sem6 2026 Spring\M1 - ECE 383 CSYS\Lab\Lab 2\lab2_code_for_cadets_2026\Audio_Codec_Wrapper.vhd:]
WARNING: [filemgmt 56-199] Attempt to get parsing info during refresh. "On-the-fly" syntax checking information may be incorrect. [C:\Users\C27Soren.Herzog\ece383\Herzog_ece383_wksp\lab2\Lab _2.srcs\sources_1\imports\C27Soren.Herzog\OneDrive - afacademy.af.edu\Documents\Schoolwork Sem6 2026 Spring\M1 - ECE 383 CSYS\Lab\Lab 2\lab2_code_for_cadets_2026\Audio_Codec_Wrapper.vhd:]
INFO: [Common 17-14] Message 'filemgmt 56-199' appears 100 times and further instances of the messages will be disabled. Use the Tcl command set_msg_config to change the current settings.
ERROR: [Common 17-180] Spawn failed: No error
ERROR: [Common 17-180] Spawn failed: No error
WARNING: [filemgmt 56-199] Attempt to get parsing info during refresh. "On-the-fly" syntax checking information may be incorrect. [C:\Users\C27Soren.Herzog\ece383\Herzog_ece383_wksp\lab2\Lab _2.srcs\sources_1\imports\C27Soren.Herzog\OneDrive - afacademy.af.edu\Documents\Schoolwork Sem6 2026 Spring\M1 - ECE 383 CSYS\Lab\Lab 2\lab2_code_for_cadets_2026\ece383_pkg.vhd:]
WARNING: [filemgmt 56-199] Attempt to get parsing info during refresh. "On-the-fly" syntax checking information may be incorrect. [C:\Users\C27Soren.Herzog\ece383\Herzog_ece383_wksp\lab2\Lab _2.srcs\sources_1\imports\Lab2_OLED\oled_init.vhd:]
WARNING: [filemgmt 56-199] Attempt to get parsing info during refresh. "On-the-fly" syntax checking information may be incorrect. [C:\Users\C27Soren.Herzog\ece383\Herzog_ece383_wksp\lab2\Lab _2.srcs\sources_1\imports\Lab2_OLED\spi_ctrl.vhd:]
WARNING: [filemgmt 56-199] Attempt to get parsing info during refresh. "On-the-fly" syntax checking information may be incorrect. [C:\Users\C27Soren.Herzog\ece383\Herzog_ece383_wksp\lab2\Lab _2.srcs\sources_1\imports\imports\new\counter.vhd:]
WARNING: [filemgmt 56-199] Attempt to get parsing info during refresh. "On-the-fly" syntax checking information may be incorrect. [C:\Users\C27Soren.Herzog\ece383\Herzog_ece383_wksp\lab2\Lab _2.srcs\sources_1\imports\C27Soren.Herzog\OneDrive - afacademy.af.edu\Documents\Schoolwork Sem6 2026 Spring\M1 - ECE 383 CSYS\Lab\Lab 2\lab2_code_for_cadets_2026\lab2.vhd:]
WARNING: [filemgmt 56-199] Attempt to get parsing info during refresh. "On-the-fly" syntax checking information may be incorrect. [C:\Users\C27Soren.Herzog\ece383\Herzog_ece383_wksp\lab2\Lab _2.srcs\sources_1\imports\Lab2_OLED\Lab2_OLED.vhd:]
WARNING: [filemgmt 56-199] Attempt to get parsing info during refresh. "On-the-fly" syntax checking information may be incorrect. [C:\Users\C27Soren.Herzog\ece383\Herzog_ece383_wksp\lab2\Lab _2.srcs\sources_1\imports\C27Soren.Herzog\OneDrive - afacademy.af.edu\Documents\Schoolwork Sem6 2026 Spring\M1 - ECE 383 CSYS\Lab\Lab 2\lab2_code_for_cadets_2026\lab2_datapath.vhdl:]
WARNING: [filemgmt 56-199] Attempt to get parsing info during refresh. "On-the-fly" syntax checking information may be incorrect. [C:\Users\C27Soren.Herzog\ece383\Herzog_ece383_wksp\lab2\Lab _2.srcs\sources_1\imports\C27Soren.Herzog\OneDrive - afacademy.af.edu\Documents\Schoolwork Sem6 2026 Spring\M1 - ECE 383 CSYS\Lab\Lab 2\lab2_code_for_cadets_2026\ece383_pkg.vhd:]
WARNING: [filemgmt 56-199] Attempt to get parsing info during refresh. "On-the-fly" syntax checking information may be incorrect. [C:\Users\C27Soren.Herzog\ece383\Herzog_ece383_wksp\lab2\Lab _2.srcs\sources_1\imports\C27Soren.Herzog\OneDrive - afacademy.af.edu\Documents\Schoolwork Sem6 2026 Spring\M1 - ECE 383 CSYS\Lab\Lab 2\lab2_code_for_cadets_2026\ece383_pkg.vhd:]
WARNING: [filemgmt 56-199] Attempt to get parsing info during refresh. "On-the-fly" syntax checking information may be incorrect. [C:\Users\C27Soren.Herzog\ece383\Herzog_ece383_wksp\lab2\Lab _2.srcs\sources_1\imports\C27Soren.Herzog\OneDrive - afacademy.af.edu\Documents\Schoolwork Sem6 2026 Spring\M1 - ECE 383 CSYS\Lab\Lab 2\lab2_code_for_cadets_2026\ece383_pkg.vhd:]
WARNING: [filemgmt 56-199] Attempt to get parsing info during refresh. "On-the-fly" syntax checking information may be incorrect. [C:\Users\C27Soren.Herzog\ece383\Herzog_ece383_wksp\lab2\Lab _2.srcs\sources_1\imports\Lab2_OLED\oled_init.vhd:]
WARNING: [filemgmt 56-199] Attempt to get parsing info during refresh. "On-the-fly" syntax checking information may be incorrect. [C:\Users\C27Soren.Herzog\ece383\Herzog_ece383_wksp\lab2\Lab _2.srcs\sources_1\imports\Lab2_OLED\spi_ctrl.vhd:]
WARNING: [filemgmt 56-199] Attempt to get parsing info during refresh. "On-the-fly" syntax checking information may be incorrect. [C:\Users\C27Soren.Herzog\ece383\Herzog_ece383_wksp\lab2\Lab _2.srcs\sources_1\imports\imports\new\counter.vhd:]
WARNING: [filemgmt 56-199] Attempt to get parsing info during refresh. "On-the-fly" syntax checking information may be incorrect. [C:\Users\C27Soren.Herzog\ece383\Herzog_ece383_wksp\lab2\Lab _2.srcs\sources_1\imports\C27Soren.Herzog\OneDrive - afacademy.af.edu\Documents\Schoolwork Sem6 2026 Spring\M1 - ECE 383 CSYS\Lab\Lab 2\lab2_code_for_cadets_2026\lab2.vhd:]
WARNING: [filemgmt 56-199] Attempt to get parsing info during refresh. "On-the-fly" syntax checking information may be incorrect. [C:\Users\C27Soren.Herzog\ece383\Herzog_ece383_wksp\lab2\Lab _2.srcs\sources_1\imports\Lab2_OLED\Lab2_OLED.vhd:]
WARNING: [filemgmt 56-199] Attempt to get parsing info during refresh. "On-the-fly" syntax checking information may be incorrect. [C:\Users\C27Soren.Herzog\ece383\Herzog_ece383_wksp\lab2\Lab _2.srcs\sources_1\imports\C27Soren.Herzog\OneDrive - afacademy.af.edu\Documents\Schoolwork Sem6 2026 Spring\M1 - ECE 383 CSYS\Lab\Lab 2\lab2_code_for_cadets_2026\lab2_datapath.vhdl:]
WARNING: [filemgmt 56-199] Attempt to get parsing info during refresh. "On-the-fly" syntax checking information may be incorrect. [C:\Users\C27Soren.Herzog\ece383\Herzog_ece383_wksp\lab2\Lab _2.srcs\sources_1\imports\Lab2_OLED\oled_init.vhd:]
WARNING: [filemgmt 56-199] Attempt to get parsing info during refresh. "On-the-fly" syntax checking information may be incorrect. [C:\Users\C27Soren.Herzog\ece383\Herzog_ece383_wksp\lab2\Lab _2.srcs\sources_1\imports\Lab2_OLED\oled_init.vhd:]
WARNING: [filemgmt 56-199] Attempt to get parsing info during refresh. "On-the-fly" syntax checking information may be incorrect. [C:\Users\C27Soren.Herzog\ece383\Herzog_ece383_wksp\lab2\Lab _2.srcs\sources_1\imports\C27Soren.Herzog\OneDrive - afacademy.af.edu\Documents\Schoolwork Sem6 2026 Spring\M1 - ECE 383 CSYS\Lab\Lab 2\lab2_code_for_cadets_2026\ece383_pkg.vhd:]
WARNING: [filemgmt 56-199] Attempt to get parsing info during refresh. "On-the-fly" syntax checking information may be incorrect. [C:\Users\C27Soren.Herzog\ece383\Herzog_ece383_wksp\lab2\Lab _2.srcs\sources_1\imports\Lab2_OLED\oled_init.vhd:]
WARNING: [filemgmt 56-199] Attempt to get parsing info during refresh. "On-the-fly" syntax checking information may be incorrect. [C:\Users\C27Soren.Herzog\ece383\Herzog_ece383_wksp\lab2\Lab _2.srcs\sources_1\imports\Lab2_OLED\spi_ctrl.vhd:]
WARNING: [filemgmt 56-199] Attempt to get parsing info during refresh. "On-the-fly" syntax checking information may be incorrect. [C:\Users\C27Soren.Herzog\ece383\Herzog_ece383_wksp\lab2\Lab _2.srcs\sources_1\imports\imports\new\counter.vhd:]
WARNING: [filemgmt 56-199] Attempt to get parsing info during refresh. "On-the-fly" syntax checking information may be incorrect. [C:\Users\C27Soren.Herzog\ece383\Herzog_ece383_wksp\lab2\Lab _2.srcs\sources_1\imports\C27Soren.Herzog\OneDrive - afacademy.af.edu\Documents\Schoolwork Sem6 2026 Spring\M1 - ECE 383 CSYS\Lab\Lab 2\lab2_code_for_cadets_2026\lab2.vhd:]
WARNING: [filemgmt 56-199] Attempt to get parsing info during refresh. "On-the-fly" syntax checking information may be incorrect. [C:\Users\C27Soren.Herzog\ece383\Herzog_ece383_wksp\lab2\Lab _2.srcs\sources_1\imports\Lab2_OLED\Lab2_OLED.vhd:]
WARNING: [filemgmt 56-199] Attempt to get parsing info during refresh. "On-the-fly" syntax checking information may be incorrect. [C:\Users\C27Soren.Herzog\ece383\Herzog_ece383_wksp\lab2\Lab _2.srcs\sources_1\imports\C27Soren.Herzog\OneDrive - afacademy.af.edu\Documents\Schoolwork Sem6 2026 Spring\M1 - ECE 383 CSYS\Lab\Lab 2\lab2_code_for_cadets_2026\lab2_datapath.vhdl:]
WARNING: [filemgmt 56-199] Attempt to get parsing info during refresh. "On-the-fly" syntax checking information may be incorrect. [C:\Users\C27Soren.Herzog\ece383\Herzog_ece383_wksp\lab2\Lab _2.srcs\sources_1\imports\Lab2_OLED\Lab2_OLED.vhd:]
WARNING: [filemgmt 56-199] Attempt to get parsing info during refresh. "On-the-fly" syntax checking information may be incorrect. [C:\Users\C27Soren.Herzog\ece383\Herzog_ece383_wksp\lab2\Lab _2.srcs\sources_1\imports\Lab2_OLED\Lab2_OLED.vhd:]
WARNING: [filemgmt 56-199] Attempt to get parsing info during refresh. "On-the-fly" syntax checking information may be incorrect. [C:\Users\C27Soren.Herzog\ece383\Herzog_ece383_wksp\lab2\Lab _2.srcs\sources_1\imports\C27Soren.Herzog\OneDrive - afacademy.af.edu\Documents\Schoolwork Sem6 2026 Spring\M1 - ECE 383 CSYS\Lab\Lab 2\lab2_code_for_cadets_2026\ece383_pkg.vhd:]
WARNING: [filemgmt 56-199] Attempt to get parsing info during refresh. "On-the-fly" syntax checking information may be incorrect. [C:\Users\C27Soren.Herzog\ece383\Herzog_ece383_wksp\lab2\Lab _2.srcs\sources_1\imports\Lab2_OLED\oled_init.vhd:]
WARNING: [filemgmt 56-199] Attempt to get parsing info during refresh. "On-the-fly" syntax checking information may be incorrect. [C:\Users\C27Soren.Herzog\ece383\Herzog_ece383_wksp\lab2\Lab _2.srcs\sources_1\imports\Lab2_OLED\spi_ctrl.vhd:]
WARNING: [filemgmt 56-199] Attempt to get parsing info during refresh. "On-the-fly" syntax checking information may be incorrect. [C:\Users\C27Soren.Herzog\ece383\Herzog_ece383_wksp\lab2\Lab _2.srcs\sources_1\imports\imports\new\counter.vhd:]
WARNING: [filemgmt 56-199] Attempt to get parsing info during refresh. "On-the-fly" syntax checking information may be incorrect. [C:\Users\C27Soren.Herzog\ece383\Herzog_ece383_wksp\lab2\Lab _2.srcs\sources_1\imports\C27Soren.Herzog\OneDrive - afacademy.af.edu\Documents\Schoolwork Sem6 2026 Spring\M1 - ECE 383 CSYS\Lab\Lab 2\lab2_code_for_cadets_2026\lab2.vhd:]
WARNING: [filemgmt 56-199] Attempt to get parsing info during refresh. "On-the-fly" syntax checking information may be incorrect. [C:\Users\C27Soren.Herzog\ece383\Herzog_ece383_wksp\lab2\Lab _2.srcs\sources_1\imports\Lab2_OLED\Lab2_OLED.vhd:]
WARNING: [filemgmt 56-199] Attempt to get parsing info during refresh. "On-the-fly" syntax checking information may be incorrect. [C:\Users\C27Soren.Herzog\ece383\Herzog_ece383_wksp\lab2\Lab _2.srcs\sources_1\imports\C27Soren.Herzog\OneDrive - afacademy.af.edu\Documents\Schoolwork Sem6 2026 Spring\M1 - ECE 383 CSYS\Lab\Lab 2\lab2_code_for_cadets_2026\lab2_datapath.vhdl:]
WARNING: [filemgmt 56-199] Attempt to get parsing info during refresh. "On-the-fly" syntax checking information may be incorrect. [C:\Users\C27Soren.Herzog\ece383\Herzog_ece383_wksp\lab2\Lab _2.srcs\sources_1\imports\imports\new\counter.vhd:]
WARNING: [filemgmt 56-199] Attempt to get parsing info during refresh. "On-the-fly" syntax checking information may be incorrect. [C:\Users\C27Soren.Herzog\ece383\Herzog_ece383_wksp\lab2\Lab _2.srcs\sources_1\imports\imports\new\counter.vhd:]
WARNING: [filemgmt 56-199] Attempt to get parsing info during refresh. "On-the-fly" syntax checking information may be incorrect. [C:\Users\C27Soren.Herzog\ece383\Herzog_ece383_wksp\lab2\Lab _2.srcs\sources_1\imports\C27Soren.Herzog\OneDrive - afacademy.af.edu\Documents\Schoolwork Sem6 2026 Spring\M1 - ECE 383 CSYS\Lab\Lab 2\lab2_code_for_cadets_2026\ece383_pkg.vhd:]
WARNING: [filemgmt 56-199] Attempt to get parsing info during refresh. "On-the-fly" syntax checking information may be incorrect. [C:\Users\C27Soren.Herzog\ece383\Herzog_ece383_wksp\lab2\Lab _2.srcs\sources_1\imports\Lab2_OLED\oled_init.vhd:]
WARNING: [filemgmt 56-199] Attempt to get parsing info during refresh. "On-the-fly" syntax checking information may be incorrect. [C:\Users\C27Soren.Herzog\ece383\Herzog_ece383_wksp\lab2\Lab _2.srcs\sources_1\imports\Lab2_OLED\spi_ctrl.vhd:]
WARNING: [filemgmt 56-199] Attempt to get parsing info during refresh. "On-the-fly" syntax checking information may be incorrect. [C:\Users\C27Soren.Herzog\ece383\Herzog_ece383_wksp\lab2\Lab _2.srcs\sources_1\imports\imports\new\counter.vhd:]
WARNING: [filemgmt 56-199] Attempt to get parsing info during refresh. "On-the-fly" syntax checking information may be incorrect. [C:\Users\C27Soren.Herzog\ece383\Herzog_ece383_wksp\lab2\Lab _2.srcs\sources_1\imports\C27Soren.Herzog\OneDrive - afacademy.af.edu\Documents\Schoolwork Sem6 2026 Spring\M1 - ECE 383 CSYS\Lab\Lab 2\lab2_code_for_cadets_2026\lab2.vhd:]
WARNING: [filemgmt 56-199] Attempt to get parsing info during refresh. "On-the-fly" syntax checking information may be incorrect. [C:\Users\C27Soren.Herzog\ece383\Herzog_ece383_wksp\lab2\Lab _2.srcs\sources_1\imports\Lab2_OLED\Lab2_OLED.vhd:]
WARNING: [filemgmt 56-199] Attempt to get parsing info during refresh. "On-the-fly" syntax checking information may be incorrect. [C:\Users\C27Soren.Herzog\ece383\Herzog_ece383_wksp\lab2\Lab _2.srcs\sources_1\imports\C27Soren.Herzog\OneDrive - afacademy.af.edu\Documents\Schoolwork Sem6 2026 Spring\M1 - ECE 383 CSYS\Lab\Lab 2\lab2_code_for_cadets_2026\lab2_datapath.vhdl:]
WARNING: [filemgmt 56-199] Attempt to get parsing info during refresh. "On-the-fly" syntax checking information may be incorrect. [C:\Users\C27Soren.Herzog\ece383\Herzog_ece383_wksp\lab2\Lab _2.srcs\sources_1\imports\C27Soren.Herzog\OneDrive - afacademy.af.edu\Documents\Schoolwork Sem6 2026 Spring\M1 - ECE 383 CSYS\Lab\Lab 2\lab2_code_for_cadets_2026\lab2.vhd:]
WARNING: [filemgmt 56-199] Attempt to get parsing info during refresh. "On-the-fly" syntax checking information may be incorrect. [C:\Users\C27Soren.Herzog\ece383\Herzog_ece383_wksp\lab2\Lab _2.srcs\sources_1\imports\C27Soren.Herzog\OneDrive - afacademy.af.edu\Documents\Schoolwork Sem6 2026 Spring\M1 - ECE 383 CSYS\Lab\Lab 2\lab2_code_for_cadets_2026\lab2.vhd:]
WARNING: [filemgmt 56-199] Attempt to get parsing info during refresh. "On-the-fly" syntax checking information may be incorrect. [C:\Users\C27Soren.Herzog\ece383\Herzog_ece383_wksp\lab2\Lab _2.srcs\sources_1\imports\C27Soren.Herzog\OneDrive - afacademy.af.edu\Documents\Schoolwork Sem6 2026 Spring\M1 - ECE 383 CSYS\Lab\Lab 2\lab2_code_for_cadets_2026\ece383_pkg.vhd:]
WARNING: [filemgmt 56-199] Attempt to get parsing info during refresh. "On-the-fly" syntax checking information may be incorrect. [C:\Users\C27Soren.Herzog\ece383\Herzog_ece383_wksp\lab2\Lab _2.srcs\sources_1\imports\Lab2_OLED\oled_init.vhd:]
WARNING: [filemgmt 56-199] Attempt to get parsing info during refresh. "On-the-fly" syntax checking information may be incorrect. [C:\Users\C27Soren.Herzog\ece383\Herzog_ece383_wksp\lab2\Lab _2.srcs\sources_1\imports\Lab2_OLED\spi_ctrl.vhd:]
WARNING: [filemgmt 56-199] Attempt to get parsing info during refresh. "On-the-fly" syntax checking information may be incorrect. [C:\Users\C27Soren.Herzog\ece383\Herzog_ece383_wksp\lab2\Lab _2.srcs\sources_1\imports\imports\new\counter.vhd:]
WARNING: [filemgmt 56-199] Attempt to get parsing info during refresh. "On-the-fly" syntax checking information may be incorrect. [C:\Users\C27Soren.Herzog\ece383\Herzog_ece383_wksp\lab2\Lab _2.srcs\sources_1\imports\C27Soren.Herzog\OneDrive - afacademy.af.edu\Documents\Schoolwork Sem6 2026 Spring\M1 - ECE 383 CSYS\Lab\Lab 2\lab2_code_for_cadets_2026\lab2.vhd:]
WARNING: [filemgmt 56-199] Attempt to get parsing info during refresh. "On-the-fly" syntax checking information may be incorrect. [C:\Users\C27Soren.Herzog\ece383\Herzog_ece383_wksp\lab2\Lab _2.srcs\sources_1\imports\Lab2_OLED\Lab2_OLED.vhd:]
WARNING: [filemgmt 56-199] Attempt to get parsing info during refresh. "On-the-fly" syntax checking information may be incorrect. [C:\Users\C27Soren.Herzog\ece383\Herzog_ece383_wksp\lab2\Lab _2.srcs\sources_1\imports\C27Soren.Herzog\OneDrive - afacademy.af.edu\Documents\Schoolwork Sem6 2026 Spring\M1 - ECE 383 CSYS\Lab\Lab 2\lab2_code_for_cadets_2026\lab2_datapath.vhdl:]
WARNING: [filemgmt 56-199] Attempt to get parsing info during refresh. "On-the-fly" syntax checking information may be incorrect. [C:\Users\C27Soren.Herzog\ece383\Herzog_ece383_wksp\lab2\Lab _2.srcs\sources_1\imports\Lab2_OLED\spi_ctrl.vhd:]
WARNING: [filemgmt 56-199] Attempt to get parsing info during refresh. "On-the-fly" syntax checking information may be incorrect. [C:\Users\C27Soren.Herzog\ece383\Herzog_ece383_wksp\lab2\Lab _2.srcs\sources_1\imports\Lab2_OLED\spi_ctrl.vhd:]
WARNING: [filemgmt 56-199] Attempt to get parsing info during refresh. "On-the-fly" syntax checking information may be incorrect. [C:\Users\C27Soren.Herzog\ece383\Herzog_ece383_wksp\lab2\Lab _2.srcs\sources_1\imports\C27Soren.Herzog\OneDrive - afacademy.af.edu\Documents\Schoolwork Sem6 2026 Spring\M1 - ECE 383 CSYS\Lab\Lab 2\lab2_code_for_cadets_2026\ece383_pkg.vhd:]
WARNING: [filemgmt 56-199] Attempt to get parsing info during refresh. "On-the-fly" syntax checking information may be incorrect. [C:\Users\C27Soren.Herzog\ece383\Herzog_ece383_wksp\lab2\Lab _2.srcs\sources_1\imports\Lab2_OLED\oled_init.vhd:]
WARNING: [filemgmt 56-199] Attempt to get parsing info during refresh. "On-the-fly" syntax checking information may be incorrect. [C:\Users\C27Soren.Herzog\ece383\Herzog_ece383_wksp\lab2\Lab _2.srcs\sources_1\imports\Lab2_OLED\spi_ctrl.vhd:]
WARNING: [filemgmt 56-199] Attempt to get parsing info during refresh. "On-the-fly" syntax checking information may be incorrect. [C:\Users\C27Soren.Herzog\ece383\Herzog_ece383_wksp\lab2\Lab _2.srcs\sources_1\imports\imports\new\counter.vhd:]
WARNING: [filemgmt 56-199] Attempt to get parsing info during refresh. "On-the-fly" syntax checking information may be incorrect. [C:\Users\C27Soren.Herzog\ece383\Herzog_ece383_wksp\lab2\Lab _2.srcs\sources_1\imports\C27Soren.Herzog\OneDrive - afacademy.af.edu\Documents\Schoolwork Sem6 2026 Spring\M1 - ECE 383 CSYS\Lab\Lab 2\lab2_code_for_cadets_2026\lab2.vhd:]
WARNING: [filemgmt 56-199] Attempt to get parsing info during refresh. "On-the-fly" syntax checking information may be incorrect. [C:\Users\C27Soren.Herzog\ece383\Herzog_ece383_wksp\lab2\Lab _2.srcs\sources_1\imports\Lab2_OLED\Lab2_OLED.vhd:]
WARNING: [filemgmt 56-199] Attempt to get parsing info during refresh. "On-the-fly" syntax checking information may be incorrect. [C:\Users\C27Soren.Herzog\ece383\Herzog_ece383_wksp\lab2\Lab _2.srcs\sources_1\imports\C27Soren.Herzog\OneDrive - afacademy.af.edu\Documents\Schoolwork Sem6 2026 Spring\M1 - ECE 383 CSYS\Lab\Lab 2\lab2_code_for_cadets_2026\lab2_datapath.vhdl:]
WARNING: [filemgmt 56-199] Attempt to get parsing info during refresh. "On-the-fly" syntax checking information may be incorrect. [C:\Users\C27Soren.Herzog\ece383\Herzog_ece383_wksp\lab2\Lab _2.srcs\sources_1\imports\C27Soren.Herzog\OneDrive - afacademy.af.edu\Documents\Schoolwork Sem6 2026 Spring\M1 - ECE 383 CSYS\Lab\Lab 2\lab2_code_for_cadets_2026\ece383_pkg.vhd:]
WARNING: [filemgmt 56-199] Attempt to get parsing info during refresh. "On-the-fly" syntax checking information may be incorrect. [C:\Users\C27Soren.Herzog\ece383\Herzog_ece383_wksp\lab2\Lab _2.srcs\sources_1\imports\C27Soren.Herzog\OneDrive - afacademy.af.edu\Documents\Schoolwork Sem6 2026 Spring\M1 - ECE 383 CSYS\Lab\Lab 2\lab2_code_for_cadets_2026\ece383_pkg.vhd:]
WARNING: [filemgmt 56-199] Attempt to get parsing info during refresh. "On-the-fly" syntax checking information may be incorrect. [C:\Users\C27Soren.Herzog\ece383\Herzog_ece383_wksp\lab2\Lab _2.srcs\sources_1\imports\C27Soren.Herzog\OneDrive - afacademy.af.edu\Documents\Schoolwork Sem6 2026 Spring\M1 - ECE 383 CSYS\Lab\Lab 2\lab2_code_for_cadets_2026\ece383_pkg.vhd:]
WARNING: [filemgmt 56-199] Attempt to get parsing info during refresh. "On-the-fly" syntax checking information may be incorrect. [C:\Users\C27Soren.Herzog\ece383\Herzog_ece383_wksp\lab2\Lab _2.srcs\sources_1\imports\Lab2_OLED\oled_init.vhd:]
WARNING: [filemgmt 56-199] Attempt to get parsing info during refresh. "On-the-fly" syntax checking information may be incorrect. [C:\Users\C27Soren.Herzog\ece383\Herzog_ece383_wksp\lab2\Lab _2.srcs\sources_1\imports\Lab2_OLED\spi_ctrl.vhd:]
WARNING: [filemgmt 56-199] Attempt to get parsing info during refresh. "On-the-fly" syntax checking information may be incorrect. [C:\Users\C27Soren.Herzog\ece383\Herzog_ece383_wksp\lab2\Lab _2.srcs\sources_1\imports\imports\new\counter.vhd:]
WARNING: [filemgmt 56-199] Attempt to get parsing info during refresh. "On-the-fly" syntax checking information may be incorrect. [C:\Users\C27Soren.Herzog\ece383\Herzog_ece383_wksp\lab2\Lab _2.srcs\sources_1\imports\C27Soren.Herzog\OneDrive - afacademy.af.edu\Documents\Schoolwork Sem6 2026 Spring\M1 - ECE 383 CSYS\Lab\Lab 2\lab2_code_for_cadets_2026\lab2.vhd:]
WARNING: [filemgmt 56-199] Attempt to get parsing info during refresh. "On-the-fly" syntax checking information may be incorrect. [C:\Users\C27Soren.Herzog\ece383\Herzog_ece383_wksp\lab2\Lab _2.srcs\sources_1\imports\Lab2_OLED\Lab2_OLED.vhd:]
WARNING: [filemgmt 56-199] Attempt to get parsing info during refresh. "On-the-fly" syntax checking information may be incorrect. [C:\Users\C27Soren.Herzog\ece383\Herzog_ece383_wksp\lab2\Lab _2.srcs\sources_1\imports\C27Soren.Herzog\OneDrive - afacademy.af.edu\Documents\Schoolwork Sem6 2026 Spring\M1 - ECE 383 CSYS\Lab\Lab 2\lab2_code_for_cadets_2026\lab2_datapath.vhdl:]
WARNING: [filemgmt 56-199] Attempt to get parsing info during refresh. "On-the-fly" syntax checking information may be incorrect. [C:\Users\C27Soren.Herzog\ece383\Herzog_ece383_wksp\lab2\Lab _2.srcs\sources_1\imports\C27Soren.Herzog\OneDrive - afacademy.af.edu\Documents\Schoolwork Sem6 2026 Spring\M1 - ECE 383 CSYS\Lab\Lab 2\lab2_code_for_cadets_2026\lab2.vhd:]
WARNING: [filemgmt 56-199] Attempt to get parsing info during refresh. "On-the-fly" syntax checking information may be incorrect. [C:\Users\C27Soren.Herzog\ece383\Herzog_ece383_wksp\lab2\Lab _2.srcs\sources_1\imports\C27Soren.Herzog\OneDrive - afacademy.af.edu\Documents\Schoolwork Sem6 2026 Spring\M1 - ECE 383 CSYS\Lab\Lab 2\lab2_code_for_cadets_2026\lab2.vhd:]
WARNING: [filemgmt 56-199] Attempt to get parsing info during refresh. "On-the-fly" syntax checking information may be incorrect. [C:\Users\C27Soren.Herzog\ece383\Herzog_ece383_wksp\lab2\Lab _2.srcs\sources_1\imports\C27Soren.Herzog\OneDrive - afacademy.af.edu\Documents\Schoolwork Sem6 2026 Spring\M1 - ECE 383 CSYS\Lab\Lab 2\lab2_code_for_cadets_2026\ece383_pkg.vhd:]
WARNING: [filemgmt 56-199] Attempt to get parsing info during refresh. "On-the-fly" syntax checking information may be incorrect. [C:\Users\C27Soren.Herzog\ece383\Herzog_ece383_wksp\lab2\Lab _2.srcs\sources_1\imports\Lab2_OLED\oled_init.vhd:]
WARNING: [filemgmt 56-199] Attempt to get parsing info during refresh. "On-the-fly" syntax checking information may be incorrect. [C:\Users\C27Soren.Herzog\ece383\Herzog_ece383_wksp\lab2\Lab _2.srcs\sources_1\imports\Lab2_OLED\spi_ctrl.vhd:]
WARNING: [filemgmt 56-199] Attempt to get parsing info during refresh. "On-the-fly" syntax checking information may be incorrect. [C:\Users\C27Soren.Herzog\ece383\Herzog_ece383_wksp\lab2\Lab _2.srcs\sources_1\imports\imports\new\counter.vhd:]
WARNING: [filemgmt 56-199] Attempt to get parsing info during refresh. "On-the-fly" syntax checking information may be incorrect. [C:\Users\C27Soren.Herzog\ece383\Herzog_ece383_wksp\lab2\Lab _2.srcs\sources_1\imports\C27Soren.Herzog\OneDrive - afacademy.af.edu\Documents\Schoolwork Sem6 2026 Spring\M1 - ECE 383 CSYS\Lab\Lab 2\lab2_code_for_cadets_2026\lab2.vhd:]
WARNING: [filemgmt 56-199] Attempt to get parsing info during refresh. "On-the-fly" syntax checking information may be incorrect. [C:\Users\C27Soren.Herzog\ece383\Herzog_ece383_wksp\lab2\Lab _2.srcs\sources_1\imports\Lab2_OLED\Lab2_OLED.vhd:]
WARNING: [filemgmt 56-199] Attempt to get parsing info during refresh. "On-the-fly" syntax checking information may be incorrect. [C:\Users\C27Soren.Herzog\ece383\Herzog_ece383_wksp\lab2\Lab _2.srcs\sources_1\imports\C27Soren.Herzog\OneDrive - afacademy.af.edu\Documents\Schoolwork Sem6 2026 Spring\M1 - ECE 383 CSYS\Lab\Lab 2\lab2_code_for_cadets_2026\lab2_datapath.vhdl:]
WARNING: [filemgmt 56-199] Attempt to get parsing info during refresh. "On-the-fly" syntax checking information may be incorrect. [C:\Users\C27Soren.Herzog\ece383\Herzog_ece383_wksp\lab2\Lab _2.srcs\sources_1\imports\Lab2_OLED\spi_ctrl.vhd:]
WARNING: [filemgmt 56-199] Attempt to get parsing info during refresh. "On-the-fly" syntax checking information may be incorrect. [C:\Users\C27Soren.Herzog\ece383\Herzog_ece383_wksp\lab2\Lab _2.srcs\sources_1\imports\Lab2_OLED\spi_ctrl.vhd:]
WARNING: [filemgmt 56-199] Attempt to get parsing info during refresh. "On-the-fly" syntax checking information may be incorrect. [C:\Users\C27Soren.Herzog\ece383\Herzog_ece383_wksp\lab2\Lab _2.srcs\sources_1\imports\C27Soren.Herzog\OneDrive - afacademy.af.edu\Documents\Schoolwork Sem6 2026 Spring\M1 - ECE 383 CSYS\Lab\Lab 2\lab2_code_for_cadets_2026\ece383_pkg.vhd:]
WARNING: [filemgmt 56-199] Attempt to get parsing info during refresh. "On-the-fly" syntax checking information may be incorrect. [C:\Users\C27Soren.Herzog\ece383\Herzog_ece383_wksp\lab2\Lab _2.srcs\sources_1\imports\Lab2_OLED\oled_init.vhd:]
WARNING: [filemgmt 56-199] Attempt to get parsing info during refresh. "On-the-fly" syntax checking information may be incorrect. [C:\Users\C27Soren.Herzog\ece383\Herzog_ece383_wksp\lab2\Lab _2.srcs\sources_1\imports\Lab2_OLED\spi_ctrl.vhd:]
WARNING: [filemgmt 56-199] Attempt to get parsing info during refresh. "On-the-fly" syntax checking information may be incorrect. [C:\Users\C27Soren.Herzog\ece383\Herzog_ece383_wksp\lab2\Lab _2.srcs\sources_1\imports\imports\new\counter.vhd:]
WARNING: [filemgmt 56-199] Attempt to get parsing info during refresh. "On-the-fly" syntax checking information may be incorrect. [C:\Users\C27Soren.Herzog\ece383\Herzog_ece383_wksp\lab2\Lab _2.srcs\sources_1\imports\C27Soren.Herzog\OneDrive - afacademy.af.edu\Documents\Schoolwork Sem6 2026 Spring\M1 - ECE 383 CSYS\Lab\Lab 2\lab2_code_for_cadets_2026\lab2.vhd:]
WARNING: [filemgmt 56-199] Attempt to get parsing info during refresh. "On-the-fly" syntax checking information may be incorrect. [C:\Users\C27Soren.Herzog\ece383\Herzog_ece383_wksp\lab2\Lab _2.srcs\sources_1\imports\Lab2_OLED\Lab2_OLED.vhd:]
WARNING: [filemgmt 56-199] Attempt to get parsing info during refresh. "On-the-fly" syntax checking information may be incorrect. [C:\Users\C27Soren.Herzog\ece383\Herzog_ece383_wksp\lab2\Lab _2.srcs\sources_1\imports\C27Soren.Herzog\OneDrive - afacademy.af.edu\Documents\Schoolwork Sem6 2026 Spring\M1 - ECE 383 CSYS\Lab\Lab 2\lab2_code_for_cadets_2026\lab2_datapath.vhdl:]
WARNING: [filemgmt 56-199] Attempt to get parsing info during refresh. "On-the-fly" syntax checking information may be incorrect. [C:\Users\C27Soren.Herzog\ece383\Herzog_ece383_wksp\lab2\Lab _2.srcs\sources_1\imports\Lab2_OLED\oled_init.vhd:]
WARNING: [filemgmt 56-199] Attempt to get parsing info during refresh. "On-the-fly" syntax checking information may be incorrect. [C:\Users\C27Soren.Herzog\ece383\Herzog_ece383_wksp\lab2\Lab _2.srcs\sources_1\imports\Lab2_OLED\oled_init.vhd:]
WARNING: [filemgmt 56-199] Attempt to get parsing info during refresh. "On-the-fly" syntax checking information may be incorrect. [C:\Users\C27Soren.Herzog\ece383\Herzog_ece383_wksp\lab2\Lab _2.srcs\sources_1\imports\C27Soren.Herzog\OneDrive - afacademy.af.edu\Documents\Schoolwork Sem6 2026 Spring\M1 - ECE 383 CSYS\Lab\Lab 2\lab2_code_for_cadets_2026\ece383_pkg.vhd:]
WARNING: [filemgmt 56-199] Attempt to get parsing info during refresh. "On-the-fly" syntax checking information may be incorrect. [C:\Users\C27Soren.Herzog\ece383\Herzog_ece383_wksp\lab2\Lab _2.srcs\sources_1\imports\Lab2_OLED\oled_init.vhd:]
WARNING: [filemgmt 56-199] Attempt to get parsing info during refresh. "On-the-fly" syntax checking information may be incorrect. [C:\Users\C27Soren.Herzog\ece383\Herzog_ece383_wksp\lab2\Lab _2.srcs\sources_1\imports\Lab2_OLED\spi_ctrl.vhd:]
WARNING: [filemgmt 56-199] Attempt to get parsing info during refresh. "On-the-fly" syntax checking information may be incorrect. [C:\Users\C27Soren.Herzog\ece383\Herzog_ece383_wksp\lab2\Lab _2.srcs\sources_1\imports\imports\new\counter.vhd:]
WARNING: [filemgmt 56-199] Attempt to get parsing info during refresh. "On-the-fly" syntax checking information may be incorrect. [C:\Users\C27Soren.Herzog\ece383\Herzog_ece383_wksp\lab2\Lab _2.srcs\sources_1\imports\C27Soren.Herzog\OneDrive - afacademy.af.edu\Documents\Schoolwork Sem6 2026 Spring\M1 - ECE 383 CSYS\Lab\Lab 2\lab2_code_for_cadets_2026\lab2.vhd:]
WARNING: [filemgmt 56-199] Attempt to get parsing info during refresh. "On-the-fly" syntax checking information may be incorrect. [C:\Users\C27Soren.Herzog\ece383\Herzog_ece383_wksp\lab2\Lab _2.srcs\sources_1\imports\Lab2_OLED\Lab2_OLED.vhd:]
WARNING: [filemgmt 56-199] Attempt to get parsing info during refresh. "On-the-fly" syntax checking information may be incorrect. [C:\Users\C27Soren.Herzog\ece383\Herzog_ece383_wksp\lab2\Lab _2.srcs\sources_1\imports\C27Soren.Herzog\OneDrive - afacademy.af.edu\Documents\Schoolwork Sem6 2026 Spring\M1 - ECE 383 CSYS\Lab\Lab 2\lab2_code_for_cadets_2026\lab2_datapath.vhdl:]
WARNING: [filemgmt 56-199] Attempt to get parsing info during refresh. "On-the-fly" syntax checking information may be incorrect. [C:\Users\C27Soren.Herzog\ece383\Herzog_ece383_wksp\lab2\Lab _2.srcs\sources_1\imports\Lab2_OLED\Lab2_OLED.vhd:]
WARNING: [filemgmt 56-199] Attempt to get parsing info during refresh. "On-the-fly" syntax checking information may be incorrect. [C:\Users\C27Soren.Herzog\ece383\Herzog_ece383_wksp\lab2\Lab _2.srcs\sources_1\imports\Lab2_OLED\Lab2_OLED.vhd:]
reset_run synth_1
INFO: [Project 1-1161] Replacing file C:/Users/C27Soren.Herzog/ece383/Herzog_ece383_wksp/lab2/Lab _2.srcs/utils_1/imports/synth_1/lab2.dcp with file C:/Users/C27Soren.Herzog/ece383/Herzog_ece383_wksp/lab2/Lab _2.runs/synth_1/lab2.dcp
launch_runs impl_1 -to_step write_bitstream -jobs 8
INFO: [Vivado 12-4149] The synthesis checkpoint for IP 'C:/Users/C27Soren.Herzog/ece383/Herzog_ece383_wksp/lab2/Lab _2.srcs/sources_1/ip/clk_wiz_0/clk_wiz_0.xci' is already up-to-date
WARNING: [filemgmt 56-199] Attempt to get parsing info during refresh. "On-the-fly" syntax checking information may be incorrect. [C:\Users\C27Soren.Herzog\ece383\Herzog_ece383_wksp\lab2\Lab _2.srcs\sources_1\imports\C27Soren.Herzog\OneDrive - afacademy.af.edu\Documents\Schoolwork Sem6 2026 Spring\M1 - ECE 383 CSYS\Lab\Lab 2\lab2_code_for_cadets_2026\ece383_pkg.vhd:]
WARNING: [filemgmt 56-199] Attempt to get parsing info during refresh. "On-the-fly" syntax checking information may be incorrect. [C:\Users\C27Soren.Herzog\ece383\Herzog_ece383_wksp\lab2\Lab _2.srcs\sources_1\imports\Lab2_OLED\oled_init.vhd:]
WARNING: [filemgmt 56-199] Attempt to get parsing info during refresh. "On-the-fly" syntax checking information may be incorrect. [C:\Users\C27Soren.Herzog\ece383\Herzog_ece383_wksp\lab2\Lab _2.srcs\sources_1\imports\Lab2_OLED\spi_ctrl.vhd:]
WARNING: [filemgmt 56-199] Attempt to get parsing info during refresh. "On-the-fly" syntax checking information may be incorrect. [C:\Users\C27Soren.Herzog\ece383\Herzog_ece383_wksp\lab2\Lab _2.srcs\sources_1\imports\imports\new\counter.vhd:]
WARNING: [filemgmt 56-199] Attempt to get parsing info during refresh. "On-the-fly" syntax checking information may be incorrect. [C:\Users\C27Soren.Herzog\ece383\Herzog_ece383_wksp\lab2\Lab _2.srcs\sources_1\imports\C27Soren.Herzog\OneDrive - afacademy.af.edu\Documents\Schoolwork Sem6 2026 Spring\M1 - ECE 383 CSYS\Lab\Lab 2\lab2_code_for_cadets_2026\lab2.vhd:]
WARNING: [filemgmt 56-199] Attempt to get parsing info during refresh. "On-the-fly" syntax checking information may be incorrect. [C:\Users\C27Soren.Herzog\ece383\Herzog_ece383_wksp\lab2\Lab _2.srcs\sources_1\imports\Lab2_OLED\Lab2_OLED.vhd:]
WARNING: [filemgmt 56-199] Attempt to get parsing info during refresh. "On-the-fly" syntax checking information may be incorrect. [C:\Users\C27Soren.Herzog\ece383\Herzog_ece383_wksp\lab2\Lab _2.srcs\sources_1\imports\C27Soren.Herzog\OneDrive - afacademy.af.edu\Documents\Schoolwork Sem6 2026 Spring\M1 - ECE 383 CSYS\Lab\Lab 2\lab2_code_for_cadets_2026\lab2_datapath.vhdl:]
WARNING: [filemgmt 56-199] Attempt to get parsing info during refresh. "On-the-fly" syntax checking information may be incorrect. [C:\Users\C27Soren.Herzog\ece383\Herzog_ece383_wksp\lab2\Lab _2.srcs\sources_1\imports\C27Soren.Herzog\OneDrive - afacademy.af.edu\Documents\Schoolwork Sem6 2026 Spring\M1 - ECE 383 CSYS\Lab\Lab 2\lab2_code_for_cadets_2026\ece383_pkg.vhd:]
WARNING: [filemgmt 56-199] Attempt to get parsing info during refresh. "On-the-fly" syntax checking information may be incorrect. [C:\Users\C27Soren.Herzog\ece383\Herzog_ece383_wksp\lab2\Lab _2.srcs\sources_1\imports\C27Soren.Herzog\OneDrive - afacademy.af.edu\Documents\Schoolwork Sem6 2026 Spring\M1 - ECE 383 CSYS\Lab\Lab 2\lab2_code_for_cadets_2026\ece383_pkg.vhd:]
WARNING: [filemgmt 56-199] Attempt to get parsing info during refresh. "On-the-fly" syntax checking information may be incorrect. [C:\Users\C27Soren.Herzog\ece383\Herzog_ece383_wksp\lab2\Lab _2.srcs\sources_1\imports\C27Soren.Herzog\OneDrive - afacademy.af.edu\Documents\Schoolwork Sem6 2026 Spring\M1 - ECE 383 CSYS\Lab\Lab 2\lab2_code_for_cadets_2026\ece383_pkg.vhd:]
WARNING: [filemgmt 56-199] Attempt to get parsing info during refresh. "On-the-fly" syntax checking information may be incorrect. [C:\Users\C27Soren.Herzog\ece383\Herzog_ece383_wksp\lab2\Lab _2.srcs\sources_1\imports\Lab2_OLED\oled_init.vhd:]
WARNING: [filemgmt 56-199] Attempt to get parsing info during refresh. "On-the-fly" syntax checking information may be incorrect. [C:\Users\C27Soren.Herzog\ece383\Herzog_ece383_wksp\lab2\Lab _2.srcs\sources_1\imports\Lab2_OLED\spi_ctrl.vhd:]
WARNING: [filemgmt 56-199] Attempt to get parsing info during refresh. "On-the-fly" syntax checking information may be incorrect. [C:\Users\C27Soren.Herzog\ece383\Herzog_ece383_wksp\lab2\Lab _2.srcs\sources_1\imports\imports\new\counter.vhd:]
WARNING: [filemgmt 56-199] Attempt to get parsing info during refresh. "On-the-fly" syntax checking information may be incorrect. [C:\Users\C27Soren.Herzog\ece383\Herzog_ece383_wksp\lab2\Lab _2.srcs\sources_1\imports\C27Soren.Herzog\OneDrive - afacademy.af.edu\Documents\Schoolwork Sem6 2026 Spring\M1 - ECE 383 CSYS\Lab\Lab 2\lab2_code_for_cadets_2026\lab2.vhd:]
WARNING: [filemgmt 56-199] Attempt to get parsing info during refresh. "On-the-fly" syntax checking information may be incorrect. [C:\Users\C27Soren.Herzog\ece383\Herzog_ece383_wksp\lab2\Lab _2.srcs\sources_1\imports\Lab2_OLED\Lab2_OLED.vhd:]
WARNING: [filemgmt 56-199] Attempt to get parsing info during refresh. "On-the-fly" syntax checking information may be incorrect. [C:\Users\C27Soren.Herzog\ece383\Herzog_ece383_wksp\lab2\Lab _2.srcs\sources_1\imports\C27Soren.Herzog\OneDrive - afacademy.af.edu\Documents\Schoolwork Sem6 2026 Spring\M1 - ECE 383 CSYS\Lab\Lab 2\lab2_code_for_cadets_2026\lab2_datapath.vhdl:]
WARNING: [filemgmt 56-199] Attempt to get parsing info during refresh. "On-the-fly" syntax checking information may be incorrect. [C:\Users\C27Soren.Herzog\ece383\Herzog_ece383_wksp\lab2\Lab _2.srcs\sources_1\imports\C27Soren.Herzog\OneDrive - afacademy.af.edu\Documents\Schoolwork Sem6 2026 Spring\M1 - ECE 383 CSYS\Lab\Lab 2\lab2_code_for_cadets_2026\lab2.vhd:]
WARNING: [filemgmt 56-199] Attempt to get parsing info during refresh. "On-the-fly" syntax checking information may be incorrect. [C:\Users\C27Soren.Herzog\ece383\Herzog_ece383_wksp\lab2\Lab _2.srcs\sources_1\imports\C27Soren.Herzog\OneDrive - afacademy.af.edu\Documents\Schoolwork Sem6 2026 Spring\M1 - ECE 383 CSYS\Lab\Lab 2\lab2_code_for_cadets_2026\lab2.vhd:]
WARNING: [filemgmt 56-199] Attempt to get parsing info during refresh. "On-the-fly" syntax checking information may be incorrect. [C:\Users\C27Soren.Herzog\ece383\Herzog_ece383_wksp\lab2\Lab _2.srcs\sources_1\imports\C27Soren.Herzog\OneDrive - afacademy.af.edu\Documents\Schoolwork Sem6 2026 Spring\M1 - ECE 383 CSYS\Lab\Lab 2\lab2_code_for_cadets_2026\ece383_pkg.vhd:]
WARNING: [filemgmt 56-199] Attempt to get parsing info during refresh. "On-the-fly" syntax checking information may be incorrect. [C:\Users\C27Soren.Herzog\ece383\Herzog_ece383_wksp\lab2\Lab _2.srcs\sources_1\imports\Lab2_OLED\oled_init.vhd:]
WARNING: [filemgmt 56-199] Attempt to get parsing info during refresh. "On-the-fly" syntax checking information may be incorrect. [C:\Users\C27Soren.Herzog\ece383\Herzog_ece383_wksp\lab2\Lab _2.srcs\sources_1\imports\Lab2_OLED\spi_ctrl.vhd:]
WARNING: [filemgmt 56-199] Attempt to get parsing info during refresh. "On-the-fly" syntax checking information may be incorrect. [C:\Users\C27Soren.Herzog\ece383\Herzog_ece383_wksp\lab2\Lab _2.srcs\sources_1\imports\imports\new\counter.vhd:]
WARNING: [filemgmt 56-199] Attempt to get parsing info during refresh. "On-the-fly" syntax checking information may be incorrect. [C:\Users\C27Soren.Herzog\ece383\Herzog_ece383_wksp\lab2\Lab _2.srcs\sources_1\imports\C27Soren.Herzog\OneDrive - afacademy.af.edu\Documents\Schoolwork Sem6 2026 Spring\M1 - ECE 383 CSYS\Lab\Lab 2\lab2_code_for_cadets_2026\lab2.vhd:]
WARNING: [filemgmt 56-199] Attempt to get parsing info during refresh. "On-the-fly" syntax checking information may be incorrect. [C:\Users\C27Soren.Herzog\ece383\Herzog_ece383_wksp\lab2\Lab _2.srcs\sources_1\imports\Lab2_OLED\Lab2_OLED.vhd:]
WARNING: [filemgmt 56-199] Attempt to get parsing info during refresh. "On-the-fly" syntax checking information may be incorrect. [C:\Users\C27Soren.Herzog\ece383\Herzog_ece383_wksp\lab2\Lab _2.srcs\sources_1\imports\C27Soren.Herzog\OneDrive - afacademy.af.edu\Documents\Schoolwork Sem6 2026 Spring\M1 - ECE 383 CSYS\Lab\Lab 2\lab2_code_for_cadets_2026\lab2_datapath.vhdl:]
[Thu Feb 12 08:49:36 2026] Launched synth_1...
Run output will be captured here: C:/Users/C27Soren.Herzog/ece383/Herzog_ece383_wksp/lab2/Lab _2.runs/synth_1/runme.log
WARNING: [filemgmt 56-199] Attempt to get parsing info during refresh. "On-the-fly" syntax checking information may be incorrect. [C:\Users\C27Soren.Herzog\ece383\Herzog_ece383_wksp\lab2\Lab _2.srcs\sources_1\imports\Lab2_OLED\spi_ctrl.vhd:]
WARNING: [filemgmt 56-199] Attempt to get parsing info during refresh. "On-the-fly" syntax checking information may be incorrect. [C:\Users\C27Soren.Herzog\ece383\Herzog_ece383_wksp\lab2\Lab _2.srcs\sources_1\imports\Lab2_OLED\spi_ctrl.vhd:]
[Thu Feb 12 08:49:36 2026] Launched impl_1...
Run output will be captured here: C:/Users/C27Soren.Herzog/ece383/Herzog_ece383_wksp/lab2/Lab _2.runs/impl_1/runme.log
WARNING: [filemgmt 56-199] Attempt to get parsing info during refresh. "On-the-fly" syntax checking information may be incorrect. [C:\Users\C27Soren.Herzog\ece383\Herzog_ece383_wksp\lab2\Lab _2.srcs\sources_1\imports\C27Soren.Herzog\OneDrive - afacademy.af.edu\Documents\Schoolwork Sem6 2026 Spring\M1 - ECE 383 CSYS\Lab\Lab 2\lab2_code_for_cadets_2026\ece383_pkg.vhd:]
WARNING: [filemgmt 56-199] Attempt to get parsing info during refresh. "On-the-fly" syntax checking information may be incorrect. [C:\Users\C27Soren.Herzog\ece383\Herzog_ece383_wksp\lab2\Lab _2.srcs\sources_1\imports\Lab2_OLED\oled_init.vhd:]
WARNING: [filemgmt 56-199] Attempt to get parsing info during refresh. "On-the-fly" syntax checking information may be incorrect. [C:\Users\C27Soren.Herzog\ece383\Herzog_ece383_wksp\lab2\Lab _2.srcs\sources_1\imports\Lab2_OLED\spi_ctrl.vhd:]
WARNING: [filemgmt 56-199] Attempt to get parsing info during refresh. "On-the-fly" syntax checking information may be incorrect. [C:\Users\C27Soren.Herzog\ece383\Herzog_ece383_wksp\lab2\Lab _2.srcs\sources_1\imports\imports\new\counter.vhd:]
WARNING: [filemgmt 56-199] Attempt to get parsing info during refresh. "On-the-fly" syntax checking information may be incorrect. [C:\Users\C27Soren.Herzog\ece383\Herzog_ece383_wksp\lab2\Lab _2.srcs\sources_1\imports\C27Soren.Herzog\OneDrive - afacademy.af.edu\Documents\Schoolwork Sem6 2026 Spring\M1 - ECE 383 CSYS\Lab\Lab 2\lab2_code_for_cadets_2026\lab2.vhd:]
WARNING: [filemgmt 56-199] Attempt to get parsing info during refresh. "On-the-fly" syntax checking information may be incorrect. [C:\Users\C27Soren.Herzog\ece383\Herzog_ece383_wksp\lab2\Lab _2.srcs\sources_1\imports\Lab2_OLED\Lab2_OLED.vhd:]
WARNING: [filemgmt 56-199] Attempt to get parsing info during refresh. "On-the-fly" syntax checking information may be incorrect. [C:\Users\C27Soren.Herzog\ece383\Herzog_ece383_wksp\lab2\Lab _2.srcs\sources_1\imports\C27Soren.Herzog\OneDrive - afacademy.af.edu\Documents\Schoolwork Sem6 2026 Spring\M1 - ECE 383 CSYS\Lab\Lab 2\lab2_code_for_cadets_2026\lab2_datapath.vhdl:]
WARNING: [filemgmt 56-199] Attempt to get parsing info during refresh. "On-the-fly" syntax checking information may be incorrect. [C:\Users\C27Soren.Herzog\ece383\Herzog_ece383_wksp\lab2\Lab _2.srcs\sources_1\imports\Lab2_OLED\oled_init.vhd:]
WARNING: [filemgmt 56-199] Attempt to get parsing info during refresh. "On-the-fly" syntax checking information may be incorrect. [C:\Users\C27Soren.Herzog\ece383\Herzog_ece383_wksp\lab2\Lab _2.srcs\sources_1\imports\Lab2_OLED\oled_init.vhd:]
WARNING: [filemgmt 56-199] Attempt to get parsing info during refresh. "On-the-fly" syntax checking information may be incorrect. [C:\Users\C27Soren.Herzog\ece383\Herzog_ece383_wksp\lab2\Lab _2.srcs\sources_1\imports\C27Soren.Herzog\OneDrive - afacademy.af.edu\Documents\Schoolwork Sem6 2026 Spring\M1 - ECE 383 CSYS\Lab\Lab 2\lab2_code_for_cadets_2026\ece383_pkg.vhd:]
WARNING: [filemgmt 56-199] Attempt to get parsing info during refresh. "On-the-fly" syntax checking information may be incorrect. [C:\Users\C27Soren.Herzog\ece383\Herzog_ece383_wksp\lab2\Lab _2.srcs\sources_1\imports\Lab2_OLED\oled_init.vhd:]
WARNING: [filemgmt 56-199] Attempt to get parsing info during refresh. "On-the-fly" syntax checking information may be incorrect. [C:\Users\C27Soren.Herzog\ece383\Herzog_ece383_wksp\lab2\Lab _2.srcs\sources_1\imports\Lab2_OLED\spi_ctrl.vhd:]
WARNING: [filemgmt 56-199] Attempt to get parsing info during refresh. "On-the-fly" syntax checking information may be incorrect. [C:\Users\C27Soren.Herzog\ece383\Herzog_ece383_wksp\lab2\Lab _2.srcs\sources_1\imports\imports\new\counter.vhd:]
WARNING: [filemgmt 56-199] Attempt to get parsing info during refresh. "On-the-fly" syntax checking information may be incorrect. [C:\Users\C27Soren.Herzog\ece383\Herzog_ece383_wksp\lab2\Lab _2.srcs\sources_1\imports\C27Soren.Herzog\OneDrive - afacademy.af.edu\Documents\Schoolwork Sem6 2026 Spring\M1 - ECE 383 CSYS\Lab\Lab 2\lab2_code_for_cadets_2026\lab2.vhd:]
WARNING: [filemgmt 56-199] Attempt to get parsing info during refresh. "On-the-fly" syntax checking information may be incorrect. [C:\Users\C27Soren.Herzog\ece383\Herzog_ece383_wksp\lab2\Lab _2.srcs\sources_1\imports\Lab2_OLED\Lab2_OLED.vhd:]
WARNING: [filemgmt 56-199] Attempt to get parsing info during refresh. "On-the-fly" syntax checking information may be incorrect. [C:\Users\C27Soren.Herzog\ece383\Herzog_ece383_wksp\lab2\Lab _2.srcs\sources_1\imports\C27Soren.Herzog\OneDrive - afacademy.af.edu\Documents\Schoolwork Sem6 2026 Spring\M1 - ECE 383 CSYS\Lab\Lab 2\lab2_code_for_cadets_2026\lab2_datapath.vhdl:]
WARNING: [filemgmt 56-199] Attempt to get parsing info during refresh. "On-the-fly" syntax checking information may be incorrect. [C:\Users\C27Soren.Herzog\ece383\Herzog_ece383_wksp\lab2\Lab _2.srcs\sources_1\imports\C27Soren.Herzog\OneDrive - afacademy.af.edu\Documents\Schoolwork Sem6 2026 Spring\M1 - ECE 383 CSYS\Lab\Lab 2\lab2_code_for_cadets_2026\lab2_datapath.vhdl:]
WARNING: [filemgmt 56-199] Attempt to get parsing info during refresh. "On-the-fly" syntax checking information may be incorrect. [C:\Users\C27Soren.Herzog\ece383\Herzog_ece383_wksp\lab2\Lab _2.srcs\sources_1\imports\C27Soren.Herzog\OneDrive - afacademy.af.edu\Documents\Schoolwork Sem6 2026 Spring\M1 - ECE 383 CSYS\Lab\Lab 2\lab2_code_for_cadets_2026\lab2_datapath.vhdl:]
WARNING: [filemgmt 56-199] Attempt to get parsing info during refresh. "On-the-fly" syntax checking information may be incorrect. [C:\Users\C27Soren.Herzog\ece383\Herzog_ece383_wksp\lab2\Lab _2.srcs\sources_1\imports\C27Soren.Herzog\OneDrive - afacademy.af.edu\Documents\Schoolwork Sem6 2026 Spring\M1 - ECE 383 CSYS\Lab\Lab 2\lab2_code_for_cadets_2026\ece383_pkg.vhd:]
WARNING: [filemgmt 56-199] Attempt to get parsing info during refresh. "On-the-fly" syntax checking information may be incorrect. [C:\Users\C27Soren.Herzog\ece383\Herzog_ece383_wksp\lab2\Lab _2.srcs\sources_1\imports\Lab2_OLED\oled_init.vhd:]
WARNING: [filemgmt 56-199] Attempt to get parsing info during refresh. "On-the-fly" syntax checking information may be incorrect. [C:\Users\C27Soren.Herzog\ece383\Herzog_ece383_wksp\lab2\Lab _2.srcs\sources_1\imports\Lab2_OLED\spi_ctrl.vhd:]
WARNING: [filemgmt 56-199] Attempt to get parsing info during refresh. "On-the-fly" syntax checking information may be incorrect. [C:\Users\C27Soren.Herzog\ece383\Herzog_ece383_wksp\lab2\Lab _2.srcs\sources_1\imports\imports\new\counter.vhd:]
WARNING: [filemgmt 56-199] Attempt to get parsing info during refresh. "On-the-fly" syntax checking information may be incorrect. [C:\Users\C27Soren.Herzog\ece383\Herzog_ece383_wksp\lab2\Lab _2.srcs\sources_1\imports\C27Soren.Herzog\OneDrive - afacademy.af.edu\Documents\Schoolwork Sem6 2026 Spring\M1 - ECE 383 CSYS\Lab\Lab 2\lab2_code_for_cadets_2026\lab2.vhd:]
WARNING: [filemgmt 56-199] Attempt to get parsing info during refresh. "On-the-fly" syntax checking information may be incorrect. [C:\Users\C27Soren.Herzog\ece383\Herzog_ece383_wksp\lab2\Lab _2.srcs\sources_1\imports\Lab2_OLED\Lab2_OLED.vhd:]
WARNING: [filemgmt 56-199] Attempt to get parsing info during refresh. "On-the-fly" syntax checking information may be incorrect. [C:\Users\C27Soren.Herzog\ece383\Herzog_ece383_wksp\lab2\Lab _2.srcs\sources_1\imports\C27Soren.Herzog\OneDrive - afacademy.af.edu\Documents\Schoolwork Sem6 2026 Spring\M1 - ECE 383 CSYS\Lab\Lab 2\lab2_code_for_cadets_2026\lab2_datapath.vhdl:]
WARNING: [filemgmt 56-199] Attempt to get parsing info during refresh. "On-the-fly" syntax checking information may be incorrect. [C:\Users\C27Soren.Herzog\ece383\Herzog_ece383_wksp\lab2\Lab _2.srcs\sources_1\imports\Lab2_OLED\Lab2_OLED.vhd:]
WARNING: [filemgmt 56-199] Attempt to get parsing info during refresh. "On-the-fly" syntax checking information may be incorrect. [C:\Users\C27Soren.Herzog\ece383\Herzog_ece383_wksp\lab2\Lab _2.srcs\sources_1\imports\Lab2_OLED\Lab2_OLED.vhd:]
reset_run synth_1
WARNING: [Vivado 12-1017] Problems encountered:
1. Failed to delete one or more files in run directory C:/Users/C27Soren.Herzog/ece383/Herzog_ece383_wksp/lab2/Lab _2.runs/synth_1

WARNING: [filemgmt 56-199] Attempt to get parsing info during refresh. "On-the-fly" syntax checking information may be incorrect. [C:\Users\C27Soren.Herzog\ece383\Herzog_ece383_wksp\lab2\Lab _2.srcs\sources_1\imports\C27Soren.Herzog\OneDrive - afacademy.af.edu\Documents\Schoolwork Sem6 2026 Spring\M1 - ECE 383 CSYS\Lab\Lab 2\lab2_code_for_cadets_2026\ece383_pkg.vhd:]
WARNING: [filemgmt 56-199] Attempt to get parsing info during refresh. "On-the-fly" syntax checking information may be incorrect. [C:\Users\C27Soren.Herzog\ece383\Herzog_ece383_wksp\lab2\Lab _2.srcs\sources_1\imports\Lab2_OLED\oled_init.vhd:]
WARNING: [filemgmt 56-199] Attempt to get parsing info during refresh. "On-the-fly" syntax checking information may be incorrect. [C:\Users\C27Soren.Herzog\ece383\Herzog_ece383_wksp\lab2\Lab _2.srcs\sources_1\imports\Lab2_OLED\spi_ctrl.vhd:]
WARNING: [filemgmt 56-199] Attempt to get parsing info during refresh. "On-the-fly" syntax checking information may be incorrect. [C:\Users\C27Soren.Herzog\ece383\Herzog_ece383_wksp\lab2\Lab _2.srcs\sources_1\imports\imports\new\counter.vhd:]
WARNING: [filemgmt 56-199] Attempt to get parsing info during refresh. "On-the-fly" syntax checking information may be incorrect. [C:\Users\C27Soren.Herzog\ece383\Herzog_ece383_wksp\lab2\Lab _2.srcs\sources_1\imports\C27Soren.Herzog\OneDrive - afacademy.af.edu\Documents\Schoolwork Sem6 2026 Spring\M1 - ECE 383 CSYS\Lab\Lab 2\lab2_code_for_cadets_2026\lab2.vhd:]
WARNING: [filemgmt 56-199] Attempt to get parsing info during refresh. "On-the-fly" syntax checking information may be incorrect. [C:\Users\C27Soren.Herzog\ece383\Herzog_ece383_wksp\lab2\Lab _2.srcs\sources_1\imports\Lab2_OLED\Lab2_OLED.vhd:]
WARNING: [filemgmt 56-199] Attempt to get parsing info during refresh. "On-the-fly" syntax checking information may be incorrect. [C:\Users\C27Soren.Herzog\ece383\Herzog_ece383_wksp\lab2\Lab _2.srcs\sources_1\imports\C27Soren.Herzog\OneDrive - afacademy.af.edu\Documents\Schoolwork Sem6 2026 Spring\M1 - ECE 383 CSYS\Lab\Lab 2\lab2_code_for_cadets_2026\lab2_datapath.vhdl:]
WARNING: [filemgmt 56-199] Attempt to get parsing info during refresh. "On-the-fly" syntax checking information may be incorrect. [C:\Users\C27Soren.Herzog\ece383\Herzog_ece383_wksp\lab2\Lab _2.srcs\sources_1\imports\C27Soren.Herzog\OneDrive - afacademy.af.edu\Documents\Schoolwork Sem6 2026 Spring\M1 - ECE 383 CSYS\Lab\Lab 2\lab2_code_for_cadets_2026\ece383_pkg.vhd:]
WARNING: [filemgmt 56-199] Attempt to get parsing info during refresh. "On-the-fly" syntax checking information may be incorrect. [C:\Users\C27Soren.Herzog\ece383\Herzog_ece383_wksp\lab2\Lab _2.srcs\sources_1\imports\C27Soren.Herzog\OneDrive - afacademy.af.edu\Documents\Schoolwork Sem6 2026 Spring\M1 - ECE 383 CSYS\Lab\Lab 2\lab2_code_for_cadets_2026\ece383_pkg.vhd:]
WARNING: [filemgmt 56-199] Attempt to get parsing info during refresh. "On-the-fly" syntax checking information may be incorrect. [C:\Users\C27Soren.Herzog\ece383\Herzog_ece383_wksp\lab2\Lab _2.srcs\sources_1\imports\C27Soren.Herzog\OneDrive - afacademy.af.edu\Documents\Schoolwork Sem6 2026 Spring\M1 - ECE 383 CSYS\Lab\Lab 2\lab2_code_for_cadets_2026\ece383_pkg.vhd:]
WARNING: [filemgmt 56-199] Attempt to get parsing info during refresh. "On-the-fly" syntax checking information may be incorrect. [C:\Users\C27Soren.Herzog\ece383\Herzog_ece383_wksp\lab2\Lab _2.srcs\sources_1\imports\Lab2_OLED\oled_init.vhd:]
WARNING: [filemgmt 56-199] Attempt to get parsing info during refresh. "On-the-fly" syntax checking information may be incorrect. [C:\Users\C27Soren.Herzog\ece383\Herzog_ece383_wksp\lab2\Lab _2.srcs\sources_1\imports\Lab2_OLED\spi_ctrl.vhd:]
WARNING: [filemgmt 56-199] Attempt to get parsing info during refresh. "On-the-fly" syntax checking information may be incorrect. [C:\Users\C27Soren.Herzog\ece383\Herzog_ece383_wksp\lab2\Lab _2.srcs\sources_1\imports\imports\new\counter.vhd:]
WARNING: [filemgmt 56-199] Attempt to get parsing info during refresh. "On-the-fly" syntax checking information may be incorrect. [C:\Users\C27Soren.Herzog\ece383\Herzog_ece383_wksp\lab2\Lab _2.srcs\sources_1\imports\C27Soren.Herzog\OneDrive - afacademy.af.edu\Documents\Schoolwork Sem6 2026 Spring\M1 - ECE 383 CSYS\Lab\Lab 2\lab2_code_for_cadets_2026\lab2.vhd:]
WARNING: [filemgmt 56-199] Attempt to get parsing info during refresh. "On-the-fly" syntax checking information may be incorrect. [C:\Users\C27Soren.Herzog\ece383\Herzog_ece383_wksp\lab2\Lab _2.srcs\sources_1\imports\Lab2_OLED\Lab2_OLED.vhd:]
WARNING: [filemgmt 56-199] Attempt to get parsing info during refresh. "On-the-fly" syntax checking information may be incorrect. [C:\Users\C27Soren.Herzog\ece383\Herzog_ece383_wksp\lab2\Lab _2.srcs\sources_1\imports\C27Soren.Herzog\OneDrive - afacademy.af.edu\Documents\Schoolwork Sem6 2026 Spring\M1 - ECE 383 CSYS\Lab\Lab 2\lab2_code_for_cadets_2026\lab2_datapath.vhdl:]
WARNING: [filemgmt 56-199] Attempt to get parsing info during refresh. "On-the-fly" syntax checking information may be incorrect. [C:\Users\C27Soren.Herzog\ece383\Herzog_ece383_wksp\lab2\Lab _2.srcs\sources_1\imports\C27Soren.Herzog\OneDrive - afacademy.af.edu\Documents\Schoolwork Sem6 2026 Spring\M1 - ECE 383 CSYS\Lab\Lab 2\lab2_code_for_cadets_2026\lab2.vhd:]
WARNING: [filemgmt 56-199] Attempt to get parsing info during refresh. "On-the-fly" syntax checking information may be incorrect. [C:\Users\C27Soren.Herzog\ece383\Herzog_ece383_wksp\lab2\Lab _2.srcs\sources_1\imports\C27Soren.Herzog\OneDrive - afacademy.af.edu\Documents\Schoolwork Sem6 2026 Spring\M1 - ECE 383 CSYS\Lab\Lab 2\lab2_code_for_cadets_2026\lab2.vhd:]
WARNING: [filemgmt 56-199] Attempt to get parsing info during refresh. "On-the-fly" syntax checking information may be incorrect. [C:\Users\C27Soren.Herzog\ece383\Herzog_ece383_wksp\lab2\Lab _2.srcs\sources_1\imports\C27Soren.Herzog\OneDrive - afacademy.af.edu\Documents\Schoolwork Sem6 2026 Spring\M1 - ECE 383 CSYS\Lab\Lab 2\lab2_code_for_cadets_2026\ece383_pkg.vhd:]
WARNING: [filemgmt 56-199] Attempt to get parsing info during refresh. "On-the-fly" syntax checking information may be incorrect. [C:\Users\C27Soren.Herzog\ece383\Herzog_ece383_wksp\lab2\Lab _2.srcs\sources_1\imports\Lab2_OLED\oled_init.vhd:]
WARNING: [filemgmt 56-199] Attempt to get parsing info during refresh. "On-the-fly" syntax checking information may be incorrect. [C:\Users\C27Soren.Herzog\ece383\Herzog_ece383_wksp\lab2\Lab _2.srcs\sources_1\imports\Lab2_OLED\spi_ctrl.vhd:]
WARNING: [filemgmt 56-199] Attempt to get parsing info during refresh. "On-the-fly" syntax checking information may be incorrect. [C:\Users\C27Soren.Herzog\ece383\Herzog_ece383_wksp\lab2\Lab _2.srcs\sources_1\imports\imports\new\counter.vhd:]
WARNING: [filemgmt 56-199] Attempt to get parsing info during refresh. "On-the-fly" syntax checking information may be incorrect. [C:\Users\C27Soren.Herzog\ece383\Herzog_ece383_wksp\lab2\Lab _2.srcs\sources_1\imports\C27Soren.Herzog\OneDrive - afacademy.af.edu\Documents\Schoolwork Sem6 2026 Spring\M1 - ECE 383 CSYS\Lab\Lab 2\lab2_code_for_cadets_2026\lab2.vhd:]
WARNING: [filemgmt 56-199] Attempt to get parsing info during refresh. "On-the-fly" syntax checking information may be incorrect. [C:\Users\C27Soren.Herzog\ece383\Herzog_ece383_wksp\lab2\Lab _2.srcs\sources_1\imports\Lab2_OLED\Lab2_OLED.vhd:]
WARNING: [filemgmt 56-199] Attempt to get parsing info during refresh. "On-the-fly" syntax checking information may be incorrect. [C:\Users\C27Soren.Herzog\ece383\Herzog_ece383_wksp\lab2\Lab _2.srcs\sources_1\imports\C27Soren.Herzog\OneDrive - afacademy.af.edu\Documents\Schoolwork Sem6 2026 Spring\M1 - ECE 383 CSYS\Lab\Lab 2\lab2_code_for_cadets_2026\lab2_datapath.vhdl:]
WARNING: [filemgmt 56-199] Attempt to get parsing info during refresh. "On-the-fly" syntax checking information may be incorrect. [C:\Users\C27Soren.Herzog\ece383\Herzog_ece383_wksp\lab2\Lab _2.srcs\sources_1\imports\Lab2_OLED\spi_ctrl.vhd:]
WARNING: [filemgmt 56-199] Attempt to get parsing info during refresh. "On-the-fly" syntax checking information may be incorrect. [C:\Users\C27Soren.Herzog\ece383\Herzog_ece383_wksp\lab2\Lab _2.srcs\sources_1\imports\Lab2_OLED\spi_ctrl.vhd:]
WARNING: [filemgmt 56-199] Attempt to get parsing info during refresh. "On-the-fly" syntax checking information may be incorrect. [C:\Users\C27Soren.Herzog\ece383\Herzog_ece383_wksp\lab2\Lab _2.srcs\sources_1\imports\C27Soren.Herzog\OneDrive - afacademy.af.edu\Documents\Schoolwork Sem6 2026 Spring\M1 - ECE 383 CSYS\Lab\Lab 2\lab2_code_for_cadets_2026\ece383_pkg.vhd:]
WARNING: [filemgmt 56-199] Attempt to get parsing info during refresh. "On-the-fly" syntax checking information may be incorrect. [C:\Users\C27Soren.Herzog\ece383\Herzog_ece383_wksp\lab2\Lab _2.srcs\sources_1\imports\Lab2_OLED\oled_init.vhd:]
WARNING: [filemgmt 56-199] Attempt to get parsing info during refresh. "On-the-fly" syntax checking information may be incorrect. [C:\Users\C27Soren.Herzog\ece383\Herzog_ece383_wksp\lab2\Lab _2.srcs\sources_1\imports\Lab2_OLED\spi_ctrl.vhd:]
WARNING: [filemgmt 56-199] Attempt to get parsing info during refresh. "On-the-fly" syntax checking information may be incorrect. [C:\Users\C27Soren.Herzog\ece383\Herzog_ece383_wksp\lab2\Lab _2.srcs\sources_1\imports\imports\new\counter.vhd:]
WARNING: [filemgmt 56-199] Attempt to get parsing info during refresh. "On-the-fly" syntax checking information may be incorrect. [C:\Users\C27Soren.Herzog\ece383\Herzog_ece383_wksp\lab2\Lab _2.srcs\sources_1\imports\C27Soren.Herzog\OneDrive - afacademy.af.edu\Documents\Schoolwork Sem6 2026 Spring\M1 - ECE 383 CSYS\Lab\Lab 2\lab2_code_for_cadets_2026\lab2.vhd:]
WARNING: [filemgmt 56-199] Attempt to get parsing info during refresh. "On-the-fly" syntax checking information may be incorrect. [C:\Users\C27Soren.Herzog\ece383\Herzog_ece383_wksp\lab2\Lab _2.srcs\sources_1\imports\Lab2_OLED\Lab2_OLED.vhd:]
WARNING: [filemgmt 56-199] Attempt to get parsing info during refresh. "On-the-fly" syntax checking information may be incorrect. [C:\Users\C27Soren.Herzog\ece383\Herzog_ece383_wksp\lab2\Lab _2.srcs\sources_1\imports\C27Soren.Herzog\OneDrive - afacademy.af.edu\Documents\Schoolwork Sem6 2026 Spring\M1 - ECE 383 CSYS\Lab\Lab 2\lab2_code_for_cadets_2026\lab2_datapath.vhdl:]
WARNING: [filemgmt 56-199] Attempt to get parsing info during refresh. "On-the-fly" syntax checking information may be incorrect. [C:\Users\C27Soren.Herzog\ece383\Herzog_ece383_wksp\lab2\Lab _2.srcs\sources_1\imports\imports\new\counter.vhd:]
WARNING: [filemgmt 56-199] Attempt to get parsing info during refresh. "On-the-fly" syntax checking information may be incorrect. [C:\Users\C27Soren.Herzog\ece383\Herzog_ece383_wksp\lab2\Lab _2.srcs\sources_1\imports\imports\new\counter.vhd:]
WARNING: [filemgmt 56-199] Attempt to get parsing info during refresh. "On-the-fly" syntax checking information may be incorrect. [C:\Users\C27Soren.Herzog\ece383\Herzog_ece383_wksp\lab2\Lab _2.srcs\sources_1\imports\C27Soren.Herzog\OneDrive - afacademy.af.edu\Documents\Schoolwork Sem6 2026 Spring\M1 - ECE 383 CSYS\Lab\Lab 2\lab2_code_for_cadets_2026\ece383_pkg.vhd:]
WARNING: [filemgmt 56-199] Attempt to get parsing info during refresh. "On-the-fly" syntax checking information may be incorrect. [C:\Users\C27Soren.Herzog\ece383\Herzog_ece383_wksp\lab2\Lab _2.srcs\sources_1\imports\Lab2_OLED\oled_init.vhd:]
WARNING: [filemgmt 56-199] Attempt to get parsing info during refresh. "On-the-fly" syntax checking information may be incorrect. [C:\Users\C27Soren.Herzog\ece383\Herzog_ece383_wksp\lab2\Lab _2.srcs\sources_1\imports\Lab2_OLED\spi_ctrl.vhd:]
WARNING: [filemgmt 56-199] Attempt to get parsing info during refresh. "On-the-fly" syntax checking information may be incorrect. [C:\Users\C27Soren.Herzog\ece383\Herzog_ece383_wksp\lab2\Lab _2.srcs\sources_1\imports\imports\new\counter.vhd:]
WARNING: [filemgmt 56-199] Attempt to get parsing info during refresh. "On-the-fly" syntax checking information may be incorrect. [C:\Users\C27Soren.Herzog\ece383\Herzog_ece383_wksp\lab2\Lab _2.srcs\sources_1\imports\C27Soren.Herzog\OneDrive - afacademy.af.edu\Documents\Schoolwork Sem6 2026 Spring\M1 - ECE 383 CSYS\Lab\Lab 2\lab2_code_for_cadets_2026\lab2.vhd:]
WARNING: [filemgmt 56-199] Attempt to get parsing info during refresh. "On-the-fly" syntax checking information may be incorrect. [C:\Users\C27Soren.Herzog\ece383\Herzog_ece383_wksp\lab2\Lab _2.srcs\sources_1\imports\Lab2_OLED\Lab2_OLED.vhd:]
WARNING: [filemgmt 56-199] Attempt to get parsing info during refresh. "On-the-fly" syntax checking information may be incorrect. [C:\Users\C27Soren.Herzog\ece383\Herzog_ece383_wksp\lab2\Lab _2.srcs\sources_1\imports\C27Soren.Herzog\OneDrive - afacademy.af.edu\Documents\Schoolwork Sem6 2026 Spring\M1 - ECE 383 CSYS\Lab\Lab 2\lab2_code_for_cadets_2026\lab2_datapath.vhdl:]
WARNING: [filemgmt 56-199] Attempt to get parsing info during refresh. "On-the-fly" syntax checking information may be incorrect. [C:\Users\C27Soren.Herzog\ece383\Herzog_ece383_wksp\lab2\Lab _2.srcs\sources_1\imports\Lab2_OLED\oled_init.vhd:]
WARNING: [filemgmt 56-199] Attempt to get parsing info during refresh. "On-the-fly" syntax checking information may be incorrect. [C:\Users\C27Soren.Herzog\ece383\Herzog_ece383_wksp\lab2\Lab _2.srcs\sources_1\imports\Lab2_OLED\oled_init.vhd:]
WARNING: [filemgmt 56-199] Attempt to get parsing info during refresh. "On-the-fly" syntax checking information may be incorrect. [C:\Users\C27Soren.Herzog\ece383\Herzog_ece383_wksp\lab2\Lab _2.srcs\sources_1\imports\C27Soren.Herzog\OneDrive - afacademy.af.edu\Documents\Schoolwork Sem6 2026 Spring\M1 - ECE 383 CSYS\Lab\Lab 2\lab2_code_for_cadets_2026\ece383_pkg.vhd:]
INFO: [Common 17-14] Message 'filemgmt 56-199' appears 100 times and further instances of the messages will be disabled. Use the Tcl command set_msg_config to change the current settings.
launch_runs impl_1 -to_step write_bitstream -jobs 8
INFO: [Vivado 12-4149] The synthesis checkpoint for IP 'C:/Users/C27Soren.Herzog/ece383/Herzog_ece383_wksp/lab2/Lab _2.srcs/sources_1/ip/clk_wiz_0/clk_wiz_0.xci' is already up-to-date
[Thu Feb 12 08:51:10 2026] Launched synth_1...
Run output will be captured here: C:/Users/C27Soren.Herzog/ece383/Herzog_ece383_wksp/lab2/Lab _2.runs/synth_1/runme.log
[Thu Feb 12 08:51:10 2026] Launched impl_1...
Run output will be captured here: C:/Users/C27Soren.Herzog/ece383/Herzog_ece383_wksp/lab2/Lab _2.runs/impl_1/runme.log
reset_run synth_1
WARNING: [filemgmt 56-199] Attempt to get parsing info during refresh. "On-the-fly" syntax checking information may be incorrect. [C:\Users\C27Soren.Herzog\ece383\Herzog_ece383_wksp\lab2\Lab _2.srcs\sources_1\imports\C27Soren.Herzog\OneDrive - afacademy.af.edu\Documents\Schoolwork Sem6 2026 Spring\M1 - ECE 383 CSYS\Lab\Lab 2\lab2_code_for_cadets_2026\ece383_pkg.vhd:]
WARNING: [filemgmt 56-199] Attempt to get parsing info during refresh. "On-the-fly" syntax checking information may be incorrect. [C:\Users\C27Soren.Herzog\ece383\Herzog_ece383_wksp\lab2\Lab _2.srcs\sources_1\imports\Lab2_OLED\oled_init.vhd:]
WARNING: [filemgmt 56-199] Attempt to get parsing info during refresh. "On-the-fly" syntax checking information may be incorrect. [C:\Users\C27Soren.Herzog\ece383\Herzog_ece383_wksp\lab2\Lab _2.srcs\sources_1\imports\Lab2_OLED\spi_ctrl.vhd:]
WARNING: [filemgmt 56-199] Attempt to get parsing info during refresh. "On-the-fly" syntax checking information may be incorrect. [C:\Users\C27Soren.Herzog\ece383\Herzog_ece383_wksp\lab2\Lab _2.srcs\sources_1\imports\imports\new\counter.vhd:]
WARNING: [filemgmt 56-199] Attempt to get parsing info during refresh. "On-the-fly" syntax checking information may be incorrect. [C:\Users\C27Soren.Herzog\ece383\Herzog_ece383_wksp\lab2\Lab _2.srcs\sources_1\imports\Lab2_OLED\oled_ex.vhd:]
WARNING: [filemgmt 56-199] Attempt to get parsing info during refresh. "On-the-fly" syntax checking information may be incorrect. [C:\Users\C27Soren.Herzog\ece383\Herzog_ece383_wksp\lab2\Lab _2.srcs\sources_1\imports\C27Soren.Herzog\OneDrive - afacademy.af.edu\Documents\Schoolwork Sem6 2026 Spring\M1 - ECE 383 CSYS\Lab\Lab 2\lab2_code_for_cadets_2026\lab2.vhd:]
WARNING: [filemgmt 56-199] Attempt to get parsing info during refresh. "On-the-fly" syntax checking information may be incorrect. [C:\Users\C27Soren.Herzog\ece383\Herzog_ece383_wksp\lab2\Lab _2.srcs\sources_1\imports\Lab2_OLED\Lab2_OLED.vhd:]
WARNING: [filemgmt 56-199] Attempt to get parsing info during refresh. "On-the-fly" syntax checking information may be incorrect. [C:\Users\C27Soren.Herzog\ece383\Herzog_ece383_wksp\lab2\Lab _2.srcs\sources_1\imports\C27Soren.Herzog\OneDrive - afacademy.af.edu\Documents\Schoolwork Sem6 2026 Spring\M1 - ECE 383 CSYS\Lab\Lab 2\lab2_code_for_cadets_2026\lab2_datapath.vhdl:]
WARNING: [filemgmt 56-199] Attempt to get parsing info during refresh. "On-the-fly" syntax checking information may be incorrect. [C:\Users\C27Soren.Herzog\ece383\Herzog_ece383_wksp\lab2\Lab _2.srcs\sources_1\imports\C27Soren.Herzog\OneDrive - afacademy.af.edu\Documents\Schoolwork Sem6 2026 Spring\M1 - ECE 383 CSYS\Lab\Lab 2\lab2_code_for_cadets_2026\ece383_pkg.vhd:]
WARNING: [filemgmt 56-199] Attempt to get parsing info during refresh. "On-the-fly" syntax checking information may be incorrect. [C:\Users\C27Soren.Herzog\ece383\Herzog_ece383_wksp\lab2\Lab _2.srcs\sources_1\imports\C27Soren.Herzog\OneDrive - afacademy.af.edu\Documents\Schoolwork Sem6 2026 Spring\M1 - ECE 383 CSYS\Lab\Lab 2\lab2_code_for_cadets_2026\ece383_pkg.vhd:]
WARNING: [filemgmt 56-199] Attempt to get parsing info during refresh. "On-the-fly" syntax checking information may be incorrect. [C:\Users\C27Soren.Herzog\ece383\Herzog_ece383_wksp\lab2\Lab _2.srcs\sources_1\imports\C27Soren.Herzog\OneDrive - afacademy.af.edu\Documents\Schoolwork Sem6 2026 Spring\M1 - ECE 383 CSYS\Lab\Lab 2\lab2_code_for_cadets_2026\ece383_pkg.vhd:]
WARNING: [filemgmt 56-199] Attempt to get parsing info during refresh. "On-the-fly" syntax checking information may be incorrect. [C:\Users\C27Soren.Herzog\ece383\Herzog_ece383_wksp\lab2\Lab _2.srcs\sources_1\imports\Lab2_OLED\oled_init.vhd:]
WARNING: [filemgmt 56-199] Attempt to get parsing info during refresh. "On-the-fly" syntax checking information may be incorrect. [C:\Users\C27Soren.Herzog\ece383\Herzog_ece383_wksp\lab2\Lab _2.srcs\sources_1\imports\Lab2_OLED\spi_ctrl.vhd:]
WARNING: [filemgmt 56-199] Attempt to get parsing info during refresh. "On-the-fly" syntax checking information may be incorrect. [C:\Users\C27Soren.Herzog\ece383\Herzog_ece383_wksp\lab2\Lab _2.srcs\sources_1\imports\imports\new\counter.vhd:]
WARNING: [filemgmt 56-199] Attempt to get parsing info during refresh. "On-the-fly" syntax checking information may be incorrect. [C:\Users\C27Soren.Herzog\ece383\Herzog_ece383_wksp\lab2\Lab _2.srcs\sources_1\imports\Lab2_OLED\oled_ex.vhd:]
WARNING: [filemgmt 56-199] Attempt to get parsing info during refresh. "On-the-fly" syntax checking information may be incorrect. [C:\Users\C27Soren.Herzog\ece383\Herzog_ece383_wksp\lab2\Lab _2.srcs\sources_1\imports\C27Soren.Herzog\OneDrive - afacademy.af.edu\Documents\Schoolwork Sem6 2026 Spring\M1 - ECE 383 CSYS\Lab\Lab 2\lab2_code_for_cadets_2026\lab2.vhd:]
WARNING: [filemgmt 56-199] Attempt to get parsing info during refresh. "On-the-fly" syntax checking information may be incorrect. [C:\Users\C27Soren.Herzog\ece383\Herzog_ece383_wksp\lab2\Lab _2.srcs\sources_1\imports\Lab2_OLED\Lab2_OLED.vhd:]
WARNING: [filemgmt 56-199] Attempt to get parsing info during refresh. "On-the-fly" syntax checking information may be incorrect. [C:\Users\C27Soren.Herzog\ece383\Herzog_ece383_wksp\lab2\Lab _2.srcs\sources_1\imports\C27Soren.Herzog\OneDrive - afacademy.af.edu\Documents\Schoolwork Sem6 2026 Spring\M1 - ECE 383 CSYS\Lab\Lab 2\lab2_code_for_cadets_2026\lab2_datapath.vhdl:]
WARNING: [filemgmt 56-199] Attempt to get parsing info during refresh. "On-the-fly" syntax checking information may be incorrect. [C:\Users\C27Soren.Herzog\ece383\Herzog_ece383_wksp\lab2\Lab _2.srcs\sources_1\imports\C27Soren.Herzog\OneDrive - afacademy.af.edu\Documents\Schoolwork Sem6 2026 Spring\M1 - ECE 383 CSYS\Lab\Lab 2\lab2_code_for_cadets_2026\lab2.vhd:]
WARNING: [filemgmt 56-199] Attempt to get parsing info during refresh. "On-the-fly" syntax checking information may be incorrect. [C:\Users\C27Soren.Herzog\ece383\Herzog_ece383_wksp\lab2\Lab _2.srcs\sources_1\imports\C27Soren.Herzog\OneDrive - afacademy.af.edu\Documents\Schoolwork Sem6 2026 Spring\M1 - ECE 383 CSYS\Lab\Lab 2\lab2_code_for_cadets_2026\lab2.vhd:]
WARNING: [filemgmt 56-199] Attempt to get parsing info during refresh. "On-the-fly" syntax checking information may be incorrect. [C:\Users\C27Soren.Herzog\ece383\Herzog_ece383_wksp\lab2\Lab _2.srcs\sources_1\imports\C27Soren.Herzog\OneDrive - afacademy.af.edu\Documents\Schoolwork Sem6 2026 Spring\M1 - ECE 383 CSYS\Lab\Lab 2\lab2_code_for_cadets_2026\ece383_pkg.vhd:]
WARNING: [filemgmt 56-199] Attempt to get parsing info during refresh. "On-the-fly" syntax checking information may be incorrect. [C:\Users\C27Soren.Herzog\ece383\Herzog_ece383_wksp\lab2\Lab _2.srcs\sources_1\imports\Lab2_OLED\oled_init.vhd:]
WARNING: [filemgmt 56-199] Attempt to get parsing info during refresh. "On-the-fly" syntax checking information may be incorrect. [C:\Users\C27Soren.Herzog\ece383\Herzog_ece383_wksp\lab2\Lab _2.srcs\sources_1\imports\Lab2_OLED\spi_ctrl.vhd:]
WARNING: [filemgmt 56-199] Attempt to get parsing info during refresh. "On-the-fly" syntax checking information may be incorrect. [C:\Users\C27Soren.Herzog\ece383\Herzog_ece383_wksp\lab2\Lab _2.srcs\sources_1\imports\imports\new\counter.vhd:]
WARNING: [filemgmt 56-199] Attempt to get parsing info during refresh. "On-the-fly" syntax checking information may be incorrect. [C:\Users\C27Soren.Herzog\ece383\Herzog_ece383_wksp\lab2\Lab _2.srcs\sources_1\imports\Lab2_OLED\oled_ex.vhd:]
WARNING: [filemgmt 56-199] Attempt to get parsing info during refresh. "On-the-fly" syntax checking information may be incorrect. [C:\Users\C27Soren.Herzog\ece383\Herzog_ece383_wksp\lab2\Lab _2.srcs\sources_1\imports\C27Soren.Herzog\OneDrive - afacademy.af.edu\Documents\Schoolwork Sem6 2026 Spring\M1 - ECE 383 CSYS\Lab\Lab 2\lab2_code_for_cadets_2026\lab2.vhd:]
WARNING: [filemgmt 56-199] Attempt to get parsing info during refresh. "On-the-fly" syntax checking information may be incorrect. [C:\Users\C27Soren.Herzog\ece383\Herzog_ece383_wksp\lab2\Lab _2.srcs\sources_1\imports\Lab2_OLED\Lab2_OLED.vhd:]
WARNING: [filemgmt 56-199] Attempt to get parsing info during refresh. "On-the-fly" syntax checking information may be incorrect. [C:\Users\C27Soren.Herzog\ece383\Herzog_ece383_wksp\lab2\Lab _2.srcs\sources_1\imports\C27Soren.Herzog\OneDrive - afacademy.af.edu\Documents\Schoolwork Sem6 2026 Spring\M1 - ECE 383 CSYS\Lab\Lab 2\lab2_code_for_cadets_2026\lab2_datapath.vhdl:]
WARNING: [filemgmt 56-199] Attempt to get parsing info during refresh. "On-the-fly" syntax checking information may be incorrect. [C:\Users\C27Soren.Herzog\ece383\Herzog_ece383_wksp\lab2\Lab _2.srcs\sources_1\imports\Lab2_OLED\spi_ctrl.vhd:]
WARNING: [filemgmt 56-199] Attempt to get parsing info during refresh. "On-the-fly" syntax checking information may be incorrect. [C:\Users\C27Soren.Herzog\ece383\Herzog_ece383_wksp\lab2\Lab _2.srcs\sources_1\imports\Lab2_OLED\spi_ctrl.vhd:]
WARNING: [filemgmt 56-199] Attempt to get parsing info during refresh. "On-the-fly" syntax checking information may be incorrect. [C:\Users\C27Soren.Herzog\ece383\Herzog_ece383_wksp\lab2\Lab _2.srcs\sources_1\imports\C27Soren.Herzog\OneDrive - afacademy.af.edu\Documents\Schoolwork Sem6 2026 Spring\M1 - ECE 383 CSYS\Lab\Lab 2\lab2_code_for_cadets_2026\ece383_pkg.vhd:]
WARNING: [filemgmt 56-199] Attempt to get parsing info during refresh. "On-the-fly" syntax checking information may be incorrect. [C:\Users\C27Soren.Herzog\ece383\Herzog_ece383_wksp\lab2\Lab _2.srcs\sources_1\imports\Lab2_OLED\oled_init.vhd:]
WARNING: [filemgmt 56-199] Attempt to get parsing info during refresh. "On-the-fly" syntax checking information may be incorrect. [C:\Users\C27Soren.Herzog\ece383\Herzog_ece383_wksp\lab2\Lab _2.srcs\sources_1\imports\Lab2_OLED\spi_ctrl.vhd:]
WARNING: [filemgmt 56-199] Attempt to get parsing info during refresh. "On-the-fly" syntax checking information may be incorrect. [C:\Users\C27Soren.Herzog\ece383\Herzog_ece383_wksp\lab2\Lab _2.srcs\sources_1\imports\imports\new\counter.vhd:]
WARNING: [filemgmt 56-199] Attempt to get parsing info during refresh. "On-the-fly" syntax checking information may be incorrect. [C:\Users\C27Soren.Herzog\ece383\Herzog_ece383_wksp\lab2\Lab _2.srcs\sources_1\imports\Lab2_OLED\oled_ex.vhd:]
WARNING: [filemgmt 56-199] Attempt to get parsing info during refresh. "On-the-fly" syntax checking information may be incorrect. [C:\Users\C27Soren.Herzog\ece383\Herzog_ece383_wksp\lab2\Lab _2.srcs\sources_1\imports\C27Soren.Herzog\OneDrive - afacademy.af.edu\Documents\Schoolwork Sem6 2026 Spring\M1 - ECE 383 CSYS\Lab\Lab 2\lab2_code_for_cadets_2026\lab2.vhd:]
WARNING: [filemgmt 56-199] Attempt to get parsing info during refresh. "On-the-fly" syntax checking information may be incorrect. [C:\Users\C27Soren.Herzog\ece383\Herzog_ece383_wksp\lab2\Lab _2.srcs\sources_1\imports\Lab2_OLED\Lab2_OLED.vhd:]
WARNING: [filemgmt 56-199] Attempt to get parsing info during refresh. "On-the-fly" syntax checking information may be incorrect. [C:\Users\C27Soren.Herzog\ece383\Herzog_ece383_wksp\lab2\Lab _2.srcs\sources_1\imports\C27Soren.Herzog\OneDrive - afacademy.af.edu\Documents\Schoolwork Sem6 2026 Spring\M1 - ECE 383 CSYS\Lab\Lab 2\lab2_code_for_cadets_2026\lab2_datapath.vhdl:]
WARNING: [filemgmt 56-199] Attempt to get parsing info during refresh. "On-the-fly" syntax checking information may be incorrect. [C:\Users\C27Soren.Herzog\ece383\Herzog_ece383_wksp\lab2\Lab _2.srcs\sources_1\imports\Lab2_OLED\oled_ex.vhd:]
WARNING: [filemgmt 56-199] Attempt to get parsing info during refresh. "On-the-fly" syntax checking information may be incorrect. [C:\Users\C27Soren.Herzog\ece383\Herzog_ece383_wksp\lab2\Lab _2.srcs\sources_1\imports\Lab2_OLED\oled_ex.vhd:]
ERROR: [Common 17-180] Spawn failed: No error
ERROR: [Common 17-180] Spawn failed: No error
ERROR: [Common 17-180] Spawn failed: No error
WARNING: [filemgmt 56-199] Attempt to get parsing info during refresh. "On-the-fly" syntax checking information may be incorrect. [C:\Users\C27Soren.Herzog\ece383\Herzog_ece383_wksp\lab2\Lab _2.srcs\sources_1\imports\C27Soren.Herzog\OneDrive - afacademy.af.edu\Documents\Schoolwork Sem6 2026 Spring\M1 - ECE 383 CSYS\Lab\Lab 2\lab2_code_for_cadets_2026\ece383_pkg.vhd:]
WARNING: [filemgmt 56-199] Attempt to get parsing info during refresh. "On-the-fly" syntax checking information may be incorrect. [C:\Users\C27Soren.Herzog\ece383\Herzog_ece383_wksp\lab2\Lab _2.srcs\sources_1\imports\Lab2_OLED\oled_init.vhd:]
WARNING: [filemgmt 56-199] Attempt to get parsing info during refresh. "On-the-fly" syntax checking information may be incorrect. [C:\Users\C27Soren.Herzog\ece383\Herzog_ece383_wksp\lab2\Lab _2.srcs\sources_1\imports\Lab2_OLED\spi_ctrl.vhd:]
WARNING: [filemgmt 56-199] Attempt to get parsing info during refresh. "On-the-fly" syntax checking information may be incorrect. [C:\Users\C27Soren.Herzog\ece383\Herzog_ece383_wksp\lab2\Lab _2.srcs\sources_1\imports\imports\new\counter.vhd:]
WARNING: [filemgmt 56-199] Attempt to get parsing info during refresh. "On-the-fly" syntax checking information may be incorrect. [C:\Users\C27Soren.Herzog\ece383\Herzog_ece383_wksp\lab2\Lab _2.srcs\sources_1\imports\Lab2_OLED\oled_ex.vhd:]
WARNING: [filemgmt 56-199] Attempt to get parsing info during refresh. "On-the-fly" syntax checking information may be incorrect. [C:\Users\C27Soren.Herzog\ece383\Herzog_ece383_wksp\lab2\Lab _2.srcs\sources_1\imports\C27Soren.Herzog\OneDrive - afacademy.af.edu\Documents\Schoolwork Sem6 2026 Spring\M1 - ECE 383 CSYS\Lab\Lab 2\lab2_code_for_cadets_2026\lab2.vhd:]
WARNING: [filemgmt 56-199] Attempt to get parsing info during refresh. "On-the-fly" syntax checking information may be incorrect. [C:\Users\C27Soren.Herzog\ece383\Herzog_ece383_wksp\lab2\Lab _2.srcs\sources_1\imports\Lab2_OLED\Lab2_OLED.vhd:]
WARNING: [filemgmt 56-199] Attempt to get parsing info during refresh. "On-the-fly" syntax checking information may be incorrect. [C:\Users\C27Soren.Herzog\ece383\Herzog_ece383_wksp\lab2\Lab _2.srcs\sources_1\imports\C27Soren.Herzog\OneDrive - afacademy.af.edu\Documents\Schoolwork Sem6 2026 Spring\M1 - ECE 383 CSYS\Lab\Lab 2\lab2_code_for_cadets_2026\lab2_datapath.vhdl:]
WARNING: [filemgmt 56-199] Attempt to get parsing info during refresh. "On-the-fly" syntax checking information may be incorrect. [C:\Users\C27Soren.Herzog\ece383\Herzog_ece383_wksp\lab2\Lab _2.srcs\sources_1\imports\Lab2_OLED\oled_init.vhd:]
WARNING: [filemgmt 56-199] Attempt to get parsing info during refresh. "On-the-fly" syntax checking information may be incorrect. [C:\Users\C27Soren.Herzog\ece383\Herzog_ece383_wksp\lab2\Lab _2.srcs\sources_1\imports\Lab2_OLED\oled_init.vhd:]
WARNING: [filemgmt 56-199] Attempt to get parsing info during refresh. "On-the-fly" syntax checking information may be incorrect. [C:\Users\C27Soren.Herzog\ece383\Herzog_ece383_wksp\lab2\Lab _2.srcs\sources_1\imports\C27Soren.Herzog\OneDrive - afacademy.af.edu\Documents\Schoolwork Sem6 2026 Spring\M1 - ECE 383 CSYS\Lab\Lab 2\lab2_code_for_cadets_2026\ece383_pkg.vhd:]
WARNING: [filemgmt 56-199] Attempt to get parsing info during refresh. "On-the-fly" syntax checking information may be incorrect. [C:\Users\C27Soren.Herzog\ece383\Herzog_ece383_wksp\lab2\Lab _2.srcs\sources_1\imports\Lab2_OLED\oled_init.vhd:]
WARNING: [filemgmt 56-199] Attempt to get parsing info during refresh. "On-the-fly" syntax checking information may be incorrect. [C:\Users\C27Soren.Herzog\ece383\Herzog_ece383_wksp\lab2\Lab _2.srcs\sources_1\imports\Lab2_OLED\spi_ctrl.vhd:]
WARNING: [filemgmt 56-199] Attempt to get parsing info during refresh. "On-the-fly" syntax checking information may be incorrect. [C:\Users\C27Soren.Herzog\ece383\Herzog_ece383_wksp\lab2\Lab _2.srcs\sources_1\imports\imports\new\counter.vhd:]
WARNING: [filemgmt 56-199] Attempt to get parsing info during refresh. "On-the-fly" syntax checking information may be incorrect. [C:\Users\C27Soren.Herzog\ece383\Herzog_ece383_wksp\lab2\Lab _2.srcs\sources_1\imports\Lab2_OLED\oled_ex.vhd:]
WARNING: [filemgmt 56-199] Attempt to get parsing info during refresh. "On-the-fly" syntax checking information may be incorrect. [C:\Users\C27Soren.Herzog\ece383\Herzog_ece383_wksp\lab2\Lab _2.srcs\sources_1\imports\C27Soren.Herzog\OneDrive - afacademy.af.edu\Documents\Schoolwork Sem6 2026 Spring\M1 - ECE 383 CSYS\Lab\Lab 2\lab2_code_for_cadets_2026\lab2.vhd:]
WARNING: [filemgmt 56-199] Attempt to get parsing info during refresh. "On-the-fly" syntax checking information may be incorrect. [C:\Users\C27Soren.Herzog\ece383\Herzog_ece383_wksp\lab2\Lab _2.srcs\sources_1\imports\Lab2_OLED\Lab2_OLED.vhd:]
WARNING: [filemgmt 56-199] Attempt to get parsing info during refresh. "On-the-fly" syntax checking information may be incorrect. [C:\Users\C27Soren.Herzog\ece383\Herzog_ece383_wksp\lab2\Lab _2.srcs\sources_1\imports\C27Soren.Herzog\OneDrive - afacademy.af.edu\Documents\Schoolwork Sem6 2026 Spring\M1 - ECE 383 CSYS\Lab\Lab 2\lab2_code_for_cadets_2026\lab2_datapath.vhdl:]
WARNING: [filemgmt 56-199] Attempt to get parsing info during refresh. "On-the-fly" syntax checking information may be incorrect. [C:\Users\C27Soren.Herzog\ece383\Herzog_ece383_wksp\lab2\Lab _2.srcs\sources_1\imports\imports\new\counter.vhd:]
WARNING: [filemgmt 56-199] Attempt to get parsing info during refresh. "On-the-fly" syntax checking information may be incorrect. [C:\Users\C27Soren.Herzog\ece383\Herzog_ece383_wksp\lab2\Lab _2.srcs\sources_1\imports\imports\new\counter.vhd:]
WARNING: [filemgmt 56-199] Attempt to get parsing info during refresh. "On-the-fly" syntax checking information may be incorrect. [C:\Users\C27Soren.Herzog\ece383\Herzog_ece383_wksp\lab2\Lab _2.srcs\sources_1\imports\C27Soren.Herzog\OneDrive - afacademy.af.edu\Documents\Schoolwork Sem6 2026 Spring\M1 - ECE 383 CSYS\Lab\Lab 2\lab2_code_for_cadets_2026\ece383_pkg.vhd:]
WARNING: [filemgmt 56-199] Attempt to get parsing info during refresh. "On-the-fly" syntax checking information may be incorrect. [C:\Users\C27Soren.Herzog\ece383\Herzog_ece383_wksp\lab2\Lab _2.srcs\sources_1\imports\Lab2_OLED\oled_init.vhd:]
WARNING: [filemgmt 56-199] Attempt to get parsing info during refresh. "On-the-fly" syntax checking information may be incorrect. [C:\Users\C27Soren.Herzog\ece383\Herzog_ece383_wksp\lab2\Lab _2.srcs\sources_1\imports\Lab2_OLED\spi_ctrl.vhd:]
WARNING: [filemgmt 56-199] Attempt to get parsing info during refresh. "On-the-fly" syntax checking information may be incorrect. [C:\Users\C27Soren.Herzog\ece383\Herzog_ece383_wksp\lab2\Lab _2.srcs\sources_1\imports\imports\new\counter.vhd:]
WARNING: [filemgmt 56-199] Attempt to get parsing info during refresh. "On-the-fly" syntax checking information may be incorrect. [C:\Users\C27Soren.Herzog\ece383\Herzog_ece383_wksp\lab2\Lab _2.srcs\sources_1\imports\Lab2_OLED\oled_ex.vhd:]
WARNING: [filemgmt 56-199] Attempt to get parsing info during refresh. "On-the-fly" syntax checking information may be incorrect. [C:\Users\C27Soren.Herzog\ece383\Herzog_ece383_wksp\lab2\Lab _2.srcs\sources_1\imports\C27Soren.Herzog\OneDrive - afacademy.af.edu\Documents\Schoolwork Sem6 2026 Spring\M1 - ECE 383 CSYS\Lab\Lab 2\lab2_code_for_cadets_2026\lab2.vhd:]
WARNING: [filemgmt 56-199] Attempt to get parsing info during refresh. "On-the-fly" syntax checking information may be incorrect. [C:\Users\C27Soren.Herzog\ece383\Herzog_ece383_wksp\lab2\Lab _2.srcs\sources_1\imports\Lab2_OLED\Lab2_OLED.vhd:]
WARNING: [filemgmt 56-199] Attempt to get parsing info during refresh. "On-the-fly" syntax checking information may be incorrect. [C:\Users\C27Soren.Herzog\ece383\Herzog_ece383_wksp\lab2\Lab _2.srcs\sources_1\imports\C27Soren.Herzog\OneDrive - afacademy.af.edu\Documents\Schoolwork Sem6 2026 Spring\M1 - ECE 383 CSYS\Lab\Lab 2\lab2_code_for_cadets_2026\lab2_datapath.vhdl:]
WARNING: [filemgmt 56-199] Attempt to get parsing info during refresh. "On-the-fly" syntax checking information may be incorrect. [C:\Users\C27Soren.Herzog\ece383\Herzog_ece383_wksp\lab2\Lab _2.srcs\sources_1\imports\C27Soren.Herzog\OneDrive - afacademy.af.edu\Documents\Schoolwork Sem6 2026 Spring\M1 - ECE 383 CSYS\Lab\Lab 2\lab2_code_for_cadets_2026\lab2_datapath.vhdl:]
WARNING: [filemgmt 56-199] Attempt to get parsing info during refresh. "On-the-fly" syntax checking information may be incorrect. [C:\Users\C27Soren.Herzog\ece383\Herzog_ece383_wksp\lab2\Lab _2.srcs\sources_1\imports\C27Soren.Herzog\OneDrive - afacademy.af.edu\Documents\Schoolwork Sem6 2026 Spring\M1 - ECE 383 CSYS\Lab\Lab 2\lab2_code_for_cadets_2026\lab2_datapath.vhdl:]
ERROR: [Common 17-180] Spawn failed: No error
WARNING: [filemgmt 56-199] Attempt to get parsing info during refresh. "On-the-fly" syntax checking information may be incorrect. [C:\Users\C27Soren.Herzog\ece383\Herzog_ece383_wksp\lab2\Lab _2.srcs\sources_1\imports\C27Soren.Herzog\OneDrive - afacademy.af.edu\Documents\Schoolwork Sem6 2026 Spring\M1 - ECE 383 CSYS\Lab\Lab 2\lab2_code_for_cadets_2026\ece383_pkg.vhd:]
WARNING: [filemgmt 56-199] Attempt to get parsing info during refresh. "On-the-fly" syntax checking information may be incorrect. [C:\Users\C27Soren.Herzog\ece383\Herzog_ece383_wksp\lab2\Lab _2.srcs\sources_1\imports\Lab2_OLED\oled_init.vhd:]
WARNING: [filemgmt 56-199] Attempt to get parsing info during refresh. "On-the-fly" syntax checking information may be incorrect. [C:\Users\C27Soren.Herzog\ece383\Herzog_ece383_wksp\lab2\Lab _2.srcs\sources_1\imports\Lab2_OLED\spi_ctrl.vhd:]
WARNING: [filemgmt 56-199] Attempt to get parsing info during refresh. "On-the-fly" syntax checking information may be incorrect. [C:\Users\C27Soren.Herzog\ece383\Herzog_ece383_wksp\lab2\Lab _2.srcs\sources_1\imports\imports\new\counter.vhd:]
WARNING: [filemgmt 56-199] Attempt to get parsing info during refresh. "On-the-fly" syntax checking information may be incorrect. [C:\Users\C27Soren.Herzog\ece383\Herzog_ece383_wksp\lab2\Lab _2.srcs\sources_1\imports\Lab2_OLED\oled_ex.vhd:]
WARNING: [filemgmt 56-199] Attempt to get parsing info during refresh. "On-the-fly" syntax checking information may be incorrect. [C:\Users\C27Soren.Herzog\ece383\Herzog_ece383_wksp\lab2\Lab _2.srcs\sources_1\imports\C27Soren.Herzog\OneDrive - afacademy.af.edu\Documents\Schoolwork Sem6 2026 Spring\M1 - ECE 383 CSYS\Lab\Lab 2\lab2_code_for_cadets_2026\lab2.vhd:]
WARNING: [filemgmt 56-199] Attempt to get parsing info during refresh. "On-the-fly" syntax checking information may be incorrect. [C:\Users\C27Soren.Herzog\ece383\Herzog_ece383_wksp\lab2\Lab _2.srcs\sources_1\imports\Lab2_OLED\Lab2_OLED.vhd:]
WARNING: [filemgmt 56-199] Attempt to get parsing info during refresh. "On-the-fly" syntax checking information may be incorrect. [C:\Users\C27Soren.Herzog\ece383\Herzog_ece383_wksp\lab2\Lab _2.srcs\sources_1\imports\C27Soren.Herzog\OneDrive - afacademy.af.edu\Documents\Schoolwork Sem6 2026 Spring\M1 - ECE 383 CSYS\Lab\Lab 2\lab2_code_for_cadets_2026\lab2_datapath.vhdl:]
WARNING: [filemgmt 56-199] Attempt to get parsing info during refresh. "On-the-fly" syntax checking information may be incorrect. [C:\Users\C27Soren.Herzog\ece383\Herzog_ece383_wksp\lab2\Lab _2.srcs\sources_1\imports\C27Soren.Herzog\OneDrive - afacademy.af.edu\Documents\Schoolwork Sem6 2026 Spring\M1 - ECE 383 CSYS\Lab\Lab 2\lab2_code_for_cadets_2026\ece383_pkg.vhd:]
WARNING: [filemgmt 56-199] Attempt to get parsing info during refresh. "On-the-fly" syntax checking information may be incorrect. [C:\Users\C27Soren.Herzog\ece383\Herzog_ece383_wksp\lab2\Lab _2.srcs\sources_1\imports\C27Soren.Herzog\OneDrive - afacademy.af.edu\Documents\Schoolwork Sem6 2026 Spring\M1 - ECE 383 CSYS\Lab\Lab 2\lab2_code_for_cadets_2026\ece383_pkg.vhd:]
WARNING: [filemgmt 56-199] Attempt to get parsing info during refresh. "On-the-fly" syntax checking information may be incorrect. [C:\Users\C27Soren.Herzog\ece383\Herzog_ece383_wksp\lab2\Lab _2.srcs\sources_1\imports\C27Soren.Herzog\OneDrive - afacademy.af.edu\Documents\Schoolwork Sem6 2026 Spring\M1 - ECE 383 CSYS\Lab\Lab 2\lab2_code_for_cadets_2026\ece383_pkg.vhd:]
WARNING: [filemgmt 56-199] Attempt to get parsing info during refresh. "On-the-fly" syntax checking information may be incorrect. [C:\Users\C27Soren.Herzog\ece383\Herzog_ece383_wksp\lab2\Lab _2.srcs\sources_1\imports\Lab2_OLED\oled_init.vhd:]
WARNING: [filemgmt 56-199] Attempt to get parsing info during refresh. "On-the-fly" syntax checking information may be incorrect. [C:\Users\C27Soren.Herzog\ece383\Herzog_ece383_wksp\lab2\Lab _2.srcs\sources_1\imports\Lab2_OLED\spi_ctrl.vhd:]
WARNING: [filemgmt 56-199] Attempt to get parsing info during refresh. "On-the-fly" syntax checking information may be incorrect. [C:\Users\C27Soren.Herzog\ece383\Herzog_ece383_wksp\lab2\Lab _2.srcs\sources_1\imports\imports\new\counter.vhd:]
WARNING: [filemgmt 56-199] Attempt to get parsing info during refresh. "On-the-fly" syntax checking information may be incorrect. [C:\Users\C27Soren.Herzog\ece383\Herzog_ece383_wksp\lab2\Lab _2.srcs\sources_1\imports\Lab2_OLED\oled_ex.vhd:]
WARNING: [filemgmt 56-199] Attempt to get parsing info during refresh. "On-the-fly" syntax checking information may be incorrect. [C:\Users\C27Soren.Herzog\ece383\Herzog_ece383_wksp\lab2\Lab _2.srcs\sources_1\imports\C27Soren.Herzog\OneDrive - afacademy.af.edu\Documents\Schoolwork Sem6 2026 Spring\M1 - ECE 383 CSYS\Lab\Lab 2\lab2_code_for_cadets_2026\lab2.vhd:]
WARNING: [filemgmt 56-199] Attempt to get parsing info during refresh. "On-the-fly" syntax checking information may be incorrect. [C:\Users\C27Soren.Herzog\ece383\Herzog_ece383_wksp\lab2\Lab _2.srcs\sources_1\imports\Lab2_OLED\Lab2_OLED.vhd:]
WARNING: [filemgmt 56-199] Attempt to get parsing info during refresh. "On-the-fly" syntax checking information may be incorrect. [C:\Users\C27Soren.Herzog\ece383\Herzog_ece383_wksp\lab2\Lab _2.srcs\sources_1\imports\C27Soren.Herzog\OneDrive - afacademy.af.edu\Documents\Schoolwork Sem6 2026 Spring\M1 - ECE 383 CSYS\Lab\Lab 2\lab2_code_for_cadets_2026\lab2_datapath.vhdl:]
WARNING: [filemgmt 56-199] Attempt to get parsing info during refresh. "On-the-fly" syntax checking information may be incorrect. [C:\Users\C27Soren.Herzog\ece383\Herzog_ece383_wksp\lab2\Lab _2.srcs\sources_1\imports\C27Soren.Herzog\OneDrive - afacademy.af.edu\Documents\Schoolwork Sem6 2026 Spring\M1 - ECE 383 CSYS\Lab\Lab 2\lab2_code_for_cadets_2026\lab2.vhd:]
WARNING: [filemgmt 56-199] Attempt to get parsing info during refresh. "On-the-fly" syntax checking information may be incorrect. [C:\Users\C27Soren.Herzog\ece383\Herzog_ece383_wksp\lab2\Lab _2.srcs\sources_1\imports\C27Soren.Herzog\OneDrive - afacademy.af.edu\Documents\Schoolwork Sem6 2026 Spring\M1 - ECE 383 CSYS\Lab\Lab 2\lab2_code_for_cadets_2026\lab2.vhd:]
WARNING: [filemgmt 56-199] Attempt to get parsing info during refresh. "On-the-fly" syntax checking information may be incorrect. [C:\Users\C27Soren.Herzog\ece383\Herzog_ece383_wksp\lab2\Lab _2.srcs\sources_1\imports\C27Soren.Herzog\OneDrive - afacademy.af.edu\Documents\Schoolwork Sem6 2026 Spring\M1 - ECE 383 CSYS\Lab\Lab 2\lab2_code_for_cadets_2026\ece383_pkg.vhd:]
WARNING: [filemgmt 56-199] Attempt to get parsing info during refresh. "On-the-fly" syntax checking information may be incorrect. [C:\Users\C27Soren.Herzog\ece383\Herzog_ece383_wksp\lab2\Lab _2.srcs\sources_1\imports\Lab2_OLED\oled_init.vhd:]
WARNING: [filemgmt 56-199] Attempt to get parsing info during refresh. "On-the-fly" syntax checking information may be incorrect. [C:\Users\C27Soren.Herzog\ece383\Herzog_ece383_wksp\lab2\Lab _2.srcs\sources_1\imports\Lab2_OLED\spi_ctrl.vhd:]
WARNING: [filemgmt 56-199] Attempt to get parsing info during refresh. "On-the-fly" syntax checking information may be incorrect. [C:\Users\C27Soren.Herzog\ece383\Herzog_ece383_wksp\lab2\Lab _2.srcs\sources_1\imports\imports\new\counter.vhd:]
WARNING: [filemgmt 56-199] Attempt to get parsing info during refresh. "On-the-fly" syntax checking information may be incorrect. [C:\Users\C27Soren.Herzog\ece383\Herzog_ece383_wksp\lab2\Lab _2.srcs\sources_1\imports\Lab2_OLED\oled_ex.vhd:]
WARNING: [filemgmt 56-199] Attempt to get parsing info during refresh. "On-the-fly" syntax checking information may be incorrect. [C:\Users\C27Soren.Herzog\ece383\Herzog_ece383_wksp\lab2\Lab _2.srcs\sources_1\imports\C27Soren.Herzog\OneDrive - afacademy.af.edu\Documents\Schoolwork Sem6 2026 Spring\M1 - ECE 383 CSYS\Lab\Lab 2\lab2_code_for_cadets_2026\lab2.vhd:]
WARNING: [filemgmt 56-199] Attempt to get parsing info during refresh. "On-the-fly" syntax checking information may be incorrect. [C:\Users\C27Soren.Herzog\ece383\Herzog_ece383_wksp\lab2\Lab _2.srcs\sources_1\imports\Lab2_OLED\Lab2_OLED.vhd:]
WARNING: [filemgmt 56-199] Attempt to get parsing info during refresh. "On-the-fly" syntax checking information may be incorrect. [C:\Users\C27Soren.Herzog\ece383\Herzog_ece383_wksp\lab2\Lab _2.srcs\sources_1\imports\C27Soren.Herzog\OneDrive - afacademy.af.edu\Documents\Schoolwork Sem6 2026 Spring\M1 - ECE 383 CSYS\Lab\Lab 2\lab2_code_for_cadets_2026\lab2_datapath.vhdl:]
WARNING: [filemgmt 56-199] Attempt to get parsing info during refresh. "On-the-fly" syntax checking information may be incorrect. [C:\Users\C27Soren.Herzog\ece383\Herzog_ece383_wksp\lab2\Lab _2.srcs\sources_1\imports\Lab2_OLED\spi_ctrl.vhd:]
WARNING: [filemgmt 56-199] Attempt to get parsing info during refresh. "On-the-fly" syntax checking information may be incorrect. [C:\Users\C27Soren.Herzog\ece383\Herzog_ece383_wksp\lab2\Lab _2.srcs\sources_1\imports\Lab2_OLED\spi_ctrl.vhd:]
WARNING: [filemgmt 56-199] Attempt to get parsing info during refresh. "On-the-fly" syntax checking information may be incorrect. [C:\Users\C27Soren.Herzog\ece383\Herzog_ece383_wksp\lab2\Lab _2.srcs\sources_1\imports\C27Soren.Herzog\OneDrive - afacademy.af.edu\Documents\Schoolwork Sem6 2026 Spring\M1 - ECE 383 CSYS\Lab\Lab 2\lab2_code_for_cadets_2026\ece383_pkg.vhd:]
WARNING: [filemgmt 56-199] Attempt to get parsing info during refresh. "On-the-fly" syntax checking information may be incorrect. [C:\Users\C27Soren.Herzog\ece383\Herzog_ece383_wksp\lab2\Lab _2.srcs\sources_1\imports\Lab2_OLED\oled_init.vhd:]
WARNING: [filemgmt 56-199] Attempt to get parsing info during refresh. "On-the-fly" syntax checking information may be incorrect. [C:\Users\C27Soren.Herzog\ece383\Herzog_ece383_wksp\lab2\Lab _2.srcs\sources_1\imports\Lab2_OLED\spi_ctrl.vhd:]
WARNING: [filemgmt 56-199] Attempt to get parsing info during refresh. "On-the-fly" syntax checking information may be incorrect. [C:\Users\C27Soren.Herzog\ece383\Herzog_ece383_wksp\lab2\Lab _2.srcs\sources_1\imports\imports\new\counter.vhd:]
WARNING: [filemgmt 56-199] Attempt to get parsing info during refresh. "On-the-fly" syntax checking information may be incorrect. [C:\Users\C27Soren.Herzog\ece383\Herzog_ece383_wksp\lab2\Lab _2.srcs\sources_1\imports\Lab2_OLED\oled_ex.vhd:]
WARNING: [filemgmt 56-199] Attempt to get parsing info during refresh. "On-the-fly" syntax checking information may be incorrect. [C:\Users\C27Soren.Herzog\ece383\Herzog_ece383_wksp\lab2\Lab _2.srcs\sources_1\imports\C27Soren.Herzog\OneDrive - afacademy.af.edu\Documents\Schoolwork Sem6 2026 Spring\M1 - ECE 383 CSYS\Lab\Lab 2\lab2_code_for_cadets_2026\lab2.vhd:]
WARNING: [filemgmt 56-199] Attempt to get parsing info during refresh. "On-the-fly" syntax checking information may be incorrect. [C:\Users\C27Soren.Herzog\ece383\Herzog_ece383_wksp\lab2\Lab _2.srcs\sources_1\imports\Lab2_OLED\Lab2_OLED.vhd:]
WARNING: [filemgmt 56-199] Attempt to get parsing info during refresh. "On-the-fly" syntax checking information may be incorrect. [C:\Users\C27Soren.Herzog\ece383\Herzog_ece383_wksp\lab2\Lab _2.srcs\sources_1\imports\C27Soren.Herzog\OneDrive - afacademy.af.edu\Documents\Schoolwork Sem6 2026 Spring\M1 - ECE 383 CSYS\Lab\Lab 2\lab2_code_for_cadets_2026\lab2_datapath.vhdl:]
WARNING: [filemgmt 56-199] Attempt to get parsing info during refresh. "On-the-fly" syntax checking information may be incorrect. [C:\Users\C27Soren.Herzog\ece383\Herzog_ece383_wksp\lab2\Lab _2.srcs\sources_1\imports\Lab2_OLED\Lab2_OLED.vhd:]
WARNING: [filemgmt 56-199] Attempt to get parsing info during refresh. "On-the-fly" syntax checking information may be incorrect. [C:\Users\C27Soren.Herzog\ece383\Herzog_ece383_wksp\lab2\Lab _2.srcs\sources_1\imports\Lab2_OLED\Lab2_OLED.vhd:]
WARNING: [filemgmt 56-199] Attempt to get parsing info during refresh. "On-the-fly" syntax checking information may be incorrect. [C:\Users\C27Soren.Herzog\ece383\Herzog_ece383_wksp\lab2\Lab _2.srcs\sources_1\imports\C27Soren.Herzog\OneDrive - afacademy.af.edu\Documents\Schoolwork Sem6 2026 Spring\M1 - ECE 383 CSYS\Lab\Lab 2\lab2_code_for_cadets_2026\ece383_pkg.vhd:]
WARNING: [filemgmt 56-199] Attempt to get parsing info during refresh. "On-the-fly" syntax checking information may be incorrect. [C:\Users\C27Soren.Herzog\ece383\Herzog_ece383_wksp\lab2\Lab _2.srcs\sources_1\imports\Lab2_OLED\oled_init.vhd:]
WARNING: [filemgmt 56-199] Attempt to get parsing info during refresh. "On-the-fly" syntax checking information may be incorrect. [C:\Users\C27Soren.Herzog\ece383\Herzog_ece383_wksp\lab2\Lab _2.srcs\sources_1\imports\Lab2_OLED\spi_ctrl.vhd:]
WARNING: [filemgmt 56-199] Attempt to get parsing info during refresh. "On-the-fly" syntax checking information may be incorrect. [C:\Users\C27Soren.Herzog\ece383\Herzog_ece383_wksp\lab2\Lab _2.srcs\sources_1\imports\imports\new\counter.vhd:]
WARNING: [filemgmt 56-199] Attempt to get parsing info during refresh. "On-the-fly" syntax checking information may be incorrect. [C:\Users\C27Soren.Herzog\ece383\Herzog_ece383_wksp\lab2\Lab _2.srcs\sources_1\imports\Lab2_OLED\oled_ex.vhd:]
WARNING: [filemgmt 56-199] Attempt to get parsing info during refresh. "On-the-fly" syntax checking information may be incorrect. [C:\Users\C27Soren.Herzog\ece383\Herzog_ece383_wksp\lab2\Lab _2.srcs\sources_1\imports\C27Soren.Herzog\OneDrive - afacademy.af.edu\Documents\Schoolwork Sem6 2026 Spring\M1 - ECE 383 CSYS\Lab\Lab 2\lab2_code_for_cadets_2026\lab2.vhd:]
WARNING: [filemgmt 56-199] Attempt to get parsing info during refresh. "On-the-fly" syntax checking information may be incorrect. [C:\Users\C27Soren.Herzog\ece383\Herzog_ece383_wksp\lab2\Lab _2.srcs\sources_1\imports\Lab2_OLED\Lab2_OLED.vhd:]
WARNING: [filemgmt 56-199] Attempt to get parsing info during refresh. "On-the-fly" syntax checking information may be incorrect. [C:\Users\C27Soren.Herzog\ece383\Herzog_ece383_wksp\lab2\Lab _2.srcs\sources_1\imports\C27Soren.Herzog\OneDrive - afacademy.af.edu\Documents\Schoolwork Sem6 2026 Spring\M1 - ECE 383 CSYS\Lab\Lab 2\lab2_code_for_cadets_2026\lab2_datapath.vhdl:]
WARNING: [filemgmt 56-199] Attempt to get parsing info during refresh. "On-the-fly" syntax checking information may be incorrect. [C:\Users\C27Soren.Herzog\ece383\Herzog_ece383_wksp\lab2\Lab _2.srcs\sources_1\imports\Lab2_OLED\oled_init.vhd:]
WARNING: [filemgmt 56-199] Attempt to get parsing info during refresh. "On-the-fly" syntax checking information may be incorrect. [C:\Users\C27Soren.Herzog\ece383\Herzog_ece383_wksp\lab2\Lab _2.srcs\sources_1\imports\Lab2_OLED\oled_init.vhd:]
WARNING: [filemgmt 56-199] Attempt to get parsing info during refresh. "On-the-fly" syntax checking information may be incorrect. [C:\Users\C27Soren.Herzog\ece383\Herzog_ece383_wksp\lab2\Lab _2.srcs\sources_1\imports\C27Soren.Herzog\OneDrive - afacademy.af.edu\Documents\Schoolwork Sem6 2026 Spring\M1 - ECE 383 CSYS\Lab\Lab 2\lab2_code_for_cadets_2026\ece383_pkg.vhd:]
WARNING: [filemgmt 56-199] Attempt to get parsing info during refresh. "On-the-fly" syntax checking information may be incorrect. [C:\Users\C27Soren.Herzog\ece383\Herzog_ece383_wksp\lab2\Lab _2.srcs\sources_1\imports\Lab2_OLED\oled_init.vhd:]
WARNING: [filemgmt 56-199] Attempt to get parsing info during refresh. "On-the-fly" syntax checking information may be incorrect. [C:\Users\C27Soren.Herzog\ece383\Herzog_ece383_wksp\lab2\Lab _2.srcs\sources_1\imports\Lab2_OLED\spi_ctrl.vhd:]
WARNING: [filemgmt 56-199] Attempt to get parsing info during refresh. "On-the-fly" syntax checking information may be incorrect. [C:\Users\C27Soren.Herzog\ece383\Herzog_ece383_wksp\lab2\Lab _2.srcs\sources_1\imports\imports\new\counter.vhd:]
WARNING: [filemgmt 56-199] Attempt to get parsing info during refresh. "On-the-fly" syntax checking information may be incorrect. [C:\Users\C27Soren.Herzog\ece383\Herzog_ece383_wksp\lab2\Lab _2.srcs\sources_1\imports\Lab2_OLED\oled_ex.vhd:]
WARNING: [filemgmt 56-199] Attempt to get parsing info during refresh. "On-the-fly" syntax checking information may be incorrect. [C:\Users\C27Soren.Herzog\ece383\Herzog_ece383_wksp\lab2\Lab _2.srcs\sources_1\imports\C27Soren.Herzog\OneDrive - afacademy.af.edu\Documents\Schoolwork Sem6 2026 Spring\M1 - ECE 383 CSYS\Lab\Lab 2\lab2_code_for_cadets_2026\lab2.vhd:]
WARNING: [filemgmt 56-199] Attempt to get parsing info during refresh. "On-the-fly" syntax checking information may be incorrect. [C:\Users\C27Soren.Herzog\ece383\Herzog_ece383_wksp\lab2\Lab _2.srcs\sources_1\imports\Lab2_OLED\Lab2_OLED.vhd:]
WARNING: [filemgmt 56-199] Attempt to get parsing info during refresh. "On-the-fly" syntax checking information may be incorrect. [C:\Users\C27Soren.Herzog\ece383\Herzog_ece383_wksp\lab2\Lab _2.srcs\sources_1\imports\C27Soren.Herzog\OneDrive - afacademy.af.edu\Documents\Schoolwork Sem6 2026 Spring\M1 - ECE 383 CSYS\Lab\Lab 2\lab2_code_for_cadets_2026\lab2_datapath.vhdl:]
WARNING: [filemgmt 56-199] Attempt to get parsing info during refresh. "On-the-fly" syntax checking information may be incorrect. [C:\Users\C27Soren.Herzog\ece383\Herzog_ece383_wksp\lab2\Lab _2.srcs\sources_1\imports\C27Soren.Herzog\OneDrive - afacademy.af.edu\Documents\Schoolwork Sem6 2026 Spring\M1 - ECE 383 CSYS\Lab\Lab 2\lab2_code_for_cadets_2026\ece383_pkg.vhd:]
WARNING: [filemgmt 56-199] Attempt to get parsing info during refresh. "On-the-fly" syntax checking information may be incorrect. [C:\Users\C27Soren.Herzog\ece383\Herzog_ece383_wksp\lab2\Lab _2.srcs\sources_1\imports\C27Soren.Herzog\OneDrive - afacademy.af.edu\Documents\Schoolwork Sem6 2026 Spring\M1 - ECE 383 CSYS\Lab\Lab 2\lab2_code_for_cadets_2026\ece383_pkg.vhd:]
WARNING: [filemgmt 56-199] Attempt to get parsing info during refresh. "On-the-fly" syntax checking information may be incorrect. [C:\Users\C27Soren.Herzog\ece383\Herzog_ece383_wksp\lab2\Lab _2.srcs\sources_1\imports\C27Soren.Herzog\OneDrive - afacademy.af.edu\Documents\Schoolwork Sem6 2026 Spring\M1 - ECE 383 CSYS\Lab\Lab 2\lab2_code_for_cadets_2026\ece383_pkg.vhd:]
WARNING: [filemgmt 56-199] Attempt to get parsing info during refresh. "On-the-fly" syntax checking information may be incorrect. [C:\Users\C27Soren.Herzog\ece383\Herzog_ece383_wksp\lab2\Lab _2.srcs\sources_1\imports\Lab2_OLED\oled_init.vhd:]
WARNING: [filemgmt 56-199] Attempt to get parsing info during refresh. "On-the-fly" syntax checking information may be incorrect. [C:\Users\C27Soren.Herzog\ece383\Herzog_ece383_wksp\lab2\Lab _2.srcs\sources_1\imports\Lab2_OLED\spi_ctrl.vhd:]
WARNING: [filemgmt 56-199] Attempt to get parsing info during refresh. "On-the-fly" syntax checking information may be incorrect. [C:\Users\C27Soren.Herzog\ece383\Herzog_ece383_wksp\lab2\Lab _2.srcs\sources_1\imports\imports\new\counter.vhd:]
WARNING: [filemgmt 56-199] Attempt to get parsing info during refresh. "On-the-fly" syntax checking information may be incorrect. [C:\Users\C27Soren.Herzog\ece383\Herzog_ece383_wksp\lab2\Lab _2.srcs\sources_1\imports\Lab2_OLED\oled_ex.vhd:]
WARNING: [filemgmt 56-199] Attempt to get parsing info during refresh. "On-the-fly" syntax checking information may be incorrect. [C:\Users\C27Soren.Herzog\ece383\Herzog_ece383_wksp\lab2\Lab _2.srcs\sources_1\imports\C27Soren.Herzog\OneDrive - afacademy.af.edu\Documents\Schoolwork Sem6 2026 Spring\M1 - ECE 383 CSYS\Lab\Lab 2\lab2_code_for_cadets_2026\lab2.vhd:]
WARNING: [filemgmt 56-199] Attempt to get parsing info during refresh. "On-the-fly" syntax checking information may be incorrect. [C:\Users\C27Soren.Herzog\ece383\Herzog_ece383_wksp\lab2\Lab _2.srcs\sources_1\imports\Lab2_OLED\Lab2_OLED.vhd:]
WARNING: [filemgmt 56-199] Attempt to get parsing info during refresh. "On-the-fly" syntax checking information may be incorrect. [C:\Users\C27Soren.Herzog\ece383\Herzog_ece383_wksp\lab2\Lab _2.srcs\sources_1\imports\C27Soren.Herzog\OneDrive - afacademy.af.edu\Documents\Schoolwork Sem6 2026 Spring\M1 - ECE 383 CSYS\Lab\Lab 2\lab2_code_for_cadets_2026\lab2_datapath.vhdl:]
WARNING: [filemgmt 56-199] Attempt to get parsing info during refresh. "On-the-fly" syntax checking information may be incorrect. [C:\Users\C27Soren.Herzog\ece383\Herzog_ece383_wksp\lab2\Lab _2.srcs\sources_1\imports\C27Soren.Herzog\OneDrive - afacademy.af.edu\Documents\Schoolwork Sem6 2026 Spring\M1 - ECE 383 CSYS\Lab\Lab 2\lab2_code_for_cadets_2026\lab2.vhd:]
WARNING: [filemgmt 56-199] Attempt to get parsing info during refresh. "On-the-fly" syntax checking information may be incorrect. [C:\Users\C27Soren.Herzog\ece383\Herzog_ece383_wksp\lab2\Lab _2.srcs\sources_1\imports\C27Soren.Herzog\OneDrive - afacademy.af.edu\Documents\Schoolwork Sem6 2026 Spring\M1 - ECE 383 CSYS\Lab\Lab 2\lab2_code_for_cadets_2026\lab2.vhd:]
WARNING: [filemgmt 56-199] Attempt to get parsing info during refresh. "On-the-fly" syntax checking information may be incorrect. [C:\Users\C27Soren.Herzog\ece383\Herzog_ece383_wksp\lab2\Lab _2.srcs\sources_1\imports\C27Soren.Herzog\OneDrive - afacademy.af.edu\Documents\Schoolwork Sem6 2026 Spring\M1 - ECE 383 CSYS\Lab\Lab 2\lab2_code_for_cadets_2026\ece383_pkg.vhd:]
WARNING: [filemgmt 56-199] Attempt to get parsing info during refresh. "On-the-fly" syntax checking information may be incorrect. [C:\Users\C27Soren.Herzog\ece383\Herzog_ece383_wksp\lab2\Lab _2.srcs\sources_1\imports\Lab2_OLED\oled_init.vhd:]
WARNING: [filemgmt 56-199] Attempt to get parsing info during refresh. "On-the-fly" syntax checking information may be incorrect. [C:\Users\C27Soren.Herzog\ece383\Herzog_ece383_wksp\lab2\Lab _2.srcs\sources_1\imports\Lab2_OLED\spi_ctrl.vhd:]
WARNING: [filemgmt 56-199] Attempt to get parsing info during refresh. "On-the-fly" syntax checking information may be incorrect. [C:\Users\C27Soren.Herzog\ece383\Herzog_ece383_wksp\lab2\Lab _2.srcs\sources_1\imports\imports\new\counter.vhd:]
WARNING: [filemgmt 56-199] Attempt to get parsing info during refresh. "On-the-fly" syntax checking information may be incorrect. [C:\Users\C27Soren.Herzog\ece383\Herzog_ece383_wksp\lab2\Lab _2.srcs\sources_1\imports\Lab2_OLED\oled_ex.vhd:]
WARNING: [filemgmt 56-199] Attempt to get parsing info during refresh. "On-the-fly" syntax checking information may be incorrect. [C:\Users\C27Soren.Herzog\ece383\Herzog_ece383_wksp\lab2\Lab _2.srcs\sources_1\imports\C27Soren.Herzog\OneDrive - afacademy.af.edu\Documents\Schoolwork Sem6 2026 Spring\M1 - ECE 383 CSYS\Lab\Lab 2\lab2_code_for_cadets_2026\lab2.vhd:]
WARNING: [filemgmt 56-199] Attempt to get parsing info during refresh. "On-the-fly" syntax checking information may be incorrect. [C:\Users\C27Soren.Herzog\ece383\Herzog_ece383_wksp\lab2\Lab _2.srcs\sources_1\imports\Lab2_OLED\Lab2_OLED.vhd:]
WARNING: [filemgmt 56-199] Attempt to get parsing info during refresh. "On-the-fly" syntax checking information may be incorrect. [C:\Users\C27Soren.Herzog\ece383\Herzog_ece383_wksp\lab2\Lab _2.srcs\sources_1\imports\C27Soren.Herzog\OneDrive - afacademy.af.edu\Documents\Schoolwork Sem6 2026 Spring\M1 - ECE 383 CSYS\Lab\Lab 2\lab2_code_for_cadets_2026\lab2_datapath.vhdl:]
WARNING: [filemgmt 56-199] Attempt to get parsing info during refresh. "On-the-fly" syntax checking information may be incorrect. [C:\Users\C27Soren.Herzog\ece383\Herzog_ece383_wksp\lab2\Lab _2.srcs\sources_1\imports\Lab2_OLED\spi_ctrl.vhd:]
WARNING: [filemgmt 56-199] Attempt to get parsing info during refresh. "On-the-fly" syntax checking information may be incorrect. [C:\Users\C27Soren.Herzog\ece383\Herzog_ece383_wksp\lab2\Lab _2.srcs\sources_1\imports\Lab2_OLED\spi_ctrl.vhd:]
WARNING: [filemgmt 56-199] Attempt to get parsing info during refresh. "On-the-fly" syntax checking information may be incorrect. [C:\Users\C27Soren.Herzog\ece383\Herzog_ece383_wksp\lab2\Lab _2.srcs\sources_1\imports\C27Soren.Herzog\OneDrive - afacademy.af.edu\Documents\Schoolwork Sem6 2026 Spring\M1 - ECE 383 CSYS\Lab\Lab 2\lab2_code_for_cadets_2026\ece383_pkg.vhd:]
WARNING: [filemgmt 56-199] Attempt to get parsing info during refresh. "On-the-fly" syntax checking information may be incorrect. [C:\Users\C27Soren.Herzog\ece383\Herzog_ece383_wksp\lab2\Lab _2.srcs\sources_1\imports\Lab2_OLED\oled_init.vhd:]
WARNING: [filemgmt 56-199] Attempt to get parsing info during refresh. "On-the-fly" syntax checking information may be incorrect. [C:\Users\C27Soren.Herzog\ece383\Herzog_ece383_wksp\lab2\Lab _2.srcs\sources_1\imports\Lab2_OLED\spi_ctrl.vhd:]
WARNING: [filemgmt 56-199] Attempt to get parsing info during refresh. "On-the-fly" syntax checking information may be incorrect. [C:\Users\C27Soren.Herzog\ece383\Herzog_ece383_wksp\lab2\Lab _2.srcs\sources_1\imports\imports\new\counter.vhd:]
WARNING: [filemgmt 56-199] Attempt to get parsing info during refresh. "On-the-fly" syntax checking information may be incorrect. [C:\Users\C27Soren.Herzog\ece383\Herzog_ece383_wksp\lab2\Lab _2.srcs\sources_1\imports\Lab2_OLED\oled_ex.vhd:]
WARNING: [filemgmt 56-199] Attempt to get parsing info during refresh. "On-the-fly" syntax checking information may be incorrect. [C:\Users\C27Soren.Herzog\ece383\Herzog_ece383_wksp\lab2\Lab _2.srcs\sources_1\imports\C27Soren.Herzog\OneDrive - afacademy.af.edu\Documents\Schoolwork Sem6 2026 Spring\M1 - ECE 383 CSYS\Lab\Lab 2\lab2_code_for_cadets_2026\lab2.vhd:]
WARNING: [filemgmt 56-199] Attempt to get parsing info during refresh. "On-the-fly" syntax checking information may be incorrect. [C:\Users\C27Soren.Herzog\ece383\Herzog_ece383_wksp\lab2\Lab _2.srcs\sources_1\imports\Lab2_OLED\Lab2_OLED.vhd:]
WARNING: [filemgmt 56-199] Attempt to get parsing info during refresh. "On-the-fly" syntax checking information may be incorrect. [C:\Users\C27Soren.Herzog\ece383\Herzog_ece383_wksp\lab2\Lab _2.srcs\sources_1\imports\C27Soren.Herzog\OneDrive - afacademy.af.edu\Documents\Schoolwork Sem6 2026 Spring\M1 - ECE 383 CSYS\Lab\Lab 2\lab2_code_for_cadets_2026\lab2_datapath.vhdl:]
WARNING: [filemgmt 56-199] Attempt to get parsing info during refresh. "On-the-fly" syntax checking information may be incorrect. [C:\Users\C27Soren.Herzog\ece383\Herzog_ece383_wksp\lab2\Lab _2.srcs\sources_1\imports\Lab2_OLED\oled_ex.vhd:]
WARNING: [filemgmt 56-199] Attempt to get parsing info during refresh. "On-the-fly" syntax checking information may be incorrect. [C:\Users\C27Soren.Herzog\ece383\Herzog_ece383_wksp\lab2\Lab _2.srcs\sources_1\imports\Lab2_OLED\oled_ex.vhd:]
WARNING: [filemgmt 56-199] Attempt to get parsing info during refresh. "On-the-fly" syntax checking information may be incorrect. [C:\Users\C27Soren.Herzog\ece383\Herzog_ece383_wksp\lab2\Lab _2.srcs\sources_1\imports\C27Soren.Herzog\OneDrive - afacademy.af.edu\Documents\Schoolwork Sem6 2026 Spring\M1 - ECE 383 CSYS\Lab\Lab 2\lab2_code_for_cadets_2026\ece383_pkg.vhd:]
WARNING: [filemgmt 56-199] Attempt to get parsing info during refresh. "On-the-fly" syntax checking information may be incorrect. [C:\Users\C27Soren.Herzog\ece383\Herzog_ece383_wksp\lab2\Lab _2.srcs\sources_1\imports\Lab2_OLED\oled_init.vhd:]
WARNING: [filemgmt 56-199] Attempt to get parsing info during refresh. "On-the-fly" syntax checking information may be incorrect. [C:\Users\C27Soren.Herzog\ece383\Herzog_ece383_wksp\lab2\Lab _2.srcs\sources_1\imports\Lab2_OLED\spi_ctrl.vhd:]
WARNING: [filemgmt 56-199] Attempt to get parsing info during refresh. "On-the-fly" syntax checking information may be incorrect. [C:\Users\C27Soren.Herzog\ece383\Herzog_ece383_wksp\lab2\Lab _2.srcs\sources_1\imports\imports\new\counter.vhd:]
WARNING: [filemgmt 56-199] Attempt to get parsing info during refresh. "On-the-fly" syntax checking information may be incorrect. [C:\Users\C27Soren.Herzog\ece383\Herzog_ece383_wksp\lab2\Lab _2.srcs\sources_1\imports\Lab2_OLED\oled_ex.vhd:]
WARNING: [filemgmt 56-199] Attempt to get parsing info during refresh. "On-the-fly" syntax checking information may be incorrect. [C:\Users\C27Soren.Herzog\ece383\Herzog_ece383_wksp\lab2\Lab _2.srcs\sources_1\imports\C27Soren.Herzog\OneDrive - afacademy.af.edu\Documents\Schoolwork Sem6 2026 Spring\M1 - ECE 383 CSYS\Lab\Lab 2\lab2_code_for_cadets_2026\lab2.vhd:]
WARNING: [filemgmt 56-199] Attempt to get parsing info during refresh. "On-the-fly" syntax checking information may be incorrect. [C:\Users\C27Soren.Herzog\ece383\Herzog_ece383_wksp\lab2\Lab _2.srcs\sources_1\imports\Lab2_OLED\Lab2_OLED.vhd:]
WARNING: [filemgmt 56-199] Attempt to get parsing info during refresh. "On-the-fly" syntax checking information may be incorrect. [C:\Users\C27Soren.Herzog\ece383\Herzog_ece383_wksp\lab2\Lab _2.srcs\sources_1\imports\C27Soren.Herzog\OneDrive - afacademy.af.edu\Documents\Schoolwork Sem6 2026 Spring\M1 - ECE 383 CSYS\Lab\Lab 2\lab2_code_for_cadets_2026\lab2_datapath.vhdl:]
WARNING: [filemgmt 56-199] Attempt to get parsing info during refresh. "On-the-fly" syntax checking information may be incorrect. [C:\Users\C27Soren.Herzog\ece383\Herzog_ece383_wksp\lab2\Lab _2.srcs\sources_1\imports\C27Soren.Herzog\OneDrive - afacademy.af.edu\Documents\Schoolwork Sem6 2026 Spring\M1 - ECE 383 CSYS\Lab\Lab 2\lab2_code_for_cadets_2026\ece383_pkg.vhd:]
WARNING: [filemgmt 56-199] Attempt to get parsing info during refresh. "On-the-fly" syntax checking information may be incorrect. [C:\Users\C27Soren.Herzog\ece383\Herzog_ece383_wksp\lab2\Lab _2.srcs\sources_1\imports\C27Soren.Herzog\OneDrive - afacademy.af.edu\Documents\Schoolwork Sem6 2026 Spring\M1 - ECE 383 CSYS\Lab\Lab 2\lab2_code_for_cadets_2026\ece383_pkg.vhd:]
INFO: [Common 17-14] Message 'filemgmt 56-199' appears 100 times and further instances of the messages will be disabled. Use the Tcl command set_msg_config to change the current settings.
ERROR: [Common 17-180] Spawn failed: No error
ERROR: [Common 17-180] Spawn failed: No error
ERROR: [Common 17-180] Spawn failed: No error
ERROR: [Common 17-180] Spawn failed: No error
ERROR: [Common 17-180] Spawn failed: No error
ERROR: [Common 17-180] Spawn failed: No error
ERROR: [Common 17-180] Spawn failed: No error
ERROR: [Common 17-180] Spawn failed: No error
ERROR: [Common 17-180] Spawn failed: No error
ERROR: [Common 17-180] Spawn failed: No error
ERROR: [Common 17-180] Spawn failed: No error
ERROR: [Common 17-180] Spawn failed: No error
WARNING: [filemgmt 56-199] Attempt to get parsing info during refresh. "On-the-fly" syntax checking information may be incorrect. [C:\Users\C27Soren.Herzog\ece383\Herzog_ece383_wksp\lab2\Lab _2.srcs\sources_1\imports\C27Soren.Herzog\OneDrive - afacademy.af.edu\Documents\Schoolwork Sem6 2026 Spring\M1 - ECE 383 CSYS\Lab\Lab 2\lab2_code_for_cadets_2026\ece383_pkg.vhd:]
WARNING: [filemgmt 56-199] Attempt to get parsing info during refresh. "On-the-fly" syntax checking information may be incorrect. [C:\Users\C27Soren.Herzog\ece383\Herzog_ece383_wksp\lab2\Lab _2.srcs\sources_1\imports\Lab2_OLED\oled_init.vhd:]
WARNING: [filemgmt 56-199] Attempt to get parsing info during refresh. "On-the-fly" syntax checking information may be incorrect. [C:\Users\C27Soren.Herzog\ece383\Herzog_ece383_wksp\lab2\Lab _2.srcs\sources_1\imports\Lab2_OLED\spi_ctrl.vhd:]
WARNING: [filemgmt 56-199] Attempt to get parsing info during refresh. "On-the-fly" syntax checking information may be incorrect. [C:\Users\C27Soren.Herzog\ece383\Herzog_ece383_wksp\lab2\Lab _2.srcs\sources_1\imports\imports\new\counter.vhd:]
WARNING: [filemgmt 56-199] Attempt to get parsing info during refresh. "On-the-fly" syntax checking information may be incorrect. [C:\Users\C27Soren.Herzog\ece383\Herzog_ece383_wksp\lab2\Lab _2.srcs\sources_1\imports\Lab2_OLED\oled_ex.vhd:]
WARNING: [filemgmt 56-199] Attempt to get parsing info during refresh. "On-the-fly" syntax checking information may be incorrect. [C:\Users\C27Soren.Herzog\ece383\Herzog_ece383_wksp\lab2\Lab _2.srcs\sources_1\imports\C27Soren.Herzog\OneDrive - afacademy.af.edu\Documents\Schoolwork Sem6 2026 Spring\M1 - ECE 383 CSYS\Lab\Lab 2\lab2_code_for_cadets_2026\lab2.vhd:]
WARNING: [filemgmt 56-199] Attempt to get parsing info during refresh. "On-the-fly" syntax checking information may be incorrect. [C:\Users\C27Soren.Herzog\ece383\Herzog_ece383_wksp\lab2\Lab _2.srcs\sources_1\imports\Lab2_OLED\Lab2_OLED.vhd:]
WARNING: [filemgmt 56-199] Attempt to get parsing info during refresh. "On-the-fly" syntax checking information may be incorrect. [C:\Users\C27Soren.Herzog\ece383\Herzog_ece383_wksp\lab2\Lab _2.srcs\sources_1\imports\C27Soren.Herzog\OneDrive - afacademy.af.edu\Documents\Schoolwork Sem6 2026 Spring\M1 - ECE 383 CSYS\Lab\Lab 2\lab2_code_for_cadets_2026\lab2_datapath.vhdl:]
WARNING: [filemgmt 56-199] Attempt to get parsing info during refresh. "On-the-fly" syntax checking information may be incorrect. [C:\Users\C27Soren.Herzog\ece383\Herzog_ece383_wksp\lab2\Lab _2.srcs\sources_1\imports\C27Soren.Herzog\OneDrive - afacademy.af.edu\Documents\Schoolwork Sem6 2026 Spring\M1 - ECE 383 CSYS\Lab\Lab 2\lab2_code_for_cadets_2026\ece383_pkg.vhd:]
WARNING: [filemgmt 56-199] Attempt to get parsing info during refresh. "On-the-fly" syntax checking information may be incorrect. [C:\Users\C27Soren.Herzog\ece383\Herzog_ece383_wksp\lab2\Lab _2.srcs\sources_1\imports\C27Soren.Herzog\OneDrive - afacademy.af.edu\Documents\Schoolwork Sem6 2026 Spring\M1 - ECE 383 CSYS\Lab\Lab 2\lab2_code_for_cadets_2026\ece383_pkg.vhd:]
WARNING: [filemgmt 56-199] Attempt to get parsing info during refresh. "On-the-fly" syntax checking information may be incorrect. [C:\Users\C27Soren.Herzog\ece383\Herzog_ece383_wksp\lab2\Lab _2.srcs\sources_1\imports\C27Soren.Herzog\OneDrive - afacademy.af.edu\Documents\Schoolwork Sem6 2026 Spring\M1 - ECE 383 CSYS\Lab\Lab 2\lab2_code_for_cadets_2026\ece383_pkg.vhd:]
WARNING: [filemgmt 56-199] Attempt to get parsing info during refresh. "On-the-fly" syntax checking information may be incorrect. [C:\Users\C27Soren.Herzog\ece383\Herzog_ece383_wksp\lab2\Lab _2.srcs\sources_1\imports\Lab2_OLED\oled_init.vhd:]
WARNING: [filemgmt 56-199] Attempt to get parsing info during refresh. "On-the-fly" syntax checking information may be incorrect. [C:\Users\C27Soren.Herzog\ece383\Herzog_ece383_wksp\lab2\Lab _2.srcs\sources_1\imports\Lab2_OLED\spi_ctrl.vhd:]
WARNING: [filemgmt 56-199] Attempt to get parsing info during refresh. "On-the-fly" syntax checking information may be incorrect. [C:\Users\C27Soren.Herzog\ece383\Herzog_ece383_wksp\lab2\Lab _2.srcs\sources_1\imports\imports\new\counter.vhd:]
WARNING: [filemgmt 56-199] Attempt to get parsing info during refresh. "On-the-fly" syntax checking information may be incorrect. [C:\Users\C27Soren.Herzog\ece383\Herzog_ece383_wksp\lab2\Lab _2.srcs\sources_1\imports\Lab2_OLED\oled_ex.vhd:]
WARNING: [filemgmt 56-199] Attempt to get parsing info during refresh. "On-the-fly" syntax checking information may be incorrect. [C:\Users\C27Soren.Herzog\ece383\Herzog_ece383_wksp\lab2\Lab _2.srcs\sources_1\imports\C27Soren.Herzog\OneDrive - afacademy.af.edu\Documents\Schoolwork Sem6 2026 Spring\M1 - ECE 383 CSYS\Lab\Lab 2\lab2_code_for_cadets_2026\lab2.vhd:]
WARNING: [filemgmt 56-199] Attempt to get parsing info during refresh. "On-the-fly" syntax checking information may be incorrect. [C:\Users\C27Soren.Herzog\ece383\Herzog_ece383_wksp\lab2\Lab _2.srcs\sources_1\imports\Lab2_OLED\Lab2_OLED.vhd:]
WARNING: [filemgmt 56-199] Attempt to get parsing info during refresh. "On-the-fly" syntax checking information may be incorrect. [C:\Users\C27Soren.Herzog\ece383\Herzog_ece383_wksp\lab2\Lab _2.srcs\sources_1\imports\C27Soren.Herzog\OneDrive - afacademy.af.edu\Documents\Schoolwork Sem6 2026 Spring\M1 - ECE 383 CSYS\Lab\Lab 2\lab2_code_for_cadets_2026\lab2_datapath.vhdl:]
WARNING: [filemgmt 56-199] Attempt to get parsing info during refresh. "On-the-fly" syntax checking information may be incorrect. [C:\Users\C27Soren.Herzog\ece383\Herzog_ece383_wksp\lab2\Lab _2.srcs\sources_1\imports\C27Soren.Herzog\OneDrive - afacademy.af.edu\Documents\Schoolwork Sem6 2026 Spring\M1 - ECE 383 CSYS\Lab\Lab 2\lab2_code_for_cadets_2026\lab2.vhd:]
WARNING: [filemgmt 56-199] Attempt to get parsing info during refresh. "On-the-fly" syntax checking information may be incorrect. [C:\Users\C27Soren.Herzog\ece383\Herzog_ece383_wksp\lab2\Lab _2.srcs\sources_1\imports\C27Soren.Herzog\OneDrive - afacademy.af.edu\Documents\Schoolwork Sem6 2026 Spring\M1 - ECE 383 CSYS\Lab\Lab 2\lab2_code_for_cadets_2026\lab2.vhd:]
ERROR: [Common 17-180] Spawn failed: No error
WARNING: [filemgmt 56-199] Attempt to get parsing info during refresh. "On-the-fly" syntax checking information may be incorrect. [C:\Users\C27Soren.Herzog\ece383\Herzog_ece383_wksp\lab2\Lab _2.srcs\sources_1\imports\C27Soren.Herzog\OneDrive - afacademy.af.edu\Documents\Schoolwork Sem6 2026 Spring\M1 - ECE 383 CSYS\Lab\Lab 2\lab2_code_for_cadets_2026\ece383_pkg.vhd:]
WARNING: [filemgmt 56-199] Attempt to get parsing info during refresh. "On-the-fly" syntax checking information may be incorrect. [C:\Users\C27Soren.Herzog\ece383\Herzog_ece383_wksp\lab2\Lab _2.srcs\sources_1\imports\Lab2_OLED\oled_init.vhd:]
WARNING: [filemgmt 56-199] Attempt to get parsing info during refresh. "On-the-fly" syntax checking information may be incorrect. [C:\Users\C27Soren.Herzog\ece383\Herzog_ece383_wksp\lab2\Lab _2.srcs\sources_1\imports\Lab2_OLED\spi_ctrl.vhd:]
WARNING: [filemgmt 56-199] Attempt to get parsing info during refresh. "On-the-fly" syntax checking information may be incorrect. [C:\Users\C27Soren.Herzog\ece383\Herzog_ece383_wksp\lab2\Lab _2.srcs\sources_1\imports\imports\new\counter.vhd:]
WARNING: [filemgmt 56-199] Attempt to get parsing info during refresh. "On-the-fly" syntax checking information may be incorrect. [C:\Users\C27Soren.Herzog\ece383\Herzog_ece383_wksp\lab2\Lab _2.srcs\sources_1\imports\Lab2_OLED\oled_ex.vhd:]
WARNING: [filemgmt 56-199] Attempt to get parsing info during refresh. "On-the-fly" syntax checking information may be incorrect. [C:\Users\C27Soren.Herzog\ece383\Herzog_ece383_wksp\lab2\Lab _2.srcs\sources_1\imports\C27Soren.Herzog\OneDrive - afacademy.af.edu\Documents\Schoolwork Sem6 2026 Spring\M1 - ECE 383 CSYS\Lab\Lab 2\lab2_code_for_cadets_2026\lab2.vhd:]
WARNING: [filemgmt 56-199] Attempt to get parsing info during refresh. "On-the-fly" syntax checking information may be incorrect. [C:\Users\C27Soren.Herzog\ece383\Herzog_ece383_wksp\lab2\Lab _2.srcs\sources_1\imports\Lab2_OLED\Lab2_OLED.vhd:]
WARNING: [filemgmt 56-199] Attempt to get parsing info during refresh. "On-the-fly" syntax checking information may be incorrect. [C:\Users\C27Soren.Herzog\ece383\Herzog_ece383_wksp\lab2\Lab _2.srcs\sources_1\imports\C27Soren.Herzog\OneDrive - afacademy.af.edu\Documents\Schoolwork Sem6 2026 Spring\M1 - ECE 383 CSYS\Lab\Lab 2\lab2_code_for_cadets_2026\lab2_datapath.vhdl:]
WARNING: [filemgmt 56-199] Attempt to get parsing info during refresh. "On-the-fly" syntax checking information may be incorrect. [C:\Users\C27Soren.Herzog\ece383\Herzog_ece383_wksp\lab2\Lab _2.srcs\sources_1\imports\Lab2_OLED\spi_ctrl.vhd:]
WARNING: [filemgmt 56-199] Attempt to get parsing info during refresh. "On-the-fly" syntax checking information may be incorrect. [C:\Users\C27Soren.Herzog\ece383\Herzog_ece383_wksp\lab2\Lab _2.srcs\sources_1\imports\Lab2_OLED\spi_ctrl.vhd:]
WARNING: [filemgmt 56-199] Attempt to get parsing info during refresh. "On-the-fly" syntax checking information may be incorrect. [C:\Users\C27Soren.Herzog\ece383\Herzog_ece383_wksp\lab2\Lab _2.srcs\sources_1\imports\C27Soren.Herzog\OneDrive - afacademy.af.edu\Documents\Schoolwork Sem6 2026 Spring\M1 - ECE 383 CSYS\Lab\Lab 2\lab2_code_for_cadets_2026\ece383_pkg.vhd:]
WARNING: [filemgmt 56-199] Attempt to get parsing info during refresh. "On-the-fly" syntax checking information may be incorrect. [C:\Users\C27Soren.Herzog\ece383\Herzog_ece383_wksp\lab2\Lab _2.srcs\sources_1\imports\Lab2_OLED\oled_init.vhd:]
WARNING: [filemgmt 56-199] Attempt to get parsing info during refresh. "On-the-fly" syntax checking information may be incorrect. [C:\Users\C27Soren.Herzog\ece383\Herzog_ece383_wksp\lab2\Lab _2.srcs\sources_1\imports\Lab2_OLED\spi_ctrl.vhd:]
WARNING: [filemgmt 56-199] Attempt to get parsing info during refresh. "On-the-fly" syntax checking information may be incorrect. [C:\Users\C27Soren.Herzog\ece383\Herzog_ece383_wksp\lab2\Lab _2.srcs\sources_1\imports\imports\new\counter.vhd:]
WARNING: [filemgmt 56-199] Attempt to get parsing info during refresh. "On-the-fly" syntax checking information may be incorrect. [C:\Users\C27Soren.Herzog\ece383\Herzog_ece383_wksp\lab2\Lab _2.srcs\sources_1\imports\Lab2_OLED\oled_ex.vhd:]
WARNING: [filemgmt 56-199] Attempt to get parsing info during refresh. "On-the-fly" syntax checking information may be incorrect. [C:\Users\C27Soren.Herzog\ece383\Herzog_ece383_wksp\lab2\Lab _2.srcs\sources_1\imports\C27Soren.Herzog\OneDrive - afacademy.af.edu\Documents\Schoolwork Sem6 2026 Spring\M1 - ECE 383 CSYS\Lab\Lab 2\lab2_code_for_cadets_2026\lab2.vhd:]
WARNING: [filemgmt 56-199] Attempt to get parsing info during refresh. "On-the-fly" syntax checking information may be incorrect. [C:\Users\C27Soren.Herzog\ece383\Herzog_ece383_wksp\lab2\Lab _2.srcs\sources_1\imports\Lab2_OLED\Lab2_OLED.vhd:]
WARNING: [filemgmt 56-199] Attempt to get parsing info during refresh. "On-the-fly" syntax checking information may be incorrect. [C:\Users\C27Soren.Herzog\ece383\Herzog_ece383_wksp\lab2\Lab _2.srcs\sources_1\imports\C27Soren.Herzog\OneDrive - afacademy.af.edu\Documents\Schoolwork Sem6 2026 Spring\M1 - ECE 383 CSYS\Lab\Lab 2\lab2_code_for_cadets_2026\lab2_datapath.vhdl:]
WARNING: [filemgmt 56-199] Attempt to get parsing info during refresh. "On-the-fly" syntax checking information may be incorrect. [C:\Users\C27Soren.Herzog\ece383\Herzog_ece383_wksp\lab2\Lab _2.srcs\sources_1\imports\Lab2_OLED\oled_init.vhd:]
WARNING: [filemgmt 56-199] Attempt to get parsing info during refresh. "On-the-fly" syntax checking information may be incorrect. [C:\Users\C27Soren.Herzog\ece383\Herzog_ece383_wksp\lab2\Lab _2.srcs\sources_1\imports\Lab2_OLED\oled_init.vhd:]
ERROR: [Common 17-180] Spawn failed: No error
WARNING: [filemgmt 56-199] Attempt to get parsing info during refresh. "On-the-fly" syntax checking information may be incorrect. [C:\Users\C27Soren.Herzog\ece383\Herzog_ece383_wksp\lab2\Lab _2.srcs\sources_1\imports\C27Soren.Herzog\OneDrive - afacademy.af.edu\Documents\Schoolwork Sem6 2026 Spring\M1 - ECE 383 CSYS\Lab\Lab 2\lab2_code_for_cadets_2026\ece383_pkg.vhd:]
WARNING: [filemgmt 56-199] Attempt to get parsing info during refresh. "On-the-fly" syntax checking information may be incorrect. [C:\Users\C27Soren.Herzog\ece383\Herzog_ece383_wksp\lab2\Lab _2.srcs\sources_1\imports\Lab2_OLED\oled_init.vhd:]
WARNING: [filemgmt 56-199] Attempt to get parsing info during refresh. "On-the-fly" syntax checking information may be incorrect. [C:\Users\C27Soren.Herzog\ece383\Herzog_ece383_wksp\lab2\Lab _2.srcs\sources_1\imports\Lab2_OLED\spi_ctrl.vhd:]
WARNING: [filemgmt 56-199] Attempt to get parsing info during refresh. "On-the-fly" syntax checking information may be incorrect. [C:\Users\C27Soren.Herzog\ece383\Herzog_ece383_wksp\lab2\Lab _2.srcs\sources_1\imports\imports\new\counter.vhd:]
WARNING: [filemgmt 56-199] Attempt to get parsing info during refresh. "On-the-fly" syntax checking information may be incorrect. [C:\Users\C27Soren.Herzog\ece383\Herzog_ece383_wksp\lab2\Lab _2.srcs\sources_1\imports\Lab2_OLED\oled_ex.vhd:]
WARNING: [filemgmt 56-199] Attempt to get parsing info during refresh. "On-the-fly" syntax checking information may be incorrect. [C:\Users\C27Soren.Herzog\ece383\Herzog_ece383_wksp\lab2\Lab _2.srcs\sources_1\imports\C27Soren.Herzog\OneDrive - afacademy.af.edu\Documents\Schoolwork Sem6 2026 Spring\M1 - ECE 383 CSYS\Lab\Lab 2\lab2_code_for_cadets_2026\lab2.vhd:]
WARNING: [filemgmt 56-199] Attempt to get parsing info during refresh. "On-the-fly" syntax checking information may be incorrect. [C:\Users\C27Soren.Herzog\ece383\Herzog_ece383_wksp\lab2\Lab _2.srcs\sources_1\imports\Lab2_OLED\Lab2_OLED.vhd:]
WARNING: [filemgmt 56-199] Attempt to get parsing info during refresh. "On-the-fly" syntax checking information may be incorrect. [C:\Users\C27Soren.Herzog\ece383\Herzog_ece383_wksp\lab2\Lab _2.srcs\sources_1\imports\C27Soren.Herzog\OneDrive - afacademy.af.edu\Documents\Schoolwork Sem6 2026 Spring\M1 - ECE 383 CSYS\Lab\Lab 2\lab2_code_for_cadets_2026\lab2_datapath.vhdl:]
WARNING: [filemgmt 56-199] Attempt to get parsing info during refresh. "On-the-fly" syntax checking information may be incorrect. [C:\Users\C27Soren.Herzog\ece383\Herzog_ece383_wksp\lab2\Lab _2.srcs\sources_1\imports\imports\new\counter.vhd:]
WARNING: [filemgmt 56-199] Attempt to get parsing info during refresh. "On-the-fly" syntax checking information may be incorrect. [C:\Users\C27Soren.Herzog\ece383\Herzog_ece383_wksp\lab2\Lab _2.srcs\sources_1\imports\imports\new\counter.vhd:]
ERROR: [Common 17-180] Spawn failed: No error
WARNING: [filemgmt 56-199] Attempt to get parsing info during refresh. "On-the-fly" syntax checking information may be incorrect. [C:\Users\C27Soren.Herzog\ece383\Herzog_ece383_wksp\lab2\Lab _2.srcs\sources_1\imports\C27Soren.Herzog\OneDrive - afacademy.af.edu\Documents\Schoolwork Sem6 2026 Spring\M1 - ECE 383 CSYS\Lab\Lab 2\lab2_code_for_cadets_2026\ece383_pkg.vhd:]
WARNING: [filemgmt 56-199] Attempt to get parsing info during refresh. "On-the-fly" syntax checking information may be incorrect. [C:\Users\C27Soren.Herzog\ece383\Herzog_ece383_wksp\lab2\Lab _2.srcs\sources_1\imports\Lab2_OLED\oled_init.vhd:]
WARNING: [filemgmt 56-199] Attempt to get parsing info during refresh. "On-the-fly" syntax checking information may be incorrect. [C:\Users\C27Soren.Herzog\ece383\Herzog_ece383_wksp\lab2\Lab _2.srcs\sources_1\imports\Lab2_OLED\spi_ctrl.vhd:]
WARNING: [filemgmt 56-199] Attempt to get parsing info during refresh. "On-the-fly" syntax checking information may be incorrect. [C:\Users\C27Soren.Herzog\ece383\Herzog_ece383_wksp\lab2\Lab _2.srcs\sources_1\imports\imports\new\counter.vhd:]
WARNING: [filemgmt 56-199] Attempt to get parsing info during refresh. "On-the-fly" syntax checking information may be incorrect. [C:\Users\C27Soren.Herzog\ece383\Herzog_ece383_wksp\lab2\Lab _2.srcs\sources_1\imports\Lab2_OLED\oled_ex.vhd:]
WARNING: [filemgmt 56-199] Attempt to get parsing info during refresh. "On-the-fly" syntax checking information may be incorrect. [C:\Users\C27Soren.Herzog\ece383\Herzog_ece383_wksp\lab2\Lab _2.srcs\sources_1\imports\C27Soren.Herzog\OneDrive - afacademy.af.edu\Documents\Schoolwork Sem6 2026 Spring\M1 - ECE 383 CSYS\Lab\Lab 2\lab2_code_for_cadets_2026\lab2.vhd:]
WARNING: [filemgmt 56-199] Attempt to get parsing info during refresh. "On-the-fly" syntax checking information may be incorrect. [C:\Users\C27Soren.Herzog\ece383\Herzog_ece383_wksp\lab2\Lab _2.srcs\sources_1\imports\Lab2_OLED\Lab2_OLED.vhd:]
WARNING: [filemgmt 56-199] Attempt to get parsing info during refresh. "On-the-fly" syntax checking information may be incorrect. [C:\Users\C27Soren.Herzog\ece383\Herzog_ece383_wksp\lab2\Lab _2.srcs\sources_1\imports\C27Soren.Herzog\OneDrive - afacademy.af.edu\Documents\Schoolwork Sem6 2026 Spring\M1 - ECE 383 CSYS\Lab\Lab 2\lab2_code_for_cadets_2026\lab2_datapath.vhdl:]
WARNING: [filemgmt 56-199] Attempt to get parsing info during refresh. "On-the-fly" syntax checking information may be incorrect. [C:\Users\C27Soren.Herzog\ece383\Herzog_ece383_wksp\lab2\Lab _2.srcs\sources_1\imports\C27Soren.Herzog\OneDrive - afacademy.af.edu\Documents\Schoolwork Sem6 2026 Spring\M1 - ECE 383 CSYS\Lab\Lab 2\lab2_code_for_cadets_2026\lab2_datapath.vhdl:]
WARNING: [filemgmt 56-199] Attempt to get parsing info during refresh. "On-the-fly" syntax checking information may be incorrect. [C:\Users\C27Soren.Herzog\ece383\Herzog_ece383_wksp\lab2\Lab _2.srcs\sources_1\imports\C27Soren.Herzog\OneDrive - afacademy.af.edu\Documents\Schoolwork Sem6 2026 Spring\M1 - ECE 383 CSYS\Lab\Lab 2\lab2_code_for_cadets_2026\lab2_datapath.vhdl:]
ERROR: [Common 17-180] Spawn failed: No error
WARNING: [filemgmt 56-199] Attempt to get parsing info during refresh. "On-the-fly" syntax checking information may be incorrect. [C:\Users\C27Soren.Herzog\ece383\Herzog_ece383_wksp\lab2\Lab _2.srcs\sources_1\imports\C27Soren.Herzog\OneDrive - afacademy.af.edu\Documents\Schoolwork Sem6 2026 Spring\M1 - ECE 383 CSYS\Lab\Lab 2\lab2_code_for_cadets_2026\ece383_pkg.vhd:]
WARNING: [filemgmt 56-199] Attempt to get parsing info during refresh. "On-the-fly" syntax checking information may be incorrect. [C:\Users\C27Soren.Herzog\ece383\Herzog_ece383_wksp\lab2\Lab _2.srcs\sources_1\imports\Lab2_OLED\oled_init.vhd:]
WARNING: [filemgmt 56-199] Attempt to get parsing info during refresh. "On-the-fly" syntax checking information may be incorrect. [C:\Users\C27Soren.Herzog\ece383\Herzog_ece383_wksp\lab2\Lab _2.srcs\sources_1\imports\Lab2_OLED\spi_ctrl.vhd:]
WARNING: [filemgmt 56-199] Attempt to get parsing info during refresh. "On-the-fly" syntax checking information may be incorrect. [C:\Users\C27Soren.Herzog\ece383\Herzog_ece383_wksp\lab2\Lab _2.srcs\sources_1\imports\imports\new\counter.vhd:]
WARNING: [filemgmt 56-199] Attempt to get parsing info during refresh. "On-the-fly" syntax checking information may be incorrect. [C:\Users\C27Soren.Herzog\ece383\Herzog_ece383_wksp\lab2\Lab _2.srcs\sources_1\imports\Lab2_OLED\oled_ex.vhd:]
WARNING: [filemgmt 56-199] Attempt to get parsing info during refresh. "On-the-fly" syntax checking information may be incorrect. [C:\Users\C27Soren.Herzog\ece383\Herzog_ece383_wksp\lab2\Lab _2.srcs\sources_1\imports\C27Soren.Herzog\OneDrive - afacademy.af.edu\Documents\Schoolwork Sem6 2026 Spring\M1 - ECE 383 CSYS\Lab\Lab 2\lab2_code_for_cadets_2026\lab2.vhd:]
WARNING: [filemgmt 56-199] Attempt to get parsing info during refresh. "On-the-fly" syntax checking information may be incorrect. [C:\Users\C27Soren.Herzog\ece383\Herzog_ece383_wksp\lab2\Lab _2.srcs\sources_1\imports\Lab2_OLED\Lab2_OLED.vhd:]
WARNING: [filemgmt 56-199] Attempt to get parsing info during refresh. "On-the-fly" syntax checking information may be incorrect. [C:\Users\C27Soren.Herzog\ece383\Herzog_ece383_wksp\lab2\Lab _2.srcs\sources_1\imports\C27Soren.Herzog\OneDrive - afacademy.af.edu\Documents\Schoolwork Sem6 2026 Spring\M1 - ECE 383 CSYS\Lab\Lab 2\lab2_code_for_cadets_2026\lab2_datapath.vhdl:]
WARNING: [filemgmt 56-199] Attempt to get parsing info during refresh. "On-the-fly" syntax checking information may be incorrect. [C:\Users\C27Soren.Herzog\ece383\Herzog_ece383_wksp\lab2\Lab _2.srcs\sources_1\imports\Lab2_OLED\oled_init.vhd:]
WARNING: [filemgmt 56-199] Attempt to get parsing info during refresh. "On-the-fly" syntax checking information may be incorrect. [C:\Users\C27Soren.Herzog\ece383\Herzog_ece383_wksp\lab2\Lab _2.srcs\sources_1\imports\Lab2_OLED\oled_init.vhd:]
ERROR: [Common 17-180] Spawn failed: No error
WARNING: [filemgmt 56-199] Attempt to get parsing info during refresh. "On-the-fly" syntax checking information may be incorrect. [C:\Users\C27Soren.Herzog\ece383\Herzog_ece383_wksp\lab2\Lab _2.srcs\sources_1\imports\C27Soren.Herzog\OneDrive - afacademy.af.edu\Documents\Schoolwork Sem6 2026 Spring\M1 - ECE 383 CSYS\Lab\Lab 2\lab2_code_for_cadets_2026\ece383_pkg.vhd:]
WARNING: [filemgmt 56-199] Attempt to get parsing info during refresh. "On-the-fly" syntax checking information may be incorrect. [C:\Users\C27Soren.Herzog\ece383\Herzog_ece383_wksp\lab2\Lab _2.srcs\sources_1\imports\Lab2_OLED\oled_init.vhd:]
WARNING: [filemgmt 56-199] Attempt to get parsing info during refresh. "On-the-fly" syntax checking information may be incorrect. [C:\Users\C27Soren.Herzog\ece383\Herzog_ece383_wksp\lab2\Lab _2.srcs\sources_1\imports\Lab2_OLED\spi_ctrl.vhd:]
WARNING: [filemgmt 56-199] Attempt to get parsing info during refresh. "On-the-fly" syntax checking information may be incorrect. [C:\Users\C27Soren.Herzog\ece383\Herzog_ece383_wksp\lab2\Lab _2.srcs\sources_1\imports\imports\new\counter.vhd:]
WARNING: [filemgmt 56-199] Attempt to get parsing info during refresh. "On-the-fly" syntax checking information may be incorrect. [C:\Users\C27Soren.Herzog\ece383\Herzog_ece383_wksp\lab2\Lab _2.srcs\sources_1\imports\Lab2_OLED\oled_ex.vhd:]
WARNING: [filemgmt 56-199] Attempt to get parsing info during refresh. "On-the-fly" syntax checking information may be incorrect. [C:\Users\C27Soren.Herzog\ece383\Herzog_ece383_wksp\lab2\Lab _2.srcs\sources_1\imports\C27Soren.Herzog\OneDrive - afacademy.af.edu\Documents\Schoolwork Sem6 2026 Spring\M1 - ECE 383 CSYS\Lab\Lab 2\lab2_code_for_cadets_2026\lab2.vhd:]
WARNING: [filemgmt 56-199] Attempt to get parsing info during refresh. "On-the-fly" syntax checking information may be incorrect. [C:\Users\C27Soren.Herzog\ece383\Herzog_ece383_wksp\lab2\Lab _2.srcs\sources_1\imports\Lab2_OLED\Lab2_OLED.vhd:]
WARNING: [filemgmt 56-199] Attempt to get parsing info during refresh. "On-the-fly" syntax checking information may be incorrect. [C:\Users\C27Soren.Herzog\ece383\Herzog_ece383_wksp\lab2\Lab _2.srcs\sources_1\imports\C27Soren.Herzog\OneDrive - afacademy.af.edu\Documents\Schoolwork Sem6 2026 Spring\M1 - ECE 383 CSYS\Lab\Lab 2\lab2_code_for_cadets_2026\lab2_datapath.vhdl:]
WARNING: [filemgmt 56-199] Attempt to get parsing info during refresh. "On-the-fly" syntax checking information may be incorrect. [C:\Users\C27Soren.Herzog\ece383\Herzog_ece383_wksp\lab2\Lab _2.srcs\sources_1\imports\C27Soren.Herzog\OneDrive - afacademy.af.edu\Documents\Schoolwork Sem6 2026 Spring\M1 - ECE 383 CSYS\Lab\Lab 2\lab2_code_for_cadets_2026\ece383_pkg.vhd:]
WARNING: [filemgmt 56-199] Attempt to get parsing info during refresh. "On-the-fly" syntax checking information may be incorrect. [C:\Users\C27Soren.Herzog\ece383\Herzog_ece383_wksp\lab2\Lab _2.srcs\sources_1\imports\C27Soren.Herzog\OneDrive - afacademy.af.edu\Documents\Schoolwork Sem6 2026 Spring\M1 - ECE 383 CSYS\Lab\Lab 2\lab2_code_for_cadets_2026\ece383_pkg.vhd:]
WARNING: [filemgmt 56-199] Attempt to get parsing info during refresh. "On-the-fly" syntax checking information may be incorrect. [C:\Users\C27Soren.Herzog\ece383\Herzog_ece383_wksp\lab2\Lab _2.srcs\sources_1\imports\C27Soren.Herzog\OneDrive - afacademy.af.edu\Documents\Schoolwork Sem6 2026 Spring\M1 - ECE 383 CSYS\Lab\Lab 2\lab2_code_for_cadets_2026\ece383_pkg.vhd:]
WARNING: [filemgmt 56-199] Attempt to get parsing info during refresh. "On-the-fly" syntax checking information may be incorrect. [C:\Users\C27Soren.Herzog\ece383\Herzog_ece383_wksp\lab2\Lab _2.srcs\sources_1\imports\Lab2_OLED\oled_init.vhd:]
WARNING: [filemgmt 56-199] Attempt to get parsing info during refresh. "On-the-fly" syntax checking information may be incorrect. [C:\Users\C27Soren.Herzog\ece383\Herzog_ece383_wksp\lab2\Lab _2.srcs\sources_1\imports\Lab2_OLED\spi_ctrl.vhd:]
WARNING: [filemgmt 56-199] Attempt to get parsing info during refresh. "On-the-fly" syntax checking information may be incorrect. [C:\Users\C27Soren.Herzog\ece383\Herzog_ece383_wksp\lab2\Lab _2.srcs\sources_1\imports\imports\new\counter.vhd:]
WARNING: [filemgmt 56-199] Attempt to get parsing info during refresh. "On-the-fly" syntax checking information may be incorrect. [C:\Users\C27Soren.Herzog\ece383\Herzog_ece383_wksp\lab2\Lab _2.srcs\sources_1\imports\Lab2_OLED\oled_ex.vhd:]
WARNING: [filemgmt 56-199] Attempt to get parsing info during refresh. "On-the-fly" syntax checking information may be incorrect. [C:\Users\C27Soren.Herzog\ece383\Herzog_ece383_wksp\lab2\Lab _2.srcs\sources_1\imports\C27Soren.Herzog\OneDrive - afacademy.af.edu\Documents\Schoolwork Sem6 2026 Spring\M1 - ECE 383 CSYS\Lab\Lab 2\lab2_code_for_cadets_2026\lab2.vhd:]
WARNING: [filemgmt 56-199] Attempt to get parsing info during refresh. "On-the-fly" syntax checking information may be incorrect. [C:\Users\C27Soren.Herzog\ece383\Herzog_ece383_wksp\lab2\Lab _2.srcs\sources_1\imports\Lab2_OLED\Lab2_OLED.vhd:]
WARNING: [filemgmt 56-199] Attempt to get parsing info during refresh. "On-the-fly" syntax checking information may be incorrect. [C:\Users\C27Soren.Herzog\ece383\Herzog_ece383_wksp\lab2\Lab _2.srcs\sources_1\imports\C27Soren.Herzog\OneDrive - afacademy.af.edu\Documents\Schoolwork Sem6 2026 Spring\M1 - ECE 383 CSYS\Lab\Lab 2\lab2_code_for_cadets_2026\lab2_datapath.vhdl:]
WARNING: [filemgmt 56-199] Attempt to get parsing info during refresh. "On-the-fly" syntax checking information may be incorrect. [C:\Users\C27Soren.Herzog\ece383\Herzog_ece383_wksp\lab2\Lab _2.srcs\sources_1\imports\C27Soren.Herzog\OneDrive - afacademy.af.edu\Documents\Schoolwork Sem6 2026 Spring\M1 - ECE 383 CSYS\Lab\Lab 2\lab2_code_for_cadets_2026\lab2.vhd:]
WARNING: [filemgmt 56-199] Attempt to get parsing info during refresh. "On-the-fly" syntax checking information may be incorrect. [C:\Users\C27Soren.Herzog\ece383\Herzog_ece383_wksp\lab2\Lab _2.srcs\sources_1\imports\C27Soren.Herzog\OneDrive - afacademy.af.edu\Documents\Schoolwork Sem6 2026 Spring\M1 - ECE 383 CSYS\Lab\Lab 2\lab2_code_for_cadets_2026\lab2.vhd:]
WARNING: [filemgmt 56-199] Attempt to get parsing info during refresh. "On-the-fly" syntax checking information may be incorrect. [C:\Users\C27Soren.Herzog\ece383\Herzog_ece383_wksp\lab2\Lab _2.srcs\sources_1\imports\C27Soren.Herzog\OneDrive - afacademy.af.edu\Documents\Schoolwork Sem6 2026 Spring\M1 - ECE 383 CSYS\Lab\Lab 2\lab2_code_for_cadets_2026\ece383_pkg.vhd:]
WARNING: [filemgmt 56-199] Attempt to get parsing info during refresh. "On-the-fly" syntax checking information may be incorrect. [C:\Users\C27Soren.Herzog\ece383\Herzog_ece383_wksp\lab2\Lab _2.srcs\sources_1\imports\Lab2_OLED\oled_init.vhd:]
WARNING: [filemgmt 56-199] Attempt to get parsing info during refresh. "On-the-fly" syntax checking information may be incorrect. [C:\Users\C27Soren.Herzog\ece383\Herzog_ece383_wksp\lab2\Lab _2.srcs\sources_1\imports\Lab2_OLED\spi_ctrl.vhd:]
WARNING: [filemgmt 56-199] Attempt to get parsing info during refresh. "On-the-fly" syntax checking information may be incorrect. [C:\Users\C27Soren.Herzog\ece383\Herzog_ece383_wksp\lab2\Lab _2.srcs\sources_1\imports\imports\new\counter.vhd:]
WARNING: [filemgmt 56-199] Attempt to get parsing info during refresh. "On-the-fly" syntax checking information may be incorrect. [C:\Users\C27Soren.Herzog\ece383\Herzog_ece383_wksp\lab2\Lab _2.srcs\sources_1\imports\Lab2_OLED\oled_ex.vhd:]
WARNING: [filemgmt 56-199] Attempt to get parsing info during refresh. "On-the-fly" syntax checking information may be incorrect. [C:\Users\C27Soren.Herzog\ece383\Herzog_ece383_wksp\lab2\Lab _2.srcs\sources_1\imports\C27Soren.Herzog\OneDrive - afacademy.af.edu\Documents\Schoolwork Sem6 2026 Spring\M1 - ECE 383 CSYS\Lab\Lab 2\lab2_code_for_cadets_2026\lab2.vhd:]
WARNING: [filemgmt 56-199] Attempt to get parsing info during refresh. "On-the-fly" syntax checking information may be incorrect. [C:\Users\C27Soren.Herzog\ece383\Herzog_ece383_wksp\lab2\Lab _2.srcs\sources_1\imports\Lab2_OLED\Lab2_OLED.vhd:]
WARNING: [filemgmt 56-199] Attempt to get parsing info during refresh. "On-the-fly" syntax checking information may be incorrect. [C:\Users\C27Soren.Herzog\ece383\Herzog_ece383_wksp\lab2\Lab _2.srcs\sources_1\imports\C27Soren.Herzog\OneDrive - afacademy.af.edu\Documents\Schoolwork Sem6 2026 Spring\M1 - ECE 383 CSYS\Lab\Lab 2\lab2_code_for_cadets_2026\lab2_datapath.vhdl:]
WARNING: [filemgmt 56-199] Attempt to get parsing info during refresh. "On-the-fly" syntax checking information may be incorrect. [C:\Users\C27Soren.Herzog\ece383\Herzog_ece383_wksp\lab2\Lab _2.srcs\sources_1\imports\Lab2_OLED\spi_ctrl.vhd:]
WARNING: [filemgmt 56-199] Attempt to get parsing info during refresh. "On-the-fly" syntax checking information may be incorrect. [C:\Users\C27Soren.Herzog\ece383\Herzog_ece383_wksp\lab2\Lab _2.srcs\sources_1\imports\Lab2_OLED\spi_ctrl.vhd:]
WARNING: [filemgmt 56-199] Attempt to get parsing info during refresh. "On-the-fly" syntax checking information may be incorrect. [C:\Users\C27Soren.Herzog\ece383\Herzog_ece383_wksp\lab2\Lab _2.srcs\sources_1\imports\C27Soren.Herzog\OneDrive - afacademy.af.edu\Documents\Schoolwork Sem6 2026 Spring\M1 - ECE 383 CSYS\Lab\Lab 2\lab2_code_for_cadets_2026\ece383_pkg.vhd:]
WARNING: [filemgmt 56-199] Attempt to get parsing info during refresh. "On-the-fly" syntax checking information may be incorrect. [C:\Users\C27Soren.Herzog\ece383\Herzog_ece383_wksp\lab2\Lab _2.srcs\sources_1\imports\Lab2_OLED\oled_init.vhd:]
WARNING: [filemgmt 56-199] Attempt to get parsing info during refresh. "On-the-fly" syntax checking information may be incorrect. [C:\Users\C27Soren.Herzog\ece383\Herzog_ece383_wksp\lab2\Lab _2.srcs\sources_1\imports\Lab2_OLED\spi_ctrl.vhd:]
WARNING: [filemgmt 56-199] Attempt to get parsing info during refresh. "On-the-fly" syntax checking information may be incorrect. [C:\Users\C27Soren.Herzog\ece383\Herzog_ece383_wksp\lab2\Lab _2.srcs\sources_1\imports\imports\new\counter.vhd:]
WARNING: [filemgmt 56-199] Attempt to get parsing info during refresh. "On-the-fly" syntax checking information may be incorrect. [C:\Users\C27Soren.Herzog\ece383\Herzog_ece383_wksp\lab2\Lab _2.srcs\sources_1\imports\Lab2_OLED\oled_ex.vhd:]
WARNING: [filemgmt 56-199] Attempt to get parsing info during refresh. "On-the-fly" syntax checking information may be incorrect. [C:\Users\C27Soren.Herzog\ece383\Herzog_ece383_wksp\lab2\Lab _2.srcs\sources_1\imports\C27Soren.Herzog\OneDrive - afacademy.af.edu\Documents\Schoolwork Sem6 2026 Spring\M1 - ECE 383 CSYS\Lab\Lab 2\lab2_code_for_cadets_2026\lab2.vhd:]
WARNING: [filemgmt 56-199] Attempt to get parsing info during refresh. "On-the-fly" syntax checking information may be incorrect. [C:\Users\C27Soren.Herzog\ece383\Herzog_ece383_wksp\lab2\Lab _2.srcs\sources_1\imports\Lab2_OLED\Lab2_OLED.vhd:]
WARNING: [filemgmt 56-199] Attempt to get parsing info during refresh. "On-the-fly" syntax checking information may be incorrect. [C:\Users\C27Soren.Herzog\ece383\Herzog_ece383_wksp\lab2\Lab _2.srcs\sources_1\imports\C27Soren.Herzog\OneDrive - afacademy.af.edu\Documents\Schoolwork Sem6 2026 Spring\M1 - ECE 383 CSYS\Lab\Lab 2\lab2_code_for_cadets_2026\lab2_datapath.vhdl:]
WARNING: [filemgmt 56-199] Attempt to get parsing info during refresh. "On-the-fly" syntax checking information may be incorrect. [C:\Users\C27Soren.Herzog\ece383\Herzog_ece383_wksp\lab2\Lab _2.srcs\sources_1\imports\Lab2_OLED\oled_ex.vhd:]
WARNING: [filemgmt 56-199] Attempt to get parsing info during refresh. "On-the-fly" syntax checking information may be incorrect. [C:\Users\C27Soren.Herzog\ece383\Herzog_ece383_wksp\lab2\Lab _2.srcs\sources_1\imports\Lab2_OLED\oled_ex.vhd:]
ERROR: [Common 17-180] Spawn failed: No error
WARNING: [filemgmt 56-199] Attempt to get parsing info during refresh. "On-the-fly" syntax checking information may be incorrect. [C:\Users\C27Soren.Herzog\ece383\Herzog_ece383_wksp\lab2\Lab _2.srcs\sources_1\imports\C27Soren.Herzog\OneDrive - afacademy.af.edu\Documents\Schoolwork Sem6 2026 Spring\M1 - ECE 383 CSYS\Lab\Lab 2\lab2_code_for_cadets_2026\ece383_pkg.vhd:]
WARNING: [filemgmt 56-199] Attempt to get parsing info during refresh. "On-the-fly" syntax checking information may be incorrect. [C:\Users\C27Soren.Herzog\ece383\Herzog_ece383_wksp\lab2\Lab _2.srcs\sources_1\imports\Lab2_OLED\oled_init.vhd:]
WARNING: [filemgmt 56-199] Attempt to get parsing info during refresh. "On-the-fly" syntax checking information may be incorrect. [C:\Users\C27Soren.Herzog\ece383\Herzog_ece383_wksp\lab2\Lab _2.srcs\sources_1\imports\Lab2_OLED\spi_ctrl.vhd:]
WARNING: [filemgmt 56-199] Attempt to get parsing info during refresh. "On-the-fly" syntax checking information may be incorrect. [C:\Users\C27Soren.Herzog\ece383\Herzog_ece383_wksp\lab2\Lab _2.srcs\sources_1\imports\imports\new\counter.vhd:]
WARNING: [filemgmt 56-199] Attempt to get parsing info during refresh. "On-the-fly" syntax checking information may be incorrect. [C:\Users\C27Soren.Herzog\ece383\Herzog_ece383_wksp\lab2\Lab _2.srcs\sources_1\imports\Lab2_OLED\oled_ex.vhd:]
WARNING: [filemgmt 56-199] Attempt to get parsing info during refresh. "On-the-fly" syntax checking information may be incorrect. [C:\Users\C27Soren.Herzog\ece383\Herzog_ece383_wksp\lab2\Lab _2.srcs\sources_1\imports\C27Soren.Herzog\OneDrive - afacademy.af.edu\Documents\Schoolwork Sem6 2026 Spring\M1 - ECE 383 CSYS\Lab\Lab 2\lab2_code_for_cadets_2026\lab2.vhd:]
WARNING: [filemgmt 56-199] Attempt to get parsing info during refresh. "On-the-fly" syntax checking information may be incorrect. [C:\Users\C27Soren.Herzog\ece383\Herzog_ece383_wksp\lab2\Lab _2.srcs\sources_1\imports\Lab2_OLED\Lab2_OLED.vhd:]
WARNING: [filemgmt 56-199] Attempt to get parsing info during refresh. "On-the-fly" syntax checking information may be incorrect. [C:\Users\C27Soren.Herzog\ece383\Herzog_ece383_wksp\lab2\Lab _2.srcs\sources_1\imports\C27Soren.Herzog\OneDrive - afacademy.af.edu\Documents\Schoolwork Sem6 2026 Spring\M1 - ECE 383 CSYS\Lab\Lab 2\lab2_code_for_cadets_2026\lab2_datapath.vhdl:]
WARNING: [filemgmt 56-199] Attempt to get parsing info during refresh. "On-the-fly" syntax checking information may be incorrect. [C:\Users\C27Soren.Herzog\ece383\Herzog_ece383_wksp\lab2\Lab _2.srcs\sources_1\imports\C27Soren.Herzog\OneDrive - afacademy.af.edu\Documents\Schoolwork Sem6 2026 Spring\M1 - ECE 383 CSYS\Lab\Lab 2\lab2_code_for_cadets_2026\lab2_datapath.vhdl:]
WARNING: [filemgmt 56-199] Attempt to get parsing info during refresh. "On-the-fly" syntax checking information may be incorrect. [C:\Users\C27Soren.Herzog\ece383\Herzog_ece383_wksp\lab2\Lab _2.srcs\sources_1\imports\C27Soren.Herzog\OneDrive - afacademy.af.edu\Documents\Schoolwork Sem6 2026 Spring\M1 - ECE 383 CSYS\Lab\Lab 2\lab2_code_for_cadets_2026\lab2_datapath.vhdl:]
ERROR: [Common 17-180] Spawn failed: No error
WARNING: [filemgmt 56-199] Attempt to get parsing info during refresh. "On-the-fly" syntax checking information may be incorrect. [C:\Users\C27Soren.Herzog\ece383\Herzog_ece383_wksp\lab2\Lab _2.srcs\sources_1\imports\C27Soren.Herzog\OneDrive - afacademy.af.edu\Documents\Schoolwork Sem6 2026 Spring\M1 - ECE 383 CSYS\Lab\Lab 2\lab2_code_for_cadets_2026\ece383_pkg.vhd:]
WARNING: [filemgmt 56-199] Attempt to get parsing info during refresh. "On-the-fly" syntax checking information may be incorrect. [C:\Users\C27Soren.Herzog\ece383\Herzog_ece383_wksp\lab2\Lab _2.srcs\sources_1\imports\Lab2_OLED\oled_init.vhd:]
WARNING: [filemgmt 56-199] Attempt to get parsing info during refresh. "On-the-fly" syntax checking information may be incorrect. [C:\Users\C27Soren.Herzog\ece383\Herzog_ece383_wksp\lab2\Lab _2.srcs\sources_1\imports\Lab2_OLED\spi_ctrl.vhd:]
WARNING: [filemgmt 56-199] Attempt to get parsing info during refresh. "On-the-fly" syntax checking information may be incorrect. [C:\Users\C27Soren.Herzog\ece383\Herzog_ece383_wksp\lab2\Lab _2.srcs\sources_1\imports\imports\new\counter.vhd:]
WARNING: [filemgmt 56-199] Attempt to get parsing info during refresh. "On-the-fly" syntax checking information may be incorrect. [C:\Users\C27Soren.Herzog\ece383\Herzog_ece383_wksp\lab2\Lab _2.srcs\sources_1\imports\Lab2_OLED\oled_ex.vhd:]
WARNING: [filemgmt 56-199] Attempt to get parsing info during refresh. "On-the-fly" syntax checking information may be incorrect. [C:\Users\C27Soren.Herzog\ece383\Herzog_ece383_wksp\lab2\Lab _2.srcs\sources_1\imports\C27Soren.Herzog\OneDrive - afacademy.af.edu\Documents\Schoolwork Sem6 2026 Spring\M1 - ECE 383 CSYS\Lab\Lab 2\lab2_code_for_cadets_2026\lab2.vhd:]
WARNING: [filemgmt 56-199] Attempt to get parsing info during refresh. "On-the-fly" syntax checking information may be incorrect. [C:\Users\C27Soren.Herzog\ece383\Herzog_ece383_wksp\lab2\Lab _2.srcs\sources_1\imports\Lab2_OLED\Lab2_OLED.vhd:]
WARNING: [filemgmt 56-199] Attempt to get parsing info during refresh. "On-the-fly" syntax checking information may be incorrect. [C:\Users\C27Soren.Herzog\ece383\Herzog_ece383_wksp\lab2\Lab _2.srcs\sources_1\imports\C27Soren.Herzog\OneDrive - afacademy.af.edu\Documents\Schoolwork Sem6 2026 Spring\M1 - ECE 383 CSYS\Lab\Lab 2\lab2_code_for_cadets_2026\lab2_datapath.vhdl:]
WARNING: [filemgmt 56-199] Attempt to get parsing info during refresh. "On-the-fly" syntax checking information may be incorrect. [C:\Users\C27Soren.Herzog\ece383\Herzog_ece383_wksp\lab2\Lab _2.srcs\sources_1\imports\imports\new\counter.vhd:]
WARNING: [filemgmt 56-199] Attempt to get parsing info during refresh. "On-the-fly" syntax checking information may be incorrect. [C:\Users\C27Soren.Herzog\ece383\Herzog_ece383_wksp\lab2\Lab _2.srcs\sources_1\imports\imports\new\counter.vhd:]
ERROR: [Common 17-180] Spawn failed: No error
WARNING: [filemgmt 56-199] Attempt to get parsing info during refresh. "On-the-fly" syntax checking information may be incorrect. [C:\Users\C27Soren.Herzog\ece383\Herzog_ece383_wksp\lab2\Lab _2.srcs\sources_1\imports\C27Soren.Herzog\OneDrive - afacademy.af.edu\Documents\Schoolwork Sem6 2026 Spring\M1 - ECE 383 CSYS\Lab\Lab 2\lab2_code_for_cadets_2026\ece383_pkg.vhd:]
WARNING: [filemgmt 56-199] Attempt to get parsing info during refresh. "On-the-fly" syntax checking information may be incorrect. [C:\Users\C27Soren.Herzog\ece383\Herzog_ece383_wksp\lab2\Lab _2.srcs\sources_1\imports\Lab2_OLED\oled_init.vhd:]
WARNING: [filemgmt 56-199] Attempt to get parsing info during refresh. "On-the-fly" syntax checking information may be incorrect. [C:\Users\C27Soren.Herzog\ece383\Herzog_ece383_wksp\lab2\Lab _2.srcs\sources_1\imports\Lab2_OLED\spi_ctrl.vhd:]
WARNING: [filemgmt 56-199] Attempt to get parsing info during refresh. "On-the-fly" syntax checking information may be incorrect. [C:\Users\C27Soren.Herzog\ece383\Herzog_ece383_wksp\lab2\Lab _2.srcs\sources_1\imports\imports\new\counter.vhd:]
WARNING: [filemgmt 56-199] Attempt to get parsing info during refresh. "On-the-fly" syntax checking information may be incorrect. [C:\Users\C27Soren.Herzog\ece383\Herzog_ece383_wksp\lab2\Lab _2.srcs\sources_1\imports\Lab2_OLED\oled_ex.vhd:]
WARNING: [filemgmt 56-199] Attempt to get parsing info during refresh. "On-the-fly" syntax checking information may be incorrect. [C:\Users\C27Soren.Herzog\ece383\Herzog_ece383_wksp\lab2\Lab _2.srcs\sources_1\imports\C27Soren.Herzog\OneDrive - afacademy.af.edu\Documents\Schoolwork Sem6 2026 Spring\M1 - ECE 383 CSYS\Lab\Lab 2\lab2_code_for_cadets_2026\lab2.vhd:]
WARNING: [filemgmt 56-199] Attempt to get parsing info during refresh. "On-the-fly" syntax checking information may be incorrect. [C:\Users\C27Soren.Herzog\ece383\Herzog_ece383_wksp\lab2\Lab _2.srcs\sources_1\imports\Lab2_OLED\Lab2_OLED.vhd:]
WARNING: [filemgmt 56-199] Attempt to get parsing info during refresh. "On-the-fly" syntax checking information may be incorrect. [C:\Users\C27Soren.Herzog\ece383\Herzog_ece383_wksp\lab2\Lab _2.srcs\sources_1\imports\C27Soren.Herzog\OneDrive - afacademy.af.edu\Documents\Schoolwork Sem6 2026 Spring\M1 - ECE 383 CSYS\Lab\Lab 2\lab2_code_for_cadets_2026\lab2_datapath.vhdl:]
WARNING: [filemgmt 56-199] Attempt to get parsing info during refresh. "On-the-fly" syntax checking information may be incorrect. [C:\Users\C27Soren.Herzog\ece383\Herzog_ece383_wksp\lab2\Lab _2.srcs\sources_1\imports\Lab2_OLED\oled_init.vhd:]
WARNING: [filemgmt 56-199] Attempt to get parsing info during refresh. "On-the-fly" syntax checking information may be incorrect. [C:\Users\C27Soren.Herzog\ece383\Herzog_ece383_wksp\lab2\Lab _2.srcs\sources_1\imports\Lab2_OLED\oled_init.vhd:]
ERROR: [Common 17-180] Spawn failed: No error
launch_runs impl_1 -to_step write_bitstream -jobs 8
INFO: [Vivado 12-4149] The synthesis checkpoint for IP 'C:/Users/C27Soren.Herzog/ece383/Herzog_ece383_wksp/lab2/Lab _2.srcs/sources_1/ip/clk_wiz_0/clk_wiz_0.xci' is already up-to-date
[Thu Feb 12 08:55:41 2026] Launched synth_1...
Run output will be captured here: C:/Users/C27Soren.Herzog/ece383/Herzog_ece383_wksp/lab2/Lab _2.runs/synth_1/runme.log
[Thu Feb 12 08:55:41 2026] Launched impl_1...
Run output will be captured here: C:/Users/C27Soren.Herzog/ece383/Herzog_ece383_wksp/lab2/Lab _2.runs/impl_1/runme.log
WARNING: [filemgmt 56-199] Attempt to get parsing info during refresh. "On-the-fly" syntax checking information may be incorrect. [C:\Users\C27Soren.Herzog\ece383\Herzog_ece383_wksp\lab2\Lab _2.srcs\sources_1\imports\C27Soren.Herzog\OneDrive - afacademy.af.edu\Documents\Schoolwork Sem6 2026 Spring\M1 - ECE 383 CSYS\Lab\Lab 2\lab2_code_for_cadets_2026\ece383_pkg.vhd:]
WARNING: [filemgmt 56-199] Attempt to get parsing info during refresh. "On-the-fly" syntax checking information may be incorrect. [C:\Users\C27Soren.Herzog\ece383\Herzog_ece383_wksp\lab2\Lab _2.srcs\sources_1\imports\Lab2_OLED\oled_init.vhd:]
WARNING: [filemgmt 56-199] Attempt to get parsing info during refresh. "On-the-fly" syntax checking information may be incorrect. [C:\Users\C27Soren.Herzog\ece383\Herzog_ece383_wksp\lab2\Lab _2.srcs\sources_1\imports\Lab2_OLED\spi_ctrl.vhd:]
WARNING: [filemgmt 56-199] Attempt to get parsing info during refresh. "On-the-fly" syntax checking information may be incorrect. [C:\Users\C27Soren.Herzog\ece383\Herzog_ece383_wksp\lab2\Lab _2.srcs\sources_1\imports\imports\new\counter.vhd:]
WARNING: [filemgmt 56-199] Attempt to get parsing info during refresh. "On-the-fly" syntax checking information may be incorrect. [C:\Users\C27Soren.Herzog\ece383\Herzog_ece383_wksp\lab2\Lab _2.srcs\sources_1\imports\Lab2_OLED\oled_ex.vhd:]
WARNING: [filemgmt 56-199] Attempt to get parsing info during refresh. "On-the-fly" syntax checking information may be incorrect. [C:\Users\C27Soren.Herzog\ece383\Herzog_ece383_wksp\lab2\Lab _2.srcs\sources_1\imports\C27Soren.Herzog\OneDrive - afacademy.af.edu\Documents\Schoolwork Sem6 2026 Spring\M1 - ECE 383 CSYS\Lab\Lab 2\lab2_code_for_cadets_2026\lab2.vhd:]
WARNING: [filemgmt 56-199] Attempt to get parsing info during refresh. "On-the-fly" syntax checking information may be incorrect. [C:\Users\C27Soren.Herzog\ece383\Herzog_ece383_wksp\lab2\Lab _2.srcs\sources_1\imports\Lab2_OLED\Lab2_OLED.vhd:]
WARNING: [filemgmt 56-199] Attempt to get parsing info during refresh. "On-the-fly" syntax checking information may be incorrect. [C:\Users\C27Soren.Herzog\ece383\Herzog_ece383_wksp\lab2\Lab _2.srcs\sources_1\imports\C27Soren.Herzog\OneDrive - afacademy.af.edu\Documents\Schoolwork Sem6 2026 Spring\M1 - ECE 383 CSYS\Lab\Lab 2\lab2_code_for_cadets_2026\lab2_datapath.vhdl:]
WARNING: [filemgmt 56-199] Attempt to get parsing info during refresh. "On-the-fly" syntax checking information may be incorrect. [C:\Users\C27Soren.Herzog\ece383\Herzog_ece383_wksp\lab2\Lab _2.srcs\sources_1\imports\C27Soren.Herzog\OneDrive - afacademy.af.edu\Documents\Schoolwork Sem6 2026 Spring\M1 - ECE 383 CSYS\Lab\Lab 2\lab2_code_for_cadets_2026\ece383_pkg.vhd:]
WARNING: [filemgmt 56-199] Attempt to get parsing info during refresh. "On-the-fly" syntax checking information may be incorrect. [C:\Users\C27Soren.Herzog\ece383\Herzog_ece383_wksp\lab2\Lab _2.srcs\sources_1\imports\C27Soren.Herzog\OneDrive - afacademy.af.edu\Documents\Schoolwork Sem6 2026 Spring\M1 - ECE 383 CSYS\Lab\Lab 2\lab2_code_for_cadets_2026\ece383_pkg.vhd:]
WARNING: [filemgmt 56-199] Attempt to get parsing info during refresh. "On-the-fly" syntax checking information may be incorrect. [C:\Users\C27Soren.Herzog\ece383\Herzog_ece383_wksp\lab2\Lab _2.srcs\sources_1\imports\C27Soren.Herzog\OneDrive - afacademy.af.edu\Documents\Schoolwork Sem6 2026 Spring\M1 - ECE 383 CSYS\Lab\Lab 2\lab2_code_for_cadets_2026\ece383_pkg.vhd:]
WARNING: [filemgmt 56-199] Attempt to get parsing info during refresh. "On-the-fly" syntax checking information may be incorrect. [C:\Users\C27Soren.Herzog\ece383\Herzog_ece383_wksp\lab2\Lab _2.srcs\sources_1\imports\Lab2_OLED\oled_init.vhd:]
WARNING: [filemgmt 56-199] Attempt to get parsing info during refresh. "On-the-fly" syntax checking information may be incorrect. [C:\Users\C27Soren.Herzog\ece383\Herzog_ece383_wksp\lab2\Lab _2.srcs\sources_1\imports\Lab2_OLED\spi_ctrl.vhd:]
WARNING: [filemgmt 56-199] Attempt to get parsing info during refresh. "On-the-fly" syntax checking information may be incorrect. [C:\Users\C27Soren.Herzog\ece383\Herzog_ece383_wksp\lab2\Lab _2.srcs\sources_1\imports\imports\new\counter.vhd:]
WARNING: [filemgmt 56-199] Attempt to get parsing info during refresh. "On-the-fly" syntax checking information may be incorrect. [C:\Users\C27Soren.Herzog\ece383\Herzog_ece383_wksp\lab2\Lab _2.srcs\sources_1\imports\Lab2_OLED\oled_ex.vhd:]
WARNING: [filemgmt 56-199] Attempt to get parsing info during refresh. "On-the-fly" syntax checking information may be incorrect. [C:\Users\C27Soren.Herzog\ece383\Herzog_ece383_wksp\lab2\Lab _2.srcs\sources_1\imports\C27Soren.Herzog\OneDrive - afacademy.af.edu\Documents\Schoolwork Sem6 2026 Spring\M1 - ECE 383 CSYS\Lab\Lab 2\lab2_code_for_cadets_2026\lab2.vhd:]
WARNING: [filemgmt 56-199] Attempt to get parsing info during refresh. "On-the-fly" syntax checking information may be incorrect. [C:\Users\C27Soren.Herzog\ece383\Herzog_ece383_wksp\lab2\Lab _2.srcs\sources_1\imports\Lab2_OLED\Lab2_OLED.vhd:]
WARNING: [filemgmt 56-199] Attempt to get parsing info during refresh. "On-the-fly" syntax checking information may be incorrect. [C:\Users\C27Soren.Herzog\ece383\Herzog_ece383_wksp\lab2\Lab _2.srcs\sources_1\imports\C27Soren.Herzog\OneDrive - afacademy.af.edu\Documents\Schoolwork Sem6 2026 Spring\M1 - ECE 383 CSYS\Lab\Lab 2\lab2_code_for_cadets_2026\lab2_datapath.vhdl:]
WARNING: [filemgmt 56-199] Attempt to get parsing info during refresh. "On-the-fly" syntax checking information may be incorrect. [C:\Users\C27Soren.Herzog\ece383\Herzog_ece383_wksp\lab2\Lab _2.srcs\sources_1\imports\C27Soren.Herzog\OneDrive - afacademy.af.edu\Documents\Schoolwork Sem6 2026 Spring\M1 - ECE 383 CSYS\Lab\Lab 2\lab2_code_for_cadets_2026\lab2.vhd:]
WARNING: [filemgmt 56-199] Attempt to get parsing info during refresh. "On-the-fly" syntax checking information may be incorrect. [C:\Users\C27Soren.Herzog\ece383\Herzog_ece383_wksp\lab2\Lab _2.srcs\sources_1\imports\C27Soren.Herzog\OneDrive - afacademy.af.edu\Documents\Schoolwork Sem6 2026 Spring\M1 - ECE 383 CSYS\Lab\Lab 2\lab2_code_for_cadets_2026\lab2.vhd:]
WARNING: [filemgmt 56-199] Attempt to get parsing info during refresh. "On-the-fly" syntax checking information may be incorrect. [C:\Users\C27Soren.Herzog\ece383\Herzog_ece383_wksp\lab2\Lab _2.srcs\sources_1\imports\C27Soren.Herzog\OneDrive - afacademy.af.edu\Documents\Schoolwork Sem6 2026 Spring\M1 - ECE 383 CSYS\Lab\Lab 2\lab2_code_for_cadets_2026\ece383_pkg.vhd:]
WARNING: [filemgmt 56-199] Attempt to get parsing info during refresh. "On-the-fly" syntax checking information may be incorrect. [C:\Users\C27Soren.Herzog\ece383\Herzog_ece383_wksp\lab2\Lab _2.srcs\sources_1\imports\Lab2_OLED\oled_init.vhd:]
WARNING: [filemgmt 56-199] Attempt to get parsing info during refresh. "On-the-fly" syntax checking information may be incorrect. [C:\Users\C27Soren.Herzog\ece383\Herzog_ece383_wksp\lab2\Lab _2.srcs\sources_1\imports\Lab2_OLED\spi_ctrl.vhd:]
WARNING: [filemgmt 56-199] Attempt to get parsing info during refresh. "On-the-fly" syntax checking information may be incorrect. [C:\Users\C27Soren.Herzog\ece383\Herzog_ece383_wksp\lab2\Lab _2.srcs\sources_1\imports\imports\new\counter.vhd:]
WARNING: [filemgmt 56-199] Attempt to get parsing info during refresh. "On-the-fly" syntax checking information may be incorrect. [C:\Users\C27Soren.Herzog\ece383\Herzog_ece383_wksp\lab2\Lab _2.srcs\sources_1\imports\Lab2_OLED\oled_ex.vhd:]
WARNING: [filemgmt 56-199] Attempt to get parsing info during refresh. "On-the-fly" syntax checking information may be incorrect. [C:\Users\C27Soren.Herzog\ece383\Herzog_ece383_wksp\lab2\Lab _2.srcs\sources_1\imports\C27Soren.Herzog\OneDrive - afacademy.af.edu\Documents\Schoolwork Sem6 2026 Spring\M1 - ECE 383 CSYS\Lab\Lab 2\lab2_code_for_cadets_2026\lab2.vhd:]
WARNING: [filemgmt 56-199] Attempt to get parsing info during refresh. "On-the-fly" syntax checking information may be incorrect. [C:\Users\C27Soren.Herzog\ece383\Herzog_ece383_wksp\lab2\Lab _2.srcs\sources_1\imports\Lab2_OLED\Lab2_OLED.vhd:]
WARNING: [filemgmt 56-199] Attempt to get parsing info during refresh. "On-the-fly" syntax checking information may be incorrect. [C:\Users\C27Soren.Herzog\ece383\Herzog_ece383_wksp\lab2\Lab _2.srcs\sources_1\imports\C27Soren.Herzog\OneDrive - afacademy.af.edu\Documents\Schoolwork Sem6 2026 Spring\M1 - ECE 383 CSYS\Lab\Lab 2\lab2_code_for_cadets_2026\lab2_datapath.vhdl:]
WARNING: [filemgmt 56-199] Attempt to get parsing info during refresh. "On-the-fly" syntax checking information may be incorrect. [C:\Users\C27Soren.Herzog\ece383\Herzog_ece383_wksp\lab2\Lab _2.srcs\sources_1\imports\Lab2_OLED\spi_ctrl.vhd:]
WARNING: [filemgmt 56-199] Attempt to get parsing info during refresh. "On-the-fly" syntax checking information may be incorrect. [C:\Users\C27Soren.Herzog\ece383\Herzog_ece383_wksp\lab2\Lab _2.srcs\sources_1\imports\Lab2_OLED\spi_ctrl.vhd:]
WARNING: [filemgmt 56-199] Attempt to get parsing info during refresh. "On-the-fly" syntax checking information may be incorrect. [C:\Users\C27Soren.Herzog\ece383\Herzog_ece383_wksp\lab2\Lab _2.srcs\sources_1\imports\C27Soren.Herzog\OneDrive - afacademy.af.edu\Documents\Schoolwork Sem6 2026 Spring\M1 - ECE 383 CSYS\Lab\Lab 2\lab2_code_for_cadets_2026\ece383_pkg.vhd:]
WARNING: [filemgmt 56-199] Attempt to get parsing info during refresh. "On-the-fly" syntax checking information may be incorrect. [C:\Users\C27Soren.Herzog\ece383\Herzog_ece383_wksp\lab2\Lab _2.srcs\sources_1\imports\Lab2_OLED\oled_init.vhd:]
WARNING: [filemgmt 56-199] Attempt to get parsing info during refresh. "On-the-fly" syntax checking information may be incorrect. [C:\Users\C27Soren.Herzog\ece383\Herzog_ece383_wksp\lab2\Lab _2.srcs\sources_1\imports\Lab2_OLED\spi_ctrl.vhd:]
WARNING: [filemgmt 56-199] Attempt to get parsing info during refresh. "On-the-fly" syntax checking information may be incorrect. [C:\Users\C27Soren.Herzog\ece383\Herzog_ece383_wksp\lab2\Lab _2.srcs\sources_1\imports\imports\new\counter.vhd:]
WARNING: [filemgmt 56-199] Attempt to get parsing info during refresh. "On-the-fly" syntax checking information may be incorrect. [C:\Users\C27Soren.Herzog\ece383\Herzog_ece383_wksp\lab2\Lab _2.srcs\sources_1\imports\Lab2_OLED\oled_ex.vhd:]
WARNING: [filemgmt 56-199] Attempt to get parsing info during refresh. "On-the-fly" syntax checking information may be incorrect. [C:\Users\C27Soren.Herzog\ece383\Herzog_ece383_wksp\lab2\Lab _2.srcs\sources_1\imports\C27Soren.Herzog\OneDrive - afacademy.af.edu\Documents\Schoolwork Sem6 2026 Spring\M1 - ECE 383 CSYS\Lab\Lab 2\lab2_code_for_cadets_2026\lab2.vhd:]
WARNING: [filemgmt 56-199] Attempt to get parsing info during refresh. "On-the-fly" syntax checking information may be incorrect. [C:\Users\C27Soren.Herzog\ece383\Herzog_ece383_wksp\lab2\Lab _2.srcs\sources_1\imports\Lab2_OLED\Lab2_OLED.vhd:]
WARNING: [filemgmt 56-199] Attempt to get parsing info during refresh. "On-the-fly" syntax checking information may be incorrect. [C:\Users\C27Soren.Herzog\ece383\Herzog_ece383_wksp\lab2\Lab _2.srcs\sources_1\imports\C27Soren.Herzog\OneDrive - afacademy.af.edu\Documents\Schoolwork Sem6 2026 Spring\M1 - ECE 383 CSYS\Lab\Lab 2\lab2_code_for_cadets_2026\lab2_datapath.vhdl:]
WARNING: [filemgmt 56-199] Attempt to get parsing info during refresh. "On-the-fly" syntax checking information may be incorrect. [C:\Users\C27Soren.Herzog\ece383\Herzog_ece383_wksp\lab2\Lab _2.srcs\sources_1\imports\Lab2_OLED\oled_ex.vhd:]
WARNING: [filemgmt 56-199] Attempt to get parsing info during refresh. "On-the-fly" syntax checking information may be incorrect. [C:\Users\C27Soren.Herzog\ece383\Herzog_ece383_wksp\lab2\Lab _2.srcs\sources_1\imports\Lab2_OLED\oled_ex.vhd:]
reset_run synth_1
ERROR: [Common 17-180] Spawn failed: No error
ERROR: [Common 17-180] Spawn failed: No error
WARNING: [filemgmt 56-199] Attempt to get parsing info during refresh. "On-the-fly" syntax checking information may be incorrect. [C:\Users\C27Soren.Herzog\ece383\Herzog_ece383_wksp\lab2\Lab _2.srcs\sources_1\imports\C27Soren.Herzog\OneDrive - afacademy.af.edu\Documents\Schoolwork Sem6 2026 Spring\M1 - ECE 383 CSYS\Lab\Lab 2\lab2_code_for_cadets_2026\ece383_pkg.vhd:]
WARNING: [filemgmt 56-199] Attempt to get parsing info during refresh. "On-the-fly" syntax checking information may be incorrect. [C:\Users\C27Soren.Herzog\ece383\Herzog_ece383_wksp\lab2\Lab _2.srcs\sources_1\imports\Lab2_OLED\oled_init.vhd:]
WARNING: [filemgmt 56-199] Attempt to get parsing info during refresh. "On-the-fly" syntax checking information may be incorrect. [C:\Users\C27Soren.Herzog\ece383\Herzog_ece383_wksp\lab2\Lab _2.srcs\sources_1\imports\Lab2_OLED\spi_ctrl.vhd:]
WARNING: [filemgmt 56-199] Attempt to get parsing info during refresh. "On-the-fly" syntax checking information may be incorrect. [C:\Users\C27Soren.Herzog\ece383\Herzog_ece383_wksp\lab2\Lab _2.srcs\sources_1\imports\imports\new\counter.vhd:]
WARNING: [filemgmt 56-199] Attempt to get parsing info during refresh. "On-the-fly" syntax checking information may be incorrect. [C:\Users\C27Soren.Herzog\ece383\Herzog_ece383_wksp\lab2\Lab _2.srcs\sources_1\imports\Lab2_OLED\oled_ex.vhd:]
WARNING: [filemgmt 56-199] Attempt to get parsing info during refresh. "On-the-fly" syntax checking information may be incorrect. [C:\Users\C27Soren.Herzog\ece383\Herzog_ece383_wksp\lab2\Lab _2.srcs\sources_1\imports\C27Soren.Herzog\OneDrive - afacademy.af.edu\Documents\Schoolwork Sem6 2026 Spring\M1 - ECE 383 CSYS\Lab\Lab 2\lab2_code_for_cadets_2026\lab2.vhd:]
WARNING: [filemgmt 56-199] Attempt to get parsing info during refresh. "On-the-fly" syntax checking information may be incorrect. [C:\Users\C27Soren.Herzog\ece383\Herzog_ece383_wksp\lab2\Lab _2.srcs\sources_1\imports\Lab2_OLED\Lab2_OLED.vhd:]
WARNING: [filemgmt 56-199] Attempt to get parsing info during refresh. "On-the-fly" syntax checking information may be incorrect. [C:\Users\C27Soren.Herzog\ece383\Herzog_ece383_wksp\lab2\Lab _2.srcs\sources_1\imports\C27Soren.Herzog\OneDrive - afacademy.af.edu\Documents\Schoolwork Sem6 2026 Spring\M1 - ECE 383 CSYS\Lab\Lab 2\lab2_code_for_cadets_2026\lab2_datapath.vhdl:]
WARNING: [filemgmt 56-199] Attempt to get parsing info during refresh. "On-the-fly" syntax checking information may be incorrect. [C:\Users\C27Soren.Herzog\ece383\Herzog_ece383_wksp\lab2\Lab _2.srcs\sources_1\imports\C27Soren.Herzog\OneDrive - afacademy.af.edu\Documents\Schoolwork Sem6 2026 Spring\M1 - ECE 383 CSYS\Lab\Lab 2\lab2_code_for_cadets_2026\lab2_datapath.vhdl:]
WARNING: [filemgmt 56-199] Attempt to get parsing info during refresh. "On-the-fly" syntax checking information may be incorrect. [C:\Users\C27Soren.Herzog\ece383\Herzog_ece383_wksp\lab2\Lab _2.srcs\sources_1\imports\C27Soren.Herzog\OneDrive - afacademy.af.edu\Documents\Schoolwork Sem6 2026 Spring\M1 - ECE 383 CSYS\Lab\Lab 2\lab2_code_for_cadets_2026\lab2_datapath.vhdl:]
ERROR: [Common 17-180] Spawn failed: No error
WARNING: [filemgmt 56-199] Attempt to get parsing info during refresh. "On-the-fly" syntax checking information may be incorrect. [C:\Users\C27Soren.Herzog\ece383\Herzog_ece383_wksp\lab2\Lab _2.srcs\sources_1\imports\C27Soren.Herzog\OneDrive - afacademy.af.edu\Documents\Schoolwork Sem6 2026 Spring\M1 - ECE 383 CSYS\Lab\Lab 2\lab2_code_for_cadets_2026\ece383_pkg.vhd:]
WARNING: [filemgmt 56-199] Attempt to get parsing info during refresh. "On-the-fly" syntax checking information may be incorrect. [C:\Users\C27Soren.Herzog\ece383\Herzog_ece383_wksp\lab2\Lab _2.srcs\sources_1\imports\Lab2_OLED\oled_init.vhd:]
WARNING: [filemgmt 56-199] Attempt to get parsing info during refresh. "On-the-fly" syntax checking information may be incorrect. [C:\Users\C27Soren.Herzog\ece383\Herzog_ece383_wksp\lab2\Lab _2.srcs\sources_1\imports\Lab2_OLED\spi_ctrl.vhd:]
WARNING: [filemgmt 56-199] Attempt to get parsing info during refresh. "On-the-fly" syntax checking information may be incorrect. [C:\Users\C27Soren.Herzog\ece383\Herzog_ece383_wksp\lab2\Lab _2.srcs\sources_1\imports\imports\new\counter.vhd:]
WARNING: [filemgmt 56-199] Attempt to get parsing info during refresh. "On-the-fly" syntax checking information may be incorrect. [C:\Users\C27Soren.Herzog\ece383\Herzog_ece383_wksp\lab2\Lab _2.srcs\sources_1\imports\Lab2_OLED\oled_ex.vhd:]
WARNING: [filemgmt 56-199] Attempt to get parsing info during refresh. "On-the-fly" syntax checking information may be incorrect. [C:\Users\C27Soren.Herzog\ece383\Herzog_ece383_wksp\lab2\Lab _2.srcs\sources_1\imports\C27Soren.Herzog\OneDrive - afacademy.af.edu\Documents\Schoolwork Sem6 2026 Spring\M1 - ECE 383 CSYS\Lab\Lab 2\lab2_code_for_cadets_2026\lab2.vhd:]
WARNING: [filemgmt 56-199] Attempt to get parsing info during refresh. "On-the-fly" syntax checking information may be incorrect. [C:\Users\C27Soren.Herzog\ece383\Herzog_ece383_wksp\lab2\Lab _2.srcs\sources_1\imports\Lab2_OLED\Lab2_OLED.vhd:]
WARNING: [filemgmt 56-199] Attempt to get parsing info during refresh. "On-the-fly" syntax checking information may be incorrect. [C:\Users\C27Soren.Herzog\ece383\Herzog_ece383_wksp\lab2\Lab _2.srcs\sources_1\imports\C27Soren.Herzog\OneDrive - afacademy.af.edu\Documents\Schoolwork Sem6 2026 Spring\M1 - ECE 383 CSYS\Lab\Lab 2\lab2_code_for_cadets_2026\lab2_datapath.vhdl:]
WARNING: [filemgmt 56-199] Attempt to get parsing info during refresh. "On-the-fly" syntax checking information may be incorrect. [C:\Users\C27Soren.Herzog\ece383\Herzog_ece383_wksp\lab2\Lab _2.srcs\sources_1\imports\Lab2_OLED\Lab2_OLED.vhd:]
WARNING: [filemgmt 56-199] Attempt to get parsing info during refresh. "On-the-fly" syntax checking information may be incorrect. [C:\Users\C27Soren.Herzog\ece383\Herzog_ece383_wksp\lab2\Lab _2.srcs\sources_1\imports\Lab2_OLED\Lab2_OLED.vhd:]
WARNING: [filemgmt 56-199] Attempt to get parsing info during refresh. "On-the-fly" syntax checking information may be incorrect. [C:\Users\C27Soren.Herzog\ece383\Herzog_ece383_wksp\lab2\Lab _2.srcs\sources_1\imports\C27Soren.Herzog\OneDrive - afacademy.af.edu\Documents\Schoolwork Sem6 2026 Spring\M1 - ECE 383 CSYS\Lab\Lab 2\lab2_code_for_cadets_2026\ece383_pkg.vhd:]
WARNING: [filemgmt 56-199] Attempt to get parsing info during refresh. "On-the-fly" syntax checking information may be incorrect. [C:\Users\C27Soren.Herzog\ece383\Herzog_ece383_wksp\lab2\Lab _2.srcs\sources_1\imports\Lab2_OLED\oled_init.vhd:]
WARNING: [filemgmt 56-199] Attempt to get parsing info during refresh. "On-the-fly" syntax checking information may be incorrect. [C:\Users\C27Soren.Herzog\ece383\Herzog_ece383_wksp\lab2\Lab _2.srcs\sources_1\imports\Lab2_OLED\spi_ctrl.vhd:]
WARNING: [filemgmt 56-199] Attempt to get parsing info during refresh. "On-the-fly" syntax checking information may be incorrect. [C:\Users\C27Soren.Herzog\ece383\Herzog_ece383_wksp\lab2\Lab _2.srcs\sources_1\imports\imports\new\counter.vhd:]
WARNING: [filemgmt 56-199] Attempt to get parsing info during refresh. "On-the-fly" syntax checking information may be incorrect. [C:\Users\C27Soren.Herzog\ece383\Herzog_ece383_wksp\lab2\Lab _2.srcs\sources_1\imports\Lab2_OLED\oled_ex.vhd:]
WARNING: [filemgmt 56-199] Attempt to get parsing info during refresh. "On-the-fly" syntax checking information may be incorrect. [C:\Users\C27Soren.Herzog\ece383\Herzog_ece383_wksp\lab2\Lab _2.srcs\sources_1\imports\C27Soren.Herzog\OneDrive - afacademy.af.edu\Documents\Schoolwork Sem6 2026 Spring\M1 - ECE 383 CSYS\Lab\Lab 2\lab2_code_for_cadets_2026\lab2.vhd:]
WARNING: [filemgmt 56-199] Attempt to get parsing info during refresh. "On-the-fly" syntax checking information may be incorrect. [C:\Users\C27Soren.Herzog\ece383\Herzog_ece383_wksp\lab2\Lab _2.srcs\sources_1\imports\Lab2_OLED\Lab2_OLED.vhd:]
WARNING: [filemgmt 56-199] Attempt to get parsing info during refresh. "On-the-fly" syntax checking information may be incorrect. [C:\Users\C27Soren.Herzog\ece383\Herzog_ece383_wksp\lab2\Lab _2.srcs\sources_1\imports\C27Soren.Herzog\OneDrive - afacademy.af.edu\Documents\Schoolwork Sem6 2026 Spring\M1 - ECE 383 CSYS\Lab\Lab 2\lab2_code_for_cadets_2026\lab2_datapath.vhdl:]
WARNING: [filemgmt 56-199] Attempt to get parsing info during refresh. "On-the-fly" syntax checking information may be incorrect. [C:\Users\C27Soren.Herzog\ece383\Herzog_ece383_wksp\lab2\Lab _2.srcs\sources_1\imports\imports\new\counter.vhd:]
WARNING: [filemgmt 56-199] Attempt to get parsing info during refresh. "On-the-fly" syntax checking information may be incorrect. [C:\Users\C27Soren.Herzog\ece383\Herzog_ece383_wksp\lab2\Lab _2.srcs\sources_1\imports\imports\new\counter.vhd:]
ERROR: [Common 17-180] Spawn failed: No error
launch_runs impl_1 -to_step write_bitstream -jobs 8
INFO: [Vivado 12-4149] The synthesis checkpoint for IP 'C:/Users/C27Soren.Herzog/ece383/Herzog_ece383_wksp/lab2/Lab _2.srcs/sources_1/ip/clk_wiz_0/clk_wiz_0.xci' is already up-to-date
[Thu Feb 12 08:57:58 2026] Launched synth_1...
Run output will be captured here: C:/Users/C27Soren.Herzog/ece383/Herzog_ece383_wksp/lab2/Lab _2.runs/synth_1/runme.log
[Thu Feb 12 08:57:59 2026] Launched impl_1...
Run output will be captured here: C:/Users/C27Soren.Herzog/ece383/Herzog_ece383_wksp/lab2/Lab _2.runs/impl_1/runme.log
reset_run synth_1
WARNING: [filemgmt 56-199] Attempt to get parsing info during refresh. "On-the-fly" syntax checking information may be incorrect. [C:\Users\C27Soren.Herzog\ece383\Herzog_ece383_wksp\lab2\Lab _2.srcs\sources_1\imports\C27Soren.Herzog\OneDrive - afacademy.af.edu\Documents\Schoolwork Sem6 2026 Spring\M1 - ECE 383 CSYS\Lab\Lab 2\lab2_code_for_cadets_2026\ece383_pkg.vhd:]
WARNING: [filemgmt 56-199] Attempt to get parsing info during refresh. "On-the-fly" syntax checking information may be incorrect. [C:\Users\C27Soren.Herzog\ece383\Herzog_ece383_wksp\lab2\Lab _2.srcs\sources_1\imports\Lab2_OLED\oled_init.vhd:]
WARNING: [filemgmt 56-199] Attempt to get parsing info during refresh. "On-the-fly" syntax checking information may be incorrect. [C:\Users\C27Soren.Herzog\ece383\Herzog_ece383_wksp\lab2\Lab _2.srcs\sources_1\imports\Lab2_OLED\spi_ctrl.vhd:]
WARNING: [filemgmt 56-199] Attempt to get parsing info during refresh. "On-the-fly" syntax checking information may be incorrect. [C:\Users\C27Soren.Herzog\ece383\Herzog_ece383_wksp\lab2\Lab _2.srcs\sources_1\imports\imports\new\counter.vhd:]
WARNING: [filemgmt 56-199] Attempt to get parsing info during refresh. "On-the-fly" syntax checking information may be incorrect. [C:\Users\C27Soren.Herzog\ece383\Herzog_ece383_wksp\lab2\Lab _2.srcs\sources_1\imports\Lab2_OLED\oled_ex.vhd:]
WARNING: [filemgmt 56-199] Attempt to get parsing info during refresh. "On-the-fly" syntax checking information may be incorrect. [C:\Users\C27Soren.Herzog\ece383\Herzog_ece383_wksp\lab2\Lab _2.srcs\sources_1\imports\C27Soren.Herzog\OneDrive - afacademy.af.edu\Documents\Schoolwork Sem6 2026 Spring\M1 - ECE 383 CSYS\Lab\Lab 2\lab2_code_for_cadets_2026\lab2.vhd:]
WARNING: [filemgmt 56-199] Attempt to get parsing info during refresh. "On-the-fly" syntax checking information may be incorrect. [C:\Users\C27Soren.Herzog\ece383\Herzog_ece383_wksp\lab2\Lab _2.srcs\sources_1\imports\Lab2_OLED\Lab2_OLED.vhd:]
WARNING: [filemgmt 56-199] Attempt to get parsing info during refresh. "On-the-fly" syntax checking information may be incorrect. [C:\Users\C27Soren.Herzog\ece383\Herzog_ece383_wksp\lab2\Lab _2.srcs\sources_1\imports\C27Soren.Herzog\OneDrive - afacademy.af.edu\Documents\Schoolwork Sem6 2026 Spring\M1 - ECE 383 CSYS\Lab\Lab 2\lab2_code_for_cadets_2026\lab2_datapath.vhdl:]
WARNING: [filemgmt 56-199] Attempt to get parsing info during refresh. "On-the-fly" syntax checking information may be incorrect. [C:\Users\C27Soren.Herzog\ece383\Herzog_ece383_wksp\lab2\Lab _2.srcs\sources_1\imports\imports\new\counter.vhd:]
WARNING: [filemgmt 56-199] Attempt to get parsing info during refresh. "On-the-fly" syntax checking information may be incorrect. [C:\Users\C27Soren.Herzog\ece383\Herzog_ece383_wksp\lab2\Lab _2.srcs\sources_1\imports\imports\new\counter.vhd:]
WARNING: [filemgmt 56-199] Attempt to get parsing info during refresh. "On-the-fly" syntax checking information may be incorrect. [C:\Users\C27Soren.Herzog\ece383\Herzog_ece383_wksp\lab2\Lab _2.srcs\sources_1\imports\C27Soren.Herzog\OneDrive - afacademy.af.edu\Documents\Schoolwork Sem6 2026 Spring\M1 - ECE 383 CSYS\Lab\Lab 2\lab2_code_for_cadets_2026\ece383_pkg.vhd:]
WARNING: [filemgmt 56-199] Attempt to get parsing info during refresh. "On-the-fly" syntax checking information may be incorrect. [C:\Users\C27Soren.Herzog\ece383\Herzog_ece383_wksp\lab2\Lab _2.srcs\sources_1\imports\Lab2_OLED\oled_init.vhd:]
WARNING: [filemgmt 56-199] Attempt to get parsing info during refresh. "On-the-fly" syntax checking information may be incorrect. [C:\Users\C27Soren.Herzog\ece383\Herzog_ece383_wksp\lab2\Lab _2.srcs\sources_1\imports\Lab2_OLED\spi_ctrl.vhd:]
WARNING: [filemgmt 56-199] Attempt to get parsing info during refresh. "On-the-fly" syntax checking information may be incorrect. [C:\Users\C27Soren.Herzog\ece383\Herzog_ece383_wksp\lab2\Lab _2.srcs\sources_1\imports\imports\new\counter.vhd:]
WARNING: [filemgmt 56-199] Attempt to get parsing info during refresh. "On-the-fly" syntax checking information may be incorrect. [C:\Users\C27Soren.Herzog\ece383\Herzog_ece383_wksp\lab2\Lab _2.srcs\sources_1\imports\Lab2_OLED\oled_ex.vhd:]
WARNING: [filemgmt 56-199] Attempt to get parsing info during refresh. "On-the-fly" syntax checking information may be incorrect. [C:\Users\C27Soren.Herzog\ece383\Herzog_ece383_wksp\lab2\Lab _2.srcs\sources_1\imports\C27Soren.Herzog\OneDrive - afacademy.af.edu\Documents\Schoolwork Sem6 2026 Spring\M1 - ECE 383 CSYS\Lab\Lab 2\lab2_code_for_cadets_2026\lab2.vhd:]
WARNING: [filemgmt 56-199] Attempt to get parsing info during refresh. "On-the-fly" syntax checking information may be incorrect. [C:\Users\C27Soren.Herzog\ece383\Herzog_ece383_wksp\lab2\Lab _2.srcs\sources_1\imports\Lab2_OLED\Lab2_OLED.vhd:]
WARNING: [filemgmt 56-199] Attempt to get parsing info during refresh. "On-the-fly" syntax checking information may be incorrect. [C:\Users\C27Soren.Herzog\ece383\Herzog_ece383_wksp\lab2\Lab _2.srcs\sources_1\imports\C27Soren.Herzog\OneDrive - afacademy.af.edu\Documents\Schoolwork Sem6 2026 Spring\M1 - ECE 383 CSYS\Lab\Lab 2\lab2_code_for_cadets_2026\lab2_datapath.vhdl:]
WARNING: [filemgmt 56-199] Attempt to get parsing info during refresh. "On-the-fly" syntax checking information may be incorrect. [C:\Users\C27Soren.Herzog\ece383\Herzog_ece383_wksp\lab2\Lab _2.srcs\sources_1\imports\Lab2_OLED\oled_init.vhd:]
WARNING: [filemgmt 56-199] Attempt to get parsing info during refresh. "On-the-fly" syntax checking information may be incorrect. [C:\Users\C27Soren.Herzog\ece383\Herzog_ece383_wksp\lab2\Lab _2.srcs\sources_1\imports\Lab2_OLED\oled_init.vhd:]
WARNING: [filemgmt 56-199] Attempt to get parsing info during refresh. "On-the-fly" syntax checking information may be incorrect. [C:\Users\C27Soren.Herzog\ece383\Herzog_ece383_wksp\lab2\Lab _2.srcs\sources_1\imports\C27Soren.Herzog\OneDrive - afacademy.af.edu\Documents\Schoolwork Sem6 2026 Spring\M1 - ECE 383 CSYS\Lab\Lab 2\lab2_code_for_cadets_2026\ece383_pkg.vhd:]
WARNING: [filemgmt 56-199] Attempt to get parsing info during refresh. "On-the-fly" syntax checking information may be incorrect. [C:\Users\C27Soren.Herzog\ece383\Herzog_ece383_wksp\lab2\Lab _2.srcs\sources_1\imports\Lab2_OLED\oled_init.vhd:]
WARNING: [filemgmt 56-199] Attempt to get parsing info during refresh. "On-the-fly" syntax checking information may be incorrect. [C:\Users\C27Soren.Herzog\ece383\Herzog_ece383_wksp\lab2\Lab _2.srcs\sources_1\imports\Lab2_OLED\spi_ctrl.vhd:]
WARNING: [filemgmt 56-199] Attempt to get parsing info during refresh. "On-the-fly" syntax checking information may be incorrect. [C:\Users\C27Soren.Herzog\ece383\Herzog_ece383_wksp\lab2\Lab _2.srcs\sources_1\imports\imports\new\counter.vhd:]
WARNING: [filemgmt 56-199] Attempt to get parsing info during refresh. "On-the-fly" syntax checking information may be incorrect. [C:\Users\C27Soren.Herzog\ece383\Herzog_ece383_wksp\lab2\Lab _2.srcs\sources_1\imports\Lab2_OLED\oled_ex.vhd:]
WARNING: [filemgmt 56-199] Attempt to get parsing info during refresh. "On-the-fly" syntax checking information may be incorrect. [C:\Users\C27Soren.Herzog\ece383\Herzog_ece383_wksp\lab2\Lab _2.srcs\sources_1\imports\C27Soren.Herzog\OneDrive - afacademy.af.edu\Documents\Schoolwork Sem6 2026 Spring\M1 - ECE 383 CSYS\Lab\Lab 2\lab2_code_for_cadets_2026\lab2.vhd:]
WARNING: [filemgmt 56-199] Attempt to get parsing info during refresh. "On-the-fly" syntax checking information may be incorrect. [C:\Users\C27Soren.Herzog\ece383\Herzog_ece383_wksp\lab2\Lab _2.srcs\sources_1\imports\Lab2_OLED\Lab2_OLED.vhd:]
WARNING: [filemgmt 56-199] Attempt to get parsing info during refresh. "On-the-fly" syntax checking information may be incorrect. [C:\Users\C27Soren.Herzog\ece383\Herzog_ece383_wksp\lab2\Lab _2.srcs\sources_1\imports\C27Soren.Herzog\OneDrive - afacademy.af.edu\Documents\Schoolwork Sem6 2026 Spring\M1 - ECE 383 CSYS\Lab\Lab 2\lab2_code_for_cadets_2026\lab2_datapath.vhdl:]
WARNING: [filemgmt 56-199] Attempt to get parsing info during refresh. "On-the-fly" syntax checking information may be incorrect. [C:\Users\C27Soren.Herzog\ece383\Herzog_ece383_wksp\lab2\Lab _2.srcs\sources_1\imports\Lab2_OLED\Lab2_OLED.vhd:]
WARNING: [filemgmt 56-199] Attempt to get parsing info during refresh. "On-the-fly" syntax checking information may be incorrect. [C:\Users\C27Soren.Herzog\ece383\Herzog_ece383_wksp\lab2\Lab _2.srcs\sources_1\imports\Lab2_OLED\Lab2_OLED.vhd:]
WARNING: [filemgmt 56-199] Attempt to get parsing info during refresh. "On-the-fly" syntax checking information may be incorrect. [C:\Users\C27Soren.Herzog\ece383\Herzog_ece383_wksp\lab2\Lab _2.srcs\sources_1\imports\C27Soren.Herzog\OneDrive - afacademy.af.edu\Documents\Schoolwork Sem6 2026 Spring\M1 - ECE 383 CSYS\Lab\Lab 2\lab2_code_for_cadets_2026\ece383_pkg.vhd:]
WARNING: [filemgmt 56-199] Attempt to get parsing info during refresh. "On-the-fly" syntax checking information may be incorrect. [C:\Users\C27Soren.Herzog\ece383\Herzog_ece383_wksp\lab2\Lab _2.srcs\sources_1\imports\Lab2_OLED\oled_init.vhd:]
WARNING: [filemgmt 56-199] Attempt to get parsing info during refresh. "On-the-fly" syntax checking information may be incorrect. [C:\Users\C27Soren.Herzog\ece383\Herzog_ece383_wksp\lab2\Lab _2.srcs\sources_1\imports\Lab2_OLED\spi_ctrl.vhd:]
WARNING: [filemgmt 56-199] Attempt to get parsing info during refresh. "On-the-fly" syntax checking information may be incorrect. [C:\Users\C27Soren.Herzog\ece383\Herzog_ece383_wksp\lab2\Lab _2.srcs\sources_1\imports\imports\new\counter.vhd:]
WARNING: [filemgmt 56-199] Attempt to get parsing info during refresh. "On-the-fly" syntax checking information may be incorrect. [C:\Users\C27Soren.Herzog\ece383\Herzog_ece383_wksp\lab2\Lab _2.srcs\sources_1\imports\Lab2_OLED\oled_ex.vhd:]
WARNING: [filemgmt 56-199] Attempt to get parsing info during refresh. "On-the-fly" syntax checking information may be incorrect. [C:\Users\C27Soren.Herzog\ece383\Herzog_ece383_wksp\lab2\Lab _2.srcs\sources_1\imports\C27Soren.Herzog\OneDrive - afacademy.af.edu\Documents\Schoolwork Sem6 2026 Spring\M1 - ECE 383 CSYS\Lab\Lab 2\lab2_code_for_cadets_2026\lab2.vhd:]
WARNING: [filemgmt 56-199] Attempt to get parsing info during refresh. "On-the-fly" syntax checking information may be incorrect. [C:\Users\C27Soren.Herzog\ece383\Herzog_ece383_wksp\lab2\Lab _2.srcs\sources_1\imports\Lab2_OLED\Lab2_OLED.vhd:]
WARNING: [filemgmt 56-199] Attempt to get parsing info during refresh. "On-the-fly" syntax checking information may be incorrect. [C:\Users\C27Soren.Herzog\ece383\Herzog_ece383_wksp\lab2\Lab _2.srcs\sources_1\imports\C27Soren.Herzog\OneDrive - afacademy.af.edu\Documents\Schoolwork Sem6 2026 Spring\M1 - ECE 383 CSYS\Lab\Lab 2\lab2_code_for_cadets_2026\lab2_datapath.vhdl:]
WARNING: [filemgmt 56-199] Attempt to get parsing info during refresh. "On-the-fly" syntax checking information may be incorrect. [C:\Users\C27Soren.Herzog\ece383\Herzog_ece383_wksp\lab2\Lab _2.srcs\sources_1\imports\C27Soren.Herzog\OneDrive - afacademy.af.edu\Documents\Schoolwork Sem6 2026 Spring\M1 - ECE 383 CSYS\Lab\Lab 2\lab2_code_for_cadets_2026\lab2_datapath.vhdl:]
WARNING: [filemgmt 56-199] Attempt to get parsing info during refresh. "On-the-fly" syntax checking information may be incorrect. [C:\Users\C27Soren.Herzog\ece383\Herzog_ece383_wksp\lab2\Lab _2.srcs\sources_1\imports\C27Soren.Herzog\OneDrive - afacademy.af.edu\Documents\Schoolwork Sem6 2026 Spring\M1 - ECE 383 CSYS\Lab\Lab 2\lab2_code_for_cadets_2026\lab2_datapath.vhdl:]
WARNING: [filemgmt 56-199] Attempt to get parsing info during refresh. "On-the-fly" syntax checking information may be incorrect. [C:\Users\C27Soren.Herzog\ece383\Herzog_ece383_wksp\lab2\Lab _2.srcs\sources_1\imports\C27Soren.Herzog\OneDrive - afacademy.af.edu\Documents\Schoolwork Sem6 2026 Spring\M1 - ECE 383 CSYS\Lab\Lab 2\lab2_code_for_cadets_2026\ece383_pkg.vhd:]
WARNING: [filemgmt 56-199] Attempt to get parsing info during refresh. "On-the-fly" syntax checking information may be incorrect. [C:\Users\C27Soren.Herzog\ece383\Herzog_ece383_wksp\lab2\Lab _2.srcs\sources_1\imports\Lab2_OLED\oled_init.vhd:]
WARNING: [filemgmt 56-199] Attempt to get parsing info during refresh. "On-the-fly" syntax checking information may be incorrect. [C:\Users\C27Soren.Herzog\ece383\Herzog_ece383_wksp\lab2\Lab _2.srcs\sources_1\imports\Lab2_OLED\spi_ctrl.vhd:]
WARNING: [filemgmt 56-199] Attempt to get parsing info during refresh. "On-the-fly" syntax checking information may be incorrect. [C:\Users\C27Soren.Herzog\ece383\Herzog_ece383_wksp\lab2\Lab _2.srcs\sources_1\imports\imports\new\counter.vhd:]
WARNING: [filemgmt 56-199] Attempt to get parsing info during refresh. "On-the-fly" syntax checking information may be incorrect. [C:\Users\C27Soren.Herzog\ece383\Herzog_ece383_wksp\lab2\Lab _2.srcs\sources_1\imports\Lab2_OLED\oled_ex.vhd:]
WARNING: [filemgmt 56-199] Attempt to get parsing info during refresh. "On-the-fly" syntax checking information may be incorrect. [C:\Users\C27Soren.Herzog\ece383\Herzog_ece383_wksp\lab2\Lab _2.srcs\sources_1\imports\C27Soren.Herzog\OneDrive - afacademy.af.edu\Documents\Schoolwork Sem6 2026 Spring\M1 - ECE 383 CSYS\Lab\Lab 2\lab2_code_for_cadets_2026\lab2.vhd:]
WARNING: [filemgmt 56-199] Attempt to get parsing info during refresh. "On-the-fly" syntax checking information may be incorrect. [C:\Users\C27Soren.Herzog\ece383\Herzog_ece383_wksp\lab2\Lab _2.srcs\sources_1\imports\Lab2_OLED\Lab2_OLED.vhd:]
WARNING: [filemgmt 56-199] Attempt to get parsing info during refresh. "On-the-fly" syntax checking information may be incorrect. [C:\Users\C27Soren.Herzog\ece383\Herzog_ece383_wksp\lab2\Lab _2.srcs\sources_1\imports\C27Soren.Herzog\OneDrive - afacademy.af.edu\Documents\Schoolwork Sem6 2026 Spring\M1 - ECE 383 CSYS\Lab\Lab 2\lab2_code_for_cadets_2026\lab2_datapath.vhdl:]
WARNING: [filemgmt 56-199] Attempt to get parsing info during refresh. "On-the-fly" syntax checking information may be incorrect. [C:\Users\C27Soren.Herzog\ece383\Herzog_ece383_wksp\lab2\Lab _2.srcs\sources_1\imports\imports\new\counter.vhd:]
WARNING: [filemgmt 56-199] Attempt to get parsing info during refresh. "On-the-fly" syntax checking information may be incorrect. [C:\Users\C27Soren.Herzog\ece383\Herzog_ece383_wksp\lab2\Lab _2.srcs\sources_1\imports\imports\new\counter.vhd:]
WARNING: [filemgmt 56-199] Attempt to get parsing info during refresh. "On-the-fly" syntax checking information may be incorrect. [C:\Users\C27Soren.Herzog\ece383\Herzog_ece383_wksp\lab2\Lab _2.srcs\sources_1\imports\C27Soren.Herzog\OneDrive - afacademy.af.edu\Documents\Schoolwork Sem6 2026 Spring\M1 - ECE 383 CSYS\Lab\Lab 2\lab2_code_for_cadets_2026\ece383_pkg.vhd:]
WARNING: [filemgmt 56-199] Attempt to get parsing info during refresh. "On-the-fly" syntax checking information may be incorrect. [C:\Users\C27Soren.Herzog\ece383\Herzog_ece383_wksp\lab2\Lab _2.srcs\sources_1\imports\Lab2_OLED\oled_init.vhd:]
WARNING: [filemgmt 56-199] Attempt to get parsing info during refresh. "On-the-fly" syntax checking information may be incorrect. [C:\Users\C27Soren.Herzog\ece383\Herzog_ece383_wksp\lab2\Lab _2.srcs\sources_1\imports\Lab2_OLED\spi_ctrl.vhd:]
WARNING: [filemgmt 56-199] Attempt to get parsing info during refresh. "On-the-fly" syntax checking information may be incorrect. [C:\Users\C27Soren.Herzog\ece383\Herzog_ece383_wksp\lab2\Lab _2.srcs\sources_1\imports\imports\new\counter.vhd:]
WARNING: [filemgmt 56-199] Attempt to get parsing info during refresh. "On-the-fly" syntax checking information may be incorrect. [C:\Users\C27Soren.Herzog\ece383\Herzog_ece383_wksp\lab2\Lab _2.srcs\sources_1\imports\Lab2_OLED\oled_ex.vhd:]
WARNING: [filemgmt 56-199] Attempt to get parsing info during refresh. "On-the-fly" syntax checking information may be incorrect. [C:\Users\C27Soren.Herzog\ece383\Herzog_ece383_wksp\lab2\Lab _2.srcs\sources_1\imports\C27Soren.Herzog\OneDrive - afacademy.af.edu\Documents\Schoolwork Sem6 2026 Spring\M1 - ECE 383 CSYS\Lab\Lab 2\lab2_code_for_cadets_2026\lab2.vhd:]
WARNING: [filemgmt 56-199] Attempt to get parsing info during refresh. "On-the-fly" syntax checking information may be incorrect. [C:\Users\C27Soren.Herzog\ece383\Herzog_ece383_wksp\lab2\Lab _2.srcs\sources_1\imports\Lab2_OLED\Lab2_OLED.vhd:]
WARNING: [filemgmt 56-199] Attempt to get parsing info during refresh. "On-the-fly" syntax checking information may be incorrect. [C:\Users\C27Soren.Herzog\ece383\Herzog_ece383_wksp\lab2\Lab _2.srcs\sources_1\imports\C27Soren.Herzog\OneDrive - afacademy.af.edu\Documents\Schoolwork Sem6 2026 Spring\M1 - ECE 383 CSYS\Lab\Lab 2\lab2_code_for_cadets_2026\lab2_datapath.vhdl:]
WARNING: [filemgmt 56-199] Attempt to get parsing info during refresh. "On-the-fly" syntax checking information may be incorrect. [C:\Users\C27Soren.Herzog\ece383\Herzog_ece383_wksp\lab2\Lab _2.srcs\sources_1\imports\Lab2_OLED\oled_init.vhd:]
WARNING: [filemgmt 56-199] Attempt to get parsing info during refresh. "On-the-fly" syntax checking information may be incorrect. [C:\Users\C27Soren.Herzog\ece383\Herzog_ece383_wksp\lab2\Lab _2.srcs\sources_1\imports\Lab2_OLED\oled_init.vhd:]
WARNING: [filemgmt 56-199] Attempt to get parsing info during refresh. "On-the-fly" syntax checking information may be incorrect. [C:\Users\C27Soren.Herzog\ece383\Herzog_ece383_wksp\lab2\Lab _2.srcs\sources_1\imports\C27Soren.Herzog\OneDrive - afacademy.af.edu\Documents\Schoolwork Sem6 2026 Spring\M1 - ECE 383 CSYS\Lab\Lab 2\lab2_code_for_cadets_2026\ece383_pkg.vhd:]
WARNING: [filemgmt 56-199] Attempt to get parsing info during refresh. "On-the-fly" syntax checking information may be incorrect. [C:\Users\C27Soren.Herzog\ece383\Herzog_ece383_wksp\lab2\Lab _2.srcs\sources_1\imports\Lab2_OLED\oled_init.vhd:]
WARNING: [filemgmt 56-199] Attempt to get parsing info during refresh. "On-the-fly" syntax checking information may be incorrect. [C:\Users\C27Soren.Herzog\ece383\Herzog_ece383_wksp\lab2\Lab _2.srcs\sources_1\imports\Lab2_OLED\spi_ctrl.vhd:]
WARNING: [filemgmt 56-199] Attempt to get parsing info during refresh. "On-the-fly" syntax checking information may be incorrect. [C:\Users\C27Soren.Herzog\ece383\Herzog_ece383_wksp\lab2\Lab _2.srcs\sources_1\imports\imports\new\counter.vhd:]
WARNING: [filemgmt 56-199] Attempt to get parsing info during refresh. "On-the-fly" syntax checking information may be incorrect. [C:\Users\C27Soren.Herzog\ece383\Herzog_ece383_wksp\lab2\Lab _2.srcs\sources_1\imports\Lab2_OLED\oled_ex.vhd:]
WARNING: [filemgmt 56-199] Attempt to get parsing info during refresh. "On-the-fly" syntax checking information may be incorrect. [C:\Users\C27Soren.Herzog\ece383\Herzog_ece383_wksp\lab2\Lab _2.srcs\sources_1\imports\C27Soren.Herzog\OneDrive - afacademy.af.edu\Documents\Schoolwork Sem6 2026 Spring\M1 - ECE 383 CSYS\Lab\Lab 2\lab2_code_for_cadets_2026\lab2.vhd:]
WARNING: [filemgmt 56-199] Attempt to get parsing info during refresh. "On-the-fly" syntax checking information may be incorrect. [C:\Users\C27Soren.Herzog\ece383\Herzog_ece383_wksp\lab2\Lab _2.srcs\sources_1\imports\Lab2_OLED\Lab2_OLED.vhd:]
WARNING: [filemgmt 56-199] Attempt to get parsing info during refresh. "On-the-fly" syntax checking information may be incorrect. [C:\Users\C27Soren.Herzog\ece383\Herzog_ece383_wksp\lab2\Lab _2.srcs\sources_1\imports\C27Soren.Herzog\OneDrive - afacademy.af.edu\Documents\Schoolwork Sem6 2026 Spring\M1 - ECE 383 CSYS\Lab\Lab 2\lab2_code_for_cadets_2026\lab2_datapath.vhdl:]
WARNING: [filemgmt 56-199] Attempt to get parsing info during refresh. "On-the-fly" syntax checking information may be incorrect. [C:\Users\C27Soren.Herzog\ece383\Herzog_ece383_wksp\lab2\Lab _2.srcs\sources_1\imports\Lab2_OLED\Lab2_OLED.vhd:]
WARNING: [filemgmt 56-199] Attempt to get parsing info during refresh. "On-the-fly" syntax checking information may be incorrect. [C:\Users\C27Soren.Herzog\ece383\Herzog_ece383_wksp\lab2\Lab _2.srcs\sources_1\imports\Lab2_OLED\Lab2_OLED.vhd:]
WARNING: [filemgmt 56-199] Attempt to get parsing info during refresh. "On-the-fly" syntax checking information may be incorrect. [C:\Users\C27Soren.Herzog\ece383\Herzog_ece383_wksp\lab2\Lab _2.srcs\sources_1\imports\C27Soren.Herzog\OneDrive - afacademy.af.edu\Documents\Schoolwork Sem6 2026 Spring\M1 - ECE 383 CSYS\Lab\Lab 2\lab2_code_for_cadets_2026\ece383_pkg.vhd:]
WARNING: [filemgmt 56-199] Attempt to get parsing info during refresh. "On-the-fly" syntax checking information may be incorrect. [C:\Users\C27Soren.Herzog\ece383\Herzog_ece383_wksp\lab2\Lab _2.srcs\sources_1\imports\Lab2_OLED\oled_init.vhd:]
WARNING: [filemgmt 56-199] Attempt to get parsing info during refresh. "On-the-fly" syntax checking information may be incorrect. [C:\Users\C27Soren.Herzog\ece383\Herzog_ece383_wksp\lab2\Lab _2.srcs\sources_1\imports\Lab2_OLED\spi_ctrl.vhd:]
WARNING: [filemgmt 56-199] Attempt to get parsing info during refresh. "On-the-fly" syntax checking information may be incorrect. [C:\Users\C27Soren.Herzog\ece383\Herzog_ece383_wksp\lab2\Lab _2.srcs\sources_1\imports\imports\new\counter.vhd:]
WARNING: [filemgmt 56-199] Attempt to get parsing info during refresh. "On-the-fly" syntax checking information may be incorrect. [C:\Users\C27Soren.Herzog\ece383\Herzog_ece383_wksp\lab2\Lab _2.srcs\sources_1\imports\Lab2_OLED\oled_ex.vhd:]
WARNING: [filemgmt 56-199] Attempt to get parsing info during refresh. "On-the-fly" syntax checking information may be incorrect. [C:\Users\C27Soren.Herzog\ece383\Herzog_ece383_wksp\lab2\Lab _2.srcs\sources_1\imports\C27Soren.Herzog\OneDrive - afacademy.af.edu\Documents\Schoolwork Sem6 2026 Spring\M1 - ECE 383 CSYS\Lab\Lab 2\lab2_code_for_cadets_2026\lab2.vhd:]
WARNING: [filemgmt 56-199] Attempt to get parsing info during refresh. "On-the-fly" syntax checking information may be incorrect. [C:\Users\C27Soren.Herzog\ece383\Herzog_ece383_wksp\lab2\Lab _2.srcs\sources_1\imports\Lab2_OLED\Lab2_OLED.vhd:]
WARNING: [filemgmt 56-199] Attempt to get parsing info during refresh. "On-the-fly" syntax checking information may be incorrect. [C:\Users\C27Soren.Herzog\ece383\Herzog_ece383_wksp\lab2\Lab _2.srcs\sources_1\imports\C27Soren.Herzog\OneDrive - afacademy.af.edu\Documents\Schoolwork Sem6 2026 Spring\M1 - ECE 383 CSYS\Lab\Lab 2\lab2_code_for_cadets_2026\lab2_datapath.vhdl:]
WARNING: [filemgmt 56-199] Attempt to get parsing info during refresh. "On-the-fly" syntax checking information may be incorrect. [C:\Users\C27Soren.Herzog\ece383\Herzog_ece383_wksp\lab2\Lab _2.srcs\sources_1\imports\Lab2_OLED\oled_ex.vhd:]
WARNING: [filemgmt 56-199] Attempt to get parsing info during refresh. "On-the-fly" syntax checking information may be incorrect. [C:\Users\C27Soren.Herzog\ece383\Herzog_ece383_wksp\lab2\Lab _2.srcs\sources_1\imports\Lab2_OLED\oled_ex.vhd:]
ERROR: [Common 17-180] Spawn failed: No error
WARNING: [filemgmt 56-199] Attempt to get parsing info during refresh. "On-the-fly" syntax checking information may be incorrect. [C:\Users\C27Soren.Herzog\ece383\Herzog_ece383_wksp\lab2\Lab _2.srcs\sources_1\imports\C27Soren.Herzog\OneDrive - afacademy.af.edu\Documents\Schoolwork Sem6 2026 Spring\M1 - ECE 383 CSYS\Lab\Lab 2\lab2_code_for_cadets_2026\ece383_pkg.vhd:]
WARNING: [filemgmt 56-199] Attempt to get parsing info during refresh. "On-the-fly" syntax checking information may be incorrect. [C:\Users\C27Soren.Herzog\ece383\Herzog_ece383_wksp\lab2\Lab _2.srcs\sources_1\imports\Lab2_OLED\oled_init.vhd:]
WARNING: [filemgmt 56-199] Attempt to get parsing info during refresh. "On-the-fly" syntax checking information may be incorrect. [C:\Users\C27Soren.Herzog\ece383\Herzog_ece383_wksp\lab2\Lab _2.srcs\sources_1\imports\Lab2_OLED\spi_ctrl.vhd:]
WARNING: [filemgmt 56-199] Attempt to get parsing info during refresh. "On-the-fly" syntax checking information may be incorrect. [C:\Users\C27Soren.Herzog\ece383\Herzog_ece383_wksp\lab2\Lab _2.srcs\sources_1\imports\imports\new\counter.vhd:]
WARNING: [filemgmt 56-199] Attempt to get parsing info during refresh. "On-the-fly" syntax checking information may be incorrect. [C:\Users\C27Soren.Herzog\ece383\Herzog_ece383_wksp\lab2\Lab _2.srcs\sources_1\imports\Lab2_OLED\oled_ex.vhd:]
WARNING: [filemgmt 56-199] Attempt to get parsing info during refresh. "On-the-fly" syntax checking information may be incorrect. [C:\Users\C27Soren.Herzog\ece383\Herzog_ece383_wksp\lab2\Lab _2.srcs\sources_1\imports\C27Soren.Herzog\OneDrive - afacademy.af.edu\Documents\Schoolwork Sem6 2026 Spring\M1 - ECE 383 CSYS\Lab\Lab 2\lab2_code_for_cadets_2026\lab2.vhd:]
WARNING: [filemgmt 56-199] Attempt to get parsing info during refresh. "On-the-fly" syntax checking information may be incorrect. [C:\Users\C27Soren.Herzog\ece383\Herzog_ece383_wksp\lab2\Lab _2.srcs\sources_1\imports\Lab2_OLED\Lab2_OLED.vhd:]
WARNING: [filemgmt 56-199] Attempt to get parsing info during refresh. "On-the-fly" syntax checking information may be incorrect. [C:\Users\C27Soren.Herzog\ece383\Herzog_ece383_wksp\lab2\Lab _2.srcs\sources_1\imports\C27Soren.Herzog\OneDrive - afacademy.af.edu\Documents\Schoolwork Sem6 2026 Spring\M1 - ECE 383 CSYS\Lab\Lab 2\lab2_code_for_cadets_2026\lab2_datapath.vhdl:]
WARNING: [filemgmt 56-199] Attempt to get parsing info during refresh. "On-the-fly" syntax checking information may be incorrect. [C:\Users\C27Soren.Herzog\ece383\Herzog_ece383_wksp\lab2\Lab _2.srcs\sources_1\imports\C27Soren.Herzog\OneDrive - afacademy.af.edu\Documents\Schoolwork Sem6 2026 Spring\M1 - ECE 383 CSYS\Lab\Lab 2\lab2_code_for_cadets_2026\lab2.vhd:]
WARNING: [filemgmt 56-199] Attempt to get parsing info during refresh. "On-the-fly" syntax checking information may be incorrect. [C:\Users\C27Soren.Herzog\ece383\Herzog_ece383_wksp\lab2\Lab _2.srcs\sources_1\imports\C27Soren.Herzog\OneDrive - afacademy.af.edu\Documents\Schoolwork Sem6 2026 Spring\M1 - ECE 383 CSYS\Lab\Lab 2\lab2_code_for_cadets_2026\lab2.vhd:]
ERROR: [Common 17-180] Spawn failed: No error
ERROR: [Common 17-180] Spawn failed: No error
WARNING: [filemgmt 56-199] Attempt to get parsing info during refresh. "On-the-fly" syntax checking information may be incorrect. [C:\Users\C27Soren.Herzog\ece383\Herzog_ece383_wksp\lab2\Lab _2.srcs\sources_1\imports\C27Soren.Herzog\OneDrive - afacademy.af.edu\Documents\Schoolwork Sem6 2026 Spring\M1 - ECE 383 CSYS\Lab\Lab 2\lab2_code_for_cadets_2026\ece383_pkg.vhd:]
WARNING: [filemgmt 56-199] Attempt to get parsing info during refresh. "On-the-fly" syntax checking information may be incorrect. [C:\Users\C27Soren.Herzog\ece383\Herzog_ece383_wksp\lab2\Lab _2.srcs\sources_1\imports\Lab2_OLED\oled_init.vhd:]
WARNING: [filemgmt 56-199] Attempt to get parsing info during refresh. "On-the-fly" syntax checking information may be incorrect. [C:\Users\C27Soren.Herzog\ece383\Herzog_ece383_wksp\lab2\Lab _2.srcs\sources_1\imports\Lab2_OLED\spi_ctrl.vhd:]
WARNING: [filemgmt 56-199] Attempt to get parsing info during refresh. "On-the-fly" syntax checking information may be incorrect. [C:\Users\C27Soren.Herzog\ece383\Herzog_ece383_wksp\lab2\Lab _2.srcs\sources_1\imports\imports\new\counter.vhd:]
WARNING: [filemgmt 56-199] Attempt to get parsing info during refresh. "On-the-fly" syntax checking information may be incorrect. [C:\Users\C27Soren.Herzog\ece383\Herzog_ece383_wksp\lab2\Lab _2.srcs\sources_1\imports\Lab2_OLED\oled_ex.vhd:]
WARNING: [filemgmt 56-199] Attempt to get parsing info during refresh. "On-the-fly" syntax checking information may be incorrect. [C:\Users\C27Soren.Herzog\ece383\Herzog_ece383_wksp\lab2\Lab _2.srcs\sources_1\imports\C27Soren.Herzog\OneDrive - afacademy.af.edu\Documents\Schoolwork Sem6 2026 Spring\M1 - ECE 383 CSYS\Lab\Lab 2\lab2_code_for_cadets_2026\lab2.vhd:]
WARNING: [filemgmt 56-199] Attempt to get parsing info during refresh. "On-the-fly" syntax checking information may be incorrect. [C:\Users\C27Soren.Herzog\ece383\Herzog_ece383_wksp\lab2\Lab _2.srcs\sources_1\imports\Lab2_OLED\Lab2_OLED.vhd:]
WARNING: [filemgmt 56-199] Attempt to get parsing info during refresh. "On-the-fly" syntax checking information may be incorrect. [C:\Users\C27Soren.Herzog\ece383\Herzog_ece383_wksp\lab2\Lab _2.srcs\sources_1\imports\C27Soren.Herzog\OneDrive - afacademy.af.edu\Documents\Schoolwork Sem6 2026 Spring\M1 - ECE 383 CSYS\Lab\Lab 2\lab2_code_for_cadets_2026\lab2_datapath.vhdl:]
WARNING: [filemgmt 56-199] Attempt to get parsing info during refresh. "On-the-fly" syntax checking information may be incorrect. [C:\Users\C27Soren.Herzog\ece383\Herzog_ece383_wksp\lab2\Lab _2.srcs\sources_1\imports\Lab2_OLED\spi_ctrl.vhd:]
WARNING: [filemgmt 56-199] Attempt to get parsing info during refresh. "On-the-fly" syntax checking information may be incorrect. [C:\Users\C27Soren.Herzog\ece383\Herzog_ece383_wksp\lab2\Lab _2.srcs\sources_1\imports\Lab2_OLED\spi_ctrl.vhd:]
INFO: [Common 17-14] Message 'filemgmt 56-199' appears 100 times and further instances of the messages will be disabled. Use the Tcl command set_msg_config to change the current settings.
ERROR: [Common 17-180] Spawn failed: No error
launch_runs impl_1 -to_step write_bitstream -jobs 8
ERROR: [Common 17-180] Spawn failed: No error
ERROR: [Common 17-180] Spawn failed: No error
ERROR: [Common 17-180] Spawn failed: No error
INFO: [Vivado 12-4149] The synthesis checkpoint for IP 'C:/Users/C27Soren.Herzog/ece383/Herzog_ece383_wksp/lab2/Lab _2.srcs/sources_1/ip/clk_wiz_0/clk_wiz_0.xci' is already up-to-date
ERROR: [Vivado 12-4756] Launch of runs aborted due to earlier errors while preparing sub-designs for run execution.
launch_runs impl_1 -to_step write_bitstream -jobs 8
INFO: [Vivado 12-4149] The synthesis checkpoint for IP 'C:/Users/C27Soren.Herzog/ece383/Herzog_ece383_wksp/lab2/Lab _2.srcs/sources_1/ip/clk_wiz_0/clk_wiz_0.xci' is already up-to-date
[Thu Feb 12 08:58:55 2026] Launched synth_1...
Run output will be captured here: C:/Users/C27Soren.Herzog/ece383/Herzog_ece383_wksp/lab2/Lab _2.runs/synth_1/runme.log
[Thu Feb 12 08:58:55 2026] Launched impl_1...
Run output will be captured here: C:/Users/C27Soren.Herzog/ece383/Herzog_ece383_wksp/lab2/Lab _2.runs/impl_1/runme.log
INFO: [Labtoolstcl 44-466] Opening hw_target localhost:3121/xilinx_tcf/Digilent/210276B7D0EDB
INFO: [Labtools 27-1434] Device xc7a200t (JTAG device index = 0) is programmed with a design that has no supported debug core(s) in it.
WARNING: [Labtoolstcl 44-129] No matching hw_ila_data was found.
set_property PROBES.FILE {} [get_hw_devices xc7a200t_0]
set_property FULL_PROBES.FILE {} [get_hw_devices xc7a200t_0]
set_property PROGRAM.FILE {C:/Users/C27Soren.Herzog/ece383/Herzog_ece383_wksp/lab2/Lab _2.runs/impl_1/lab2.bit} [get_hw_devices xc7a200t_0]
program_hw_devices [get_hw_devices xc7a200t_0]
INFO: [Labtools 27-3164] End of startup status: HIGH
program_hw_devices: Time (s): cpu = 00:00:04 ; elapsed = 00:00:06 . Memory (MB): peak = 1289.422 ; gain = 0.000
refresh_hw_device [lindex [get_hw_devices xc7a200t_0] 0]
INFO: [Labtools 27-1434] Device xc7a200t (JTAG device index = 0) is programmed with a design that has no supported debug core(s) in it.
WARNING: [filemgmt 56-199] Attempt to get parsing info during refresh. "On-the-fly" syntax checking information may be incorrect. [C:\Users\C27Soren.Herzog\ece383\Herzog_ece383_wksp\lab2\Lab _2.srcs\sources_1\imports\C27Soren.Herzog\OneDrive - afacademy.af.edu\Documents\Schoolwork Sem6 2026 Spring\M1 - ECE 383 CSYS\Lab\Lab 2\lab2_code_for_cadets_2026\ece383_pkg.vhd:]
WARNING: [filemgmt 56-199] Attempt to get parsing info during refresh. "On-the-fly" syntax checking information may be incorrect. [C:\Users\C27Soren.Herzog\ece383\Herzog_ece383_wksp\lab2\Lab _2.srcs\sources_1\imports\Lab2_OLED\oled_init.vhd:]
WARNING: [filemgmt 56-199] Attempt to get parsing info during refresh. "On-the-fly" syntax checking information may be incorrect. [C:\Users\C27Soren.Herzog\ece383\Herzog_ece383_wksp\lab2\Lab _2.srcs\sources_1\imports\Lab2_OLED\spi_ctrl.vhd:]
WARNING: [filemgmt 56-199] Attempt to get parsing info during refresh. "On-the-fly" syntax checking information may be incorrect. [C:\Users\C27Soren.Herzog\ece383\Herzog_ece383_wksp\lab2\Lab _2.srcs\sources_1\imports\imports\new\counter.vhd:]
WARNING: [filemgmt 56-199] Attempt to get parsing info during refresh. "On-the-fly" syntax checking information may be incorrect. [C:\Users\C27Soren.Herzog\ece383\Herzog_ece383_wksp\lab2\Lab _2.srcs\sources_1\imports\Lab2_OLED\oled_ex.vhd:]
WARNING: [filemgmt 56-199] Attempt to get parsing info during refresh. "On-the-fly" syntax checking information may be incorrect. [C:\Users\C27Soren.Herzog\ece383\Herzog_ece383_wksp\lab2\Lab _2.srcs\sources_1\imports\C27Soren.Herzog\OneDrive - afacademy.af.edu\Documents\Schoolwork Sem6 2026 Spring\M1 - ECE 383 CSYS\Lab\Lab 2\lab2_code_for_cadets_2026\lab2.vhd:]
WARNING: [filemgmt 56-199] Attempt to get parsing info during refresh. "On-the-fly" syntax checking information may be incorrect. [C:\Users\C27Soren.Herzog\ece383\Herzog_ece383_wksp\lab2\Lab _2.srcs\sources_1\imports\Lab2_OLED\Lab2_OLED.vhd:]
WARNING: [filemgmt 56-199] Attempt to get parsing info during refresh. "On-the-fly" syntax checking information may be incorrect. [C:\Users\C27Soren.Herzog\ece383\Herzog_ece383_wksp\lab2\Lab _2.srcs\sources_1\imports\C27Soren.Herzog\OneDrive - afacademy.af.edu\Documents\Schoolwork Sem6 2026 Spring\M1 - ECE 383 CSYS\Lab\Lab 2\lab2_code_for_cadets_2026\lab2_datapath.vhdl:]
WARNING: [filemgmt 56-199] Attempt to get parsing info during refresh. "On-the-fly" syntax checking information may be incorrect. [C:\Users\C27Soren.Herzog\ece383\Herzog_ece383_wksp\lab2\Lab _2.srcs\sources_1\imports\C27Soren.Herzog\OneDrive - afacademy.af.edu\Documents\Schoolwork Sem6 2026 Spring\M1 - ECE 383 CSYS\Lab\Lab 2\lab2_code_for_cadets_2026\ece383_pkg.vhd:]
WARNING: [filemgmt 56-199] Attempt to get parsing info during refresh. "On-the-fly" syntax checking information may be incorrect. [C:\Users\C27Soren.Herzog\ece383\Herzog_ece383_wksp\lab2\Lab _2.srcs\sources_1\imports\C27Soren.Herzog\OneDrive - afacademy.af.edu\Documents\Schoolwork Sem6 2026 Spring\M1 - ECE 383 CSYS\Lab\Lab 2\lab2_code_for_cadets_2026\ece383_pkg.vhd:]
WARNING: [filemgmt 56-199] Attempt to get parsing info during refresh. "On-the-fly" syntax checking information may be incorrect. [C:\Users\C27Soren.Herzog\ece383\Herzog_ece383_wksp\lab2\Lab _2.srcs\sources_1\imports\C27Soren.Herzog\OneDrive - afacademy.af.edu\Documents\Schoolwork Sem6 2026 Spring\M1 - ECE 383 CSYS\Lab\Lab 2\lab2_code_for_cadets_2026\ece383_pkg.vhd:]
WARNING: [filemgmt 56-199] Attempt to get parsing info during refresh. "On-the-fly" syntax checking information may be incorrect. [C:\Users\C27Soren.Herzog\ece383\Herzog_ece383_wksp\lab2\Lab _2.srcs\sources_1\imports\Lab2_OLED\oled_init.vhd:]
WARNING: [filemgmt 56-199] Attempt to get parsing info during refresh. "On-the-fly" syntax checking information may be incorrect. [C:\Users\C27Soren.Herzog\ece383\Herzog_ece383_wksp\lab2\Lab _2.srcs\sources_1\imports\Lab2_OLED\spi_ctrl.vhd:]
WARNING: [filemgmt 56-199] Attempt to get parsing info during refresh. "On-the-fly" syntax checking information may be incorrect. [C:\Users\C27Soren.Herzog\ece383\Herzog_ece383_wksp\lab2\Lab _2.srcs\sources_1\imports\imports\new\counter.vhd:]
WARNING: [filemgmt 56-199] Attempt to get parsing info during refresh. "On-the-fly" syntax checking information may be incorrect. [C:\Users\C27Soren.Herzog\ece383\Herzog_ece383_wksp\lab2\Lab _2.srcs\sources_1\imports\Lab2_OLED\oled_ex.vhd:]
WARNING: [filemgmt 56-199] Attempt to get parsing info during refresh. "On-the-fly" syntax checking information may be incorrect. [C:\Users\C27Soren.Herzog\ece383\Herzog_ece383_wksp\lab2\Lab _2.srcs\sources_1\imports\C27Soren.Herzog\OneDrive - afacademy.af.edu\Documents\Schoolwork Sem6 2026 Spring\M1 - ECE 383 CSYS\Lab\Lab 2\lab2_code_for_cadets_2026\lab2.vhd:]
WARNING: [filemgmt 56-199] Attempt to get parsing info during refresh. "On-the-fly" syntax checking information may be incorrect. [C:\Users\C27Soren.Herzog\ece383\Herzog_ece383_wksp\lab2\Lab _2.srcs\sources_1\imports\Lab2_OLED\Lab2_OLED.vhd:]
WARNING: [filemgmt 56-199] Attempt to get parsing info during refresh. "On-the-fly" syntax checking information may be incorrect. [C:\Users\C27Soren.Herzog\ece383\Herzog_ece383_wksp\lab2\Lab _2.srcs\sources_1\imports\C27Soren.Herzog\OneDrive - afacademy.af.edu\Documents\Schoolwork Sem6 2026 Spring\M1 - ECE 383 CSYS\Lab\Lab 2\lab2_code_for_cadets_2026\lab2_datapath.vhdl:]
WARNING: [filemgmt 56-199] Attempt to get parsing info during refresh. "On-the-fly" syntax checking information may be incorrect. [C:\Users\C27Soren.Herzog\ece383\Herzog_ece383_wksp\lab2\Lab _2.srcs\sources_1\imports\Lab2_OLED\oled_ex.vhd:]
WARNING: [filemgmt 56-199] Attempt to get parsing info during refresh. "On-the-fly" syntax checking information may be incorrect. [C:\Users\C27Soren.Herzog\ece383\Herzog_ece383_wksp\lab2\Lab _2.srcs\sources_1\imports\Lab2_OLED\oled_ex.vhd:]
WARNING: [filemgmt 56-199] Attempt to get parsing info during refresh. "On-the-fly" syntax checking information may be incorrect. [C:\Users\C27Soren.Herzog\ece383\Herzog_ece383_wksp\lab2\Lab _2.srcs\sources_1\imports\C27Soren.Herzog\OneDrive - afacademy.af.edu\Documents\Schoolwork Sem6 2026 Spring\M1 - ECE 383 CSYS\Lab\Lab 2\lab2_code_for_cadets_2026\ece383_pkg.vhd:]
WARNING: [filemgmt 56-199] Attempt to get parsing info during refresh. "On-the-fly" syntax checking information may be incorrect. [C:\Users\C27Soren.Herzog\ece383\Herzog_ece383_wksp\lab2\Lab _2.srcs\sources_1\imports\Lab2_OLED\oled_init.vhd:]
WARNING: [filemgmt 56-199] Attempt to get parsing info during refresh. "On-the-fly" syntax checking information may be incorrect. [C:\Users\C27Soren.Herzog\ece383\Herzog_ece383_wksp\lab2\Lab _2.srcs\sources_1\imports\Lab2_OLED\spi_ctrl.vhd:]
WARNING: [filemgmt 56-199] Attempt to get parsing info during refresh. "On-the-fly" syntax checking information may be incorrect. [C:\Users\C27Soren.Herzog\ece383\Herzog_ece383_wksp\lab2\Lab _2.srcs\sources_1\imports\imports\new\counter.vhd:]
WARNING: [filemgmt 56-199] Attempt to get parsing info during refresh. "On-the-fly" syntax checking information may be incorrect. [C:\Users\C27Soren.Herzog\ece383\Herzog_ece383_wksp\lab2\Lab _2.srcs\sources_1\imports\Lab2_OLED\oled_ex.vhd:]
WARNING: [filemgmt 56-199] Attempt to get parsing info during refresh. "On-the-fly" syntax checking information may be incorrect. [C:\Users\C27Soren.Herzog\ece383\Herzog_ece383_wksp\lab2\Lab _2.srcs\sources_1\imports\C27Soren.Herzog\OneDrive - afacademy.af.edu\Documents\Schoolwork Sem6 2026 Spring\M1 - ECE 383 CSYS\Lab\Lab 2\lab2_code_for_cadets_2026\lab2.vhd:]
WARNING: [filemgmt 56-199] Attempt to get parsing info during refresh. "On-the-fly" syntax checking information may be incorrect. [C:\Users\C27Soren.Herzog\ece383\Herzog_ece383_wksp\lab2\Lab _2.srcs\sources_1\imports\Lab2_OLED\Lab2_OLED.vhd:]
WARNING: [filemgmt 56-199] Attempt to get parsing info during refresh. "On-the-fly" syntax checking information may be incorrect. [C:\Users\C27Soren.Herzog\ece383\Herzog_ece383_wksp\lab2\Lab _2.srcs\sources_1\imports\C27Soren.Herzog\OneDrive - afacademy.af.edu\Documents\Schoolwork Sem6 2026 Spring\M1 - ECE 383 CSYS\Lab\Lab 2\lab2_code_for_cadets_2026\lab2_datapath.vhdl:]
WARNING: [filemgmt 56-199] Attempt to get parsing info during refresh. "On-the-fly" syntax checking information may be incorrect. [C:\Users\C27Soren.Herzog\ece383\Herzog_ece383_wksp\lab2\Lab _2.srcs\sources_1\imports\Lab2_OLED\oled_init.vhd:]
WARNING: [filemgmt 56-199] Attempt to get parsing info during refresh. "On-the-fly" syntax checking information may be incorrect. [C:\Users\C27Soren.Herzog\ece383\Herzog_ece383_wksp\lab2\Lab _2.srcs\sources_1\imports\Lab2_OLED\oled_init.vhd:]
WARNING: [filemgmt 56-199] Attempt to get parsing info during refresh. "On-the-fly" syntax checking information may be incorrect. [C:\Users\C27Soren.Herzog\ece383\Herzog_ece383_wksp\lab2\Lab _2.srcs\sources_1\imports\C27Soren.Herzog\OneDrive - afacademy.af.edu\Documents\Schoolwork Sem6 2026 Spring\M1 - ECE 383 CSYS\Lab\Lab 2\lab2_code_for_cadets_2026\ece383_pkg.vhd:]
WARNING: [filemgmt 56-199] Attempt to get parsing info during refresh. "On-the-fly" syntax checking information may be incorrect. [C:\Users\C27Soren.Herzog\ece383\Herzog_ece383_wksp\lab2\Lab _2.srcs\sources_1\imports\Lab2_OLED\oled_init.vhd:]
WARNING: [filemgmt 56-199] Attempt to get parsing info during refresh. "On-the-fly" syntax checking information may be incorrect. [C:\Users\C27Soren.Herzog\ece383\Herzog_ece383_wksp\lab2\Lab _2.srcs\sources_1\imports\Lab2_OLED\spi_ctrl.vhd:]
WARNING: [filemgmt 56-199] Attempt to get parsing info during refresh. "On-the-fly" syntax checking information may be incorrect. [C:\Users\C27Soren.Herzog\ece383\Herzog_ece383_wksp\lab2\Lab _2.srcs\sources_1\imports\imports\new\counter.vhd:]
WARNING: [filemgmt 56-199] Attempt to get parsing info during refresh. "On-the-fly" syntax checking information may be incorrect. [C:\Users\C27Soren.Herzog\ece383\Herzog_ece383_wksp\lab2\Lab _2.srcs\sources_1\imports\Lab2_OLED\oled_ex.vhd:]
WARNING: [filemgmt 56-199] Attempt to get parsing info during refresh. "On-the-fly" syntax checking information may be incorrect. [C:\Users\C27Soren.Herzog\ece383\Herzog_ece383_wksp\lab2\Lab _2.srcs\sources_1\imports\C27Soren.Herzog\OneDrive - afacademy.af.edu\Documents\Schoolwork Sem6 2026 Spring\M1 - ECE 383 CSYS\Lab\Lab 2\lab2_code_for_cadets_2026\lab2.vhd:]
WARNING: [filemgmt 56-199] Attempt to get parsing info during refresh. "On-the-fly" syntax checking information may be incorrect. [C:\Users\C27Soren.Herzog\ece383\Herzog_ece383_wksp\lab2\Lab _2.srcs\sources_1\imports\Lab2_OLED\Lab2_OLED.vhd:]
WARNING: [filemgmt 56-199] Attempt to get parsing info during refresh. "On-the-fly" syntax checking information may be incorrect. [C:\Users\C27Soren.Herzog\ece383\Herzog_ece383_wksp\lab2\Lab _2.srcs\sources_1\imports\C27Soren.Herzog\OneDrive - afacademy.af.edu\Documents\Schoolwork Sem6 2026 Spring\M1 - ECE 383 CSYS\Lab\Lab 2\lab2_code_for_cadets_2026\lab2_datapath.vhdl:]
WARNING: [filemgmt 56-199] Attempt to get parsing info during refresh. "On-the-fly" syntax checking information may be incorrect. [C:\Users\C27Soren.Herzog\ece383\Herzog_ece383_wksp\lab2\Lab _2.srcs\sources_1\imports\C27Soren.Herzog\OneDrive - afacademy.af.edu\Documents\Schoolwork Sem6 2026 Spring\M1 - ECE 383 CSYS\Lab\Lab 2\lab2_code_for_cadets_2026\lab2.vhd:]
WARNING: [filemgmt 56-199] Attempt to get parsing info during refresh. "On-the-fly" syntax checking information may be incorrect. [C:\Users\C27Soren.Herzog\ece383\Herzog_ece383_wksp\lab2\Lab _2.srcs\sources_1\imports\C27Soren.Herzog\OneDrive - afacademy.af.edu\Documents\Schoolwork Sem6 2026 Spring\M1 - ECE 383 CSYS\Lab\Lab 2\lab2_code_for_cadets_2026\lab2.vhd:]
WARNING: [filemgmt 56-199] Attempt to get parsing info during refresh. "On-the-fly" syntax checking information may be incorrect. [C:\Users\C27Soren.Herzog\ece383\Herzog_ece383_wksp\lab2\Lab _2.srcs\sources_1\imports\C27Soren.Herzog\OneDrive - afacademy.af.edu\Documents\Schoolwork Sem6 2026 Spring\M1 - ECE 383 CSYS\Lab\Lab 2\lab2_code_for_cadets_2026\ece383_pkg.vhd:]
WARNING: [filemgmt 56-199] Attempt to get parsing info during refresh. "On-the-fly" syntax checking information may be incorrect. [C:\Users\C27Soren.Herzog\ece383\Herzog_ece383_wksp\lab2\Lab _2.srcs\sources_1\imports\Lab2_OLED\oled_init.vhd:]
WARNING: [filemgmt 56-199] Attempt to get parsing info during refresh. "On-the-fly" syntax checking information may be incorrect. [C:\Users\C27Soren.Herzog\ece383\Herzog_ece383_wksp\lab2\Lab _2.srcs\sources_1\imports\Lab2_OLED\spi_ctrl.vhd:]
WARNING: [filemgmt 56-199] Attempt to get parsing info during refresh. "On-the-fly" syntax checking information may be incorrect. [C:\Users\C27Soren.Herzog\ece383\Herzog_ece383_wksp\lab2\Lab _2.srcs\sources_1\imports\imports\new\counter.vhd:]
WARNING: [filemgmt 56-199] Attempt to get parsing info during refresh. "On-the-fly" syntax checking information may be incorrect. [C:\Users\C27Soren.Herzog\ece383\Herzog_ece383_wksp\lab2\Lab _2.srcs\sources_1\imports\Lab2_OLED\oled_ex.vhd:]
WARNING: [filemgmt 56-199] Attempt to get parsing info during refresh. "On-the-fly" syntax checking information may be incorrect. [C:\Users\C27Soren.Herzog\ece383\Herzog_ece383_wksp\lab2\Lab _2.srcs\sources_1\imports\C27Soren.Herzog\OneDrive - afacademy.af.edu\Documents\Schoolwork Sem6 2026 Spring\M1 - ECE 383 CSYS\Lab\Lab 2\lab2_code_for_cadets_2026\lab2.vhd:]
WARNING: [filemgmt 56-199] Attempt to get parsing info during refresh. "On-the-fly" syntax checking information may be incorrect. [C:\Users\C27Soren.Herzog\ece383\Herzog_ece383_wksp\lab2\Lab _2.srcs\sources_1\imports\Lab2_OLED\Lab2_OLED.vhd:]
WARNING: [filemgmt 56-199] Attempt to get parsing info during refresh. "On-the-fly" syntax checking information may be incorrect. [C:\Users\C27Soren.Herzog\ece383\Herzog_ece383_wksp\lab2\Lab _2.srcs\sources_1\imports\C27Soren.Herzog\OneDrive - afacademy.af.edu\Documents\Schoolwork Sem6 2026 Spring\M1 - ECE 383 CSYS\Lab\Lab 2\lab2_code_for_cadets_2026\lab2_datapath.vhdl:]
WARNING: [filemgmt 56-199] Attempt to get parsing info during refresh. "On-the-fly" syntax checking information may be incorrect. [C:\Users\C27Soren.Herzog\ece383\Herzog_ece383_wksp\lab2\Lab _2.srcs\sources_1\imports\imports\new\counter.vhd:]
WARNING: [filemgmt 56-199] Attempt to get parsing info during refresh. "On-the-fly" syntax checking information may be incorrect. [C:\Users\C27Soren.Herzog\ece383\Herzog_ece383_wksp\lab2\Lab _2.srcs\sources_1\imports\imports\new\counter.vhd:]
WARNING: [filemgmt 56-199] Attempt to get parsing info during refresh. "On-the-fly" syntax checking information may be incorrect. [C:\Users\C27Soren.Herzog\ece383\Herzog_ece383_wksp\lab2\Lab _2.srcs\sources_1\imports\C27Soren.Herzog\OneDrive - afacademy.af.edu\Documents\Schoolwork Sem6 2026 Spring\M1 - ECE 383 CSYS\Lab\Lab 2\lab2_code_for_cadets_2026\ece383_pkg.vhd:]
WARNING: [filemgmt 56-199] Attempt to get parsing info during refresh. "On-the-fly" syntax checking information may be incorrect. [C:\Users\C27Soren.Herzog\ece383\Herzog_ece383_wksp\lab2\Lab _2.srcs\sources_1\imports\Lab2_OLED\oled_init.vhd:]
WARNING: [filemgmt 56-199] Attempt to get parsing info during refresh. "On-the-fly" syntax checking information may be incorrect. [C:\Users\C27Soren.Herzog\ece383\Herzog_ece383_wksp\lab2\Lab _2.srcs\sources_1\imports\Lab2_OLED\spi_ctrl.vhd:]
WARNING: [filemgmt 56-199] Attempt to get parsing info during refresh. "On-the-fly" syntax checking information may be incorrect. [C:\Users\C27Soren.Herzog\ece383\Herzog_ece383_wksp\lab2\Lab _2.srcs\sources_1\imports\imports\new\counter.vhd:]
WARNING: [filemgmt 56-199] Attempt to get parsing info during refresh. "On-the-fly" syntax checking information may be incorrect. [C:\Users\C27Soren.Herzog\ece383\Herzog_ece383_wksp\lab2\Lab _2.srcs\sources_1\imports\Lab2_OLED\oled_ex.vhd:]
WARNING: [filemgmt 56-199] Attempt to get parsing info during refresh. "On-the-fly" syntax checking information may be incorrect. [C:\Users\C27Soren.Herzog\ece383\Herzog_ece383_wksp\lab2\Lab _2.srcs\sources_1\imports\C27Soren.Herzog\OneDrive - afacademy.af.edu\Documents\Schoolwork Sem6 2026 Spring\M1 - ECE 383 CSYS\Lab\Lab 2\lab2_code_for_cadets_2026\lab2.vhd:]
WARNING: [filemgmt 56-199] Attempt to get parsing info during refresh. "On-the-fly" syntax checking information may be incorrect. [C:\Users\C27Soren.Herzog\ece383\Herzog_ece383_wksp\lab2\Lab _2.srcs\sources_1\imports\Lab2_OLED\Lab2_OLED.vhd:]
WARNING: [filemgmt 56-199] Attempt to get parsing info during refresh. "On-the-fly" syntax checking information may be incorrect. [C:\Users\C27Soren.Herzog\ece383\Herzog_ece383_wksp\lab2\Lab _2.srcs\sources_1\imports\C27Soren.Herzog\OneDrive - afacademy.af.edu\Documents\Schoolwork Sem6 2026 Spring\M1 - ECE 383 CSYS\Lab\Lab 2\lab2_code_for_cadets_2026\lab2_datapath.vhdl:]
WARNING: [filemgmt 56-199] Attempt to get parsing info during refresh. "On-the-fly" syntax checking information may be incorrect. [C:\Users\C27Soren.Herzog\ece383\Herzog_ece383_wksp\lab2\Lab _2.srcs\sources_1\imports\Lab2_OLED\spi_ctrl.vhd:]
WARNING: [filemgmt 56-199] Attempt to get parsing info during refresh. "On-the-fly" syntax checking information may be incorrect. [C:\Users\C27Soren.Herzog\ece383\Herzog_ece383_wksp\lab2\Lab _2.srcs\sources_1\imports\Lab2_OLED\spi_ctrl.vhd:]
WARNING: [filemgmt 56-199] Attempt to get parsing info during refresh. "On-the-fly" syntax checking information may be incorrect. [C:\Users\C27Soren.Herzog\ece383\Herzog_ece383_wksp\lab2\Lab _2.srcs\sources_1\imports\C27Soren.Herzog\OneDrive - afacademy.af.edu\Documents\Schoolwork Sem6 2026 Spring\M1 - ECE 383 CSYS\Lab\Lab 2\lab2_code_for_cadets_2026\ece383_pkg.vhd:]
WARNING: [filemgmt 56-199] Attempt to get parsing info during refresh. "On-the-fly" syntax checking information may be incorrect. [C:\Users\C27Soren.Herzog\ece383\Herzog_ece383_wksp\lab2\Lab _2.srcs\sources_1\imports\Lab2_OLED\oled_init.vhd:]
WARNING: [filemgmt 56-199] Attempt to get parsing info during refresh. "On-the-fly" syntax checking information may be incorrect. [C:\Users\C27Soren.Herzog\ece383\Herzog_ece383_wksp\lab2\Lab _2.srcs\sources_1\imports\Lab2_OLED\spi_ctrl.vhd:]
WARNING: [filemgmt 56-199] Attempt to get parsing info during refresh. "On-the-fly" syntax checking information may be incorrect. [C:\Users\C27Soren.Herzog\ece383\Herzog_ece383_wksp\lab2\Lab _2.srcs\sources_1\imports\imports\new\counter.vhd:]
WARNING: [filemgmt 56-199] Attempt to get parsing info during refresh. "On-the-fly" syntax checking information may be incorrect. [C:\Users\C27Soren.Herzog\ece383\Herzog_ece383_wksp\lab2\Lab _2.srcs\sources_1\imports\Lab2_OLED\oled_ex.vhd:]
WARNING: [filemgmt 56-199] Attempt to get parsing info during refresh. "On-the-fly" syntax checking information may be incorrect. [C:\Users\C27Soren.Herzog\ece383\Herzog_ece383_wksp\lab2\Lab _2.srcs\sources_1\imports\C27Soren.Herzog\OneDrive - afacademy.af.edu\Documents\Schoolwork Sem6 2026 Spring\M1 - ECE 383 CSYS\Lab\Lab 2\lab2_code_for_cadets_2026\lab2.vhd:]
WARNING: [filemgmt 56-199] Attempt to get parsing info during refresh. "On-the-fly" syntax checking information may be incorrect. [C:\Users\C27Soren.Herzog\ece383\Herzog_ece383_wksp\lab2\Lab _2.srcs\sources_1\imports\Lab2_OLED\Lab2_OLED.vhd:]
WARNING: [filemgmt 56-199] Attempt to get parsing info during refresh. "On-the-fly" syntax checking information may be incorrect. [C:\Users\C27Soren.Herzog\ece383\Herzog_ece383_wksp\lab2\Lab _2.srcs\sources_1\imports\C27Soren.Herzog\OneDrive - afacademy.af.edu\Documents\Schoolwork Sem6 2026 Spring\M1 - ECE 383 CSYS\Lab\Lab 2\lab2_code_for_cadets_2026\lab2_datapath.vhdl:]
WARNING: [filemgmt 56-199] Attempt to get parsing info during refresh. "On-the-fly" syntax checking information may be incorrect. [C:\Users\C27Soren.Herzog\ece383\Herzog_ece383_wksp\lab2\Lab _2.srcs\sources_1\imports\Lab2_OLED\Lab2_OLED.vhd:]
WARNING: [filemgmt 56-199] Attempt to get parsing info during refresh. "On-the-fly" syntax checking information may be incorrect. [C:\Users\C27Soren.Herzog\ece383\Herzog_ece383_wksp\lab2\Lab _2.srcs\sources_1\imports\Lab2_OLED\Lab2_OLED.vhd:]
set_property PROBES.FILE {} [get_hw_devices xc7a200t_0]
set_property FULL_PROBES.FILE {} [get_hw_devices xc7a200t_0]
set_property PROGRAM.FILE {C:/Users/C27Soren.Herzog/ece383/Herzog_ece383_wksp/lab2/Lab _2.runs/impl_1/lab2.bit} [get_hw_devices xc7a200t_0]
program_hw_devices [get_hw_devices xc7a200t_0]
INFO: [Labtools 27-3164] End of startup status: HIGH
program_hw_devices: Time (s): cpu = 00:00:05 ; elapsed = 00:00:06 . Memory (MB): peak = 1289.422 ; gain = 0.000
refresh_hw_device [lindex [get_hw_devices xc7a200t_0] 0]
INFO: [Labtools 27-1434] Device xc7a200t (JTAG device index = 0) is programmed with a design that has no supported debug core(s) in it.
WARNING: [filemgmt 56-199] Attempt to get parsing info during refresh. "On-the-fly" syntax checking information may be incorrect. [C:\Users\C27Soren.Herzog\ece383\Herzog_ece383_wksp\lab2\Lab _2.srcs\sources_1\imports\C27Soren.Herzog\OneDrive - afacademy.af.edu\Documents\Schoolwork Sem6 2026 Spring\M1 - ECE 383 CSYS\Lab\Lab 2\lab2_code_for_cadets_2026\ece383_pkg.vhd:]
WARNING: [filemgmt 56-199] Attempt to get parsing info during refresh. "On-the-fly" syntax checking information may be incorrect. [C:\Users\C27Soren.Herzog\ece383\Herzog_ece383_wksp\lab2\Lab _2.srcs\sources_1\imports\Lab2_OLED\oled_init.vhd:]
WARNING: [filemgmt 56-199] Attempt to get parsing info during refresh. "On-the-fly" syntax checking information may be incorrect. [C:\Users\C27Soren.Herzog\ece383\Herzog_ece383_wksp\lab2\Lab _2.srcs\sources_1\imports\Lab2_OLED\spi_ctrl.vhd:]
WARNING: [filemgmt 56-199] Attempt to get parsing info during refresh. "On-the-fly" syntax checking information may be incorrect. [C:\Users\C27Soren.Herzog\ece383\Herzog_ece383_wksp\lab2\Lab _2.srcs\sources_1\imports\imports\new\counter.vhd:]
WARNING: [filemgmt 56-199] Attempt to get parsing info during refresh. "On-the-fly" syntax checking information may be incorrect. [C:\Users\C27Soren.Herzog\ece383\Herzog_ece383_wksp\lab2\Lab _2.srcs\sources_1\imports\C27Soren.Herzog\ece383\Herzog_ece383_wksp\lab1\Lab1-Herzog.srcs\sources_1\imports\Lab1_Cadet_Code_2026\color_mapper.vhd:]
WARNING: [filemgmt 56-199] Attempt to get parsing info during refresh. "On-the-fly" syntax checking information may be incorrect. [C:\Users\C27Soren.Herzog\ece383\Herzog_ece383_wksp\lab2\Lab _2.srcs\sources_1\imports\Lab2_OLED\oled_ex.vhd:]
WARNING: [filemgmt 56-199] Attempt to get parsing info during refresh. "On-the-fly" syntax checking information may be incorrect. [C:\Users\C27Soren.Herzog\ece383\Herzog_ece383_wksp\lab2\Lab _2.srcs\sources_1\imports\C27Soren.Herzog\OneDrive - afacademy.af.edu\Documents\Schoolwork Sem6 2026 Spring\M1 - ECE 383 CSYS\Lab\Lab 2\lab2_code_for_cadets_2026\lab2.vhd:]
WARNING: [filemgmt 56-199] Attempt to get parsing info during refresh. "On-the-fly" syntax checking information may be incorrect. [C:\Users\C27Soren.Herzog\ece383\Herzog_ece383_wksp\lab2\Lab _2.srcs\sources_1\imports\Lab2_OLED\Lab2_OLED.vhd:]
WARNING: [filemgmt 56-199] Attempt to get parsing info during refresh. "On-the-fly" syntax checking information may be incorrect. [C:\Users\C27Soren.Herzog\ece383\Herzog_ece383_wksp\lab2\Lab _2.srcs\sources_1\imports\C27Soren.Herzog\OneDrive - afacademy.af.edu\Documents\Schoolwork Sem6 2026 Spring\M1 - ECE 383 CSYS\Lab\Lab 2\lab2_code_for_cadets_2026\lab2_datapath.vhdl:]
WARNING: [filemgmt 56-199] Attempt to get parsing info during refresh. "On-the-fly" syntax checking information may be incorrect. [C:\Users\C27Soren.Herzog\ece383\Herzog_ece383_wksp\lab2\Lab _2.srcs\sources_1\imports\C27Soren.Herzog\OneDrive - afacademy.af.edu\Documents\Schoolwork Sem6 2026 Spring\M1 - ECE 383 CSYS\Lab\Lab 2\lab2_code_for_cadets_2026\ece383_pkg.vhd:]
WARNING: [filemgmt 56-199] Attempt to get parsing info during refresh. "On-the-fly" syntax checking information may be incorrect. [C:\Users\C27Soren.Herzog\ece383\Herzog_ece383_wksp\lab2\Lab _2.srcs\sources_1\imports\C27Soren.Herzog\OneDrive - afacademy.af.edu\Documents\Schoolwork Sem6 2026 Spring\M1 - ECE 383 CSYS\Lab\Lab 2\lab2_code_for_cadets_2026\ece383_pkg.vhd:]
WARNING: [filemgmt 56-199] Attempt to get parsing info during refresh. "On-the-fly" syntax checking information may be incorrect. [C:\Users\C27Soren.Herzog\ece383\Herzog_ece383_wksp\lab2\Lab _2.srcs\sources_1\imports\C27Soren.Herzog\OneDrive - afacademy.af.edu\Documents\Schoolwork Sem6 2026 Spring\M1 - ECE 383 CSYS\Lab\Lab 2\lab2_code_for_cadets_2026\ece383_pkg.vhd:]
WARNING: [filemgmt 56-199] Attempt to get parsing info during refresh. "On-the-fly" syntax checking information may be incorrect. [C:\Users\C27Soren.Herzog\ece383\Herzog_ece383_wksp\lab2\Lab _2.srcs\sources_1\imports\Lab2_OLED\oled_init.vhd:]
WARNING: [filemgmt 56-199] Attempt to get parsing info during refresh. "On-the-fly" syntax checking information may be incorrect. [C:\Users\C27Soren.Herzog\ece383\Herzog_ece383_wksp\lab2\Lab _2.srcs\sources_1\imports\Lab2_OLED\spi_ctrl.vhd:]
WARNING: [filemgmt 56-199] Attempt to get parsing info during refresh. "On-the-fly" syntax checking information may be incorrect. [C:\Users\C27Soren.Herzog\ece383\Herzog_ece383_wksp\lab2\Lab _2.srcs\sources_1\imports\imports\new\counter.vhd:]
WARNING: [filemgmt 56-199] Attempt to get parsing info during refresh. "On-the-fly" syntax checking information may be incorrect. [C:\Users\C27Soren.Herzog\ece383\Herzog_ece383_wksp\lab2\Lab _2.srcs\sources_1\imports\C27Soren.Herzog\ece383\Herzog_ece383_wksp\lab1\Lab1-Herzog.srcs\sources_1\imports\Lab1_Cadet_Code_2026\color_mapper.vhd:]
WARNING: [filemgmt 56-199] Attempt to get parsing info during refresh. "On-the-fly" syntax checking information may be incorrect. [C:\Users\C27Soren.Herzog\ece383\Herzog_ece383_wksp\lab2\Lab _2.srcs\sources_1\imports\Lab2_OLED\oled_ex.vhd:]
WARNING: [filemgmt 56-199] Attempt to get parsing info during refresh. "On-the-fly" syntax checking information may be incorrect. [C:\Users\C27Soren.Herzog\ece383\Herzog_ece383_wksp\lab2\Lab _2.srcs\sources_1\imports\C27Soren.Herzog\OneDrive - afacademy.af.edu\Documents\Schoolwork Sem6 2026 Spring\M1 - ECE 383 CSYS\Lab\Lab 2\lab2_code_for_cadets_2026\lab2.vhd:]
WARNING: [filemgmt 56-199] Attempt to get parsing info during refresh. "On-the-fly" syntax checking information may be incorrect. [C:\Users\C27Soren.Herzog\ece383\Herzog_ece383_wksp\lab2\Lab _2.srcs\sources_1\imports\Lab2_OLED\Lab2_OLED.vhd:]
WARNING: [filemgmt 56-199] Attempt to get parsing info during refresh. "On-the-fly" syntax checking information may be incorrect. [C:\Users\C27Soren.Herzog\ece383\Herzog_ece383_wksp\lab2\Lab _2.srcs\sources_1\imports\C27Soren.Herzog\OneDrive - afacademy.af.edu\Documents\Schoolwork Sem6 2026 Spring\M1 - ECE 383 CSYS\Lab\Lab 2\lab2_code_for_cadets_2026\lab2_datapath.vhdl:]
WARNING: [filemgmt 56-199] Attempt to get parsing info during refresh. "On-the-fly" syntax checking information may be incorrect. [C:\Users\C27Soren.Herzog\ece383\Herzog_ece383_wksp\lab2\Lab _2.srcs\sources_1\imports\C27Soren.Herzog\OneDrive - afacademy.af.edu\Documents\Schoolwork Sem6 2026 Spring\M1 - ECE 383 CSYS\Lab\Lab 2\lab2_code_for_cadets_2026\lab2.vhd:]
WARNING: [filemgmt 56-199] Attempt to get parsing info during refresh. "On-the-fly" syntax checking information may be incorrect. [C:\Users\C27Soren.Herzog\ece383\Herzog_ece383_wksp\lab2\Lab _2.srcs\sources_1\imports\C27Soren.Herzog\OneDrive - afacademy.af.edu\Documents\Schoolwork Sem6 2026 Spring\M1 - ECE 383 CSYS\Lab\Lab 2\lab2_code_for_cadets_2026\lab2.vhd:]
WARNING: [filemgmt 56-199] Attempt to get parsing info during refresh. "On-the-fly" syntax checking information may be incorrect. [C:\Users\C27Soren.Herzog\ece383\Herzog_ece383_wksp\lab2\Lab _2.srcs\sources_1\imports\C27Soren.Herzog\OneDrive - afacademy.af.edu\Documents\Schoolwork Sem6 2026 Spring\M1 - ECE 383 CSYS\Lab\Lab 2\lab2_code_for_cadets_2026\ece383_pkg.vhd:]
WARNING: [filemgmt 56-199] Attempt to get parsing info during refresh. "On-the-fly" syntax checking information may be incorrect. [C:\Users\C27Soren.Herzog\ece383\Herzog_ece383_wksp\lab2\Lab _2.srcs\sources_1\imports\Lab2_OLED\oled_init.vhd:]
WARNING: [filemgmt 56-199] Attempt to get parsing info during refresh. "On-the-fly" syntax checking information may be incorrect. [C:\Users\C27Soren.Herzog\ece383\Herzog_ece383_wksp\lab2\Lab _2.srcs\sources_1\imports\Lab2_OLED\spi_ctrl.vhd:]
WARNING: [filemgmt 56-199] Attempt to get parsing info during refresh. "On-the-fly" syntax checking information may be incorrect. [C:\Users\C27Soren.Herzog\ece383\Herzog_ece383_wksp\lab2\Lab _2.srcs\sources_1\imports\imports\new\counter.vhd:]
WARNING: [filemgmt 56-199] Attempt to get parsing info during refresh. "On-the-fly" syntax checking information may be incorrect. [C:\Users\C27Soren.Herzog\ece383\Herzog_ece383_wksp\lab2\Lab _2.srcs\sources_1\imports\C27Soren.Herzog\ece383\Herzog_ece383_wksp\lab1\Lab1-Herzog.srcs\sources_1\imports\Lab1_Cadet_Code_2026\color_mapper.vhd:]
WARNING: [filemgmt 56-199] Attempt to get parsing info during refresh. "On-the-fly" syntax checking information may be incorrect. [C:\Users\C27Soren.Herzog\ece383\Herzog_ece383_wksp\lab2\Lab _2.srcs\sources_1\imports\Lab2_OLED\oled_ex.vhd:]
WARNING: [filemgmt 56-199] Attempt to get parsing info during refresh. "On-the-fly" syntax checking information may be incorrect. [C:\Users\C27Soren.Herzog\ece383\Herzog_ece383_wksp\lab2\Lab _2.srcs\sources_1\imports\C27Soren.Herzog\OneDrive - afacademy.af.edu\Documents\Schoolwork Sem6 2026 Spring\M1 - ECE 383 CSYS\Lab\Lab 2\lab2_code_for_cadets_2026\lab2.vhd:]
WARNING: [filemgmt 56-199] Attempt to get parsing info during refresh. "On-the-fly" syntax checking information may be incorrect. [C:\Users\C27Soren.Herzog\ece383\Herzog_ece383_wksp\lab2\Lab _2.srcs\sources_1\imports\Lab2_OLED\Lab2_OLED.vhd:]
WARNING: [filemgmt 56-199] Attempt to get parsing info during refresh. "On-the-fly" syntax checking information may be incorrect. [C:\Users\C27Soren.Herzog\ece383\Herzog_ece383_wksp\lab2\Lab _2.srcs\sources_1\imports\C27Soren.Herzog\OneDrive - afacademy.af.edu\Documents\Schoolwork Sem6 2026 Spring\M1 - ECE 383 CSYS\Lab\Lab 2\lab2_code_for_cadets_2026\lab2_datapath.vhdl:]
WARNING: [filemgmt 56-199] Attempt to get parsing info during refresh. "On-the-fly" syntax checking information may be incorrect. [C:\Users\C27Soren.Herzog\ece383\Herzog_ece383_wksp\lab2\Lab _2.srcs\sources_1\imports\Lab2_OLED\spi_ctrl.vhd:]
WARNING: [filemgmt 56-199] Attempt to get parsing info during refresh. "On-the-fly" syntax checking information may be incorrect. [C:\Users\C27Soren.Herzog\ece383\Herzog_ece383_wksp\lab2\Lab _2.srcs\sources_1\imports\Lab2_OLED\spi_ctrl.vhd:]
WARNING: [filemgmt 56-199] Attempt to get parsing info during refresh. "On-the-fly" syntax checking information may be incorrect. [C:\Users\C27Soren.Herzog\ece383\Herzog_ece383_wksp\lab2\Lab _2.srcs\sources_1\imports\C27Soren.Herzog\OneDrive - afacademy.af.edu\Documents\Schoolwork Sem6 2026 Spring\M1 - ECE 383 CSYS\Lab\Lab 2\lab2_code_for_cadets_2026\ece383_pkg.vhd:]
WARNING: [filemgmt 56-199] Attempt to get parsing info during refresh. "On-the-fly" syntax checking information may be incorrect. [C:\Users\C27Soren.Herzog\ece383\Herzog_ece383_wksp\lab2\Lab _2.srcs\sources_1\imports\Lab2_OLED\oled_init.vhd:]
WARNING: [filemgmt 56-199] Attempt to get parsing info during refresh. "On-the-fly" syntax checking information may be incorrect. [C:\Users\C27Soren.Herzog\ece383\Herzog_ece383_wksp\lab2\Lab _2.srcs\sources_1\imports\Lab2_OLED\spi_ctrl.vhd:]
WARNING: [filemgmt 56-199] Attempt to get parsing info during refresh. "On-the-fly" syntax checking information may be incorrect. [C:\Users\C27Soren.Herzog\ece383\Herzog_ece383_wksp\lab2\Lab _2.srcs\sources_1\imports\imports\new\counter.vhd:]
WARNING: [filemgmt 56-199] Attempt to get parsing info during refresh. "On-the-fly" syntax checking information may be incorrect. [C:\Users\C27Soren.Herzog\ece383\Herzog_ece383_wksp\lab2\Lab _2.srcs\sources_1\imports\C27Soren.Herzog\ece383\Herzog_ece383_wksp\lab1\Lab1-Herzog.srcs\sources_1\imports\Lab1_Cadet_Code_2026\color_mapper.vhd:]
WARNING: [filemgmt 56-199] Attempt to get parsing info during refresh. "On-the-fly" syntax checking information may be incorrect. [C:\Users\C27Soren.Herzog\ece383\Herzog_ece383_wksp\lab2\Lab _2.srcs\sources_1\imports\Lab2_OLED\oled_ex.vhd:]
WARNING: [filemgmt 56-199] Attempt to get parsing info during refresh. "On-the-fly" syntax checking information may be incorrect. [C:\Users\C27Soren.Herzog\ece383\Herzog_ece383_wksp\lab2\Lab _2.srcs\sources_1\imports\C27Soren.Herzog\OneDrive - afacademy.af.edu\Documents\Schoolwork Sem6 2026 Spring\M1 - ECE 383 CSYS\Lab\Lab 2\lab2_code_for_cadets_2026\lab2.vhd:]
WARNING: [filemgmt 56-199] Attempt to get parsing info during refresh. "On-the-fly" syntax checking information may be incorrect. [C:\Users\C27Soren.Herzog\ece383\Herzog_ece383_wksp\lab2\Lab _2.srcs\sources_1\imports\Lab2_OLED\Lab2_OLED.vhd:]
WARNING: [filemgmt 56-199] Attempt to get parsing info during refresh. "On-the-fly" syntax checking information may be incorrect. [C:\Users\C27Soren.Herzog\ece383\Herzog_ece383_wksp\lab2\Lab _2.srcs\sources_1\imports\C27Soren.Herzog\OneDrive - afacademy.af.edu\Documents\Schoolwork Sem6 2026 Spring\M1 - ECE 383 CSYS\Lab\Lab 2\lab2_code_for_cadets_2026\lab2_datapath.vhdl:]
WARNING: [filemgmt 56-199] Attempt to get parsing info during refresh. "On-the-fly" syntax checking information may be incorrect. [C:\Users\C27Soren.Herzog\ece383\Herzog_ece383_wksp\lab2\Lab _2.srcs\sources_1\imports\Lab2_OLED\oled_ex.vhd:]
WARNING: [filemgmt 56-199] Attempt to get parsing info during refresh. "On-the-fly" syntax checking information may be incorrect. [C:\Users\C27Soren.Herzog\ece383\Herzog_ece383_wksp\lab2\Lab _2.srcs\sources_1\imports\Lab2_OLED\oled_ex.vhd:]
WARNING: [filemgmt 56-199] Attempt to get parsing info during refresh. "On-the-fly" syntax checking information may be incorrect. [C:\Users\C27Soren.Herzog\ece383\Herzog_ece383_wksp\lab2\Lab _2.srcs\sources_1\imports\C27Soren.Herzog\OneDrive - afacademy.af.edu\Documents\Schoolwork Sem6 2026 Spring\M1 - ECE 383 CSYS\Lab\Lab 2\lab2_code_for_cadets_2026\ece383_pkg.vhd:]
WARNING: [filemgmt 56-199] Attempt to get parsing info during refresh. "On-the-fly" syntax checking information may be incorrect. [C:\Users\C27Soren.Herzog\ece383\Herzog_ece383_wksp\lab2\Lab _2.srcs\sources_1\imports\Lab2_OLED\oled_init.vhd:]
WARNING: [filemgmt 56-199] Attempt to get parsing info during refresh. "On-the-fly" syntax checking information may be incorrect. [C:\Users\C27Soren.Herzog\ece383\Herzog_ece383_wksp\lab2\Lab _2.srcs\sources_1\imports\Lab2_OLED\spi_ctrl.vhd:]
WARNING: [filemgmt 56-199] Attempt to get parsing info during refresh. "On-the-fly" syntax checking information may be incorrect. [C:\Users\C27Soren.Herzog\ece383\Herzog_ece383_wksp\lab2\Lab _2.srcs\sources_1\imports\imports\new\counter.vhd:]
WARNING: [filemgmt 56-199] Attempt to get parsing info during refresh. "On-the-fly" syntax checking information may be incorrect. [C:\Users\C27Soren.Herzog\ece383\Herzog_ece383_wksp\lab2\Lab _2.srcs\sources_1\imports\C27Soren.Herzog\ece383\Herzog_ece383_wksp\lab1\Lab1-Herzog.srcs\sources_1\imports\Lab1_Cadet_Code_2026\color_mapper.vhd:]
WARNING: [filemgmt 56-199] Attempt to get parsing info during refresh. "On-the-fly" syntax checking information may be incorrect. [C:\Users\C27Soren.Herzog\ece383\Herzog_ece383_wksp\lab2\Lab _2.srcs\sources_1\imports\Lab2_OLED\oled_ex.vhd:]
WARNING: [filemgmt 56-199] Attempt to get parsing info during refresh. "On-the-fly" syntax checking information may be incorrect. [C:\Users\C27Soren.Herzog\ece383\Herzog_ece383_wksp\lab2\Lab _2.srcs\sources_1\imports\C27Soren.Herzog\OneDrive - afacademy.af.edu\Documents\Schoolwork Sem6 2026 Spring\M1 - ECE 383 CSYS\Lab\Lab 2\lab2_code_for_cadets_2026\lab2.vhd:]
WARNING: [filemgmt 56-199] Attempt to get parsing info during refresh. "On-the-fly" syntax checking information may be incorrect. [C:\Users\C27Soren.Herzog\ece383\Herzog_ece383_wksp\lab2\Lab _2.srcs\sources_1\imports\Lab2_OLED\Lab2_OLED.vhd:]
WARNING: [filemgmt 56-199] Attempt to get parsing info during refresh. "On-the-fly" syntax checking information may be incorrect. [C:\Users\C27Soren.Herzog\ece383\Herzog_ece383_wksp\lab2\Lab _2.srcs\sources_1\imports\C27Soren.Herzog\OneDrive - afacademy.af.edu\Documents\Schoolwork Sem6 2026 Spring\M1 - ECE 383 CSYS\Lab\Lab 2\lab2_code_for_cadets_2026\lab2_datapath.vhdl:]
WARNING: [filemgmt 56-199] Attempt to get parsing info during refresh. "On-the-fly" syntax checking information may be incorrect. [C:\Users\C27Soren.Herzog\ece383\Herzog_ece383_wksp\lab2\Lab _2.srcs\sources_1\imports\Lab2_OLED\oled_init.vhd:]
WARNING: [filemgmt 56-199] Attempt to get parsing info during refresh. "On-the-fly" syntax checking information may be incorrect. [C:\Users\C27Soren.Herzog\ece383\Herzog_ece383_wksp\lab2\Lab _2.srcs\sources_1\imports\Lab2_OLED\oled_init.vhd:]
WARNING: [filemgmt 56-199] Attempt to get parsing info during refresh. "On-the-fly" syntax checking information may be incorrect. [C:\Users\C27Soren.Herzog\ece383\Herzog_ece383_wksp\lab2\Lab _2.srcs\sources_1\imports\C27Soren.Herzog\OneDrive - afacademy.af.edu\Documents\Schoolwork Sem6 2026 Spring\M1 - ECE 383 CSYS\Lab\Lab 2\lab2_code_for_cadets_2026\ece383_pkg.vhd:]
WARNING: [filemgmt 56-199] Attempt to get parsing info during refresh. "On-the-fly" syntax checking information may be incorrect. [C:\Users\C27Soren.Herzog\ece383\Herzog_ece383_wksp\lab2\Lab _2.srcs\sources_1\imports\Lab2_OLED\oled_init.vhd:]
WARNING: [filemgmt 56-199] Attempt to get parsing info during refresh. "On-the-fly" syntax checking information may be incorrect. [C:\Users\C27Soren.Herzog\ece383\Herzog_ece383_wksp\lab2\Lab _2.srcs\sources_1\imports\Lab2_OLED\spi_ctrl.vhd:]
WARNING: [filemgmt 56-199] Attempt to get parsing info during refresh. "On-the-fly" syntax checking information may be incorrect. [C:\Users\C27Soren.Herzog\ece383\Herzog_ece383_wksp\lab2\Lab _2.srcs\sources_1\imports\imports\new\counter.vhd:]
WARNING: [filemgmt 56-199] Attempt to get parsing info during refresh. "On-the-fly" syntax checking information may be incorrect. [C:\Users\C27Soren.Herzog\ece383\Herzog_ece383_wksp\lab2\Lab _2.srcs\sources_1\imports\C27Soren.Herzog\ece383\Herzog_ece383_wksp\lab1\Lab1-Herzog.srcs\sources_1\imports\Lab1_Cadet_Code_2026\color_mapper.vhd:]
WARNING: [filemgmt 56-199] Attempt to get parsing info during refresh. "On-the-fly" syntax checking information may be incorrect. [C:\Users\C27Soren.Herzog\ece383\Herzog_ece383_wksp\lab2\Lab _2.srcs\sources_1\imports\Lab2_OLED\oled_ex.vhd:]
WARNING: [filemgmt 56-199] Attempt to get parsing info during refresh. "On-the-fly" syntax checking information may be incorrect. [C:\Users\C27Soren.Herzog\ece383\Herzog_ece383_wksp\lab2\Lab _2.srcs\sources_1\imports\C27Soren.Herzog\OneDrive - afacademy.af.edu\Documents\Schoolwork Sem6 2026 Spring\M1 - ECE 383 CSYS\Lab\Lab 2\lab2_code_for_cadets_2026\lab2.vhd:]
WARNING: [filemgmt 56-199] Attempt to get parsing info during refresh. "On-the-fly" syntax checking information may be incorrect. [C:\Users\C27Soren.Herzog\ece383\Herzog_ece383_wksp\lab2\Lab _2.srcs\sources_1\imports\Lab2_OLED\Lab2_OLED.vhd:]
WARNING: [filemgmt 56-199] Attempt to get parsing info during refresh. "On-the-fly" syntax checking information may be incorrect. [C:\Users\C27Soren.Herzog\ece383\Herzog_ece383_wksp\lab2\Lab _2.srcs\sources_1\imports\C27Soren.Herzog\OneDrive - afacademy.af.edu\Documents\Schoolwork Sem6 2026 Spring\M1 - ECE 383 CSYS\Lab\Lab 2\lab2_code_for_cadets_2026\lab2_datapath.vhdl:]
WARNING: [filemgmt 56-199] Attempt to get parsing info during refresh. "On-the-fly" syntax checking information may be incorrect. [C:\Users\C27Soren.Herzog\ece383\Herzog_ece383_wksp\lab2\Lab _2.srcs\sources_1\imports\imports\new\counter.vhd:]
WARNING: [filemgmt 56-199] Attempt to get parsing info during refresh. "On-the-fly" syntax checking information may be incorrect. [C:\Users\C27Soren.Herzog\ece383\Herzog_ece383_wksp\lab2\Lab _2.srcs\sources_1\imports\imports\new\counter.vhd:]
WARNING: [filemgmt 56-199] Attempt to get parsing info during refresh. "On-the-fly" syntax checking information may be incorrect. [C:\Users\C27Soren.Herzog\ece383\Herzog_ece383_wksp\lab2\Lab _2.srcs\sources_1\imports\C27Soren.Herzog\OneDrive - afacademy.af.edu\Documents\Schoolwork Sem6 2026 Spring\M1 - ECE 383 CSYS\Lab\Lab 2\lab2_code_for_cadets_2026\ece383_pkg.vhd:]
WARNING: [filemgmt 56-199] Attempt to get parsing info during refresh. "On-the-fly" syntax checking information may be incorrect. [C:\Users\C27Soren.Herzog\ece383\Herzog_ece383_wksp\lab2\Lab _2.srcs\sources_1\imports\Lab2_OLED\oled_init.vhd:]
WARNING: [filemgmt 56-199] Attempt to get parsing info during refresh. "On-the-fly" syntax checking information may be incorrect. [C:\Users\C27Soren.Herzog\ece383\Herzog_ece383_wksp\lab2\Lab _2.srcs\sources_1\imports\Lab2_OLED\spi_ctrl.vhd:]
WARNING: [filemgmt 56-199] Attempt to get parsing info during refresh. "On-the-fly" syntax checking information may be incorrect. [C:\Users\C27Soren.Herzog\ece383\Herzog_ece383_wksp\lab2\Lab _2.srcs\sources_1\imports\imports\new\counter.vhd:]
WARNING: [filemgmt 56-199] Attempt to get parsing info during refresh. "On-the-fly" syntax checking information may be incorrect. [C:\Users\C27Soren.Herzog\ece383\Herzog_ece383_wksp\lab2\Lab _2.srcs\sources_1\imports\C27Soren.Herzog\ece383\Herzog_ece383_wksp\lab1\Lab1-Herzog.srcs\sources_1\imports\Lab1_Cadet_Code_2026\color_mapper.vhd:]
WARNING: [filemgmt 56-199] Attempt to get parsing info during refresh. "On-the-fly" syntax checking information may be incorrect. [C:\Users\C27Soren.Herzog\ece383\Herzog_ece383_wksp\lab2\Lab _2.srcs\sources_1\imports\Lab2_OLED\oled_ex.vhd:]
WARNING: [filemgmt 56-199] Attempt to get parsing info during refresh. "On-the-fly" syntax checking information may be incorrect. [C:\Users\C27Soren.Herzog\ece383\Herzog_ece383_wksp\lab2\Lab _2.srcs\sources_1\imports\C27Soren.Herzog\OneDrive - afacademy.af.edu\Documents\Schoolwork Sem6 2026 Spring\M1 - ECE 383 CSYS\Lab\Lab 2\lab2_code_for_cadets_2026\lab2.vhd:]
WARNING: [filemgmt 56-199] Attempt to get parsing info during refresh. "On-the-fly" syntax checking information may be incorrect. [C:\Users\C27Soren.Herzog\ece383\Herzog_ece383_wksp\lab2\Lab _2.srcs\sources_1\imports\Lab2_OLED\Lab2_OLED.vhd:]
WARNING: [filemgmt 56-199] Attempt to get parsing info during refresh. "On-the-fly" syntax checking information may be incorrect. [C:\Users\C27Soren.Herzog\ece383\Herzog_ece383_wksp\lab2\Lab _2.srcs\sources_1\imports\C27Soren.Herzog\OneDrive - afacademy.af.edu\Documents\Schoolwork Sem6 2026 Spring\M1 - ECE 383 CSYS\Lab\Lab 2\lab2_code_for_cadets_2026\lab2_datapath.vhdl:]
WARNING: [filemgmt 56-199] Attempt to get parsing info during refresh. "On-the-fly" syntax checking information may be incorrect. [C:\Users\C27Soren.Herzog\ece383\Herzog_ece383_wksp\lab2\Lab _2.srcs\sources_1\imports\Lab2_OLED\Lab2_OLED.vhd:]
WARNING: [filemgmt 56-199] Attempt to get parsing info during refresh. "On-the-fly" syntax checking information may be incorrect. [C:\Users\C27Soren.Herzog\ece383\Herzog_ece383_wksp\lab2\Lab _2.srcs\sources_1\imports\Lab2_OLED\Lab2_OLED.vhd:]
ERROR: [Common 17-180] Spawn failed: No error
WARNING: [filemgmt 56-199] Attempt to get parsing info during refresh. "On-the-fly" syntax checking information may be incorrect. [C:\Users\C27Soren.Herzog\ece383\Herzog_ece383_wksp\lab2\Lab _2.srcs\sources_1\imports\C27Soren.Herzog\OneDrive - afacademy.af.edu\Documents\Schoolwork Sem6 2026 Spring\M1 - ECE 383 CSYS\Lab\Lab 2\lab2_code_for_cadets_2026\ece383_pkg.vhd:]
WARNING: [filemgmt 56-199] Attempt to get parsing info during refresh. "On-the-fly" syntax checking information may be incorrect. [C:\Users\C27Soren.Herzog\ece383\Herzog_ece383_wksp\lab2\Lab _2.srcs\sources_1\imports\Lab2_OLED\oled_init.vhd:]
WARNING: [filemgmt 56-199] Attempt to get parsing info during refresh. "On-the-fly" syntax checking information may be incorrect. [C:\Users\C27Soren.Herzog\ece383\Herzog_ece383_wksp\lab2\Lab _2.srcs\sources_1\imports\Lab2_OLED\spi_ctrl.vhd:]
WARNING: [filemgmt 56-199] Attempt to get parsing info during refresh. "On-the-fly" syntax checking information may be incorrect. [C:\Users\C27Soren.Herzog\ece383\Herzog_ece383_wksp\lab2\Lab _2.srcs\sources_1\imports\imports\new\counter.vhd:]
WARNING: [filemgmt 56-199] Attempt to get parsing info during refresh. "On-the-fly" syntax checking information may be incorrect. [C:\Users\C27Soren.Herzog\ece383\Herzog_ece383_wksp\lab2\Lab _2.srcs\sources_1\imports\C27Soren.Herzog\ece383\Herzog_ece383_wksp\lab1\Lab1-Herzog.srcs\sources_1\imports\Lab1_Cadet_Code_2026\color_mapper.vhd:]
WARNING: [filemgmt 56-199] Attempt to get parsing info during refresh. "On-the-fly" syntax checking information may be incorrect. [C:\Users\C27Soren.Herzog\ece383\Herzog_ece383_wksp\lab2\Lab _2.srcs\sources_1\imports\Lab2_OLED\oled_ex.vhd:]
WARNING: [filemgmt 56-199] Attempt to get parsing info during refresh. "On-the-fly" syntax checking information may be incorrect. [C:\Users\C27Soren.Herzog\ece383\Herzog_ece383_wksp\lab2\Lab _2.srcs\sources_1\imports\C27Soren.Herzog\OneDrive - afacademy.af.edu\Documents\Schoolwork Sem6 2026 Spring\M1 - ECE 383 CSYS\Lab\Lab 2\lab2_code_for_cadets_2026\lab2.vhd:]
WARNING: [filemgmt 56-199] Attempt to get parsing info during refresh. "On-the-fly" syntax checking information may be incorrect. [C:\Users\C27Soren.Herzog\ece383\Herzog_ece383_wksp\lab2\Lab _2.srcs\sources_1\imports\Lab2_OLED\Lab2_OLED.vhd:]
WARNING: [filemgmt 56-199] Attempt to get parsing info during refresh. "On-the-fly" syntax checking information may be incorrect. [C:\Users\C27Soren.Herzog\ece383\Herzog_ece383_wksp\lab2\Lab _2.srcs\sources_1\imports\C27Soren.Herzog\OneDrive - afacademy.af.edu\Documents\Schoolwork Sem6 2026 Spring\M1 - ECE 383 CSYS\Lab\Lab 2\lab2_code_for_cadets_2026\lab2_datapath.vhdl:]
WARNING: [filemgmt 56-199] Attempt to get parsing info during refresh. "On-the-fly" syntax checking information may be incorrect. [C:\Users\C27Soren.Herzog\ece383\Herzog_ece383_wksp\lab2\Lab _2.srcs\sources_1\imports\C27Soren.Herzog\ece383\Herzog_ece383_wksp\lab1\Lab1-Herzog.srcs\sources_1\imports\Lab1_Cadet_Code_2026\color_mapper.vhd:]
WARNING: [filemgmt 56-199] Attempt to get parsing info during refresh. "On-the-fly" syntax checking information may be incorrect. [C:\Users\C27Soren.Herzog\ece383\Herzog_ece383_wksp\lab2\Lab _2.srcs\sources_1\imports\C27Soren.Herzog\ece383\Herzog_ece383_wksp\lab1\Lab1-Herzog.srcs\sources_1\imports\Lab1_Cadet_Code_2026\color_mapper.vhd:]
reset_run synth_1
INFO: [Project 1-1161] Replacing file C:/Users/C27Soren.Herzog/ece383/Herzog_ece383_wksp/lab2/Lab _2.srcs/utils_1/imports/synth_1/lab2.dcp with file C:/Users/C27Soren.Herzog/ece383/Herzog_ece383_wksp/lab2/Lab _2.runs/synth_1/lab2.dcp
WARNING: [filemgmt 56-199] Attempt to get parsing info during refresh. "On-the-fly" syntax checking information may be incorrect. [C:\Users\C27Soren.Herzog\ece383\Herzog_ece383_wksp\lab2\Lab _2.srcs\sources_1\imports\C27Soren.Herzog\OneDrive - afacademy.af.edu\Documents\Schoolwork Sem6 2026 Spring\M1 - ECE 383 CSYS\Lab\Lab 2\lab2_code_for_cadets_2026\ece383_pkg.vhd:]
WARNING: [filemgmt 56-199] Attempt to get parsing info during refresh. "On-the-fly" syntax checking information may be incorrect. [C:\Users\C27Soren.Herzog\ece383\Herzog_ece383_wksp\lab2\Lab _2.srcs\sources_1\imports\Lab2_OLED\oled_init.vhd:]
WARNING: [filemgmt 56-199] Attempt to get parsing info during refresh. "On-the-fly" syntax checking information may be incorrect. [C:\Users\C27Soren.Herzog\ece383\Herzog_ece383_wksp\lab2\Lab _2.srcs\sources_1\imports\Lab2_OLED\spi_ctrl.vhd:]
WARNING: [filemgmt 56-199] Attempt to get parsing info during refresh. "On-the-fly" syntax checking information may be incorrect. [C:\Users\C27Soren.Herzog\ece383\Herzog_ece383_wksp\lab2\Lab _2.srcs\sources_1\imports\imports\new\counter.vhd:]
WARNING: [filemgmt 56-199] Attempt to get parsing info during refresh. "On-the-fly" syntax checking information may be incorrect. [C:\Users\C27Soren.Herzog\ece383\Herzog_ece383_wksp\lab2\Lab _2.srcs\sources_1\imports\C27Soren.Herzog\ece383\Herzog_ece383_wksp\lab1\Lab1-Herzog.srcs\sources_1\imports\Lab1_Cadet_Code_2026\color_mapper.vhd:]
WARNING: [filemgmt 56-199] Attempt to get parsing info during refresh. "On-the-fly" syntax checking information may be incorrect. [C:\Users\C27Soren.Herzog\ece383\Herzog_ece383_wksp\lab2\Lab _2.srcs\sources_1\imports\Lab2_OLED\oled_ex.vhd:]
WARNING: [filemgmt 56-199] Attempt to get parsing info during refresh. "On-the-fly" syntax checking information may be incorrect. [C:\Users\C27Soren.Herzog\ece383\Herzog_ece383_wksp\lab2\Lab _2.srcs\sources_1\imports\C27Soren.Herzog\OneDrive - afacademy.af.edu\Documents\Schoolwork Sem6 2026 Spring\M1 - ECE 383 CSYS\Lab\Lab 2\lab2_code_for_cadets_2026\lab2.vhd:]
WARNING: [filemgmt 56-199] Attempt to get parsing info during refresh. "On-the-fly" syntax checking information may be incorrect. [C:\Users\C27Soren.Herzog\ece383\Herzog_ece383_wksp\lab2\Lab _2.srcs\sources_1\imports\Lab2_OLED\Lab2_OLED.vhd:]
WARNING: [filemgmt 56-199] Attempt to get parsing info during refresh. "On-the-fly" syntax checking information may be incorrect. [C:\Users\C27Soren.Herzog\ece383\Herzog_ece383_wksp\lab2\Lab _2.srcs\sources_1\imports\C27Soren.Herzog\OneDrive - afacademy.af.edu\Documents\Schoolwork Sem6 2026 Spring\M1 - ECE 383 CSYS\Lab\Lab 2\lab2_code_for_cadets_2026\lab2_datapath.vhdl:]
WARNING: [filemgmt 56-199] Attempt to get parsing info during refresh. "On-the-fly" syntax checking information may be incorrect. [C:\Users\C27Soren.Herzog\ece383\Herzog_ece383_wksp\lab2\Lab _2.srcs\sources_1\imports\C27Soren.Herzog\OneDrive - afacademy.af.edu\Documents\Schoolwork Sem6 2026 Spring\M1 - ECE 383 CSYS\Lab\Lab 2\lab2_code_for_cadets_2026\ece383_pkg.vhd:]
WARNING: [filemgmt 56-199] Attempt to get parsing info during refresh. "On-the-fly" syntax checking information may be incorrect. [C:\Users\C27Soren.Herzog\ece383\Herzog_ece383_wksp\lab2\Lab _2.srcs\sources_1\imports\C27Soren.Herzog\OneDrive - afacademy.af.edu\Documents\Schoolwork Sem6 2026 Spring\M1 - ECE 383 CSYS\Lab\Lab 2\lab2_code_for_cadets_2026\ece383_pkg.vhd:]
WARNING: [filemgmt 56-199] Attempt to get parsing info during refresh. "On-the-fly" syntax checking information may be incorrect. [C:\Users\C27Soren.Herzog\ece383\Herzog_ece383_wksp\lab2\Lab _2.srcs\sources_1\imports\C27Soren.Herzog\OneDrive - afacademy.af.edu\Documents\Schoolwork Sem6 2026 Spring\M1 - ECE 383 CSYS\Lab\Lab 2\lab2_code_for_cadets_2026\ece383_pkg.vhd:]
WARNING: [filemgmt 56-199] Attempt to get parsing info during refresh. "On-the-fly" syntax checking information may be incorrect. [C:\Users\C27Soren.Herzog\ece383\Herzog_ece383_wksp\lab2\Lab _2.srcs\sources_1\imports\Lab2_OLED\oled_init.vhd:]
WARNING: [filemgmt 56-199] Attempt to get parsing info during refresh. "On-the-fly" syntax checking information may be incorrect. [C:\Users\C27Soren.Herzog\ece383\Herzog_ece383_wksp\lab2\Lab _2.srcs\sources_1\imports\Lab2_OLED\spi_ctrl.vhd:]
WARNING: [filemgmt 56-199] Attempt to get parsing info during refresh. "On-the-fly" syntax checking information may be incorrect. [C:\Users\C27Soren.Herzog\ece383\Herzog_ece383_wksp\lab2\Lab _2.srcs\sources_1\imports\imports\new\counter.vhd:]
WARNING: [filemgmt 56-199] Attempt to get parsing info during refresh. "On-the-fly" syntax checking information may be incorrect. [C:\Users\C27Soren.Herzog\ece383\Herzog_ece383_wksp\lab2\Lab _2.srcs\sources_1\imports\C27Soren.Herzog\ece383\Herzog_ece383_wksp\lab1\Lab1-Herzog.srcs\sources_1\imports\Lab1_Cadet_Code_2026\color_mapper.vhd:]
WARNING: [filemgmt 56-199] Attempt to get parsing info during refresh. "On-the-fly" syntax checking information may be incorrect. [C:\Users\C27Soren.Herzog\ece383\Herzog_ece383_wksp\lab2\Lab _2.srcs\sources_1\imports\Lab2_OLED\oled_ex.vhd:]
WARNING: [filemgmt 56-199] Attempt to get parsing info during refresh. "On-the-fly" syntax checking information may be incorrect. [C:\Users\C27Soren.Herzog\ece383\Herzog_ece383_wksp\lab2\Lab _2.srcs\sources_1\imports\C27Soren.Herzog\OneDrive - afacademy.af.edu\Documents\Schoolwork Sem6 2026 Spring\M1 - ECE 383 CSYS\Lab\Lab 2\lab2_code_for_cadets_2026\lab2.vhd:]
WARNING: [filemgmt 56-199] Attempt to get parsing info during refresh. "On-the-fly" syntax checking information may be incorrect. [C:\Users\C27Soren.Herzog\ece383\Herzog_ece383_wksp\lab2\Lab _2.srcs\sources_1\imports\Lab2_OLED\Lab2_OLED.vhd:]
WARNING: [filemgmt 56-199] Attempt to get parsing info during refresh. "On-the-fly" syntax checking information may be incorrect. [C:\Users\C27Soren.Herzog\ece383\Herzog_ece383_wksp\lab2\Lab _2.srcs\sources_1\imports\C27Soren.Herzog\OneDrive - afacademy.af.edu\Documents\Schoolwork Sem6 2026 Spring\M1 - ECE 383 CSYS\Lab\Lab 2\lab2_code_for_cadets_2026\lab2_datapath.vhdl:]
WARNING: [filemgmt 56-199] Attempt to get parsing info during refresh. "On-the-fly" syntax checking information may be incorrect. [C:\Users\C27Soren.Herzog\ece383\Herzog_ece383_wksp\lab2\Lab _2.srcs\sources_1\imports\C27Soren.Herzog\OneDrive - afacademy.af.edu\Documents\Schoolwork Sem6 2026 Spring\M1 - ECE 383 CSYS\Lab\Lab 2\lab2_code_for_cadets_2026\lab2.vhd:]
WARNING: [filemgmt 56-199] Attempt to get parsing info during refresh. "On-the-fly" syntax checking information may be incorrect. [C:\Users\C27Soren.Herzog\ece383\Herzog_ece383_wksp\lab2\Lab _2.srcs\sources_1\imports\C27Soren.Herzog\OneDrive - afacademy.af.edu\Documents\Schoolwork Sem6 2026 Spring\M1 - ECE 383 CSYS\Lab\Lab 2\lab2_code_for_cadets_2026\lab2.vhd:]
WARNING: [filemgmt 56-199] Attempt to get parsing info during refresh. "On-the-fly" syntax checking information may be incorrect. [C:\Users\C27Soren.Herzog\ece383\Herzog_ece383_wksp\lab2\Lab _2.srcs\sources_1\imports\C27Soren.Herzog\OneDrive - afacademy.af.edu\Documents\Schoolwork Sem6 2026 Spring\M1 - ECE 383 CSYS\Lab\Lab 2\lab2_code_for_cadets_2026\ece383_pkg.vhd:]
WARNING: [filemgmt 56-199] Attempt to get parsing info during refresh. "On-the-fly" syntax checking information may be incorrect. [C:\Users\C27Soren.Herzog\ece383\Herzog_ece383_wksp\lab2\Lab _2.srcs\sources_1\imports\Lab2_OLED\oled_init.vhd:]
WARNING: [filemgmt 56-199] Attempt to get parsing info during refresh. "On-the-fly" syntax checking information may be incorrect. [C:\Users\C27Soren.Herzog\ece383\Herzog_ece383_wksp\lab2\Lab _2.srcs\sources_1\imports\Lab2_OLED\spi_ctrl.vhd:]
WARNING: [filemgmt 56-199] Attempt to get parsing info during refresh. "On-the-fly" syntax checking information may be incorrect. [C:\Users\C27Soren.Herzog\ece383\Herzog_ece383_wksp\lab2\Lab _2.srcs\sources_1\imports\imports\new\counter.vhd:]
WARNING: [filemgmt 56-199] Attempt to get parsing info during refresh. "On-the-fly" syntax checking information may be incorrect. [C:\Users\C27Soren.Herzog\ece383\Herzog_ece383_wksp\lab2\Lab _2.srcs\sources_1\imports\C27Soren.Herzog\ece383\Herzog_ece383_wksp\lab1\Lab1-Herzog.srcs\sources_1\imports\Lab1_Cadet_Code_2026\color_mapper.vhd:]
WARNING: [filemgmt 56-199] Attempt to get parsing info during refresh. "On-the-fly" syntax checking information may be incorrect. [C:\Users\C27Soren.Herzog\ece383\Herzog_ece383_wksp\lab2\Lab _2.srcs\sources_1\imports\Lab2_OLED\oled_ex.vhd:]
WARNING: [filemgmt 56-199] Attempt to get parsing info during refresh. "On-the-fly" syntax checking information may be incorrect. [C:\Users\C27Soren.Herzog\ece383\Herzog_ece383_wksp\lab2\Lab _2.srcs\sources_1\imports\C27Soren.Herzog\OneDrive - afacademy.af.edu\Documents\Schoolwork Sem6 2026 Spring\M1 - ECE 383 CSYS\Lab\Lab 2\lab2_code_for_cadets_2026\lab2.vhd:]
WARNING: [filemgmt 56-199] Attempt to get parsing info during refresh. "On-the-fly" syntax checking information may be incorrect. [C:\Users\C27Soren.Herzog\ece383\Herzog_ece383_wksp\lab2\Lab _2.srcs\sources_1\imports\Lab2_OLED\Lab2_OLED.vhd:]
WARNING: [filemgmt 56-199] Attempt to get parsing info during refresh. "On-the-fly" syntax checking information may be incorrect. [C:\Users\C27Soren.Herzog\ece383\Herzog_ece383_wksp\lab2\Lab _2.srcs\sources_1\imports\C27Soren.Herzog\OneDrive - afacademy.af.edu\Documents\Schoolwork Sem6 2026 Spring\M1 - ECE 383 CSYS\Lab\Lab 2\lab2_code_for_cadets_2026\lab2_datapath.vhdl:]
WARNING: [filemgmt 56-199] Attempt to get parsing info during refresh. "On-the-fly" syntax checking information may be incorrect. [C:\Users\C27Soren.Herzog\ece383\Herzog_ece383_wksp\lab2\Lab _2.srcs\sources_1\imports\Lab2_OLED\spi_ctrl.vhd:]
WARNING: [filemgmt 56-199] Attempt to get parsing info during refresh. "On-the-fly" syntax checking information may be incorrect. [C:\Users\C27Soren.Herzog\ece383\Herzog_ece383_wksp\lab2\Lab _2.srcs\sources_1\imports\Lab2_OLED\spi_ctrl.vhd:]
WARNING: [filemgmt 56-199] Attempt to get parsing info during refresh. "On-the-fly" syntax checking information may be incorrect. [C:\Users\C27Soren.Herzog\ece383\Herzog_ece383_wksp\lab2\Lab _2.srcs\sources_1\imports\C27Soren.Herzog\OneDrive - afacademy.af.edu\Documents\Schoolwork Sem6 2026 Spring\M1 - ECE 383 CSYS\Lab\Lab 2\lab2_code_for_cadets_2026\ece383_pkg.vhd:]
WARNING: [filemgmt 56-199] Attempt to get parsing info during refresh. "On-the-fly" syntax checking information may be incorrect. [C:\Users\C27Soren.Herzog\ece383\Herzog_ece383_wksp\lab2\Lab _2.srcs\sources_1\imports\Lab2_OLED\oled_init.vhd:]
WARNING: [filemgmt 56-199] Attempt to get parsing info during refresh. "On-the-fly" syntax checking information may be incorrect. [C:\Users\C27Soren.Herzog\ece383\Herzog_ece383_wksp\lab2\Lab _2.srcs\sources_1\imports\Lab2_OLED\spi_ctrl.vhd:]
WARNING: [filemgmt 56-199] Attempt to get parsing info during refresh. "On-the-fly" syntax checking information may be incorrect. [C:\Users\C27Soren.Herzog\ece383\Herzog_ece383_wksp\lab2\Lab _2.srcs\sources_1\imports\imports\new\counter.vhd:]
WARNING: [filemgmt 56-199] Attempt to get parsing info during refresh. "On-the-fly" syntax checking information may be incorrect. [C:\Users\C27Soren.Herzog\ece383\Herzog_ece383_wksp\lab2\Lab _2.srcs\sources_1\imports\C27Soren.Herzog\ece383\Herzog_ece383_wksp\lab1\Lab1-Herzog.srcs\sources_1\imports\Lab1_Cadet_Code_2026\color_mapper.vhd:]
WARNING: [filemgmt 56-199] Attempt to get parsing info during refresh. "On-the-fly" syntax checking information may be incorrect. [C:\Users\C27Soren.Herzog\ece383\Herzog_ece383_wksp\lab2\Lab _2.srcs\sources_1\imports\Lab2_OLED\oled_ex.vhd:]
WARNING: [filemgmt 56-199] Attempt to get parsing info during refresh. "On-the-fly" syntax checking information may be incorrect. [C:\Users\C27Soren.Herzog\ece383\Herzog_ece383_wksp\lab2\Lab _2.srcs\sources_1\imports\C27Soren.Herzog\OneDrive - afacademy.af.edu\Documents\Schoolwork Sem6 2026 Spring\M1 - ECE 383 CSYS\Lab\Lab 2\lab2_code_for_cadets_2026\lab2.vhd:]
WARNING: [filemgmt 56-199] Attempt to get parsing info during refresh. "On-the-fly" syntax checking information may be incorrect. [C:\Users\C27Soren.Herzog\ece383\Herzog_ece383_wksp\lab2\Lab _2.srcs\sources_1\imports\Lab2_OLED\Lab2_OLED.vhd:]
WARNING: [filemgmt 56-199] Attempt to get parsing info during refresh. "On-the-fly" syntax checking information may be incorrect. [C:\Users\C27Soren.Herzog\ece383\Herzog_ece383_wksp\lab2\Lab _2.srcs\sources_1\imports\C27Soren.Herzog\OneDrive - afacademy.af.edu\Documents\Schoolwork Sem6 2026 Spring\M1 - ECE 383 CSYS\Lab\Lab 2\lab2_code_for_cadets_2026\lab2_datapath.vhdl:]
WARNING: [filemgmt 56-199] Attempt to get parsing info during refresh. "On-the-fly" syntax checking information may be incorrect. [C:\Users\C27Soren.Herzog\ece383\Herzog_ece383_wksp\lab2\Lab _2.srcs\sources_1\imports\Lab2_OLED\oled_ex.vhd:]
WARNING: [filemgmt 56-199] Attempt to get parsing info during refresh. "On-the-fly" syntax checking information may be incorrect. [C:\Users\C27Soren.Herzog\ece383\Herzog_ece383_wksp\lab2\Lab _2.srcs\sources_1\imports\Lab2_OLED\oled_ex.vhd:]
launch_runs impl_1 -to_step write_bitstream -jobs 8
INFO: [Vivado 12-4149] The synthesis checkpoint for IP 'C:/Users/C27Soren.Herzog/ece383/Herzog_ece383_wksp/lab2/Lab _2.srcs/sources_1/ip/clk_wiz_0/clk_wiz_0.xci' is already up-to-date
[Thu Feb 12 09:14:00 2026] Launched synth_1...
Run output will be captured here: C:/Users/C27Soren.Herzog/ece383/Herzog_ece383_wksp/lab2/Lab _2.runs/synth_1/runme.log
[Thu Feb 12 09:14:00 2026] Launched impl_1...
Run output will be captured here: C:/Users/C27Soren.Herzog/ece383/Herzog_ece383_wksp/lab2/Lab _2.runs/impl_1/runme.log
WARNING: [filemgmt 56-199] Attempt to get parsing info during refresh. "On-the-fly" syntax checking information may be incorrect. [C:\Users\C27Soren.Herzog\ece383\Herzog_ece383_wksp\lab2\Lab _2.srcs\sources_1\imports\C27Soren.Herzog\OneDrive - afacademy.af.edu\Documents\Schoolwork Sem6 2026 Spring\M1 - ECE 383 CSYS\Lab\Lab 2\lab2_code_for_cadets_2026\ece383_pkg.vhd:]
WARNING: [filemgmt 56-199] Attempt to get parsing info during refresh. "On-the-fly" syntax checking information may be incorrect. [C:\Users\C27Soren.Herzog\ece383\Herzog_ece383_wksp\lab2\Lab _2.srcs\sources_1\imports\Lab2_OLED\oled_init.vhd:]
WARNING: [filemgmt 56-199] Attempt to get parsing info during refresh. "On-the-fly" syntax checking information may be incorrect. [C:\Users\C27Soren.Herzog\ece383\Herzog_ece383_wksp\lab2\Lab _2.srcs\sources_1\imports\Lab2_OLED\spi_ctrl.vhd:]
WARNING: [filemgmt 56-199] Attempt to get parsing info during refresh. "On-the-fly" syntax checking information may be incorrect. [C:\Users\C27Soren.Herzog\ece383\Herzog_ece383_wksp\lab2\Lab _2.srcs\sources_1\imports\imports\new\counter.vhd:]
WARNING: [filemgmt 56-199] Attempt to get parsing info during refresh. "On-the-fly" syntax checking information may be incorrect. [C:\Users\C27Soren.Herzog\ece383\Herzog_ece383_wksp\lab2\Lab _2.srcs\sources_1\imports\C27Soren.Herzog\ece383\Herzog_ece383_wksp\lab1\Lab1-Herzog.srcs\sources_1\imports\Lab1_Cadet_Code_2026\color_mapper.vhd:]
WARNING: [filemgmt 56-199] Attempt to get parsing info during refresh. "On-the-fly" syntax checking information may be incorrect. [C:\Users\C27Soren.Herzog\ece383\Herzog_ece383_wksp\lab2\Lab _2.srcs\sources_1\imports\Lab2_OLED\oled_ex.vhd:]
WARNING: [filemgmt 56-199] Attempt to get parsing info during refresh. "On-the-fly" syntax checking information may be incorrect. [C:\Users\C27Soren.Herzog\ece383\Herzog_ece383_wksp\lab2\Lab _2.srcs\sources_1\imports\C27Soren.Herzog\OneDrive - afacademy.af.edu\Documents\Schoolwork Sem6 2026 Spring\M1 - ECE 383 CSYS\Lab\Lab 2\lab2_code_for_cadets_2026\lab2.vhd:]
WARNING: [filemgmt 56-199] Attempt to get parsing info during refresh. "On-the-fly" syntax checking information may be incorrect. [C:\Users\C27Soren.Herzog\ece383\Herzog_ece383_wksp\lab2\Lab _2.srcs\sources_1\imports\Lab2_OLED\Lab2_OLED.vhd:]
WARNING: [filemgmt 56-199] Attempt to get parsing info during refresh. "On-the-fly" syntax checking information may be incorrect. [C:\Users\C27Soren.Herzog\ece383\Herzog_ece383_wksp\lab2\Lab _2.srcs\sources_1\imports\C27Soren.Herzog\OneDrive - afacademy.af.edu\Documents\Schoolwork Sem6 2026 Spring\M1 - ECE 383 CSYS\Lab\Lab 2\lab2_code_for_cadets_2026\lab2_datapath.vhdl:]
WARNING: [filemgmt 56-199] Attempt to get parsing info during refresh. "On-the-fly" syntax checking information may be incorrect. [C:\Users\C27Soren.Herzog\ece383\Herzog_ece383_wksp\lab2\Lab _2.srcs\sources_1\imports\Lab2_OLED\oled_init.vhd:]
WARNING: [filemgmt 56-199] Attempt to get parsing info during refresh. "On-the-fly" syntax checking information may be incorrect. [C:\Users\C27Soren.Herzog\ece383\Herzog_ece383_wksp\lab2\Lab _2.srcs\sources_1\imports\Lab2_OLED\oled_init.vhd:]
WARNING: [filemgmt 56-199] Attempt to get parsing info during refresh. "On-the-fly" syntax checking information may be incorrect. [C:\Users\C27Soren.Herzog\ece383\Herzog_ece383_wksp\lab2\Lab _2.srcs\sources_1\imports\C27Soren.Herzog\OneDrive - afacademy.af.edu\Documents\Schoolwork Sem6 2026 Spring\M1 - ECE 383 CSYS\Lab\Lab 2\lab2_code_for_cadets_2026\ece383_pkg.vhd:]
WARNING: [filemgmt 56-199] Attempt to get parsing info during refresh. "On-the-fly" syntax checking information may be incorrect. [C:\Users\C27Soren.Herzog\ece383\Herzog_ece383_wksp\lab2\Lab _2.srcs\sources_1\imports\Lab2_OLED\oled_init.vhd:]
WARNING: [filemgmt 56-199] Attempt to get parsing info during refresh. "On-the-fly" syntax checking information may be incorrect. [C:\Users\C27Soren.Herzog\ece383\Herzog_ece383_wksp\lab2\Lab _2.srcs\sources_1\imports\Lab2_OLED\spi_ctrl.vhd:]
WARNING: [filemgmt 56-199] Attempt to get parsing info during refresh. "On-the-fly" syntax checking information may be incorrect. [C:\Users\C27Soren.Herzog\ece383\Herzog_ece383_wksp\lab2\Lab _2.srcs\sources_1\imports\imports\new\counter.vhd:]
WARNING: [filemgmt 56-199] Attempt to get parsing info during refresh. "On-the-fly" syntax checking information may be incorrect. [C:\Users\C27Soren.Herzog\ece383\Herzog_ece383_wksp\lab2\Lab _2.srcs\sources_1\imports\C27Soren.Herzog\ece383\Herzog_ece383_wksp\lab1\Lab1-Herzog.srcs\sources_1\imports\Lab1_Cadet_Code_2026\color_mapper.vhd:]
WARNING: [filemgmt 56-199] Attempt to get parsing info during refresh. "On-the-fly" syntax checking information may be incorrect. [C:\Users\C27Soren.Herzog\ece383\Herzog_ece383_wksp\lab2\Lab _2.srcs\sources_1\imports\Lab2_OLED\oled_ex.vhd:]
WARNING: [filemgmt 56-199] Attempt to get parsing info during refresh. "On-the-fly" syntax checking information may be incorrect. [C:\Users\C27Soren.Herzog\ece383\Herzog_ece383_wksp\lab2\Lab _2.srcs\sources_1\imports\C27Soren.Herzog\OneDrive - afacademy.af.edu\Documents\Schoolwork Sem6 2026 Spring\M1 - ECE 383 CSYS\Lab\Lab 2\lab2_code_for_cadets_2026\lab2.vhd:]
WARNING: [filemgmt 56-199] Attempt to get parsing info during refresh. "On-the-fly" syntax checking information may be incorrect. [C:\Users\C27Soren.Herzog\ece383\Herzog_ece383_wksp\lab2\Lab _2.srcs\sources_1\imports\Lab2_OLED\Lab2_OLED.vhd:]
WARNING: [filemgmt 56-199] Attempt to get parsing info during refresh. "On-the-fly" syntax checking information may be incorrect. [C:\Users\C27Soren.Herzog\ece383\Herzog_ece383_wksp\lab2\Lab _2.srcs\sources_1\imports\C27Soren.Herzog\OneDrive - afacademy.af.edu\Documents\Schoolwork Sem6 2026 Spring\M1 - ECE 383 CSYS\Lab\Lab 2\lab2_code_for_cadets_2026\lab2_datapath.vhdl:]
WARNING: [filemgmt 56-199] Attempt to get parsing info during refresh. "On-the-fly" syntax checking information may be incorrect. [C:\Users\C27Soren.Herzog\ece383\Herzog_ece383_wksp\lab2\Lab _2.srcs\sources_1\imports\C27Soren.Herzog\OneDrive - afacademy.af.edu\Documents\Schoolwork Sem6 2026 Spring\M1 - ECE 383 CSYS\Lab\Lab 2\lab2_code_for_cadets_2026\lab2_datapath.vhdl:]
WARNING: [filemgmt 56-199] Attempt to get parsing info during refresh. "On-the-fly" syntax checking information may be incorrect. [C:\Users\C27Soren.Herzog\ece383\Herzog_ece383_wksp\lab2\Lab _2.srcs\sources_1\imports\C27Soren.Herzog\OneDrive - afacademy.af.edu\Documents\Schoolwork Sem6 2026 Spring\M1 - ECE 383 CSYS\Lab\Lab 2\lab2_code_for_cadets_2026\lab2_datapath.vhdl:]
ERROR: [Common 17-180] Spawn failed: No error
ERROR: [Common 17-180] Spawn failed: No error
WARNING: [filemgmt 56-199] Attempt to get parsing info during refresh. "On-the-fly" syntax checking information may be incorrect. [C:\Users\C27Soren.Herzog\ece383\Herzog_ece383_wksp\lab2\Lab _2.srcs\sources_1\imports\C27Soren.Herzog\OneDrive - afacademy.af.edu\Documents\Schoolwork Sem6 2026 Spring\M1 - ECE 383 CSYS\Lab\Lab 2\lab2_code_for_cadets_2026\ece383_pkg.vhd:]
WARNING: [filemgmt 56-199] Attempt to get parsing info during refresh. "On-the-fly" syntax checking information may be incorrect. [C:\Users\C27Soren.Herzog\ece383\Herzog_ece383_wksp\lab2\Lab _2.srcs\sources_1\imports\Lab2_OLED\oled_init.vhd:]
WARNING: [filemgmt 56-199] Attempt to get parsing info during refresh. "On-the-fly" syntax checking information may be incorrect. [C:\Users\C27Soren.Herzog\ece383\Herzog_ece383_wksp\lab2\Lab _2.srcs\sources_1\imports\Lab2_OLED\spi_ctrl.vhd:]
WARNING: [filemgmt 56-199] Attempt to get parsing info during refresh. "On-the-fly" syntax checking information may be incorrect. [C:\Users\C27Soren.Herzog\ece383\Herzog_ece383_wksp\lab2\Lab _2.srcs\sources_1\imports\imports\new\counter.vhd:]
WARNING: [filemgmt 56-199] Attempt to get parsing info during refresh. "On-the-fly" syntax checking information may be incorrect. [C:\Users\C27Soren.Herzog\ece383\Herzog_ece383_wksp\lab2\Lab _2.srcs\sources_1\imports\C27Soren.Herzog\ece383\Herzog_ece383_wksp\lab1\Lab1-Herzog.srcs\sources_1\imports\Lab1_Cadet_Code_2026\color_mapper.vhd:]
WARNING: [filemgmt 56-199] Attempt to get parsing info during refresh. "On-the-fly" syntax checking information may be incorrect. [C:\Users\C27Soren.Herzog\ece383\Herzog_ece383_wksp\lab2\Lab _2.srcs\sources_1\imports\Lab2_OLED\oled_ex.vhd:]
WARNING: [filemgmt 56-199] Attempt to get parsing info during refresh. "On-the-fly" syntax checking information may be incorrect. [C:\Users\C27Soren.Herzog\ece383\Herzog_ece383_wksp\lab2\Lab _2.srcs\sources_1\imports\C27Soren.Herzog\OneDrive - afacademy.af.edu\Documents\Schoolwork Sem6 2026 Spring\M1 - ECE 383 CSYS\Lab\Lab 2\lab2_code_for_cadets_2026\lab2.vhd:]
WARNING: [filemgmt 56-199] Attempt to get parsing info during refresh. "On-the-fly" syntax checking information may be incorrect. [C:\Users\C27Soren.Herzog\ece383\Herzog_ece383_wksp\lab2\Lab _2.srcs\sources_1\imports\Lab2_OLED\Lab2_OLED.vhd:]
WARNING: [filemgmt 56-199] Attempt to get parsing info during refresh. "On-the-fly" syntax checking information may be incorrect. [C:\Users\C27Soren.Herzog\ece383\Herzog_ece383_wksp\lab2\Lab _2.srcs\sources_1\imports\C27Soren.Herzog\OneDrive - afacademy.af.edu\Documents\Schoolwork Sem6 2026 Spring\M1 - ECE 383 CSYS\Lab\Lab 2\lab2_code_for_cadets_2026\lab2_datapath.vhdl:]
WARNING: [filemgmt 56-199] Attempt to get parsing info during refresh. "On-the-fly" syntax checking information may be incorrect. [C:\Users\C27Soren.Herzog\ece383\Herzog_ece383_wksp\lab2\Lab _2.srcs\sources_1\imports\C27Soren.Herzog\ece383\Herzog_ece383_wksp\lab1\Lab1-Herzog.srcs\sources_1\imports\Lab1_Cadet_Code_2026\color_mapper.vhd:]
WARNING: [filemgmt 56-199] Attempt to get parsing info during refresh. "On-the-fly" syntax checking information may be incorrect. [C:\Users\C27Soren.Herzog\ece383\Herzog_ece383_wksp\lab2\Lab _2.srcs\sources_1\imports\C27Soren.Herzog\ece383\Herzog_ece383_wksp\lab1\Lab1-Herzog.srcs\sources_1\imports\Lab1_Cadet_Code_2026\color_mapper.vhd:]
WARNING: [filemgmt 56-199] Attempt to get parsing info during refresh. "On-the-fly" syntax checking information may be incorrect. [C:\Users\C27Soren.Herzog\ece383\Herzog_ece383_wksp\lab2\Lab _2.srcs\sources_1\imports\C27Soren.Herzog\OneDrive - afacademy.af.edu\Documents\Schoolwork Sem6 2026 Spring\M1 - ECE 383 CSYS\Lab\Lab 2\lab2_code_for_cadets_2026\ece383_pkg.vhd:]
WARNING: [filemgmt 56-199] Attempt to get parsing info during refresh. "On-the-fly" syntax checking information may be incorrect. [C:\Users\C27Soren.Herzog\ece383\Herzog_ece383_wksp\lab2\Lab _2.srcs\sources_1\imports\Lab2_OLED\oled_init.vhd:]
WARNING: [filemgmt 56-199] Attempt to get parsing info during refresh. "On-the-fly" syntax checking information may be incorrect. [C:\Users\C27Soren.Herzog\ece383\Herzog_ece383_wksp\lab2\Lab _2.srcs\sources_1\imports\Lab2_OLED\spi_ctrl.vhd:]
WARNING: [filemgmt 56-199] Attempt to get parsing info during refresh. "On-the-fly" syntax checking information may be incorrect. [C:\Users\C27Soren.Herzog\ece383\Herzog_ece383_wksp\lab2\Lab _2.srcs\sources_1\imports\imports\new\counter.vhd:]
WARNING: [filemgmt 56-199] Attempt to get parsing info during refresh. "On-the-fly" syntax checking information may be incorrect. [C:\Users\C27Soren.Herzog\ece383\Herzog_ece383_wksp\lab2\Lab _2.srcs\sources_1\imports\C27Soren.Herzog\ece383\Herzog_ece383_wksp\lab1\Lab1-Herzog.srcs\sources_1\imports\Lab1_Cadet_Code_2026\color_mapper.vhd:]
WARNING: [filemgmt 56-199] Attempt to get parsing info during refresh. "On-the-fly" syntax checking information may be incorrect. [C:\Users\C27Soren.Herzog\ece383\Herzog_ece383_wksp\lab2\Lab _2.srcs\sources_1\imports\Lab2_OLED\oled_ex.vhd:]
WARNING: [filemgmt 56-199] Attempt to get parsing info during refresh. "On-the-fly" syntax checking information may be incorrect. [C:\Users\C27Soren.Herzog\ece383\Herzog_ece383_wksp\lab2\Lab _2.srcs\sources_1\imports\C27Soren.Herzog\OneDrive - afacademy.af.edu\Documents\Schoolwork Sem6 2026 Spring\M1 - ECE 383 CSYS\Lab\Lab 2\lab2_code_for_cadets_2026\lab2.vhd:]
WARNING: [filemgmt 56-199] Attempt to get parsing info during refresh. "On-the-fly" syntax checking information may be incorrect. [C:\Users\C27Soren.Herzog\ece383\Herzog_ece383_wksp\lab2\Lab _2.srcs\sources_1\imports\Lab2_OLED\Lab2_OLED.vhd:]
WARNING: [filemgmt 56-199] Attempt to get parsing info during refresh. "On-the-fly" syntax checking information may be incorrect. [C:\Users\C27Soren.Herzog\ece383\Herzog_ece383_wksp\lab2\Lab _2.srcs\sources_1\imports\C27Soren.Herzog\OneDrive - afacademy.af.edu\Documents\Schoolwork Sem6 2026 Spring\M1 - ECE 383 CSYS\Lab\Lab 2\lab2_code_for_cadets_2026\lab2_datapath.vhdl:]
WARNING: [filemgmt 56-199] Attempt to get parsing info during refresh. "On-the-fly" syntax checking information may be incorrect. [C:\Users\C27Soren.Herzog\ece383\Herzog_ece383_wksp\lab2\Lab _2.srcs\sources_1\imports\Lab2_OLED\Lab2_OLED.vhd:]
WARNING: [filemgmt 56-199] Attempt to get parsing info during refresh. "On-the-fly" syntax checking information may be incorrect. [C:\Users\C27Soren.Herzog\ece383\Herzog_ece383_wksp\lab2\Lab _2.srcs\sources_1\imports\Lab2_OLED\Lab2_OLED.vhd:]
set_property PROBES.FILE {} [get_hw_devices xc7a200t_0]
set_property FULL_PROBES.FILE {} [get_hw_devices xc7a200t_0]
set_property PROGRAM.FILE {C:/Users/C27Soren.Herzog/ece383/Herzog_ece383_wksp/lab2/Lab _2.runs/impl_1/lab2.bit} [get_hw_devices xc7a200t_0]
program_hw_devices [get_hw_devices xc7a200t_0]
INFO: [Labtools 27-3164] End of startup status: HIGH
program_hw_devices: Time (s): cpu = 00:00:05 ; elapsed = 00:00:06 . Memory (MB): peak = 1289.422 ; gain = 0.000
refresh_hw_device [lindex [get_hw_devices xc7a200t_0] 0]
INFO: [Labtools 27-1434] Device xc7a200t (JTAG device index = 0) is programmed with a design that has no supported debug core(s) in it.
ERROR: [Labtoolstcl 44-513] HW Target shutdown. Closing target: localhost:3121/xilinx_tcf/Digilent/210276B7D0EDB
exit
INFO: [Common 17-206] Exiting Vivado at Thu Feb 12 09:27:00 2026...
